cmd.exe :    Compiling proc-macro2 v1.0.66
所在位置 行:2 字符: 224
+ ... t=Get-Date; & "$env:SystemRoot\System32\cmd.exe" /d /c $script 2>&1 | ...
+                 ~~~~~~~~~~~~~~~~~~~~~~~~~~~~~~~~~~~~~~~~~~~~~~~~~~~~~~~
    + CategoryInfo          : NotSpecified: (   Compiling proc-macro2 v1.0.66:String) [], RemoteException
    + FullyQualifiedErrorId : NativeCommandError
 
   Compiling unicode-ident v1.0.11
   Compiling windows_x86_64_gnu v0.42.2
   Compiling version_check v0.9.4
   Compiling winapi-x86_64-pc-windows-gnu v0.4.0
   Compiling winapi v0.3.9
   Compiling syn v1.0.109
   Compiling libc v0.2.147
   Compiling proc-macro-hack v0.5.20+deprecated
   Compiling az v1.2.1
   Compiling autocfg v1.1.0
   Compiling thiserror v1.0.47
   Compiling rug v1.21.0
   Compiling crossbeam-utils v0.8.16
   Compiling unicode-xid v0.2.4
   Compiling hashbrown v0.12.3
   Compiling heck v0.4.1
   Compiling equivalent v1.0.1
   Compiling os_str_bytes v6.5.1
   Compiling hashbrown v0.14.0
   Compiling crossbeam-queue v0.3.8
   Compiling cfg-if v1.0.0
   Compiling once_cell v1.18.0
   Compiling textwrap v0.16.0
   Compiling bitflags v1.3.2
   Compiling log v0.4.20
   Compiling strsim v0.10.0
   Compiling proc-macro-error-attr v1.0.4
   Compiling proc-macro-error v1.0.4
   Compiling indexmap v1.9.3
   Compiling clap_lex v0.2.4
error: linking with `<LEGACY_LOCAL_PROJECT_ROOT>\stages\stageA\CVC5-ALETHE-SHAREMAP\resume1\toolchain\msys64\clang64\bin
\clang.exe` failed: exit code: 1
  |
  = note: "<LEGACY_LOCAL_PROJECT_ROOT>\\stages\\stageA\\CVC5-ALETHE-SHAREMAP\\resume1\\toolchain\\msys64\\clang64\\bi
n\\clang.exe" "-fno-use-linker-plugin" "-Wl,--dynamicbase" "-Wl,--disable-auto-image-base" "-m64" "-Wl,--high-entropy-v
a" "<LEGACY_LOCAL_PROJECT_ROOT>\\stages\\stageA\\CVC5-ALETHE-SHAREMAP\\resume3\\toolchain\\rustup-home\\toolchains\\1
.72.0-x86_64-pc-windows-gnu\\lib\\rustlib\\x86_64-pc-windows-gnu\\lib\\rsbegin.o" "<LEGACY_LOCAL_PROJECT_ROOT>\\stage
s\\stageA\\CVC5-ALETHE-SHAREMAP\\resume3\\build\\tmp\\rustci9CBzU\\symbols.o" "<LEGACY_LOCAL_PROJECT_ROOT>\\stages\\s
tageA\\CVC5-ALETHE-SHAREMAP\\resume3\\build\\carcara-target-build2\\release\\build\\winapi-x86_64-pc-windows-gnu-83e12c
872d039e3f\\build_script_build-83e12c872d039e3f.build_script_build.e31c134280193d7f-cgu.0.rcgu.o" "D:\\project\\writing
\\reserch\\stages\\stageA\\CVC5-ALETHE-SHAREMAP\\resume3\\build\\carcara-target-build2\\release\\build\\winapi-x86_64-p
c-windows-gnu-83e12c872d039e3f\\build_script_build-83e12c872d039e3f.4u8iybomuc68muvb.rcgu.o" "-L" "D:\\project\\writing
\\reserch\\stages\\stageA\\CVC5-ALETHE-SHAREMAP\\resume3\\build\\carcara-target-build2\\release\\deps" "-L" "D:\\projec
t\\writing\\reserch\\stages\\stageA\\CVC5-ALETHE-SHAREMAP\\resume3\\toolchain\\rustup-home\\toolchains\\1.72.0-x86_64-p
c-windows-gnu\\lib\\rustlib\\x86_64-pc-windows-gnu\\lib" "-Wl,-Bstatic" "<LEGACY_LOCAL_PROJECT_ROOT>\\stages\\stageA\
\CVC5-ALETHE-SHAREMAP\\resume3\\toolchain\\rustup-home\\toolchains\\1.72.0-x86_64-pc-windows-gnu\\lib\\rustlib\\x86_64-
pc-windows-gnu\\lib\\libstd-274cab44dc4a644c.rlib" "<LEGACY_LOCAL_PROJECT_ROOT>\\stages\\stageA\\CVC5-ALETHE-SHAREMAP
\\resume3\\toolchain\\rustup-home\\toolchains\\1.72.0-x86_64-pc-windows-gnu\\lib\\rustlib\\x86_64-pc-windows-gnu\\lib\\
libpanic_unwind-0f177752b9ca8e95.rlib" "<LEGACY_LOCAL_PROJECT_ROOT>\\stages\\stageA\\CVC5-ALETHE-SHAREMAP\\resume3\\t
oolchain\\rustup-home\\toolchains\\1.72.0-x86_64-pc-windows-gnu\\lib\\rustlib\\x86_64-pc-windows-gnu\\lib\\libobject-06
bb167660b3da76.rlib" "<LEGACY_LOCAL_PROJECT_ROOT>\\stages\\stageA\\CVC5-ALETHE-SHAREMAP\\resume3\\toolchain\\rustup-h
ome\\toolchains\\1.72.0-x86_64-pc-windows-gnu\\lib\\rustlib\\x86_64-pc-windows-gnu\\lib\\libmemchr-8ab6cc09499ecf5b.rli
b" "<LEGACY_LOCAL_PROJECT_ROOT>\\stages\\stageA\\CVC5-ALETHE-SHAREMAP\\resume3\\toolchain\\rustup-home\\toolchains\\1
.72.0-x86_64-pc-windows-gnu\\lib\\rustlib\\x86_64-pc-windows-gnu\\lib\\libaddr2line-126153ebe55b6775.rlib" "D:\\project
\\writing\\reserch\\stages\\stageA\\CVC5-ALETHE-SHAREMAP\\resume3\\toolchain\\rustup-home\\toolchains\\1.72.0-x86_64-pc
-windows-gnu\\lib\\rustlib\\x86_64-pc-windows-gnu\\lib\\libgimli-3d08640ec0a90b99.rlib" "<LEGACY_LOCAL_PROJECT_ROOT>\
\stages\\stageA\\CVC5-ALETHE-SHAREMAP\\resume3\\toolchain\\rustup-home\\toolchains\\1.72.0-x86_64-pc-windows-gnu\\lib\\
rustlib\\x86_64-pc-windows-gnu\\lib\\librustc_demangle-e211ed0efcaf0dab.rlib" "<LEGACY_LOCAL_PROJECT_ROOT>\\stages\\s
tageA\\CVC5-ALETHE-SHAREMAP\\resume3\\toolchain\\rustup-home\\toolchains\\1.72.0-x86_64-pc-windows-gnu\\lib\\rustlib\\x
86_64-pc-windows-gnu\\lib\\libstd_detect-f17f8b04b9a04cbd.rlib" "<LEGACY_LOCAL_PROJECT_ROOT>\\stages\\stageA\\CVC5-AL
ETHE-SHAREMAP\\resume3\\toolchain\\rustup-home\\toolchains\\1.72.0-x86_64-pc-windows-gnu\\lib\\rustlib\\x86_64-pc-windo
ws-gnu\\lib\\libhashbrown-dc505c5f7a08eb2f.rlib" "<LEGACY_LOCAL_PROJECT_ROOT>\\stages\\stageA\\CVC5-ALETHE-SHAREMAP\\
resume3\\toolchain\\rustup-home\\toolchains\\1.72.0-x86_64-pc-windows-gnu\\lib\\rustlib\\x86_64-pc-windows-gnu\\lib\\li
brustc_std_workspace_alloc-29139547fec356ea.rlib" "<LEGACY_LOCAL_PROJECT_ROOT>\\stages\\stageA\\CVC5-ALETHE-SHAREMAP\
\resume3\\toolchain\\rustup-home\\toolchains\\1.72.0-x86_64-pc-windows-gnu\\lib\\rustlib\\x86_64-pc-windows-gnu\\lib\\l
ibminiz_oxide-cab94e250dc1e17d.rlib" "<LEGACY_LOCAL_PROJECT_ROOT>\\stages\\stageA\\CVC5-ALETHE-SHAREMAP\\resume3\\too
lchain\\rustup-home\\toolchains\\1.72.0-x86_64-pc-windows-gnu\\lib\\rustlib\\x86_64-pc-windows-gnu\\lib\\libadler-e6226
bb3d40532fc.rlib" "<LEGACY_LOCAL_PROJECT_ROOT>\\stages\\stageA\\CVC5-ALETHE-SHAREMAP\\resume3\\toolchain\\rustup-home
\\toolchains\\1.72.0-x86_64-pc-windows-gnu\\lib\\rustlib\\x86_64-pc-windows-gnu\\lib\\libunwind-bc036f0a729eca3e.rlib" 
"<LEGACY_LOCAL_PROJECT_ROOT>\\stages\\stageA\\CVC5-ALETHE-SHAREMAP\\resume3\\toolchain\\rustup-home\\toolchains\\1.72
.0-x86_64-pc-windows-gnu\\lib\\rustlib\\x86_64-pc-windows-gnu\\lib\\libcfg_if-b7a734954c1f5dcb.rlib" "D:\\project\\writ
ing\\reserch\\stages\\stageA\\CVC5-ALETHE-SHAREMAP\\resume3\\toolchain\\rustup-home\\toolchains\\1.72.0-x86_64-pc-windo
ws-gnu\\lib\\rustlib\\x86_64-pc-windows-gnu\\lib\\liblibc-a254eeb9e90dc361.rlib" "<LEGACY_LOCAL_PROJECT_ROOT>\\stages
\\stageA\\CVC5-ALETHE-SHAREMAP\\resume3\\toolchain\\rustup-home\\toolchains\\1.72.0-x86_64-pc-windows-gnu\\lib\\rustlib
\\x86_64-pc-windows-gnu\\lib\\liballoc-b6fb9ac972c98305.rlib" "<LEGACY_LOCAL_PROJECT_ROOT>\\stages\\stageA\\CVC5-ALET
HE-SHAREMAP\\resume3\\toolchain\\rustup-home\\toolchains\\1.72.0-x86_64-pc-windows-gnu\\lib\\rustlib\\x86_64-pc-windows
-gnu\\lib\\librustc_std_workspace_core-6db27a6ad3c9479a.rlib" "<LEGACY_LOCAL_PROJECT_ROOT>\\stages\\stageA\\CVC5-ALET
HE-SHAREMAP\\resume3\\toolchain\\rustup-home\\toolchains\\1.72.0-x86_64-pc-windows-gnu\\lib\\rustlib\\x86_64-pc-windows
-gnu\\lib\\libcore-6fcad14090edadfc.rlib" "<LEGACY_LOCAL_PROJECT_ROOT>\\stages\\stageA\\CVC5-ALETHE-SHAREMAP\\resume3
\\toolchain\\rustup-home\\toolchains\\1.72.0-x86_64-pc-windows-gnu\\lib\\rustlib\\x86_64-pc-windows-gnu\\lib\\libcompil
er_builtins-625af2eb18940f92.rlib" "-Wl,-Bdynamic" "-lkernel32" "-ladvapi32" "-lbcrypt" "-lkernel32" "-lntdll" "-lusere
nv" "-lws2_32" "-lkernel32" "-lws2_32" "-lkernel32" "-lgcc_eh" "-l:libpthread.a" "-lmsvcrt" "-lmingwex" "-lmingw32" "-l
gcc" "-lmsvcrt" "-luser32" "-lkernel32" "-Wl,--nxcompat" "-L" "<LEGACY_LOCAL_PROJECT_ROOT>\\stages\\stageA\\CVC5-ALET
HE-SHAREMAP\\resume3\\toolchain\\rustup-home\\toolchains\\1.72.0-x86_64-pc-windows-gnu\\lib\\rustlib\\x86_64-pc-windows
-gnu\\lib" "-o" "<LEGACY_LOCAL_PROJECT_ROOT>\\stages\\stageA\\CVC5-ALETHE-SHAREMAP\\resume3\\build\\carcara-target-bu
ild2\\release\\build\\winapi-x86_64-pc-windows-gnu-83e12c872d039e3f\\build_script_build-83e12c872d039e3f.exe" "-Wl,--gc
-sections" "-no-pie" "-nodefaultlibs" "<LEGACY_LOCAL_PROJECT_ROOT>\\stages\\stageA\\CVC5-ALETHE-SHAREMAP\\resume3\\to
olchain\\rustup-home\\toolchains\\1.72.0-x86_64-pc-windows-gnu\\lib\\rustlib\\x86_64-pc-windows-gnu\\lib\\rsend.o"
  = note: clang: warning: argument unused during compilation: '-no-pie' [-Wunused-command-line-argument]
          lld: error: unable to find library -lgcc_eh
          lld: error: unable to find library -lgcc
          clang: error: linker command failed with exit code 1 (use -v to see invocation)
          

error: linking with `<LEGACY_LOCAL_PROJECT_ROOT>\stages\stageA\CVC5-ALETHE-SHAREMAP\resume1\toolchain\msys64\clang64\bin
\clang.exe` failed: exit code: 1
  |
  = note: "<LEGACY_LOCAL_PROJECT_ROOT>\\stages\\stageA\\CVC5-ALETHE-SHAREMAP\\resume1\\toolchain\\msys64\\clang64\\bi
n\\clang.exe" "-fno-use-linker-plugin" "-Wl,--dynamicbase" "-Wl,--disable-auto-image-base" "-m64" "-Wl,--high-entropy-v
a" "<LEGACY_LOCAL_PROJECT_ROOT>\\stages\\stageA\\CVC5-ALETHE-SHAREMAP\\resume3\\toolchain\\rustup-home\\toolchains\\1
.72.0-x86_64-pc-windows-gnu\\lib\\rustlib\\x86_64-pc-windows-gnu\\lib\\rsbegin.o" "<LEGACY_LOCAL_PROJECT_ROOT>\\stage
s\\stageA\\CVC5-ALETHE-SHAREMAP\\resume3\\build\\tmp\\rustcp4QUxG\\symbols.o" "<LEGACY_LOCAL_PROJECT_ROOT>\\stages\\s
tageA\\CVC5-ALETHE-SHAREMAP\\resume3\\build\\carcara-target-build2\\release\\build\\proc-macro2-b4464234e7386a25\\build
_script_build-b4464234e7386a25.build_script_build.e6331dcbc2e9856e-cgu.0.rcgu.o" "<LEGACY_LOCAL_PROJECT_ROOT>\\stages
\\stageA\\CVC5-ALETHE-SHAREMAP\\resume3\\build\\carcara-target-build2\\release\\build\\proc-macro2-b4464234e7386a25\\bu
ild_script_build-b4464234e7386a25.build_script_build.e6331dcbc2e9856e-cgu.1.rcgu.o" "<LEGACY_LOCAL_PROJECT_ROOT>\\sta
ges\\stageA\\CVC5-ALETHE-SHAREMAP\\resume3\\build\\carcara-target-build2\\release\\build\\proc-macro2-b4464234e7386a25\
\build_script_build-b4464234e7386a25.build_script_build.e6331dcbc2e9856e-cgu.2.rcgu.o" "<LEGACY_LOCAL_PROJECT_ROOT>\\
stages\\stageA\\CVC5-ALETHE-SHAREMAP\\resume3\\build\\carcara-target-build2\\release\\build\\proc-macro2-b4464234e7386a
25\\build_script_build-b4464234e7386a25.1n9r2idpa6ya311r.rcgu.o" "-L" "<LEGACY_LOCAL_PROJECT_ROOT>\\stages\\stageA\\C
VC5-ALETHE-SHAREMAP\\resume3\\build\\carcara-target-build2\\release\\deps" "-L" "<LEGACY_LOCAL_PROJECT_ROOT>\\stages\
\stageA\\CVC5-ALETHE-SHAREMAP\\resume3\\toolchain\\rustup-home\\toolchains\\1.72.0-x86_64-pc-windows-gnu\\lib\\rustlib\
\x86_64-pc-windows-gnu\\lib" "-Wl,-Bstatic" "<LEGACY_LOCAL_PROJECT_ROOT>\\stages\\stageA\\CVC5-ALETHE-SHAREMAP\\resum
e3\\toolchain\\rustup-home\\toolchains\\1.72.0-x86_64-pc-windows-gnu\\lib\\rustlib\\x86_64-pc-windows-gnu\\lib\\libstd-
274cab44dc4a644c.rlib" "<LEGACY_LOCAL_PROJECT_ROOT>\\stages\\stageA\\CVC5-ALETHE-SHAREMAP\\resume3\\toolchain\\rustup
-home\\toolchains\\1.72.0-x86_64-pc-windows-gnu\\lib\\rustlib\\x86_64-pc-windows-gnu\\lib\\libpanic_unwind-0f177752b9ca
8e95.rlib" "<LEGACY_LOCAL_PROJECT_ROOT>\\stages\\stageA\\CVC5-ALETHE-SHAREMAP\\resume3\\toolchain\\rustup-home\\toolc
hains\\1.72.0-x86_64-pc-windows-gnu\\lib\\rustlib\\x86_64-pc-windows-gnu\\lib\\libobject-06bb167660b3da76.rlib" "D:\\pr
oject\\writing\\reserch\\stages\\stageA\\CVC5-ALETHE-SHAREMAP\\resume3\\toolchain\\rustup-home\\toolchains\\1.72.0-x86_
64-pc-windows-gnu\\lib\\rustlib\\x86_64-pc-windows-gnu\\lib\\libmemchr-8ab6cc09499ecf5b.rlib" "D:\\project\\writing\\re
serch\\stages\\stageA\\CVC5-ALETHE-SHAREMAP\\resume3\\toolchain\\rustup-home\\toolchains\\1.72.0-x86_64-pc-windows-gnu\
\lib\\rustlib\\x86_64-pc-windows-gnu\\lib\\libaddr2line-126153ebe55b6775.rlib" "<LEGACY_LOCAL_PROJECT_ROOT>\\stages\\
stageA\\CVC5-ALETHE-SHAREMAP\\resume3\\toolchain\\rustup-home\\toolchains\\1.72.0-x86_64-pc-windows-gnu\\lib\\rustlib\\
x86_64-pc-windows-gnu\\lib\\libgimli-3d08640ec0a90b99.rlib" "<LEGACY_LOCAL_PROJECT_ROOT>\\stages\\stageA\\CVC5-ALETHE
-SHAREMAP\\resume3\\toolchain\\rustup-home\\toolchains\\1.72.0-x86_64-pc-windows-gnu\\lib\\rustlib\\x86_64-pc-windows-g
nu\\lib\\librustc_demangle-e211ed0efcaf0dab.rlib" "<LEGACY_LOCAL_PROJECT_ROOT>\\stages\\stageA\\CVC5-ALETHE-SHAREMAP\
\resume3\\toolchain\\rustup-home\\toolchains\\1.72.0-x86_64-pc-windows-gnu\\lib\\rustlib\\x86_64-pc-windows-gnu\\lib\\l
ibstd_detect-f17f8b04b9a04cbd.rlib" "<LEGACY_LOCAL_PROJECT_ROOT>\\stages\\stageA\\CVC5-ALETHE-SHAREMAP\\resume3\\tool
chain\\rustup-home\\toolchains\\1.72.0-x86_64-pc-windows-gnu\\lib\\rustlib\\x86_64-pc-windows-gnu\\lib\\libhashbrown-dc
505c5f7a08eb2f.rlib" "<LEGACY_LOCAL_PROJECT_ROOT>\\stages\\stageA\\CVC5-ALETHE-SHAREMAP\\resume3\\toolchain\\rustup-h
ome\\toolchains\\1.72.0-x86_64-pc-windows-gnu\\lib\\rustlib\\x86_64-pc-windows-gnu\\lib\\librustc_std_workspace_alloc-2
9139547fec356ea.rlib" "<LEGACY_LOCAL_PROJECT_ROOT>\\stages\\stageA\\CVC5-ALETHE-SHAREMAP\\resume3\\toolchain\\rustup-
home\\toolchains\\1.72.0-x86_64-pc-windows-gnu\\lib\\rustlib\\x86_64-pc-windows-gnu\\lib\\libminiz_oxide-cab94e250dc1e1
7d.rlib" "<LEGACY_LOCAL_PROJECT_ROOT>\\stages\\stageA\\CVC5-ALETHE-SHAREMAP\\resume3\\toolchain\\rustup-home\\toolcha
ins\\1.72.0-x86_64-pc-windows-gnu\\lib\\rustlib\\x86_64-pc-windows-gnu\\lib\\libadler-e6226bb3d40532fc.rlib" "D:\\proje
ct\\writing\\reserch\\stages\\stageA\\CVC5-ALETHE-SHAREMAP\\resume3\\toolchain\\rustup-home\\toolchains\\1.72.0-x86_64-
pc-windows-gnu\\lib\\rustlib\\x86_64-pc-windows-gnu\\lib\\libunwind-bc036f0a729eca3e.rlib" "D:\\project\\writing\\reser
ch\\stages\\stageA\\CVC5-ALETHE-SHAREMAP\\resume3\\toolchain\\rustup-home\\toolchains\\1.72.0-x86_64-pc-windows-gnu\\li
b\\rustlib\\x86_64-pc-windows-gnu\\lib\\libcfg_if-b7a734954c1f5dcb.rlib" "<LEGACY_LOCAL_PROJECT_ROOT>\\stages\\stageA
\\CVC5-ALETHE-SHAREMAP\\resume3\\toolchain\\rustup-home\\toolchains\\1.72.0-x86_64-pc-windows-gnu\\lib\\rustlib\\x86_64
-pc-windows-gnu\\lib\\liblibc-a254eeb9e90dc361.rlib" "<LEGACY_LOCAL_PROJECT_ROOT>\\stages\\stageA\\CVC5-ALETHE-SHAREM
AP\\resume3\\toolchain\\rustup-home\\toolchains\\1.72.0-x86_64-pc-windows-gnu\\lib\\rustlib\\x86_64-pc-windows-gnu\\lib
\\liballoc-b6fb9ac972c98305.rlib" "<LEGACY_LOCAL_PROJECT_ROOT>\\stages\\stageA\\CVC5-ALETHE-SHAREMAP\\resume3\\toolch
ain\\rustup-home\\toolchains\\1.72.0-x86_64-pc-windows-gnu\\lib\\rustlib\\x86_64-pc-windows-gnu\\lib\\librustc_std_work
space_core-6db27a6ad3c9479a.rlib" "<LEGACY_LOCAL_PROJECT_ROOT>\\stages\\stageA\\CVC5-ALETHE-SHAREMAP\\resume3\\toolch
ain\\rustup-home\\toolchains\\1.72.0-x86_64-pc-windows-gnu\\lib\\rustlib\\x86_64-pc-windows-gnu\\lib\\libcore-6fcad1409
0edadfc.rlib" "<LEGACY_LOCAL_PROJECT_ROOT>\\stages\\stageA\\CVC5-ALETHE-SHAREMAP\\resume3\\toolchain\\rustup-home\\to
olchains\\1.72.0-x86_64-pc-windows-gnu\\lib\\rustlib\\x86_64-pc-windows-gnu\\lib\\libcompiler_builtins-625af2eb18940f92
.rlib" "-Wl,-Bdynamic" "-lkernel32" "-ladvapi32" "-lbcrypt" "-lkernel32" "-lntdll" "-luserenv" "-lws2_32" "-lkernel32" 
"-lws2_32" "-lkernel32" "-lgcc_eh" "-l:libpthread.a" "-lmsvcrt" "-lmingwex" "-lmingw32" "-lgcc" "-lmsvcrt" "-luser32" "
-lkernel32" "-Wl,--nxcompat" "-L" "<LEGACY_LOCAL_PROJECT_ROOT>\\stages\\stageA\\CVC5-ALETHE-SHAREMAP\\resume3\\toolch
ain\\rustup-home\\toolchains\\1.72.0-x86_64-pc-windows-gnu\\lib\\rustlib\\x86_64-pc-windows-gnu\\lib" "-o" "D:\\project
\\writing\\reserch\\stages\\stageA\\CVC5-ALETHE-SHAREMAP\\resume3\\build\\carcara-target-build2\\release\\build\\proc-m
acro2-b4464234e7386a25\\build_script_build-b4464234e7386a25.exe" "-Wl,--gc-sections" "-no-pie" "-nodefaultlibs" "D:\\pr
oject\\writing\\reserch\\stages\\stageA\\CVC5-ALETHE-SHAREMAP\\resume3\\toolchain\\rustup-home\\toolchains\\1.72.0-x86_
64-pc-windows-gnu\\lib\\rustlib\\x86_64-pc-windows-gnu\\lib\\rsend.o"
  = note: clang: warning: argument unused during compilation: '-no-pie' [-Wunused-command-line-argument]
          lld: error: unable to find library -lgcc_eh
          lld: error: unable to find library -lgcc
          clang: error: linker command failed with exit code 1 (use -v to see invocation)
          

error: linking with `<LEGACY_LOCAL_PROJECT_ROOT>\stages\stageA\CVC5-ALETHE-SHAREMAP\resume1\toolchain\msys64\clang64\bin
\clang.exe` failed: exit code: 1
  |
  = note: "<LEGACY_LOCAL_PROJECT_ROOT>\\stages\\stageA\\CVC5-ALETHE-SHAREMAP\\resume1\\toolchain\\msys64\\clang64\\bi
n\\clang.exe" "-fno-use-linker-plugin" "-Wl,--dynamicbase" "-Wl,--disable-auto-image-base" "-m64" "-Wl,--high-entropy-v
a" "<LEGACY_LOCAL_PROJECT_ROOT>\\stages\\stageA\\CVC5-ALETHE-SHAREMAP\\resume3\\toolchain\\rustup-home\\toolchains\\1
.72.0-x86_64-pc-windows-gnu\\lib\\rustlib\\x86_64-pc-windows-gnu\\lib\\rsbegin.o" "<LEGACY_LOCAL_PROJECT_ROOT>\\stage
s\\stageA\\CVC5-ALETHE-SHAREMAP\\resume3\\build\\tmp\\rustcjRFm3F\\symbols.o" "<LEGACY_LOCAL_PROJECT_ROOT>\\stages\\s
tageA\\CVC5-ALETHE-SHAREMAP\\resume3\\build\\carcara-target-build2\\release\\build\\crossbeam-queue-8c0da655913ec07f\\b
uild_script_build-8c0da655913ec07f.build_script_build.555c391e0d8edf65-cgu.0.rcgu.o" "<LEGACY_LOCAL_PROJECT_ROOT>\\st
ages\\stageA\\CVC5-ALETHE-SHAREMAP\\resume3\\build\\carcara-target-build2\\release\\build\\crossbeam-queue-8c0da655913e
c07f\\build_script_build-8c0da655913ec07f.build_script_build.555c391e0d8edf65-cgu.1.rcgu.o" "D:\\project\\writing\\rese
rch\\stages\\stageA\\CVC5-ALETHE-SHAREMAP\\resume3\\build\\carcara-target-build2\\release\\build\\crossbeam-queue-8c0da
655913ec07f\\build_script_build-8c0da655913ec07f.3sflzufo8sh9vpdc.rcgu.o" "-L" "<LEGACY_LOCAL_PROJECT_ROOT>\\stages\\
stageA\\CVC5-ALETHE-SHAREMAP\\resume3\\build\\carcara-target-build2\\release\\deps" "-L" "<LEGACY_LOCAL_PROJECT_ROOT>
\\stages\\stageA\\CVC5-ALETHE-SHAREMAP\\resume3\\toolchain\\rustup-home\\toolchains\\1.72.0-x86_64-pc-windows-gnu\\lib\
\rustlib\\x86_64-pc-windows-gnu\\lib" "-Wl,-Bstatic" "<LEGACY_LOCAL_PROJECT_ROOT>\\stages\\stageA\\CVC5-ALETHE-SHAREM
AP\\resume3\\toolchain\\rustup-home\\toolchains\\1.72.0-x86_64-pc-windows-gnu\\lib\\rustlib\\x86_64-pc-windows-gnu\\lib
\\libstd-274cab44dc4a644c.rlib" "<LEGACY_LOCAL_PROJECT_ROOT>\\stages\\stageA\\CVC5-ALETHE-SHAREMAP\\resume3\\toolchai
n\\rustup-home\\toolchains\\1.72.0-x86_64-pc-windows-gnu\\lib\\rustlib\\x86_64-pc-windows-gnu\\lib\\libpanic_unwind-0f1
77752b9ca8e95.rlib" "<LEGACY_LOCAL_PROJECT_ROOT>\\stages\\stageA\\CVC5-ALETHE-SHAREMAP\\resume3\\toolchain\\rustup-ho
me\\toolchains\\1.72.0-x86_64-pc-windows-gnu\\lib\\rustlib\\x86_64-pc-windows-gnu\\lib\\libobject-06bb167660b3da76.rlib
" "<LEGACY_LOCAL_PROJECT_ROOT>\\stages\\stageA\\CVC5-ALETHE-SHAREMAP\\resume3\\toolchain\\rustup-home\\toolchains\\1.
72.0-x86_64-pc-windows-gnu\\lib\\rustlib\\x86_64-pc-windows-gnu\\lib\\libmemchr-8ab6cc09499ecf5b.rlib" "D:\\project\\wr
iting\\reserch\\stages\\stageA\\CVC5-ALETHE-SHAREMAP\\resume3\\toolchain\\rustup-home\\toolchains\\1.72.0-x86_64-pc-win
dows-gnu\\lib\\rustlib\\x86_64-pc-windows-gnu\\lib\\libaddr2line-126153ebe55b6775.rlib" "<LEGACY_LOCAL_PROJECT_ROOT>\
\stages\\stageA\\CVC5-ALETHE-SHAREMAP\\resume3\\toolchain\\rustup-home\\toolchains\\1.72.0-x86_64-pc-windows-gnu\\lib\\
rustlib\\x86_64-pc-windows-gnu\\lib\\libgimli-3d08640ec0a90b99.rlib" "<LEGACY_LOCAL_PROJECT_ROOT>\\stages\\stageA\\CV
C5-ALETHE-SHAREMAP\\resume3\\toolchain\\rustup-home\\toolchains\\1.72.0-x86_64-pc-windows-gnu\\lib\\rustlib\\x86_64-pc-
windows-gnu\\lib\\librustc_demangle-e211ed0efcaf0dab.rlib" "<LEGACY_LOCAL_PROJECT_ROOT>\\stages\\stageA\\CVC5-ALETHE-
SHAREMAP\\resume3\\toolchain\\rustup-home\\toolchains\\1.72.0-x86_64-pc-windows-gnu\\lib\\rustlib\\x86_64-pc-windows-gn
u\\lib\\libstd_detect-f17f8b04b9a04cbd.rlib" "<LEGACY_LOCAL_PROJECT_ROOT>\\stages\\stageA\\CVC5-ALETHE-SHAREMAP\\resu
me3\\toolchain\\rustup-home\\toolchains\\1.72.0-x86_64-pc-windows-gnu\\lib\\rustlib\\x86_64-pc-windows-gnu\\lib\\libhas
hbrown-dc505c5f7a08eb2f.rlib" "<LEGACY_LOCAL_PROJECT_ROOT>\\stages\\stageA\\CVC5-ALETHE-SHAREMAP\\resume3\\toolchain\
\rustup-home\\toolchains\\1.72.0-x86_64-pc-windows-gnu\\lib\\rustlib\\x86_64-pc-windows-gnu\\lib\\librustc_std_workspac
e_alloc-29139547fec356ea.rlib" "<LEGACY_LOCAL_PROJECT_ROOT>\\stages\\stageA\\CVC5-ALETHE-SHAREMAP\\resume3\\toolchain
\\rustup-home\\toolchains\\1.72.0-x86_64-pc-windows-gnu\\lib\\rustlib\\x86_64-pc-windows-gnu\\lib\\libminiz_oxide-cab94
e250dc1e17d.rlib" "<LEGACY_LOCAL_PROJECT_ROOT>\\stages\\stageA\\CVC5-ALETHE-SHAREMAP\\resume3\\toolchain\\rustup-home
\\toolchains\\1.72.0-x86_64-pc-windows-gnu\\lib\\rustlib\\x86_64-pc-windows-gnu\\lib\\libadler-e6226bb3d40532fc.rlib" "
<LEGACY_LOCAL_PROJECT_ROOT>\\stages\\stageA\\CVC5-ALETHE-SHAREMAP\\resume3\\toolchain\\rustup-home\\toolchains\\1.72.
0-x86_64-pc-windows-gnu\\lib\\rustlib\\x86_64-pc-windows-gnu\\lib\\libunwind-bc036f0a729eca3e.rlib" "D:\\project\\writi
ng\\reserch\\stages\\stageA\\CVC5-ALETHE-SHAREMAP\\resume3\\toolchain\\rustup-home\\toolchains\\1.72.0-x86_64-pc-window
s-gnu\\lib\\rustlib\\x86_64-pc-windows-gnu\\lib\\libcfg_if-b7a734954c1f5dcb.rlib" "<LEGACY_LOCAL_PROJECT_ROOT>\\stage
s\\stageA\\CVC5-ALETHE-SHAREMAP\\resume3\\toolchain\\rustup-home\\toolchains\\1.72.0-x86_64-pc-windows-gnu\\lib\\rustli
b\\x86_64-pc-windows-gnu\\lib\\liblibc-a254eeb9e90dc361.rlib" "<LEGACY_LOCAL_PROJECT_ROOT>\\stages\\stageA\\CVC5-ALET
HE-SHAREMAP\\resume3\\toolchain\\rustup-home\\toolchains\\1.72.0-x86_64-pc-windows-gnu\\lib\\rustlib\\x86_64-pc-windows
-gnu\\lib\\liballoc-b6fb9ac972c98305.rlib" "<LEGACY_LOCAL_PROJECT_ROOT>\\stages\\stageA\\CVC5-ALETHE-SHAREMAP\\resume
3\\toolchain\\rustup-home\\toolchains\\1.72.0-x86_64-pc-windows-gnu\\lib\\rustlib\\x86_64-pc-windows-gnu\\lib\\librustc
_std_workspace_core-6db27a6ad3c9479a.rlib" "<LEGACY_LOCAL_PROJECT_ROOT>\\stages\\stageA\\CVC5-ALETHE-SHAREMAP\\resume
3\\toolchain\\rustup-home\\toolchains\\1.72.0-x86_64-pc-windows-gnu\\lib\\rustlib\\x86_64-pc-windows-gnu\\lib\\libcore-
6fcad14090edadfc.rlib" "<LEGACY_LOCAL_PROJECT_ROOT>\\stages\\stageA\\CVC5-ALETHE-SHAREMAP\\resume3\\toolchain\\rustup
-home\\toolchains\\1.72.0-x86_64-pc-windows-gnu\\lib\\rustlib\\x86_64-pc-windows-gnu\\lib\\libcompiler_builtins-625af2e
b18940f92.rlib" "-Wl,-Bdynamic" "-lkernel32" "-ladvapi32" "-lbcrypt" "-lkernel32" "-lntdll" "-luserenv" "-lws2_32" "-lk
ernel32" "-lws2_32" "-lkernel32" "-lgcc_eh" "-l:libpthread.a" "-lmsvcrt" "-lmingwex" "-lmingw32" "-lgcc" "-lmsvcrt" "-l
user32" "-lkernel32" "-Wl,--nxcompat" "-L" "<LEGACY_LOCAL_PROJECT_ROOT>\\stages\\stageA\\CVC5-ALETHE-SHAREMAP\\resume
3\\toolchain\\rustup-home\\toolchains\\1.72.0-x86_64-pc-windows-gnu\\lib\\rustlib\\x86_64-pc-windows-gnu\\lib" "-o" "D:
\\project\\writing\\reserch\\stages\\stageA\\CVC5-ALETHE-SHAREMAP\\resume3\\build\\carcara-target-build2\\release\\buil
d\\crossbeam-queue-8c0da655913ec07f\\build_script_build-8c0da655913ec07f.exe" "-Wl,--gc-sections" "-no-pie" "-nodefault
libs" "<LEGACY_LOCAL_PROJECT_ROOT>\\stages\\stageA\\CVC5-ALETHE-SHAREMAP\\resume3\\toolchain\\rustup-home\\toolchains
\\1.72.0-x86_64-pc-windows-gnu\\lib\\rustlib\\x86_64-pc-windows-gnu\\lib\\rsend.o"
  = note: clang: warning: argument unused during compilation: '-no-pie' [-Wunused-command-line-argument]
          lld: error: unable to find library -lgcc_eh
          lld: error: unable to find library -lgcc
          clang: error: linker command failed with exit code 1 (use -v to see invocation)
          

error: could not compile `winapi-x86_64-pc-windows-gnu` (build script) due to previous error
warning: build failed, waiting for other jobs to finish...
error: linking with `<LEGACY_LOCAL_PROJECT_ROOT>\stages\stageA\CVC5-ALETHE-SHAREMAP\resume1\toolchain\msys64\clang64\bin
\clang.exe` failed: exit code: 1
  |
  = note: "<LEGACY_LOCAL_PROJECT_ROOT>\\stages\\stageA\\CVC5-ALETHE-SHAREMAP\\resume1\\toolchain\\msys64\\clang64\\bi
n\\clang.exe" "-fno-use-linker-plugin" "-Wl,--dynamicbase" "-Wl,--disable-auto-image-base" "-m64" "-Wl,--high-entropy-v
a" "<LEGACY_LOCAL_PROJECT_ROOT>\\stages\\stageA\\CVC5-ALETHE-SHAREMAP\\resume3\\toolchain\\rustup-home\\toolchains\\1
.72.0-x86_64-pc-windows-gnu\\lib\\rustlib\\x86_64-pc-windows-gnu\\lib\\rsbegin.o" "<LEGACY_LOCAL_PROJECT_ROOT>\\stage
s\\stageA\\CVC5-ALETHE-SHAREMAP\\resume3\\build\\tmp\\rustcpZDKZa\\symbols.o" "<LEGACY_LOCAL_PROJECT_ROOT>\\stages\\s
tageA\\CVC5-ALETHE-SHAREMAP\\resume3\\build\\carcara-target-build2\\release\\build\\libc-a410ee718cf641d0\\build_script
_build-a410ee718cf641d0.build_script_build.406e18985f95292c-cgu.0.rcgu.o" "<LEGACY_LOCAL_PROJECT_ROOT>\\stages\\stage
A\\CVC5-ALETHE-SHAREMAP\\resume3\\build\\carcara-target-build2\\release\\build\\libc-a410ee718cf641d0\\build_script_bui
ld-a410ee718cf641d0.build_script_build.406e18985f95292c-cgu.1.rcgu.o" "<LEGACY_LOCAL_PROJECT_ROOT>\\stages\\stageA\\C
VC5-ALETHE-SHAREMAP\\resume3\\build\\carcara-target-build2\\release\\build\\libc-a410ee718cf641d0\\build_script_build-a
410ee718cf641d0.build_script_build.406e18985f95292c-cgu.2.rcgu.o" "<LEGACY_LOCAL_PROJECT_ROOT>\\stages\\stageA\\CVC5-
ALETHE-SHAREMAP\\resume3\\build\\carcara-target-build2\\release\\build\\libc-a410ee718cf641d0\\build_script_build-a410e
e718cf641d0.1iz66bcb7rnt32pd.rcgu.o" "-L" "<LEGACY_LOCAL_PROJECT_ROOT>\\stages\\stageA\\CVC5-ALETHE-SHAREMAP\\resume3
\\build\\carcara-target-build2\\release\\deps" "-L" "<LEGACY_LOCAL_PROJECT_ROOT>\\stages\\stageA\\CVC5-ALETHE-SHAREMA
P\\resume3\\toolchain\\rustup-home\\toolchains\\1.72.0-x86_64-pc-windows-gnu\\lib\\rustlib\\x86_64-pc-windows-gnu\\lib"
 "-Wl,-Bstatic" "<LEGACY_LOCAL_PROJECT_ROOT>\\stages\\stageA\\CVC5-ALETHE-SHAREMAP\\resume3\\toolchain\\rustup-home\\
toolchains\\1.72.0-x86_64-pc-windows-gnu\\lib\\rustlib\\x86_64-pc-windows-gnu\\lib\\libstd-274cab44dc4a644c.rlib" "D:\\
project\\writing\\reserch\\stages\\stageA\\CVC5-ALETHE-SHAREMAP\\resume3\\toolchain\\rustup-home\\toolchains\\1.72.0-x8
6_64-pc-windows-gnu\\lib\\rustlib\\x86_64-pc-windows-gnu\\lib\\libpanic_unwind-0f177752b9ca8e95.rlib" "D:\\project\\wri
ting\\reserch\\stages\\stageA\\CVC5-ALETHE-SHAREMAP\\resume3\\toolchain\\rustup-home\\toolchains\\1.72.0-x86_64-pc-wind
ows-gnu\\lib\\rustlib\\x86_64-pc-windows-gnu\\lib\\libobject-06bb167660b3da76.rlib" "<LEGACY_LOCAL_PROJECT_ROOT>\\sta
ges\\stageA\\CVC5-ALETHE-SHAREMAP\\resume3\\toolchain\\rustup-home\\toolchains\\1.72.0-x86_64-pc-windows-gnu\\lib\\rust
lib\\x86_64-pc-windows-gnu\\lib\\libmemchr-8ab6cc09499ecf5b.rlib" "<LEGACY_LOCAL_PROJECT_ROOT>\\stages\\stageA\\CVC5-
ALETHE-SHAREMAP\\resume3\\toolchain\\rustup-home\\toolchains\\1.72.0-x86_64-pc-windows-gnu\\lib\\rustlib\\x86_64-pc-win
dows-gnu\\lib\\libaddr2line-126153ebe55b6775.rlib" "<LEGACY_LOCAL_PROJECT_ROOT>\\stages\\stageA\\CVC5-ALETHE-SHAREMAP
\\resume3\\toolchain\\rustup-home\\toolchains\\1.72.0-x86_64-pc-windows-gnu\\lib\\rustlib\\x86_64-pc-windows-gnu\\lib\\
libgimli-3d08640ec0a90b99.rlib" "<LEGACY_LOCAL_PROJECT_ROOT>\\stages\\stageA\\CVC5-ALETHE-SHAREMAP\\resume3\\toolchai
n\\rustup-home\\toolchains\\1.72.0-x86_64-pc-windows-gnu\\lib\\rustlib\\x86_64-pc-windows-gnu\\lib\\librustc_demangle-e
211ed0efcaf0dab.rlib" "<LEGACY_LOCAL_PROJECT_ROOT>\\stages\\stageA\\CVC5-ALETHE-SHAREMAP\\resume3\\toolchain\\rustup-
home\\toolchains\\1.72.0-x86_64-pc-windows-gnu\\lib\\rustlib\\x86_64-pc-windows-gnu\\lib\\libstd_detect-f17f8b04b9a04cb
d.rlib" "<LEGACY_LOCAL_PROJECT_ROOT>\\stages\\stageA\\CVC5-ALETHE-SHAREMAP\\resume3\\toolchain\\rustup-home\\toolchai
ns\\1.72.0-x86_64-pc-windows-gnu\\lib\\rustlib\\x86_64-pc-windows-gnu\\lib\\libhashbrown-dc505c5f7a08eb2f.rlib" "D:\\pr
oject\\writing\\reserch\\stages\\stageA\\CVC5-ALETHE-SHAREMAP\\resume3\\toolchain\\rustup-home\\toolchains\\1.72.0-x86_
64-pc-windows-gnu\\lib\\rustlib\\x86_64-pc-windows-gnu\\lib\\librustc_std_workspace_alloc-29139547fec356ea.rlib" "D:\\p
roject\\writing\\reserch\\stages\\stageA\\CVC5-ALETHE-SHAREMAP\\resume3\\toolchain\\rustup-home\\toolchains\\1.72.0-x86
_64-pc-windows-gnu\\lib\\rustlib\\x86_64-pc-windows-gnu\\lib\\libminiz_oxide-cab94e250dc1e17d.rlib" "D:\\project\\writi
ng\\reserch\\stages\\stageA\\CVC5-ALETHE-SHAREMAP\\resume3\\toolchain\\rustup-home\\toolchains\\1.72.0-x86_64-pc-window
s-gnu\\lib\\rustlib\\x86_64-pc-windows-gnu\\lib\\libadler-e6226bb3d40532fc.rlib" "<LEGACY_LOCAL_PROJECT_ROOT>\\stages
\\stageA\\CVC5-ALETHE-SHAREMAP\\resume3\\toolchain\\rustup-home\\toolchains\\1.72.0-x86_64-pc-windows-gnu\\lib\\rustlib
\\x86_64-pc-windows-gnu\\lib\\libunwind-bc036f0a729eca3e.rlib" "<LEGACY_LOCAL_PROJECT_ROOT>\\stages\\stageA\\CVC5-ALE
THE-SHAREMAP\\resume3\\toolchain\\rustup-home\\toolchains\\1.72.0-x86_64-pc-windows-gnu\\lib\\rustlib\\x86_64-pc-window
s-gnu\\lib\\libcfg_if-b7a734954c1f5dcb.rlib" "<LEGACY_LOCAL_PROJECT_ROOT>\\stages\\stageA\\CVC5-ALETHE-SHAREMAP\\resu
me3\\toolchain\\rustup-home\\toolchains\\1.72.0-x86_64-pc-windows-gnu\\lib\\rustlib\\x86_64-pc-windows-gnu\\lib\\liblib
c-a254eeb9e90dc361.rlib" "<LEGACY_LOCAL_PROJECT_ROOT>\\stages\\stageA\\CVC5-ALETHE-SHAREMAP\\resume3\\toolchain\\rust
up-home\\toolchains\\1.72.0-x86_64-pc-windows-gnu\\lib\\rustlib\\x86_64-pc-windows-gnu\\lib\\liballoc-b6fb9ac972c98305.
rlib" "<LEGACY_LOCAL_PROJECT_ROOT>\\stages\\stageA\\CVC5-ALETHE-SHAREMAP\\resume3\\toolchain\\rustup-home\\toolchains
\\1.72.0-x86_64-pc-windows-gnu\\lib\\rustlib\\x86_64-pc-windows-gnu\\lib\\librustc_std_workspace_core-6db27a6ad3c9479a.
rlib" "<LEGACY_LOCAL_PROJECT_ROOT>\\stages\\stageA\\CVC5-ALETHE-SHAREMAP\\resume3\\toolchain\\rustup-home\\toolchains
\\1.72.0-x86_64-pc-windows-gnu\\lib\\rustlib\\x86_64-pc-windows-gnu\\lib\\libcore-6fcad14090edadfc.rlib" "D:\\project\\
writing\\reserch\\stages\\stageA\\CVC5-ALETHE-SHAREMAP\\resume3\\toolchain\\rustup-home\\toolchains\\1.72.0-x86_64-pc-w
indows-gnu\\lib\\rustlib\\x86_64-pc-windows-gnu\\lib\\libcompiler_builtins-625af2eb18940f92.rlib" "-Wl,-Bdynamic" "-lke
rnel32" "-ladvapi32" "-lbcrypt" "-lkernel32" "-lntdll" "-luserenv" "-lws2_32" "-lkernel32" "-lws2_32" "-lkernel32" "-lg
cc_eh" "-l:libpthread.a" "-lmsvcrt" "-lmingwex" "-lmingw32" "-lgcc" "-lmsvcrt" "-luser32" "-lkernel32" "-Wl,--nxcompat"
 "-L" "<LEGACY_LOCAL_PROJECT_ROOT>\\stages\\stageA\\CVC5-ALETHE-SHAREMAP\\resume3\\toolchain\\rustup-home\\toolchains
\\1.72.0-x86_64-pc-windows-gnu\\lib\\rustlib\\x86_64-pc-windows-gnu\\lib" "-o" "<LEGACY_LOCAL_PROJECT_ROOT>\\stages\\
stageA\\CVC5-ALETHE-SHAREMAP\\resume3\\build\\carcara-target-build2\\release\\build\\libc-a410ee718cf641d0\\build_scrip
t_build-a410ee718cf641d0.exe" "-Wl,--gc-sections" "-no-pie" "-nodefaultlibs" "<LEGACY_LOCAL_PROJECT_ROOT>\\stages\\st
ageA\\CVC5-ALETHE-SHAREMAP\\resume3\\toolchain\\rustup-home\\toolchains\\1.72.0-x86_64-pc-windows-gnu\\lib\\rustlib\\x8
6_64-pc-windows-gnu\\lib\\rsend.o"
  = note: clang: warning: argument unused during compilation: '-no-pie' [-Wunused-command-line-argument]
          lld: error: unable to find library -lgcc_eh
          lld: error: unable to find library -lgcc
          clang: error: linker command failed with exit code 1 (use -v to see invocation)
          

error: could not compile `crossbeam-queue` (build script) due to previous error
error: linking with `<LEGACY_LOCAL_PROJECT_ROOT>\stages\stageA\CVC5-ALETHE-SHAREMAP\resume1\toolchain\msys64\clang64\bin
\clang.exe` failed: exit code: 1
  |
  = note: "<LEGACY_LOCAL_PROJECT_ROOT>\\stages\\stageA\\CVC5-ALETHE-SHAREMAP\\resume1\\toolchain\\msys64\\clang64\\bi
n\\clang.exe" "-fno-use-linker-plugin" "-Wl,--dynamicbase" "-Wl,--disable-auto-image-base" "-m64" "-Wl,--high-entropy-v
a" "<LEGACY_LOCAL_PROJECT_ROOT>\\stages\\stageA\\CVC5-ALETHE-SHAREMAP\\resume3\\toolchain\\rustup-home\\toolchains\\1
.72.0-x86_64-pc-windows-gnu\\lib\\rustlib\\x86_64-pc-windows-gnu\\lib\\rsbegin.o" "<LEGACY_LOCAL_PROJECT_ROOT>\\stage
s\\stageA\\CVC5-ALETHE-SHAREMAP\\resume3\\build\\tmp\\rustc8grl48\\symbols.o" "<LEGACY_LOCAL_PROJECT_ROOT>\\stages\\s
tageA\\CVC5-ALETHE-SHAREMAP\\resume3\\build\\carcara-target-build2\\release\\build\\thiserror-25c468fd52e08951\\build_s
cript_build-25c468fd52e08951.build_script_build.8b983f6f5467b1be-cgu.0.rcgu.o" "<LEGACY_LOCAL_PROJECT_ROOT>\\stages\\
stageA\\CVC5-ALETHE-SHAREMAP\\resume3\\build\\carcara-target-build2\\release\\build\\thiserror-25c468fd52e08951\\build_
script_build-25c468fd52e08951.3v6v2c0gztdjxxe0.rcgu.o" "-L" "<LEGACY_LOCAL_PROJECT_ROOT>\\stages\\stageA\\CVC5-ALETHE
-SHAREMAP\\resume3\\build\\carcara-target-build2\\release\\deps" "-L" "<LEGACY_LOCAL_PROJECT_ROOT>\\stages\\stageA\\C
VC5-ALETHE-SHAREMAP\\resume3\\toolchain\\rustup-home\\toolchains\\1.72.0-x86_64-pc-windows-gnu\\lib\\rustlib\\x86_64-pc
-windows-gnu\\lib" "-Wl,-Bstatic" "<LEGACY_LOCAL_PROJECT_ROOT>\\stages\\stageA\\CVC5-ALETHE-SHAREMAP\\resume3\\toolch
ain\\rustup-home\\toolchains\\1.72.0-x86_64-pc-windows-gnu\\lib\\rustlib\\x86_64-pc-windows-gnu\\lib\\libstd-274cab44dc
4a644c.rlib" "<LEGACY_LOCAL_PROJECT_ROOT>\\stages\\stageA\\CVC5-ALETHE-SHAREMAP\\resume3\\toolchain\\rustup-home\\too
lchains\\1.72.0-x86_64-pc-windows-gnu\\lib\\rustlib\\x86_64-pc-windows-gnu\\lib\\libpanic_unwind-0f177752b9ca8e95.rlib"
 "<LEGACY_LOCAL_PROJECT_ROOT>\\stages\\stageA\\CVC5-ALETHE-SHAREMAP\\resume3\\toolchain\\rustup-home\\toolchains\\1.7
2.0-x86_64-pc-windows-gnu\\lib\\rustlib\\x86_64-pc-windows-gnu\\lib\\libobject-06bb167660b3da76.rlib" "D:\\project\\wri
ting\\reserch\\stages\\stageA\\CVC5-ALETHE-SHAREMAP\\resume3\\toolchain\\rustup-home\\toolchains\\1.72.0-x86_64-pc-wind
ows-gnu\\lib\\rustlib\\x86_64-pc-windows-gnu\\lib\\libmemchr-8ab6cc09499ecf5b.rlib" "<LEGACY_LOCAL_PROJECT_ROOT>\\sta
ges\\stageA\\CVC5-ALETHE-SHAREMAP\\resume3\\toolchain\\rustup-home\\toolchains\\1.72.0-x86_64-pc-windows-gnu\\lib\\rust
lib\\x86_64-pc-windows-gnu\\lib\\libaddr2line-126153ebe55b6775.rlib" "<LEGACY_LOCAL_PROJECT_ROOT>\\stages\\stageA\\CV
C5-ALETHE-SHAREMAP\\resume3\\toolchain\\rustup-home\\toolchains\\1.72.0-x86_64-pc-windows-gnu\\lib\\rustlib\\x86_64-pc-
windows-gnu\\lib\\libgimli-3d08640ec0a90b99.rlib" "<LEGACY_LOCAL_PROJECT_ROOT>\\stages\\stageA\\CVC5-ALETHE-SHAREMAP\
\resume3\\toolchain\\rustup-home\\toolchains\\1.72.0-x86_64-pc-windows-gnu\\lib\\rustlib\\x86_64-pc-windows-gnu\\lib\\l
ibrustc_demangle-e211ed0efcaf0dab.rlib" "<LEGACY_LOCAL_PROJECT_ROOT>\\stages\\stageA\\CVC5-ALETHE-SHAREMAP\\resume3\\
toolchain\\rustup-home\\toolchains\\1.72.0-x86_64-pc-windows-gnu\\lib\\rustlib\\x86_64-pc-windows-gnu\\lib\\libstd_dete
ct-f17f8b04b9a04cbd.rlib" "<LEGACY_LOCAL_PROJECT_ROOT>\\stages\\stageA\\CVC5-ALETHE-SHAREMAP\\resume3\\toolchain\\rus
tup-home\\toolchains\\1.72.0-x86_64-pc-windows-gnu\\lib\\rustlib\\x86_64-pc-windows-gnu\\lib\\libhashbrown-dc505c5f7a08
eb2f.rlib" "<LEGACY_LOCAL_PROJECT_ROOT>\\stages\\stageA\\CVC5-ALETHE-SHAREMAP\\resume3\\toolchain\\rustup-home\\toolc
hains\\1.72.0-x86_64-pc-windows-gnu\\lib\\rustlib\\x86_64-pc-windows-gnu\\lib\\librustc_std_workspace_alloc-29139547fec
356ea.rlib" "<LEGACY_LOCAL_PROJECT_ROOT>\\stages\\stageA\\CVC5-ALETHE-SHAREMAP\\resume3\\toolchain\\rustup-home\\tool
chains\\1.72.0-x86_64-pc-windows-gnu\\lib\\rustlib\\x86_64-pc-windows-gnu\\lib\\libminiz_oxide-cab94e250dc1e17d.rlib" "
<LEGACY_LOCAL_PROJECT_ROOT>\\stages\\stageA\\CVC5-ALETHE-SHAREMAP\\resume3\\toolchain\\rustup-home\\toolchains\\1.72.
0-x86_64-pc-windows-gnu\\lib\\rustlib\\x86_64-pc-windows-gnu\\lib\\libadler-e6226bb3d40532fc.rlib" "D:\\project\\writin
g\\reserch\\stages\\stageA\\CVC5-ALETHE-SHAREMAP\\resume3\\toolchain\\rustup-home\\toolchains\\1.72.0-x86_64-pc-windows
-gnu\\lib\\rustlib\\x86_64-pc-windows-gnu\\lib\\libunwind-bc036f0a729eca3e.rlib" "<LEGACY_LOCAL_PROJECT_ROOT>\\stages
\\stageA\\CVC5-ALETHE-SHAREMAP\\resume3\\toolchain\\rustup-home\\toolchains\\1.72.0-x86_64-pc-windows-gnu\\lib\\rustlib
\\x86_64-pc-windows-gnu\\lib\\libcfg_if-b7a734954c1f5dcb.rlib" "<LEGACY_LOCAL_PROJECT_ROOT>\\stages\\stageA\\CVC5-ALE
THE-SHAREMAP\\resume3\\toolchain\\rustup-home\\toolchains\\1.72.0-x86_64-pc-windows-gnu\\lib\\rustlib\\x86_64-pc-window
s-gnu\\lib\\liblibc-a254eeb9e90dc361.rlib" "<LEGACY_LOCAL_PROJECT_ROOT>\\stages\\stageA\\CVC5-ALETHE-SHAREMAP\\resume
3\\toolchain\\rustup-home\\toolchains\\1.72.0-x86_64-pc-windows-gnu\\lib\\rustlib\\x86_64-pc-windows-gnu\\lib\\liballoc
-b6fb9ac972c98305.rlib" "<LEGACY_LOCAL_PROJECT_ROOT>\\stages\\stageA\\CVC5-ALETHE-SHAREMAP\\resume3\\toolchain\\rustu
p-home\\toolchains\\1.72.0-x86_64-pc-windows-gnu\\lib\\rustlib\\x86_64-pc-windows-gnu\\lib\\librustc_std_workspace_core
-6db27a6ad3c9479a.rlib" "<LEGACY_LOCAL_PROJECT_ROOT>\\stages\\stageA\\CVC5-ALETHE-SHAREMAP\\resume3\\toolchain\\rustu
p-home\\toolchains\\1.72.0-x86_64-pc-windows-gnu\\lib\\rustlib\\x86_64-pc-windows-gnu\\lib\\libcore-6fcad14090edadfc.rl
ib" "<LEGACY_LOCAL_PROJECT_ROOT>\\stages\\stageA\\CVC5-ALETHE-SHAREMAP\\resume3\\toolchain\\rustup-home\\toolchains\\
1.72.0-x86_64-pc-windows-gnu\\lib\\rustlib\\x86_64-pc-windows-gnu\\lib\\libcompiler_builtins-625af2eb18940f92.rlib" "-W
l,-Bdynamic" "-lkernel32" "-ladvapi32" "-lbcrypt" "-lkernel32" "-lntdll" "-luserenv" "-lws2_32" "-lkernel32" "-lws2_32"
 "-lkernel32" "-lgcc_eh" "-l:libpthread.a" "-lmsvcrt" "-lmingwex" "-lmingw32" "-lgcc" "-lmsvcrt" "-luser32" "-lkernel32
" "-Wl,--nxcompat" "-L" "<LEGACY_LOCAL_PROJECT_ROOT>\\stages\\stageA\\CVC5-ALETHE-SHAREMAP\\resume3\\toolchain\\rustu
p-home\\toolchains\\1.72.0-x86_64-pc-windows-gnu\\lib\\rustlib\\x86_64-pc-windows-gnu\\lib" "-o" "D:\\project\\writing\
\reserch\\stages\\stageA\\CVC5-ALETHE-SHAREMAP\\resume3\\build\\carcara-target-build2\\release\\build\\thiserror-25c468
fd52e08951\\build_script_build-25c468fd52e08951.exe" "-Wl,--gc-sections" "-no-pie" "-nodefaultlibs" "D:\\project\\writi
ng\\reserch\\stages\\stageA\\CVC5-ALETHE-SHAREMAP\\resume3\\toolchain\\rustup-home\\toolchains\\1.72.0-x86_64-pc-window
s-gnu\\lib\\rustlib\\x86_64-pc-windows-gnu\\lib\\rsend.o"
  = note: clang: warning: argument unused during compilation: '-no-pie' [-Wunused-command-line-argument]
          lld: error: unable to find library -lgcc_eh
          lld: error: unable to find library -lgcc
          clang: error: linker command failed with exit code 1 (use -v to see invocation)
          

error: could not compile `libc` (build script) due to previous error
error: linking with `<LEGACY_LOCAL_PROJECT_ROOT>\stages\stageA\CVC5-ALETHE-SHAREMAP\resume1\toolchain\msys64\clang64\bin
\clang.exe` failed: exit code: 1
  |
  = note: "<LEGACY_LOCAL_PROJECT_ROOT>\\stages\\stageA\\CVC5-ALETHE-SHAREMAP\\resume1\\toolchain\\msys64\\clang64\\bi
n\\clang.exe" "-fno-use-linker-plugin" "-Wl,--dynamicbase" "-Wl,--disable-auto-image-base" "-m64" "-Wl,--high-entropy-v
a" "<LEGACY_LOCAL_PROJECT_ROOT>\\stages\\stageA\\CVC5-ALETHE-SHAREMAP\\resume3\\toolchain\\rustup-home\\toolchains\\1
.72.0-x86_64-pc-windows-gnu\\lib\\rustlib\\x86_64-pc-windows-gnu\\lib\\rsbegin.o" "<LEGACY_LOCAL_PROJECT_ROOT>\\stage
s\\stageA\\CVC5-ALETHE-SHAREMAP\\resume3\\build\\tmp\\rustcS8YS4P\\symbols.o" "<LEGACY_LOCAL_PROJECT_ROOT>\\stages\\s
tageA\\CVC5-ALETHE-SHAREMAP\\resume3\\build\\carcara-target-build2\\release\\build\\az-4beaa0ebec2bb276\\build_script_b
uild-4beaa0ebec2bb276.build_script_build.17ce70d38421daae-cgu.0.rcgu.o" "<LEGACY_LOCAL_PROJECT_ROOT>\\stages\\stageA\
\CVC5-ALETHE-SHAREMAP\\resume3\\build\\carcara-target-build2\\release\\build\\az-4beaa0ebec2bb276\\build_script_build-4
beaa0ebec2bb276.build_script_build.17ce70d38421daae-cgu.1.rcgu.o" "<LEGACY_LOCAL_PROJECT_ROOT>\\stages\\stageA\\CVC5-
ALETHE-SHAREMAP\\resume3\\build\\carcara-target-build2\\release\\build\\az-4beaa0ebec2bb276\\build_script_build-4beaa0e
bec2bb276.4cil8je7xizd3e04.rcgu.o" "-L" "<LEGACY_LOCAL_PROJECT_ROOT>\\stages\\stageA\\CVC5-ALETHE-SHAREMAP\\resume3\\
build\\carcara-target-build2\\release\\deps" "-L" "<LEGACY_LOCAL_PROJECT_ROOT>\\stages\\stageA\\CVC5-ALETHE-SHAREMAP\
\resume3\\toolchain\\rustup-home\\toolchains\\1.72.0-x86_64-pc-windows-gnu\\lib\\rustlib\\x86_64-pc-windows-gnu\\lib" "
-Wl,-Bstatic" "<LEGACY_LOCAL_PROJECT_ROOT>\\stages\\stageA\\CVC5-ALETHE-SHAREMAP\\resume3\\toolchain\\rustup-home\\to
olchains\\1.72.0-x86_64-pc-windows-gnu\\lib\\rustlib\\x86_64-pc-windows-gnu\\lib\\libstd-274cab44dc4a644c.rlib" "D:\\pr
oject\\writing\\reserch\\stages\\stageA\\CVC5-ALETHE-SHAREMAP\\resume3\\toolchain\\rustup-home\\toolchains\\1.72.0-x86_
64-pc-windows-gnu\\lib\\rustlib\\x86_64-pc-windows-gnu\\lib\\libpanic_unwind-0f177752b9ca8e95.rlib" "D:\\project\\writi
ng\\reserch\\stages\\stageA\\CVC5-ALETHE-SHAREMAP\\resume3\\toolchain\\rustup-home\\toolchains\\1.72.0-x86_64-pc-window
s-gnu\\lib\\rustlib\\x86_64-pc-windows-gnu\\lib\\libobject-06bb167660b3da76.rlib" "<LEGACY_LOCAL_PROJECT_ROOT>\\stage
s\\stageA\\CVC5-ALETHE-SHAREMAP\\resume3\\toolchain\\rustup-home\\toolchains\\1.72.0-x86_64-pc-windows-gnu\\lib\\rustli
b\\x86_64-pc-windows-gnu\\lib\\libmemchr-8ab6cc09499ecf5b.rlib" "<LEGACY_LOCAL_PROJECT_ROOT>\\stages\\stageA\\CVC5-AL
ETHE-SHAREMAP\\resume3\\toolchain\\rustup-home\\toolchains\\1.72.0-x86_64-pc-windows-gnu\\lib\\rustlib\\x86_64-pc-windo
ws-gnu\\lib\\libaddr2line-126153ebe55b6775.rlib" "<LEGACY_LOCAL_PROJECT_ROOT>\\stages\\stageA\\CVC5-ALETHE-SHAREMAP\\
resume3\\toolchain\\rustup-home\\toolchains\\1.72.0-x86_64-pc-windows-gnu\\lib\\rustlib\\x86_64-pc-windows-gnu\\lib\\li
bgimli-3d08640ec0a90b99.rlib" "<LEGACY_LOCAL_PROJECT_ROOT>\\stages\\stageA\\CVC5-ALETHE-SHAREMAP\\resume3\\toolchain\
\rustup-home\\toolchains\\1.72.0-x86_64-pc-windows-gnu\\lib\\rustlib\\x86_64-pc-windows-gnu\\lib\\librustc_demangle-e21
1ed0efcaf0dab.rlib" "<LEGACY_LOCAL_PROJECT_ROOT>\\stages\\stageA\\CVC5-ALETHE-SHAREMAP\\resume3\\toolchain\\rustup-ho
me\\toolchains\\1.72.0-x86_64-pc-windows-gnu\\lib\\rustlib\\x86_64-pc-windows-gnu\\lib\\libstd_detect-f17f8b04b9a04cbd.
rlib" "<LEGACY_LOCAL_PROJECT_ROOT>\\stages\\stageA\\CVC5-ALETHE-SHAREMAP\\resume3\\toolchain\\rustup-home\\toolchains
\\1.72.0-x86_64-pc-windows-gnu\\lib\\rustlib\\x86_64-pc-windows-gnu\\lib\\libhashbrown-dc505c5f7a08eb2f.rlib" "D:\\proj
ect\\writing\\reserch\\stages\\stageA\\CVC5-ALETHE-SHAREMAP\\resume3\\toolchain\\rustup-home\\toolchains\\1.72.0-x86_64
-pc-windows-gnu\\lib\\rustlib\\x86_64-pc-windows-gnu\\lib\\librustc_std_workspace_alloc-29139547fec356ea.rlib" "D:\\pro
ject\\writing\\reserch\\stages\\stageA\\CVC5-ALETHE-SHAREMAP\\resume3\\toolchain\\rustup-home\\toolchains\\1.72.0-x86_6
4-pc-windows-gnu\\lib\\rustlib\\x86_64-pc-windows-gnu\\lib\\libminiz_oxide-cab94e250dc1e17d.rlib" "D:\\project\\writing
\\reserch\\stages\\stageA\\CVC5-ALETHE-SHAREMAP\\resume3\\toolchain\\rustup-home\\toolchains\\1.72.0-x86_64-pc-windows-
gnu\\lib\\rustlib\\x86_64-pc-windows-gnu\\lib\\libadler-e6226bb3d40532fc.rlib" "<LEGACY_LOCAL_PROJECT_ROOT>\\stages\\
stageA\\CVC5-ALETHE-SHAREMAP\\resume3\\toolchain\\rustup-home\\toolchains\\1.72.0-x86_64-pc-windows-gnu\\lib\\rustlib\\
x86_64-pc-windows-gnu\\lib\\libunwind-bc036f0a729eca3e.rlib" "<LEGACY_LOCAL_PROJECT_ROOT>\\stages\\stageA\\CVC5-ALETH
E-SHAREMAP\\resume3\\toolchain\\rustup-home\\toolchains\\1.72.0-x86_64-pc-windows-gnu\\lib\\rustlib\\x86_64-pc-windows-
gnu\\lib\\libcfg_if-b7a734954c1f5dcb.rlib" "<LEGACY_LOCAL_PROJECT_ROOT>\\stages\\stageA\\CVC5-ALETHE-SHAREMAP\\resume
3\\toolchain\\rustup-home\\toolchains\\1.72.0-x86_64-pc-windows-gnu\\lib\\rustlib\\x86_64-pc-windows-gnu\\lib\\liblibc-
a254eeb9e90dc361.rlib" "<LEGACY_LOCAL_PROJECT_ROOT>\\stages\\stageA\\CVC5-ALETHE-SHAREMAP\\resume3\\toolchain\\rustup
-home\\toolchains\\1.72.0-x86_64-pc-windows-gnu\\lib\\rustlib\\x86_64-pc-windows-gnu\\lib\\liballoc-b6fb9ac972c98305.rl
ib" "<LEGACY_LOCAL_PROJECT_ROOT>\\stages\\stageA\\CVC5-ALETHE-SHAREMAP\\resume3\\toolchain\\rustup-home\\toolchains\\
1.72.0-x86_64-pc-windows-gnu\\lib\\rustlib\\x86_64-pc-windows-gnu\\lib\\librustc_std_workspace_core-6db27a6ad3c9479a.rl
ib" "<LEGACY_LOCAL_PROJECT_ROOT>\\stages\\stageA\\CVC5-ALETHE-SHAREMAP\\resume3\\toolchain\\rustup-home\\toolchains\\
1.72.0-x86_64-pc-windows-gnu\\lib\\rustlib\\x86_64-pc-windows-gnu\\lib\\libcore-6fcad14090edadfc.rlib" "D:\\project\\wr
iting\\reserch\\stages\\stageA\\CVC5-ALETHE-SHAREMAP\\resume3\\toolchain\\rustup-home\\toolchains\\1.72.0-x86_64-pc-win
dows-gnu\\lib\\rustlib\\x86_64-pc-windows-gnu\\lib\\libcompiler_builtins-625af2eb18940f92.rlib" "-Wl,-Bdynamic" "-lkern
el32" "-ladvapi32" "-lbcrypt" "-lkernel32" "-lntdll" "-luserenv" "-lws2_32" "-lkernel32" "-lws2_32" "-lkernel32" "-lgcc
_eh" "-l:libpthread.a" "-lmsvcrt" "-lmingwex" "-lmingw32" "-lgcc" "-lmsvcrt" "-luser32" "-lkernel32" "-Wl,--nxcompat" "
-L" "<LEGACY_LOCAL_PROJECT_ROOT>\\stages\\stageA\\CVC5-ALETHE-SHAREMAP\\resume3\\toolchain\\rustup-home\\toolchains\\
1.72.0-x86_64-pc-windows-gnu\\lib\\rustlib\\x86_64-pc-windows-gnu\\lib" "-o" "<LEGACY_LOCAL_PROJECT_ROOT>\\stages\\st
ageA\\CVC5-ALETHE-SHAREMAP\\resume3\\build\\carcara-target-build2\\release\\build\\az-4beaa0ebec2bb276\\build_script_bu
ild-4beaa0ebec2bb276.exe" "-Wl,--gc-sections" "-no-pie" "-nodefaultlibs" "<LEGACY_LOCAL_PROJECT_ROOT>\\stages\\stageA
\\CVC5-ALETHE-SHAREMAP\\resume3\\toolchain\\rustup-home\\toolchains\\1.72.0-x86_64-pc-windows-gnu\\lib\\rustlib\\x86_64
-pc-windows-gnu\\lib\\rsend.o"
  = note: clang: warning: argument unused during compilation: '-no-pie' [-Wunused-command-line-argument]
          lld: error: unable to find library -lgcc_eh
          lld: error: unable to find library -lgcc
          clang: error: linker command failed with exit code 1 (use -v to see invocation)
          

error: could not compile `thiserror` (build script) due to previous error
error: linking with `<LEGACY_LOCAL_PROJECT_ROOT>\stages\stageA\CVC5-ALETHE-SHAREMAP\resume1\toolchain\msys64\clang64\bin
\clang.exe` failed: exit code: 1
  |
  = note: "<LEGACY_LOCAL_PROJECT_ROOT>\\stages\\stageA\\CVC5-ALETHE-SHAREMAP\\resume1\\toolchain\\msys64\\clang64\\bi
n\\clang.exe" "-fno-use-linker-plugin" "-Wl,--dynamicbase" "-Wl,--disable-auto-image-base" "-m64" "-Wl,--high-entropy-v
a" "<LEGACY_LOCAL_PROJECT_ROOT>\\stages\\stageA\\CVC5-ALETHE-SHAREMAP\\resume3\\toolchain\\rustup-home\\toolchains\\1
.72.0-x86_64-pc-windows-gnu\\lib\\rustlib\\x86_64-pc-windows-gnu\\lib\\rsbegin.o" "<LEGACY_LOCAL_PROJECT_ROOT>\\stage
s\\stageA\\CVC5-ALETHE-SHAREMAP\\resume3\\build\\tmp\\rustc1uKYNt\\symbols.o" "<LEGACY_LOCAL_PROJECT_ROOT>\\stages\\s
tageA\\CVC5-ALETHE-SHAREMAP\\resume3\\build\\carcara-target-build2\\release\\build\\crossbeam-utils-22b495dc15345a1a\\b
uild_script_build-22b495dc15345a1a.build_script_build.3704b9006f6e8c5c-cgu.0.rcgu.o" "<LEGACY_LOCAL_PROJECT_ROOT>\\st
ages\\stageA\\CVC5-ALETHE-SHAREMAP\\resume3\\build\\carcara-target-build2\\release\\build\\crossbeam-utils-22b495dc1534
5a1a\\build_script_build-22b495dc15345a1a.build_script_build.3704b9006f6e8c5c-cgu.1.rcgu.o" "D:\\project\\writing\\rese
rch\\stages\\stageA\\CVC5-ALETHE-SHAREMAP\\resume3\\build\\carcara-target-build2\\release\\build\\crossbeam-utils-22b49
5dc15345a1a\\build_script_build-22b495dc15345a1a.2rbpb91iv3lzrghc.rcgu.o" "-L" "<LEGACY_LOCAL_PROJECT_ROOT>\\stages\\
stageA\\CVC5-ALETHE-SHAREMAP\\resume3\\build\\carcara-target-build2\\release\\deps" "-L" "<LEGACY_LOCAL_PROJECT_ROOT>
\\stages\\stageA\\CVC5-ALETHE-SHAREMAP\\resume3\\toolchain\\rustup-home\\toolchains\\1.72.0-x86_64-pc-windows-gnu\\lib\
\rustlib\\x86_64-pc-windows-gnu\\lib" "-Wl,-Bstatic" "<LEGACY_LOCAL_PROJECT_ROOT>\\stages\\stageA\\CVC5-ALETHE-SHAREM
AP\\resume3\\toolchain\\rustup-home\\toolchains\\1.72.0-x86_64-pc-windows-gnu\\lib\\rustlib\\x86_64-pc-windows-gnu\\lib
\\libstd-274cab44dc4a644c.rlib" "<LEGACY_LOCAL_PROJECT_ROOT>\\stages\\stageA\\CVC5-ALETHE-SHAREMAP\\resume3\\toolchai
n\\rustup-home\\toolchains\\1.72.0-x86_64-pc-windows-gnu\\lib\\rustlib\\x86_64-pc-windows-gnu\\lib\\libpanic_unwind-0f1
77752b9ca8e95.rlib" "<LEGACY_LOCAL_PROJECT_ROOT>\\stages\\stageA\\CVC5-ALETHE-SHAREMAP\\resume3\\toolchain\\rustup-ho
me\\toolchains\\1.72.0-x86_64-pc-windows-gnu\\lib\\rustlib\\x86_64-pc-windows-gnu\\lib\\libobject-06bb167660b3da76.rlib
" "<LEGACY_LOCAL_PROJECT_ROOT>\\stages\\stageA\\CVC5-ALETHE-SHAREMAP\\resume3\\toolchain\\rustup-home\\toolchains\\1.
72.0-x86_64-pc-windows-gnu\\lib\\rustlib\\x86_64-pc-windows-gnu\\lib\\libmemchr-8ab6cc09499ecf5b.rlib" "D:\\project\\wr
iting\\reserch\\stages\\stageA\\CVC5-ALETHE-SHAREMAP\\resume3\\toolchain\\rustup-home\\toolchains\\1.72.0-x86_64-pc-win
dows-gnu\\lib\\rustlib\\x86_64-pc-windows-gnu\\lib\\libaddr2line-126153ebe55b6775.rlib" "<LEGACY_LOCAL_PROJECT_ROOT>\
\stages\\stageA\\CVC5-ALETHE-SHAREMAP\\resume3\\toolchain\\rustup-home\\toolchains\\1.72.0-x86_64-pc-windows-gnu\\lib\\
rustlib\\x86_64-pc-windows-gnu\\lib\\libgimli-3d08640ec0a90b99.rlib" "<LEGACY_LOCAL_PROJECT_ROOT>\\stages\\stageA\\CV
C5-ALETHE-SHAREMAP\\resume3\\toolchain\\rustup-home\\toolchains\\1.72.0-x86_64-pc-windows-gnu\\lib\\rustlib\\x86_64-pc-
windows-gnu\\lib\\librustc_demangle-e211ed0efcaf0dab.rlib" "<LEGACY_LOCAL_PROJECT_ROOT>\\stages\\stageA\\CVC5-ALETHE-
SHAREMAP\\resume3\\toolchain\\rustup-home\\toolchains\\1.72.0-x86_64-pc-windows-gnu\\lib\\rustlib\\x86_64-pc-windows-gn
u\\lib\\libstd_detect-f17f8b04b9a04cbd.rlib" "<LEGACY_LOCAL_PROJECT_ROOT>\\stages\\stageA\\CVC5-ALETHE-SHAREMAP\\resu
me3\\toolchain\\rustup-home\\toolchains\\1.72.0-x86_64-pc-windows-gnu\\lib\\rustlib\\x86_64-pc-windows-gnu\\lib\\libhas
hbrown-dc505c5f7a08eb2f.rlib" "<LEGACY_LOCAL_PROJECT_ROOT>\\stages\\stageA\\CVC5-ALETHE-SHAREMAP\\resume3\\toolchain\
\rustup-home\\toolchains\\1.72.0-x86_64-pc-windows-gnu\\lib\\rustlib\\x86_64-pc-windows-gnu\\lib\\librustc_std_workspac
e_alloc-29139547fec356ea.rlib" "<LEGACY_LOCAL_PROJECT_ROOT>\\stages\\stageA\\CVC5-ALETHE-SHAREMAP\\resume3\\toolchain
\\rustup-home\\toolchains\\1.72.0-x86_64-pc-windows-gnu\\lib\\rustlib\\x86_64-pc-windows-gnu\\lib\\libminiz_oxide-cab94
e250dc1e17d.rlib" "<LEGACY_LOCAL_PROJECT_ROOT>\\stages\\stageA\\CVC5-ALETHE-SHAREMAP\\resume3\\toolchain\\rustup-home
\\toolchains\\1.72.0-x86_64-pc-windows-gnu\\lib\\rustlib\\x86_64-pc-windows-gnu\\lib\\libadler-e6226bb3d40532fc.rlib" "
<LEGACY_LOCAL_PROJECT_ROOT>\\stages\\stageA\\CVC5-ALETHE-SHAREMAP\\resume3\\toolchain\\rustup-home\\toolchains\\1.72.
0-x86_64-pc-windows-gnu\\lib\\rustlib\\x86_64-pc-windows-gnu\\lib\\libunwind-bc036f0a729eca3e.rlib" "D:\\project\\writi
ng\\reserch\\stages\\stageA\\CVC5-ALETHE-SHAREMAP\\resume3\\toolchain\\rustup-home\\toolchains\\1.72.0-x86_64-pc-window
s-gnu\\lib\\rustlib\\x86_64-pc-windows-gnu\\lib\\libcfg_if-b7a734954c1f5dcb.rlib" "<LEGACY_LOCAL_PROJECT_ROOT>\\stage
s\\stageA\\CVC5-ALETHE-SHAREMAP\\resume3\\toolchain\\rustup-home\\toolchains\\1.72.0-x86_64-pc-windows-gnu\\lib\\rustli
b\\x86_64-pc-windows-gnu\\lib\\liblibc-a254eeb9e90dc361.rlib" "<LEGACY_LOCAL_PROJECT_ROOT>\\stages\\stageA\\CVC5-ALET
HE-SHAREMAP\\resume3\\toolchain\\rustup-home\\toolchains\\1.72.0-x86_64-pc-windows-gnu\\lib\\rustlib\\x86_64-pc-windows
-gnu\\lib\\liballoc-b6fb9ac972c98305.rlib" "<LEGACY_LOCAL_PROJECT_ROOT>\\stages\\stageA\\CVC5-ALETHE-SHAREMAP\\resume
3\\toolchain\\rustup-home\\toolchains\\1.72.0-x86_64-pc-windows-gnu\\lib\\rustlib\\x86_64-pc-windows-gnu\\lib\\librustc
_std_workspace_core-6db27a6ad3c9479a.rlib" "<LEGACY_LOCAL_PROJECT_ROOT>\\stages\\stageA\\CVC5-ALETHE-SHAREMAP\\resume
3\\toolchain\\rustup-home\\toolchains\\1.72.0-x86_64-pc-windows-gnu\\lib\\rustlib\\x86_64-pc-windows-gnu\\lib\\libcore-
6fcad14090edadfc.rlib" "<LEGACY_LOCAL_PROJECT_ROOT>\\stages\\stageA\\CVC5-ALETHE-SHAREMAP\\resume3\\toolchain\\rustup
-home\\toolchains\\1.72.0-x86_64-pc-windows-gnu\\lib\\rustlib\\x86_64-pc-windows-gnu\\lib\\libcompiler_builtins-625af2e
b18940f92.rlib" "-Wl,-Bdynamic" "-lkernel32" "-ladvapi32" "-lbcrypt" "-lkernel32" "-lntdll" "-luserenv" "-lws2_32" "-lk
ernel32" "-lws2_32" "-lkernel32" "-lgcc_eh" "-l:libpthread.a" "-lmsvcrt" "-lmingwex" "-lmingw32" "-lgcc" "-lmsvcrt" "-l
user32" "-lkernel32" "-Wl,--nxcompat" "-L" "<LEGACY_LOCAL_PROJECT_ROOT>\\stages\\stageA\\CVC5-ALETHE-SHAREMAP\\resume
3\\toolchain\\rustup-home\\toolchains\\1.72.0-x86_64-pc-windows-gnu\\lib\\rustlib\\x86_64-pc-windows-gnu\\lib" "-o" "D:
\\project\\writing\\reserch\\stages\\stageA\\CVC5-ALETHE-SHAREMAP\\resume3\\build\\carcara-target-build2\\release\\buil
d\\crossbeam-utils-22b495dc15345a1a\\build_script_build-22b495dc15345a1a.exe" "-Wl,--gc-sections" "-no-pie" "-nodefault
libs" "<LEGACY_LOCAL_PROJECT_ROOT>\\stages\\stageA\\CVC5-ALETHE-SHAREMAP\\resume3\\toolchain\\rustup-home\\toolchains
\\1.72.0-x86_64-pc-windows-gnu\\lib\\rustlib\\x86_64-pc-windows-gnu\\lib\\rsend.o"
  = note: clang: warning: argument unused during compilation: '-no-pie' [-Wunused-command-line-argument]
          lld: error: unable to find library -lgcc_eh
          lld: error: unable to find library -lgcc
          clang: error: linker command failed with exit code 1 (use -v to see invocation)
          

error: could not compile `crossbeam-utils` (build script) due to previous error
error: linking with `<LEGACY_LOCAL_PROJECT_ROOT>\stages\stageA\CVC5-ALETHE-SHAREMAP\resume1\toolchain\msys64\clang64\bin
\clang.exe` failed: exit code: 1
  |
  = note: "<LEGACY_LOCAL_PROJECT_ROOT>\\stages\\stageA\\CVC5-ALETHE-SHAREMAP\\resume1\\toolchain\\msys64\\clang64\\bi
n\\clang.exe" "-fno-use-linker-plugin" "-Wl,--dynamicbase" "-Wl,--disable-auto-image-base" "-m64" "-Wl,--high-entropy-v
a" "<LEGACY_LOCAL_PROJECT_ROOT>\\stages\\stageA\\CVC5-ALETHE-SHAREMAP\\resume3\\toolchain\\rustup-home\\toolchains\\1
.72.0-x86_64-pc-windows-gnu\\lib\\rustlib\\x86_64-pc-windows-gnu\\lib\\rsbegin.o" "<LEGACY_LOCAL_PROJECT_ROOT>\\stage
s\\stageA\\CVC5-ALETHE-SHAREMAP\\resume3\\build\\tmp\\rustckN8YYI\\symbols.o" "<LEGACY_LOCAL_PROJECT_ROOT>\\stages\\s
tageA\\CVC5-ALETHE-SHAREMAP\\resume3\\build\\carcara-target-build2\\release\\build\\rug-79b55e1b5c32c23a\\build_script_
build-79b55e1b5c32c23a.build_script_build.bcde5995d3319357-cgu.0.rcgu.o" "<LEGACY_LOCAL_PROJECT_ROOT>\\stages\\stageA
\\CVC5-ALETHE-SHAREMAP\\resume3\\build\\carcara-target-build2\\release\\build\\rug-79b55e1b5c32c23a\\build_script_build
-79b55e1b5c32c23a.3gqtfde70gsacb41.rcgu.o" "-L" "<LEGACY_LOCAL_PROJECT_ROOT>\\stages\\stageA\\CVC5-ALETHE-SHAREMAP\\r
esume3\\build\\carcara-target-build2\\release\\deps" "-L" "<LEGACY_LOCAL_PROJECT_ROOT>\\stages\\stageA\\CVC5-ALETHE-S
HAREMAP\\resume3\\toolchain\\rustup-home\\toolchains\\1.72.0-x86_64-pc-windows-gnu\\lib\\rustlib\\x86_64-pc-windows-gnu
\\lib" "-Wl,-Bstatic" "<LEGACY_LOCAL_PROJECT_ROOT>\\stages\\stageA\\CVC5-ALETHE-SHAREMAP\\resume3\\toolchain\\rustup-
home\\toolchains\\1.72.0-x86_64-pc-windows-gnu\\lib\\rustlib\\x86_64-pc-windows-gnu\\lib\\libstd-274cab44dc4a644c.rlib"
 "<LEGACY_LOCAL_PROJECT_ROOT>\\stages\\stageA\\CVC5-ALETHE-SHAREMAP\\resume3\\toolchain\\rustup-home\\toolchains\\1.7
2.0-x86_64-pc-windows-gnu\\lib\\rustlib\\x86_64-pc-windows-gnu\\lib\\libpanic_unwind-0f177752b9ca8e95.rlib" "D:\\projec
t\\writing\\reserch\\stages\\stageA\\CVC5-ALETHE-SHAREMAP\\resume3\\toolchain\\rustup-home\\toolchains\\1.72.0-x86_64-p
c-windows-gnu\\lib\\rustlib\\x86_64-pc-windows-gnu\\lib\\libobject-06bb167660b3da76.rlib" "D:\\project\\writing\\reserc
h\\stages\\stageA\\CVC5-ALETHE-SHAREMAP\\resume3\\toolchain\\rustup-home\\toolchains\\1.72.0-x86_64-pc-windows-gnu\\lib
\\rustlib\\x86_64-pc-windows-gnu\\lib\\libmemchr-8ab6cc09499ecf5b.rlib" "<LEGACY_LOCAL_PROJECT_ROOT>\\stages\\stageA\
\CVC5-ALETHE-SHAREMAP\\resume3\\toolchain\\rustup-home\\toolchains\\1.72.0-x86_64-pc-windows-gnu\\lib\\rustlib\\x86_64-
pc-windows-gnu\\lib\\libaddr2line-126153ebe55b6775.rlib" "<LEGACY_LOCAL_PROJECT_ROOT>\\stages\\stageA\\CVC5-ALETHE-SH
AREMAP\\resume3\\toolchain\\rustup-home\\toolchains\\1.72.0-x86_64-pc-windows-gnu\\lib\\rustlib\\x86_64-pc-windows-gnu\
\lib\\libgimli-3d08640ec0a90b99.rlib" "<LEGACY_LOCAL_PROJECT_ROOT>\\stages\\stageA\\CVC5-ALETHE-SHAREMAP\\resume3\\to
olchain\\rustup-home\\toolchains\\1.72.0-x86_64-pc-windows-gnu\\lib\\rustlib\\x86_64-pc-windows-gnu\\lib\\librustc_dema
ngle-e211ed0efcaf0dab.rlib" "<LEGACY_LOCAL_PROJECT_ROOT>\\stages\\stageA\\CVC5-ALETHE-SHAREMAP\\resume3\\toolchain\\r
ustup-home\\toolchains\\1.72.0-x86_64-pc-windows-gnu\\lib\\rustlib\\x86_64-pc-windows-gnu\\lib\\libstd_detect-f17f8b04b
9a04cbd.rlib" "<LEGACY_LOCAL_PROJECT_ROOT>\\stages\\stageA\\CVC5-ALETHE-SHAREMAP\\resume3\\toolchain\\rustup-home\\to
olchains\\1.72.0-x86_64-pc-windows-gnu\\lib\\rustlib\\x86_64-pc-windows-gnu\\lib\\libhashbrown-dc505c5f7a08eb2f.rlib" "
<LEGACY_LOCAL_PROJECT_ROOT>\\stages\\stageA\\CVC5-ALETHE-SHAREMAP\\resume3\\toolchain\\rustup-home\\toolchains\\1.72.
0-x86_64-pc-windows-gnu\\lib\\rustlib\\x86_64-pc-windows-gnu\\lib\\librustc_std_workspace_alloc-29139547fec356ea.rlib" 
"<LEGACY_LOCAL_PROJECT_ROOT>\\stages\\stageA\\CVC5-ALETHE-SHAREMAP\\resume3\\toolchain\\rustup-home\\toolchains\\1.72
.0-x86_64-pc-windows-gnu\\lib\\rustlib\\x86_64-pc-windows-gnu\\lib\\libminiz_oxide-cab94e250dc1e17d.rlib" "D:\\project\
\writing\\reserch\\stages\\stageA\\CVC5-ALETHE-SHAREMAP\\resume3\\toolchain\\rustup-home\\toolchains\\1.72.0-x86_64-pc-
windows-gnu\\lib\\rustlib\\x86_64-pc-windows-gnu\\lib\\libadler-e6226bb3d40532fc.rlib" "<LEGACY_LOCAL_PROJECT_ROOT>\\
stages\\stageA\\CVC5-ALETHE-SHAREMAP\\resume3\\toolchain\\rustup-home\\toolchains\\1.72.0-x86_64-pc-windows-gnu\\lib\\r
ustlib\\x86_64-pc-windows-gnu\\lib\\libunwind-bc036f0a729eca3e.rlib" "<LEGACY_LOCAL_PROJECT_ROOT>\\stages\\stageA\\CV
C5-ALETHE-SHAREMAP\\resume3\\toolchain\\rustup-home\\toolchains\\1.72.0-x86_64-pc-windows-gnu\\lib\\rustlib\\x86_64-pc-
windows-gnu\\lib\\libcfg_if-b7a734954c1f5dcb.rlib" "<LEGACY_LOCAL_PROJECT_ROOT>\\stages\\stageA\\CVC5-ALETHE-SHAREMAP
\\resume3\\toolchain\\rustup-home\\toolchains\\1.72.0-x86_64-pc-windows-gnu\\lib\\rustlib\\x86_64-pc-windows-gnu\\lib\\
liblibc-a254eeb9e90dc361.rlib" "<LEGACY_LOCAL_PROJECT_ROOT>\\stages\\stageA\\CVC5-ALETHE-SHAREMAP\\resume3\\toolchain
\\rustup-home\\toolchains\\1.72.0-x86_64-pc-windows-gnu\\lib\\rustlib\\x86_64-pc-windows-gnu\\lib\\liballoc-b6fb9ac972c
98305.rlib" "<LEGACY_LOCAL_PROJECT_ROOT>\\stages\\stageA\\CVC5-ALETHE-SHAREMAP\\resume3\\toolchain\\rustup-home\\tool
chains\\1.72.0-x86_64-pc-windows-gnu\\lib\\rustlib\\x86_64-pc-windows-gnu\\lib\\librustc_std_workspace_core-6db27a6ad3c
9479a.rlib" "<LEGACY_LOCAL_PROJECT_ROOT>\\stages\\stageA\\CVC5-ALETHE-SHAREMAP\\resume3\\toolchain\\rustup-home\\tool
chains\\1.72.0-x86_64-pc-windows-gnu\\lib\\rustlib\\x86_64-pc-windows-gnu\\lib\\libcore-6fcad14090edadfc.rlib" "D:\\pro
ject\\writing\\reserch\\stages\\stageA\\CVC5-ALETHE-SHAREMAP\\resume3\\toolchain\\rustup-home\\toolchains\\1.72.0-x86_6
4-pc-windows-gnu\\lib\\rustlib\\x86_64-pc-windows-gnu\\lib\\libcompiler_builtins-625af2eb18940f92.rlib" "-Wl,-Bdynamic"
 "-lkernel32" "-ladvapi32" "-lbcrypt" "-lkernel32" "-lntdll" "-luserenv" "-lws2_32" "-lkernel32" "-lws2_32" "-lkernel32
" "-lgcc_eh" "-l:libpthread.a" "-lmsvcrt" "-lmingwex" "-lmingw32" "-lgcc" "-lmsvcrt" "-luser32" "-lkernel32" "-Wl,--nxc
ompat" "-L" "<LEGACY_LOCAL_PROJECT_ROOT>\\stages\\stageA\\CVC5-ALETHE-SHAREMAP\\resume3\\toolchain\\rustup-home\\tool
chains\\1.72.0-x86_64-pc-windows-gnu\\lib\\rustlib\\x86_64-pc-windows-gnu\\lib" "-o" "<LEGACY_LOCAL_PROJECT_ROOT>\\st
ages\\stageA\\CVC5-ALETHE-SHAREMAP\\resume3\\build\\carcara-target-build2\\release\\build\\rug-79b55e1b5c32c23a\\build_
script_build-79b55e1b5c32c23a.exe" "-Wl,--gc-sections" "-no-pie" "-nodefaultlibs" "<LEGACY_LOCAL_PROJECT_ROOT>\\stage
s\\stageA\\CVC5-ALETHE-SHAREMAP\\resume3\\toolchain\\rustup-home\\toolchains\\1.72.0-x86_64-pc-windows-gnu\\lib\\rustli
b\\x86_64-pc-windows-gnu\\lib\\rsend.o"
  = note: clang: warning: argument unused during compilation: '-no-pie' [-Wunused-command-line-argument]
          lld: error: unable to find library -lgcc_eh
          lld: error: unable to find library -lgcc
          clang: error: linker command failed with exit code 1 (use -v to see invocation)
          

error: linking with `<LEGACY_LOCAL_PROJECT_ROOT>\stages\stageA\CVC5-ALETHE-SHAREMAP\resume1\toolchain\msys64\clang64\bin
\clang.exe` failed: exit code: 1
  |
  = note: "<LEGACY_LOCAL_PROJECT_ROOT>\\stages\\stageA\\CVC5-ALETHE-SHAREMAP\\resume1\\toolchain\\msys64\\clang64\\bi
n\\clang.exe" "-fno-use-linker-plugin" "-Wl,--dynamicbase" "-Wl,--disable-auto-image-base" "-m64" "-Wl,--high-entropy-v
a" "<LEGACY_LOCAL_PROJECT_ROOT>\\stages\\stageA\\CVC5-ALETHE-SHAREMAP\\resume3\\toolchain\\rustup-home\\toolchains\\1
.72.0-x86_64-pc-windows-gnu\\lib\\rustlib\\x86_64-pc-windows-gnu\\lib\\rsbegin.o" "<LEGACY_LOCAL_PROJECT_ROOT>\\stage
s\\stageA\\CVC5-ALETHE-SHAREMAP\\resume3\\build\\tmp\\rustc0QwFxu\\symbols.o" "<LEGACY_LOCAL_PROJECT_ROOT>\\stages\\s
tageA\\CVC5-ALETHE-SHAREMAP\\resume3\\build\\carcara-target-build2\\release\\build\\syn-dca1b193a8b717d0\\build_script_
build-dca1b193a8b717d0.build_script_build.a5488e121205296a-cgu.0.rcgu.o" "<LEGACY_LOCAL_PROJECT_ROOT>\\stages\\stageA
\\CVC5-ALETHE-SHAREMAP\\resume3\\build\\carcara-target-build2\\release\\build\\syn-dca1b193a8b717d0\\build_script_build
-dca1b193a8b717d0.build_script_build.a5488e121205296a-cgu.1.rcgu.o" "<LEGACY_LOCAL_PROJECT_ROOT>\\stages\\stageA\\CVC
5-ALETHE-SHAREMAP\\resume3\\build\\carcara-target-build2\\release\\build\\syn-dca1b193a8b717d0\\build_script_build-dca1
b193a8b717d0.build_script_build.a5488e121205296a-cgu.2.rcgu.o" "<LEGACY_LOCAL_PROJECT_ROOT>\\stages\\stageA\\CVC5-ALE
THE-SHAREMAP\\resume3\\build\\carcara-target-build2\\release\\build\\syn-dca1b193a8b717d0\\build_script_build-dca1b193a
8b717d0.4hyurhsd55m16dco.rcgu.o" "-L" "<LEGACY_LOCAL_PROJECT_ROOT>\\stages\\stageA\\CVC5-ALETHE-SHAREMAP\\resume3\\bu
ild\\carcara-target-build2\\release\\deps" "-L" "<LEGACY_LOCAL_PROJECT_ROOT>\\stages\\stageA\\CVC5-ALETHE-SHAREMAP\\r
esume3\\toolchain\\rustup-home\\toolchains\\1.72.0-x86_64-pc-windows-gnu\\lib\\rustlib\\x86_64-pc-windows-gnu\\lib" "-W
l,-Bstatic" "<LEGACY_LOCAL_PROJECT_ROOT>\\stages\\stageA\\CVC5-ALETHE-SHAREMAP\\resume3\\toolchain\\rustup-home\\tool
chains\\1.72.0-x86_64-pc-windows-gnu\\lib\\rustlib\\x86_64-pc-windows-gnu\\lib\\libstd-274cab44dc4a644c.rlib" "D:\\proj
ect\\writing\\reserch\\stages\\stageA\\CVC5-ALETHE-SHAREMAP\\resume3\\toolchain\\rustup-home\\toolchains\\1.72.0-x86_64
-pc-windows-gnu\\lib\\rustlib\\x86_64-pc-windows-gnu\\lib\\libpanic_unwind-0f177752b9ca8e95.rlib" "D:\\project\\writing
\\reserch\\stages\\stageA\\CVC5-ALETHE-SHAREMAP\\resume3\\toolchain\\rustup-home\\toolchains\\1.72.0-x86_64-pc-windows-
gnu\\lib\\rustlib\\x86_64-pc-windows-gnu\\lib\\libobject-06bb167660b3da76.rlib" "<LEGACY_LOCAL_PROJECT_ROOT>\\stages\
\stageA\\CVC5-ALETHE-SHAREMAP\\resume3\\toolchain\\rustup-home\\toolchains\\1.72.0-x86_64-pc-windows-gnu\\lib\\rustlib\
\x86_64-pc-windows-gnu\\lib\\libmemchr-8ab6cc09499ecf5b.rlib" "<LEGACY_LOCAL_PROJECT_ROOT>\\stages\\stageA\\CVC5-ALET
HE-SHAREMAP\\resume3\\toolchain\\rustup-home\\toolchains\\1.72.0-x86_64-pc-windows-gnu\\lib\\rustlib\\x86_64-pc-windows
-gnu\\lib\\libaddr2line-126153ebe55b6775.rlib" "<LEGACY_LOCAL_PROJECT_ROOT>\\stages\\stageA\\CVC5-ALETHE-SHAREMAP\\re
sume3\\toolchain\\rustup-home\\toolchains\\1.72.0-x86_64-pc-windows-gnu\\lib\\rustlib\\x86_64-pc-windows-gnu\\lib\\libg
imli-3d08640ec0a90b99.rlib" "<LEGACY_LOCAL_PROJECT_ROOT>\\stages\\stageA\\CVC5-ALETHE-SHAREMAP\\resume3\\toolchain\\r
ustup-home\\toolchains\\1.72.0-x86_64-pc-windows-gnu\\lib\\rustlib\\x86_64-pc-windows-gnu\\lib\\librustc_demangle-e211e
d0efcaf0dab.rlib" "<LEGACY_LOCAL_PROJECT_ROOT>\\stages\\stageA\\CVC5-ALETHE-SHAREMAP\\resume3\\toolchain\\rustup-home
\\toolchains\\1.72.0-x86_64-pc-windows-gnu\\lib\\rustlib\\x86_64-pc-windows-gnu\\lib\\libstd_detect-f17f8b04b9a04cbd.rl
ib" "<LEGACY_LOCAL_PROJECT_ROOT>\\stages\\stageA\\CVC5-ALETHE-SHAREMAP\\resume3\\toolchain\\rustup-home\\toolchains\\
1.72.0-x86_64-pc-windows-gnu\\lib\\rustlib\\x86_64-pc-windows-gnu\\lib\\libhashbrown-dc505c5f7a08eb2f.rlib" "D:\\projec
t\\writing\\reserch\\stages\\stageA\\CVC5-ALETHE-SHAREMAP\\resume3\\toolchain\\rustup-home\\toolchains\\1.72.0-x86_64-p
c-windows-gnu\\lib\\rustlib\\x86_64-pc-windows-gnu\\lib\\librustc_std_workspace_alloc-29139547fec356ea.rlib" "D:\\proje
ct\\writing\\reserch\\stages\\stageA\\CVC5-ALETHE-SHAREMAP\\resume3\\toolchain\\rustup-home\\toolchains\\1.72.0-x86_64-
pc-windows-gnu\\lib\\rustlib\\x86_64-pc-windows-gnu\\lib\\libminiz_oxide-cab94e250dc1e17d.rlib" "D:\\project\\writing\\
reserch\\stages\\stageA\\CVC5-ALETHE-SHAREMAP\\resume3\\toolchain\\rustup-home\\toolchains\\1.72.0-x86_64-pc-windows-gn
u\\lib\\rustlib\\x86_64-pc-windows-gnu\\lib\\libadler-e6226bb3d40532fc.rlib" "<LEGACY_LOCAL_PROJECT_ROOT>\\stages\\st
ageA\\CVC5-ALETHE-SHAREMAP\\resume3\\toolchain\\rustup-home\\toolchains\\1.72.0-x86_64-pc-windows-gnu\\lib\\rustlib\\x8
6_64-pc-windows-gnu\\lib\\libunwind-bc036f0a729eca3e.rlib" "<LEGACY_LOCAL_PROJECT_ROOT>\\stages\\stageA\\CVC5-ALETHE-
SHAREMAP\\resume3\\toolchain\\rustup-home\\toolchains\\1.72.0-x86_64-pc-windows-gnu\\lib\\rustlib\\x86_64-pc-windows-gn
u\\lib\\libcfg_if-b7a734954c1f5dcb.rlib" "<LEGACY_LOCAL_PROJECT_ROOT>\\stages\\stageA\\CVC5-ALETHE-SHAREMAP\\resume3\
\toolchain\\rustup-home\\toolchains\\1.72.0-x86_64-pc-windows-gnu\\lib\\rustlib\\x86_64-pc-windows-gnu\\lib\\liblibc-a2
54eeb9e90dc361.rlib" "<LEGACY_LOCAL_PROJECT_ROOT>\\stages\\stageA\\CVC5-ALETHE-SHAREMAP\\resume3\\toolchain\\rustup-h
ome\\toolchains\\1.72.0-x86_64-pc-windows-gnu\\lib\\rustlib\\x86_64-pc-windows-gnu\\lib\\liballoc-b6fb9ac972c98305.rlib
" "<LEGACY_LOCAL_PROJECT_ROOT>\\stages\\stageA\\CVC5-ALETHE-SHAREMAP\\resume3\\toolchain\\rustup-home\\toolchains\\1.
72.0-x86_64-pc-windows-gnu\\lib\\rustlib\\x86_64-pc-windows-gnu\\lib\\librustc_std_workspace_core-6db27a6ad3c9479a.rlib
" "<LEGACY_LOCAL_PROJECT_ROOT>\\stages\\stageA\\CVC5-ALETHE-SHAREMAP\\resume3\\toolchain\\rustup-home\\toolchains\\1.
72.0-x86_64-pc-windows-gnu\\lib\\rustlib\\x86_64-pc-windows-gnu\\lib\\libcore-6fcad14090edadfc.rlib" "D:\\project\\writ
ing\\reserch\\stages\\stageA\\CVC5-ALETHE-SHAREMAP\\resume3\\toolchain\\rustup-home\\toolchains\\1.72.0-x86_64-pc-windo
ws-gnu\\lib\\rustlib\\x86_64-pc-windows-gnu\\lib\\libcompiler_builtins-625af2eb18940f92.rlib" "-Wl,-Bdynamic" "-lkernel
32" "-ladvapi32" "-lbcrypt" "-lkernel32" "-lntdll" "-luserenv" "-lws2_32" "-lkernel32" "-lws2_32" "-lkernel32" "-lgcc_e
h" "-l:libpthread.a" "-lmsvcrt" "-lmingwex" "-lmingw32" "-lgcc" "-lmsvcrt" "-luser32" "-lkernel32" "-Wl,--nxcompat" "-L
" "<LEGACY_LOCAL_PROJECT_ROOT>\\stages\\stageA\\CVC5-ALETHE-SHAREMAP\\resume3\\toolchain\\rustup-home\\toolchains\\1.
72.0-x86_64-pc-windows-gnu\\lib\\rustlib\\x86_64-pc-windows-gnu\\lib" "-o" "<LEGACY_LOCAL_PROJECT_ROOT>\\stages\\stag
eA\\CVC5-ALETHE-SHAREMAP\\resume3\\build\\carcara-target-build2\\release\\build\\syn-dca1b193a8b717d0\\build_script_bui
ld-dca1b193a8b717d0.exe" "-Wl,--gc-sections" "-no-pie" "-nodefaultlibs" "<LEGACY_LOCAL_PROJECT_ROOT>\\stages\\stageA\
\CVC5-ALETHE-SHAREMAP\\resume3\\toolchain\\rustup-home\\toolchains\\1.72.0-x86_64-pc-windows-gnu\\lib\\rustlib\\x86_64-
pc-windows-gnu\\lib\\rsend.o"
  = note: clang: warning: argument unused during compilation: '-no-pie' [-Wunused-command-line-argument]
          lld: error: unable to find library -lgcc_eh
          lld: error: unable to find library -lgcc
          clang: error: linker command failed with exit code 1 (use -v to see invocation)
          

error: linking with `<LEGACY_LOCAL_PROJECT_ROOT>\stages\stageA\CVC5-ALETHE-SHAREMAP\resume1\toolchain\msys64\clang64\bin
\clang.exe` failed: exit code: 1
  |
  = note: "<LEGACY_LOCAL_PROJECT_ROOT>\\stages\\stageA\\CVC5-ALETHE-SHAREMAP\\resume1\\toolchain\\msys64\\clang64\\bi
n\\clang.exe" "-fno-use-linker-plugin" "-Wl,--dynamicbase" "-Wl,--disable-auto-image-base" "-m64" "-Wl,--high-entropy-v
a" "<LEGACY_LOCAL_PROJECT_ROOT>\\stages\\stageA\\CVC5-ALETHE-SHAREMAP\\resume3\\toolchain\\rustup-home\\toolchains\\1
.72.0-x86_64-pc-windows-gnu\\lib\\rustlib\\x86_64-pc-windows-gnu\\lib\\rsbegin.o" "<LEGACY_LOCAL_PROJECT_ROOT>\\stage
s\\stageA\\CVC5-ALETHE-SHAREMAP\\resume3\\build\\tmp\\rustcS9t11O\\symbols.o" "<LEGACY_LOCAL_PROJECT_ROOT>\\stages\\s
tageA\\CVC5-ALETHE-SHAREMAP\\resume3\\build\\carcara-target-build2\\release\\build\\winapi-e61c64418fc41136\\build_scri
pt_build-e61c64418fc41136.build_script_build.13dc6eb346d27ef2-cgu.0.rcgu.o" "<LEGACY_LOCAL_PROJECT_ROOT>\\stages\\sta
geA\\CVC5-ALETHE-SHAREMAP\\resume3\\build\\carcara-target-build2\\release\\build\\winapi-e61c64418fc41136\\build_script
_build-e61c64418fc41136.build_script_build.13dc6eb346d27ef2-cgu.1.rcgu.o" "<LEGACY_LOCAL_PROJECT_ROOT>\\stages\\stage
A\\CVC5-ALETHE-SHAREMAP\\resume3\\build\\carcara-target-build2\\release\\build\\winapi-e61c64418fc41136\\build_script_b
uild-e61c64418fc41136.build_script_build.13dc6eb346d27ef2-cgu.2.rcgu.o" "<LEGACY_LOCAL_PROJECT_ROOT>\\stages\\stageA\
\CVC5-ALETHE-SHAREMAP\\resume3\\build\\carcara-target-build2\\release\\build\\winapi-e61c64418fc41136\\build_script_bui
ld-e61c64418fc41136.build_script_build.13dc6eb346d27ef2-cgu.3.rcgu.o" "<LEGACY_LOCAL_PROJECT_ROOT>\\stages\\stageA\\C
VC5-ALETHE-SHAREMAP\\resume3\\build\\carcara-target-build2\\release\\build\\winapi-e61c64418fc41136\\build_script_build
-e61c64418fc41136.build_script_build.13dc6eb346d27ef2-cgu.4.rcgu.o" "<LEGACY_LOCAL_PROJECT_ROOT>\\stages\\stageA\\CVC
5-ALETHE-SHAREMAP\\resume3\\build\\carcara-target-build2\\release\\build\\winapi-e61c64418fc41136\\build_script_build-e
61c64418fc41136.build_script_build.13dc6eb346d27ef2-cgu.5.rcgu.o" "<LEGACY_LOCAL_PROJECT_ROOT>\\stages\\stageA\\CVC5-
ALETHE-SHAREMAP\\resume3\\build\\carcara-target-build2\\release\\build\\winapi-e61c64418fc41136\\build_script_build-e61
c64418fc41136.dilotqxde1xkj9t.rcgu.o" "-L" "<LEGACY_LOCAL_PROJECT_ROOT>\\stages\\stageA\\CVC5-ALETHE-SHAREMAP\\resume
3\\build\\carcara-target-build2\\release\\deps" "-L" "<LEGACY_LOCAL_PROJECT_ROOT>\\stages\\stageA\\CVC5-ALETHE-SHAREM
AP\\resume3\\toolchain\\rustup-home\\toolchains\\1.72.0-x86_64-pc-windows-gnu\\lib\\rustlib\\x86_64-pc-windows-gnu\\lib
" "-Wl,-Bstatic" "<LEGACY_LOCAL_PROJECT_ROOT>\\stages\\stageA\\CVC5-ALETHE-SHAREMAP\\resume3\\toolchain\\rustup-home\
\toolchains\\1.72.0-x86_64-pc-windows-gnu\\lib\\rustlib\\x86_64-pc-windows-gnu\\lib\\libstd-274cab44dc4a644c.rlib" "D:\
\project\\writing\\reserch\\stages\\stageA\\CVC5-ALETHE-SHAREMAP\\resume3\\toolchain\\rustup-home\\toolchains\\1.72.0-x
86_64-pc-windows-gnu\\lib\\rustlib\\x86_64-pc-windows-gnu\\lib\\libpanic_unwind-0f177752b9ca8e95.rlib" "D:\\project\\wr
iting\\reserch\\stages\\stageA\\CVC5-ALETHE-SHAREMAP\\resume3\\toolchain\\rustup-home\\toolchains\\1.72.0-x86_64-pc-win
dows-gnu\\lib\\rustlib\\x86_64-pc-windows-gnu\\lib\\libobject-06bb167660b3da76.rlib" "<LEGACY_LOCAL_PROJECT_ROOT>\\st
ages\\stageA\\CVC5-ALETHE-SHAREMAP\\resume3\\toolchain\\rustup-home\\toolchains\\1.72.0-x86_64-pc-windows-gnu\\lib\\rus
tlib\\x86_64-pc-windows-gnu\\lib\\libmemchr-8ab6cc09499ecf5b.rlib" "<LEGACY_LOCAL_PROJECT_ROOT>\\stages\\stageA\\CVC5
-ALETHE-SHAREMAP\\resume3\\toolchain\\rustup-home\\toolchains\\1.72.0-x86_64-pc-windows-gnu\\lib\\rustlib\\x86_64-pc-wi
ndows-gnu\\lib\\libaddr2line-126153ebe55b6775.rlib" "<LEGACY_LOCAL_PROJECT_ROOT>\\stages\\stageA\\CVC5-ALETHE-SHAREMA
P\\resume3\\toolchain\\rustup-home\\toolchains\\1.72.0-x86_64-pc-windows-gnu\\lib\\rustlib\\x86_64-pc-windows-gnu\\lib\
\libgimli-3d08640ec0a90b99.rlib" "<LEGACY_LOCAL_PROJECT_ROOT>\\stages\\stageA\\CVC5-ALETHE-SHAREMAP\\resume3\\toolcha
in\\rustup-home\\toolchains\\1.72.0-x86_64-pc-windows-gnu\\lib\\rustlib\\x86_64-pc-windows-gnu\\lib\\librustc_demangle-
e211ed0efcaf0dab.rlib" "<LEGACY_LOCAL_PROJECT_ROOT>\\stages\\stageA\\CVC5-ALETHE-SHAREMAP\\resume3\\toolchain\\rustup
-home\\toolchains\\1.72.0-x86_64-pc-windows-gnu\\lib\\rustlib\\x86_64-pc-windows-gnu\\lib\\libstd_detect-f17f8b04b9a04c
bd.rlib" "<LEGACY_LOCAL_PROJECT_ROOT>\\stages\\stageA\\CVC5-ALETHE-SHAREMAP\\resume3\\toolchain\\rustup-home\\toolcha
ins\\1.72.0-x86_64-pc-windows-gnu\\lib\\rustlib\\x86_64-pc-windows-gnu\\lib\\libhashbrown-dc505c5f7a08eb2f.rlib" "D:\\p
roject\\writing\\reserch\\stages\\stageA\\CVC5-ALETHE-SHAREMAP\\resume3\\toolchain\\rustup-home\\toolchains\\1.72.0-x86
_64-pc-windows-gnu\\lib\\rustlib\\x86_64-pc-windows-gnu\\lib\\librustc_std_workspace_alloc-29139547fec356ea.rlib" "D:\\
project\\writing\\reserch\\stages\\stageA\\CVC5-ALETHE-SHAREMAP\\resume3\\toolchain\\rustup-home\\toolchains\\1.72.0-x8
6_64-pc-windows-gnu\\lib\\rustlib\\x86_64-pc-windows-gnu\\lib\\libminiz_oxide-cab94e250dc1e17d.rlib" "D:\\project\\writ
ing\\reserch\\stages\\stageA\\CVC5-ALETHE-SHAREMAP\\resume3\\toolchain\\rustup-home\\toolchains\\1.72.0-x86_64-pc-windo
ws-gnu\\lib\\rustlib\\x86_64-pc-windows-gnu\\lib\\libadler-e6226bb3d40532fc.rlib" "<LEGACY_LOCAL_PROJECT_ROOT>\\stage
s\\stageA\\CVC5-ALETHE-SHAREMAP\\resume3\\toolchain\\rustup-home\\toolchains\\1.72.0-x86_64-pc-windows-gnu\\lib\\rustli
b\\x86_64-pc-windows-gnu\\lib\\libunwind-bc036f0a729eca3e.rlib" "<LEGACY_LOCAL_PROJECT_ROOT>\\stages\\stageA\\CVC5-AL
ETHE-SHAREMAP\\resume3\\toolchain\\rustup-home\\toolchains\\1.72.0-x86_64-pc-windows-gnu\\lib\\rustlib\\x86_64-pc-windo
ws-gnu\\lib\\libcfg_if-b7a734954c1f5dcb.rlib" "<LEGACY_LOCAL_PROJECT_ROOT>\\stages\\stageA\\CVC5-ALETHE-SHAREMAP\\res
ume3\\toolchain\\rustup-home\\toolchains\\1.72.0-x86_64-pc-windows-gnu\\lib\\rustlib\\x86_64-pc-windows-gnu\\lib\\libli
bc-a254eeb9e90dc361.rlib" "<LEGACY_LOCAL_PROJECT_ROOT>\\stages\\stageA\\CVC5-ALETHE-SHAREMAP\\resume3\\toolchain\\rus
tup-home\\toolchains\\1.72.0-x86_64-pc-windows-gnu\\lib\\rustlib\\x86_64-pc-windows-gnu\\lib\\liballoc-b6fb9ac972c98305
.rlib" "<LEGACY_LOCAL_PROJECT_ROOT>\\stages\\stageA\\CVC5-ALETHE-SHAREMAP\\resume3\\toolchain\\rustup-home\\toolchain
s\\1.72.0-x86_64-pc-windows-gnu\\lib\\rustlib\\x86_64-pc-windows-gnu\\lib\\librustc_std_workspace_core-6db27a6ad3c9479a
.rlib" "<LEGACY_LOCAL_PROJECT_ROOT>\\stages\\stageA\\CVC5-ALETHE-SHAREMAP\\resume3\\toolchain\\rustup-home\\toolchain
s\\1.72.0-x86_64-pc-windows-gnu\\lib\\rustlib\\x86_64-pc-windows-gnu\\lib\\libcore-6fcad14090edadfc.rlib" "D:\\project\
\writing\\reserch\\stages\\stageA\\CVC5-ALETHE-SHAREMAP\\resume3\\toolchain\\rustup-home\\toolchains\\1.72.0-x86_64-pc-
windows-gnu\\lib\\rustlib\\x86_64-pc-windows-gnu\\lib\\libcompiler_builtins-625af2eb18940f92.rlib" "-Wl,-Bdynamic" "-lk
ernel32" "-ladvapi32" "-lbcrypt" "-lkernel32" "-lntdll" "-luserenv" "-lws2_32" "-lkernel32" "-lws2_32" "-lkernel32" "-l
gcc_eh" "-l:libpthread.a" "-lmsvcrt" "-lmingwex" "-lmingw32" "-lgcc" "-lmsvcrt" "-luser32" "-lkernel32" "-Wl,--nxcompat
" "-L" "<LEGACY_LOCAL_PROJECT_ROOT>\\stages\\stageA\\CVC5-ALETHE-SHAREMAP\\resume3\\toolchain\\rustup-home\\toolchain
s\\1.72.0-x86_64-pc-windows-gnu\\lib\\rustlib\\x86_64-pc-windows-gnu\\lib" "-o" "<LEGACY_LOCAL_PROJECT_ROOT>\\stages\
\stageA\\CVC5-ALETHE-SHAREMAP\\resume3\\build\\carcara-target-build2\\release\\build\\winapi-e61c64418fc41136\\build_sc
ript_build-e61c64418fc41136.exe" "-Wl,--gc-sections" "-no-pie" "-nodefaultlibs" "<LEGACY_LOCAL_PROJECT_ROOT>\\stages\
\stageA\\CVC5-ALETHE-SHAREMAP\\resume3\\toolchain\\rustup-home\\toolchains\\1.72.0-x86_64-pc-windows-gnu\\lib\\rustlib\
\x86_64-pc-windows-gnu\\lib\\rsend.o"
  = note: clang: warning: argument unused during compilation: '-no-pie' [-Wunused-command-line-argument]
          lld: error: unable to find library -lgcc_eh
          lld: error: unable to find library -lgcc
          clang: error: linker command failed with exit code 1 (use -v to see invocation)
          

error: linking with `<LEGACY_LOCAL_PROJECT_ROOT>\stages\stageA\CVC5-ALETHE-SHAREMAP\resume1\toolchain\msys64\clang64\bin
\clang.exe` failed: exit code: 1
  |
  = note: "<LEGACY_LOCAL_PROJECT_ROOT>\\stages\\stageA\\CVC5-ALETHE-SHAREMAP\\resume1\\toolchain\\msys64\\clang64\\bi
n\\clang.exe" "-fno-use-linker-plugin" "-Wl,--dynamicbase" "-Wl,--disable-auto-image-base" "-m64" "-Wl,--high-entropy-v
a" "<LEGACY_LOCAL_PROJECT_ROOT>\\stages\\stageA\\CVC5-ALETHE-SHAREMAP\\resume3\\toolchain\\rustup-home\\toolchains\\1
.72.0-x86_64-pc-windows-gnu\\lib\\rustlib\\x86_64-pc-windows-gnu\\lib\\rsbegin.o" "<LEGACY_LOCAL_PROJECT_ROOT>\\stage
s\\stageA\\CVC5-ALETHE-SHAREMAP\\resume3\\build\\tmp\\rustczYmULV\\symbols.o" "<LEGACY_LOCAL_PROJECT_ROOT>\\stages\\s
tageA\\CVC5-ALETHE-SHAREMAP\\resume3\\build\\carcara-target-build2\\release\\build\\windows_x86_64_gnu-aea633d650d0483a
\\build_script_build-aea633d650d0483a.build_script_build.2c4e55077b6e0ff2-cgu.0.rcgu.o" "<LEGACY_LOCAL_PROJECT_ROOT>\
\stages\\stageA\\CVC5-ALETHE-SHAREMAP\\resume3\\build\\carcara-target-build2\\release\\build\\windows_x86_64_gnu-aea633
d650d0483a\\build_script_build-aea633d650d0483a.5c9q615jsm5mmmzg.rcgu.o" "-L" "<LEGACY_LOCAL_PROJECT_ROOT>\\stages\\s
tageA\\CVC5-ALETHE-SHAREMAP\\resume3\\build\\carcara-target-build2\\release\\deps" "-L" "<LEGACY_LOCAL_PROJECT_ROOT>\
\stages\\stageA\\CVC5-ALETHE-SHAREMAP\\resume3\\toolchain\\rustup-home\\toolchains\\1.72.0-x86_64-pc-windows-gnu\\lib\\
rustlib\\x86_64-pc-windows-gnu\\lib" "-Wl,-Bstatic" "<LEGACY_LOCAL_PROJECT_ROOT>\\stages\\stageA\\CVC5-ALETHE-SHAREMA
P\\resume3\\toolchain\\rustup-home\\toolchains\\1.72.0-x86_64-pc-windows-gnu\\lib\\rustlib\\x86_64-pc-windows-gnu\\lib\
\libstd-274cab44dc4a644c.rlib" "<LEGACY_LOCAL_PROJECT_ROOT>\\stages\\stageA\\CVC5-ALETHE-SHAREMAP\\resume3\\toolchain
\\rustup-home\\toolchains\\1.72.0-x86_64-pc-windows-gnu\\lib\\rustlib\\x86_64-pc-windows-gnu\\lib\\libpanic_unwind-0f17
7752b9ca8e95.rlib" "<LEGACY_LOCAL_PROJECT_ROOT>\\stages\\stageA\\CVC5-ALETHE-SHAREMAP\\resume3\\toolchain\\rustup-hom
e\\toolchains\\1.72.0-x86_64-pc-windows-gnu\\lib\\rustlib\\x86_64-pc-windows-gnu\\lib\\libobject-06bb167660b3da76.rlib"
 "<LEGACY_LOCAL_PROJECT_ROOT>\\stages\\stageA\\CVC5-ALETHE-SHAREMAP\\resume3\\toolchain\\rustup-home\\toolchains\\1.7
2.0-x86_64-pc-windows-gnu\\lib\\rustlib\\x86_64-pc-windows-gnu\\lib\\libmemchr-8ab6cc09499ecf5b.rlib" "D:\\project\\wri
ting\\reserch\\stages\\stageA\\CVC5-ALETHE-SHAREMAP\\resume3\\toolchain\\rustup-home\\toolchains\\1.72.0-x86_64-pc-wind
ows-gnu\\lib\\rustlib\\x86_64-pc-windows-gnu\\lib\\libaddr2line-126153ebe55b6775.rlib" "<LEGACY_LOCAL_PROJECT_ROOT>\\
stages\\stageA\\CVC5-ALETHE-SHAREMAP\\resume3\\toolchain\\rustup-home\\toolchains\\1.72.0-x86_64-pc-windows-gnu\\lib\\r
ustlib\\x86_64-pc-windows-gnu\\lib\\libgimli-3d08640ec0a90b99.rlib" "<LEGACY_LOCAL_PROJECT_ROOT>\\stages\\stageA\\CVC
5-ALETHE-SHAREMAP\\resume3\\toolchain\\rustup-home\\toolchains\\1.72.0-x86_64-pc-windows-gnu\\lib\\rustlib\\x86_64-pc-w
indows-gnu\\lib\\librustc_demangle-e211ed0efcaf0dab.rlib" "<LEGACY_LOCAL_PROJECT_ROOT>\\stages\\stageA\\CVC5-ALETHE-S
HAREMAP\\resume3\\toolchain\\rustup-home\\toolchains\\1.72.0-x86_64-pc-windows-gnu\\lib\\rustlib\\x86_64-pc-windows-gnu
\\lib\\libstd_detect-f17f8b04b9a04cbd.rlib" "<LEGACY_LOCAL_PROJECT_ROOT>\\stages\\stageA\\CVC5-ALETHE-SHAREMAP\\resum
e3\\toolchain\\rustup-home\\toolchains\\1.72.0-x86_64-pc-windows-gnu\\lib\\rustlib\\x86_64-pc-windows-gnu\\lib\\libhash
brown-dc505c5f7a08eb2f.rlib" "<LEGACY_LOCAL_PROJECT_ROOT>\\stages\\stageA\\CVC5-ALETHE-SHAREMAP\\resume3\\toolchain\\
rustup-home\\toolchains\\1.72.0-x86_64-pc-windows-gnu\\lib\\rustlib\\x86_64-pc-windows-gnu\\lib\\librustc_std_workspace
_alloc-29139547fec356ea.rlib" "<LEGACY_LOCAL_PROJECT_ROOT>\\stages\\stageA\\CVC5-ALETHE-SHAREMAP\\resume3\\toolchain\
\rustup-home\\toolchains\\1.72.0-x86_64-pc-windows-gnu\\lib\\rustlib\\x86_64-pc-windows-gnu\\lib\\libminiz_oxide-cab94e
250dc1e17d.rlib" "<LEGACY_LOCAL_PROJECT_ROOT>\\stages\\stageA\\CVC5-ALETHE-SHAREMAP\\resume3\\toolchain\\rustup-home\
\toolchains\\1.72.0-x86_64-pc-windows-gnu\\lib\\rustlib\\x86_64-pc-windows-gnu\\lib\\libadler-e6226bb3d40532fc.rlib" "D
:\\project\\writing\\reserch\\stages\\stageA\\CVC5-ALETHE-SHAREMAP\\resume3\\toolchain\\rustup-home\\toolchains\\1.72.0
-x86_64-pc-windows-gnu\\lib\\rustlib\\x86_64-pc-windows-gnu\\lib\\libunwind-bc036f0a729eca3e.rlib" "D:\\project\\writin
g\\reserch\\stages\\stageA\\CVC5-ALETHE-SHAREMAP\\resume3\\toolchain\\rustup-home\\toolchains\\1.72.0-x86_64-pc-windows
-gnu\\lib\\rustlib\\x86_64-pc-windows-gnu\\lib\\libcfg_if-b7a734954c1f5dcb.rlib" "<LEGACY_LOCAL_PROJECT_ROOT>\\stages
\\stageA\\CVC5-ALETHE-SHAREMAP\\resume3\\toolchain\\rustup-home\\toolchains\\1.72.0-x86_64-pc-windows-gnu\\lib\\rustlib
\\x86_64-pc-windows-gnu\\lib\\liblibc-a254eeb9e90dc361.rlib" "<LEGACY_LOCAL_PROJECT_ROOT>\\stages\\stageA\\CVC5-ALETH
E-SHAREMAP\\resume3\\toolchain\\rustup-home\\toolchains\\1.72.0-x86_64-pc-windows-gnu\\lib\\rustlib\\x86_64-pc-windows-
gnu\\lib\\liballoc-b6fb9ac972c98305.rlib" "<LEGACY_LOCAL_PROJECT_ROOT>\\stages\\stageA\\CVC5-ALETHE-SHAREMAP\\resume3
\\toolchain\\rustup-home\\toolchains\\1.72.0-x86_64-pc-windows-gnu\\lib\\rustlib\\x86_64-pc-windows-gnu\\lib\\librustc_
std_workspace_core-6db27a6ad3c9479a.rlib" "<LEGACY_LOCAL_PROJECT_ROOT>\\stages\\stageA\\CVC5-ALETHE-SHAREMAP\\resume3
\\toolchain\\rustup-home\\toolchains\\1.72.0-x86_64-pc-windows-gnu\\lib\\rustlib\\x86_64-pc-windows-gnu\\lib\\libcore-6
fcad14090edadfc.rlib" "<LEGACY_LOCAL_PROJECT_ROOT>\\stages\\stageA\\CVC5-ALETHE-SHAREMAP\\resume3\\toolchain\\rustup-
home\\toolchains\\1.72.0-x86_64-pc-windows-gnu\\lib\\rustlib\\x86_64-pc-windows-gnu\\lib\\libcompiler_builtins-625af2eb
18940f92.rlib" "-Wl,-Bdynamic" "-lkernel32" "-ladvapi32" "-lbcrypt" "-lkernel32" "-lntdll" "-luserenv" "-lws2_32" "-lke
rnel32" "-lws2_32" "-lkernel32" "-lgcc_eh" "-l:libpthread.a" "-lmsvcrt" "-lmingwex" "-lmingw32" "-lgcc" "-lmsvcrt" "-lu
ser32" "-lkernel32" "-Wl,--nxcompat" "-L" "<LEGACY_LOCAL_PROJECT_ROOT>\\stages\\stageA\\CVC5-ALETHE-SHAREMAP\\resume3
\\toolchain\\rustup-home\\toolchains\\1.72.0-x86_64-pc-windows-gnu\\lib\\rustlib\\x86_64-pc-windows-gnu\\lib" "-o" "D:\
\project\\writing\\reserch\\stages\\stageA\\CVC5-ALETHE-SHAREMAP\\resume3\\build\\carcara-target-build2\\release\\build
\\windows_x86_64_gnu-aea633d650d0483a\\build_script_build-aea633d650d0483a.exe" "-Wl,--gc-sections" "-no-pie" "-nodefau
ltlibs" "<LEGACY_LOCAL_PROJECT_ROOT>\\stages\\stageA\\CVC5-ALETHE-SHAREMAP\\resume3\\toolchain\\rustup-home\\toolchai
ns\\1.72.0-x86_64-pc-windows-gnu\\lib\\rustlib\\x86_64-pc-windows-gnu\\lib\\rsend.o"
  = note: clang: warning: argument unused during compilation: '-no-pie' [-Wunused-command-line-argument]
          lld: error: unable to find library -lgcc_eh
          lld: error: unable to find library -lgcc
          clang: error: linker command failed with exit code 1 (use -v to see invocation)
          

error: could not compile `proc-macro2` (build script) due to previous error
error: could not compile `az` (build script) due to previous error
error: could not compile `syn` (build script) due to previous error
error: could not compile `rug` (build script) due to previous error
error: linking with `<LEGACY_LOCAL_PROJECT_ROOT>\stages\stageA\CVC5-ALETHE-SHAREMAP\resume1\toolchain\msys64\clang64\bin
\clang.exe` failed: exit code: 1
  |
  = note: "<LEGACY_LOCAL_PROJECT_ROOT>\\stages\\stageA\\CVC5-ALETHE-SHAREMAP\\resume1\\toolchain\\msys64\\clang64\\bi
n\\clang.exe" "-fno-use-linker-plugin" "-Wl,--dynamicbase" "-Wl,--disable-auto-image-base" "-m64" "-Wl,--high-entropy-v
a" "<LEGACY_LOCAL_PROJECT_ROOT>\\stages\\stageA\\CVC5-ALETHE-SHAREMAP\\resume3\\toolchain\\rustup-home\\toolchains\\1
.72.0-x86_64-pc-windows-gnu\\lib\\rustlib\\x86_64-pc-windows-gnu\\lib\\rsbegin.o" "<LEGACY_LOCAL_PROJECT_ROOT>\\stage
s\\stageA\\CVC5-ALETHE-SHAREMAP\\resume3\\build\\tmp\\rustcj7ik9e\\symbols.o" "<LEGACY_LOCAL_PROJECT_ROOT>\\stages\\s
tageA\\CVC5-ALETHE-SHAREMAP\\resume3\\build\\carcara-target-build2\\release\\build\\proc-macro-hack-65425127ecea06ca\\b
uild_script_build-65425127ecea06ca.build_script_build.88bb4eaad8d49d34-cgu.0.rcgu.o" "<LEGACY_LOCAL_PROJECT_ROOT>\\st
ages\\stageA\\CVC5-ALETHE-SHAREMAP\\resume3\\build\\carcara-target-build2\\release\\build\\proc-macro-hack-65425127ecea
06ca\\build_script_build-65425127ecea06ca.22izygxcqruonq2f.rcgu.o" "-L" "<LEGACY_LOCAL_PROJECT_ROOT>\\stages\\stageA\
\CVC5-ALETHE-SHAREMAP\\resume3\\build\\carcara-target-build2\\release\\deps" "-L" "<LEGACY_LOCAL_PROJECT_ROOT>\\stage
s\\stageA\\CVC5-ALETHE-SHAREMAP\\resume3\\toolchain\\rustup-home\\toolchains\\1.72.0-x86_64-pc-windows-gnu\\lib\\rustli
b\\x86_64-pc-windows-gnu\\lib" "-Wl,-Bstatic" "<LEGACY_LOCAL_PROJECT_ROOT>\\stages\\stageA\\CVC5-ALETHE-SHAREMAP\\res
ume3\\toolchain\\rustup-home\\toolchains\\1.72.0-x86_64-pc-windows-gnu\\lib\\rustlib\\x86_64-pc-windows-gnu\\lib\\libst
d-274cab44dc4a644c.rlib" "<LEGACY_LOCAL_PROJECT_ROOT>\\stages\\stageA\\CVC5-ALETHE-SHAREMAP\\resume3\\toolchain\\rust
up-home\\toolchains\\1.72.0-x86_64-pc-windows-gnu\\lib\\rustlib\\x86_64-pc-windows-gnu\\lib\\libpanic_unwind-0f177752b9
ca8e95.rlib" "<LEGACY_LOCAL_PROJECT_ROOT>\\stages\\stageA\\CVC5-ALETHE-SHAREMAP\\resume3\\toolchain\\rustup-home\\too
lchains\\1.72.0-x86_64-pc-windows-gnu\\lib\\rustlib\\x86_64-pc-windows-gnu\\lib\\libobject-06bb167660b3da76.rlib" "D:\\
project\\writing\\reserch\\stages\\stageA\\CVC5-ALETHE-SHAREMAP\\resume3\\toolchain\\rustup-home\\toolchains\\1.72.0-x8
6_64-pc-windows-gnu\\lib\\rustlib\\x86_64-pc-windows-gnu\\lib\\libmemchr-8ab6cc09499ecf5b.rlib" "D:\\project\\writing\\
reserch\\stages\\stageA\\CVC5-ALETHE-SHAREMAP\\resume3\\toolchain\\rustup-home\\toolchains\\1.72.0-x86_64-pc-windows-gn
u\\lib\\rustlib\\x86_64-pc-windows-gnu\\lib\\libaddr2line-126153ebe55b6775.rlib" "<LEGACY_LOCAL_PROJECT_ROOT>\\stages
\\stageA\\CVC5-ALETHE-SHAREMAP\\resume3\\toolchain\\rustup-home\\toolchains\\1.72.0-x86_64-pc-windows-gnu\\lib\\rustlib
\\x86_64-pc-windows-gnu\\lib\\libgimli-3d08640ec0a90b99.rlib" "<LEGACY_LOCAL_PROJECT_ROOT>\\stages\\stageA\\CVC5-ALET
HE-SHAREMAP\\resume3\\toolchain\\rustup-home\\toolchains\\1.72.0-x86_64-pc-windows-gnu\\lib\\rustlib\\x86_64-pc-windows
-gnu\\lib\\librustc_demangle-e211ed0efcaf0dab.rlib" "<LEGACY_LOCAL_PROJECT_ROOT>\\stages\\stageA\\CVC5-ALETHE-SHAREMA
P\\resume3\\toolchain\\rustup-home\\toolchains\\1.72.0-x86_64-pc-windows-gnu\\lib\\rustlib\\x86_64-pc-windows-gnu\\lib\
\libstd_detect-f17f8b04b9a04cbd.rlib" "<LEGACY_LOCAL_PROJECT_ROOT>\\stages\\stageA\\CVC5-ALETHE-SHAREMAP\\resume3\\to
olchain\\rustup-home\\toolchains\\1.72.0-x86_64-pc-windows-gnu\\lib\\rustlib\\x86_64-pc-windows-gnu\\lib\\libhashbrown-
dc505c5f7a08eb2f.rlib" "<LEGACY_LOCAL_PROJECT_ROOT>\\stages\\stageA\\CVC5-ALETHE-SHAREMAP\\resume3\\toolchain\\rustup
-home\\toolchains\\1.72.0-x86_64-pc-windows-gnu\\lib\\rustlib\\x86_64-pc-windows-gnu\\lib\\librustc_std_workspace_alloc
-29139547fec356ea.rlib" "<LEGACY_LOCAL_PROJECT_ROOT>\\stages\\stageA\\CVC5-ALETHE-SHAREMAP\\resume3\\toolchain\\rustu
p-home\\toolchains\\1.72.0-x86_64-pc-windows-gnu\\lib\\rustlib\\x86_64-pc-windows-gnu\\lib\\libminiz_oxide-cab94e250dc1
e17d.rlib" "<LEGACY_LOCAL_PROJECT_ROOT>\\stages\\stageA\\CVC5-ALETHE-SHAREMAP\\resume3\\toolchain\\rustup-home\\toolc
hains\\1.72.0-x86_64-pc-windows-gnu\\lib\\rustlib\\x86_64-pc-windows-gnu\\lib\\libadler-e6226bb3d40532fc.rlib" "D:\\pro
ject\\writing\\reserch\\stages\\stageA\\CVC5-ALETHE-SHAREMAP\\resume3\\toolchain\\rustup-home\\toolchains\\1.72.0-x86_6
4-pc-windows-gnu\\lib\\rustlib\\x86_64-pc-windows-gnu\\lib\\libunwind-bc036f0a729eca3e.rlib" "D:\\project\\writing\\res
erch\\stages\\stageA\\CVC5-ALETHE-SHAREMAP\\resume3\\toolchain\\rustup-home\\toolchains\\1.72.0-x86_64-pc-windows-gnu\\
lib\\rustlib\\x86_64-pc-windows-gnu\\lib\\libcfg_if-b7a734954c1f5dcb.rlib" "<LEGACY_LOCAL_PROJECT_ROOT>\\stages\\stag
eA\\CVC5-ALETHE-SHAREMAP\\resume3\\toolchain\\rustup-home\\toolchains\\1.72.0-x86_64-pc-windows-gnu\\lib\\rustlib\\x86_
64-pc-windows-gnu\\lib\\liblibc-a254eeb9e90dc361.rlib" "<LEGACY_LOCAL_PROJECT_ROOT>\\stages\\stageA\\CVC5-ALETHE-SHAR
EMAP\\resume3\\toolchain\\rustup-home\\toolchains\\1.72.0-x86_64-pc-windows-gnu\\lib\\rustlib\\x86_64-pc-windows-gnu\\l
ib\\liballoc-b6fb9ac972c98305.rlib" "<LEGACY_LOCAL_PROJECT_ROOT>\\stages\\stageA\\CVC5-ALETHE-SHAREMAP\\resume3\\tool
chain\\rustup-home\\toolchains\\1.72.0-x86_64-pc-windows-gnu\\lib\\rustlib\\x86_64-pc-windows-gnu\\lib\\librustc_std_wo
rkspace_core-6db27a6ad3c9479a.rlib" "<LEGACY_LOCAL_PROJECT_ROOT>\\stages\\stageA\\CVC5-ALETHE-SHAREMAP\\resume3\\tool
chain\\rustup-home\\toolchains\\1.72.0-x86_64-pc-windows-gnu\\lib\\rustlib\\x86_64-pc-windows-gnu\\lib\\libcore-6fcad14
090edadfc.rlib" "<LEGACY_LOCAL_PROJECT_ROOT>\\stages\\stageA\\CVC5-ALETHE-SHAREMAP\\resume3\\toolchain\\rustup-home\\
toolchains\\1.72.0-x86_64-pc-windows-gnu\\lib\\rustlib\\x86_64-pc-windows-gnu\\lib\\libcompiler_builtins-625af2eb18940f
92.rlib" "-Wl,-Bdynamic" "-lkernel32" "-ladvapi32" "-lbcrypt" "-lkernel32" "-lntdll" "-luserenv" "-lws2_32" "-lkernel32
" "-lws2_32" "-lkernel32" "-lgcc_eh" "-l:libpthread.a" "-lmsvcrt" "-lmingwex" "-lmingw32" "-lgcc" "-lmsvcrt" "-luser32"
 "-lkernel32" "-Wl,--nxcompat" "-L" "<LEGACY_LOCAL_PROJECT_ROOT>\\stages\\stageA\\CVC5-ALETHE-SHAREMAP\\resume3\\tool
chain\\rustup-home\\toolchains\\1.72.0-x86_64-pc-windows-gnu\\lib\\rustlib\\x86_64-pc-windows-gnu\\lib" "-o" "D:\\proje
ct\\writing\\reserch\\stages\\stageA\\CVC5-ALETHE-SHAREMAP\\resume3\\build\\carcara-target-build2\\release\\build\\proc
-macro-hack-65425127ecea06ca\\build_script_build-65425127ecea06ca.exe" "-Wl,--gc-sections" "-no-pie" "-nodefaultlibs" "
<LEGACY_LOCAL_PROJECT_ROOT>\\stages\\stageA\\CVC5-ALETHE-SHAREMAP\\resume3\\toolchain\\rustup-home\\toolchains\\1.72.
0-x86_64-pc-windows-gnu\\lib\\rustlib\\x86_64-pc-windows-gnu\\lib\\rsend.o"
  = note: clang: warning: argument unused during compilation: '-no-pie' [-Wunused-command-line-argument]
          lld: error: unable to find library -lgcc_eh
          lld: error: unable to find library -lgcc
          clang: error: linker command failed with exit code 1 (use -v to see invocation)
          

error: could not compile `windows_x86_64_gnu` (build script) due to previous error
error: could not compile `winapi` (build script) due to previous error
error: linking with `<LEGACY_LOCAL_PROJECT_ROOT>\stages\stageA\CVC5-ALETHE-SHAREMAP\resume1\toolchain\msys64\clang64\bin
\clang.exe` failed: exit code: 1
  |
  = note: "<LEGACY_LOCAL_PROJECT_ROOT>\\stages\\stageA\\CVC5-ALETHE-SHAREMAP\\resume1\\toolchain\\msys64\\clang64\\bi
n\\clang.exe" "-fno-use-linker-plugin" "-Wl,--dynamicbase" "-Wl,--disable-auto-image-base" "-m64" "-Wl,--high-entropy-v
a" "<LEGACY_LOCAL_PROJECT_ROOT>\\stages\\stageA\\CVC5-ALETHE-SHAREMAP\\resume3\\toolchain\\rustup-home\\toolchains\\1
.72.0-x86_64-pc-windows-gnu\\lib\\rustlib\\x86_64-pc-windows-gnu\\lib\\rsbegin.o" "<LEGACY_LOCAL_PROJECT_ROOT>\\stage
s\\stageA\\CVC5-ALETHE-SHAREMAP\\resume3\\build\\tmp\\rustcNzfMFJ\\symbols.o" "<LEGACY_LOCAL_PROJECT_ROOT>\\stages\\s
tageA\\CVC5-ALETHE-SHAREMAP\\resume3\\build\\carcara-target-build2\\release\\build\\proc-macro-error-attr-65b6ad876abf7
ba4\\build_script_build-65b6ad876abf7ba4.build_script_build.80b9aa5c95e4f27d-cgu.0.rcgu.o" "D:\\project\\writing\\reser
ch\\stages\\stageA\\CVC5-ALETHE-SHAREMAP\\resume3\\build\\carcara-target-build2\\release\\build\\proc-macro-error-attr-
65b6ad876abf7ba4\\build_script_build-65b6ad876abf7ba4.53t1s9j8vqeaxhbw.rcgu.o" "-L" "<LEGACY_LOCAL_PROJECT_ROOT>\\sta
ges\\stageA\\CVC5-ALETHE-SHAREMAP\\resume3\\build\\carcara-target-build2\\release\\deps" "-L" "D:\\project\\writing\\re
serch\\stages\\stageA\\CVC5-ALETHE-SHAREMAP\\resume3\\toolchain\\rustup-home\\toolchains\\1.72.0-x86_64-pc-windows-gnu\
\lib\\rustlib\\x86_64-pc-windows-gnu\\lib" "-Wl,-Bstatic" "<LEGACY_LOCAL_PROJECT_ROOT>\\stages\\stageA\\CVC5-ALETHE-S
HAREMAP\\resume3\\build\\carcara-target-build2\\release\\deps\\libversion_check-3f32ee5f8c2fdc52.rlib" "D:\\project\\wr
iting\\reserch\\stages\\stageA\\CVC5-ALETHE-SHAREMAP\\resume3\\toolchain\\rustup-home\\toolchains\\1.72.0-x86_64-pc-win
dows-gnu\\lib\\rustlib\\x86_64-pc-windows-gnu\\lib\\libstd-274cab44dc4a644c.rlib" "<LEGACY_LOCAL_PROJECT_ROOT>\\stage
s\\stageA\\CVC5-ALETHE-SHAREMAP\\resume3\\toolchain\\rustup-home\\toolchains\\1.72.0-x86_64-pc-windows-gnu\\lib\\rustli
b\\x86_64-pc-windows-gnu\\lib\\libpanic_unwind-0f177752b9ca8e95.rlib" "<LEGACY_LOCAL_PROJECT_ROOT>\\stages\\stageA\\C
VC5-ALETHE-SHAREMAP\\resume3\\toolchain\\rustup-home\\toolchains\\1.72.0-x86_64-pc-windows-gnu\\lib\\rustlib\\x86_64-pc
-windows-gnu\\lib\\libobject-06bb167660b3da76.rlib" "<LEGACY_LOCAL_PROJECT_ROOT>\\stages\\stageA\\CVC5-ALETHE-SHAREMA
P\\resume3\\toolchain\\rustup-home\\toolchains\\1.72.0-x86_64-pc-windows-gnu\\lib\\rustlib\\x86_64-pc-windows-gnu\\lib\
\libmemchr-8ab6cc09499ecf5b.rlib" "<LEGACY_LOCAL_PROJECT_ROOT>\\stages\\stageA\\CVC5-ALETHE-SHAREMAP\\resume3\\toolch
ain\\rustup-home\\toolchains\\1.72.0-x86_64-pc-windows-gnu\\lib\\rustlib\\x86_64-pc-windows-gnu\\lib\\libaddr2line-1261
53ebe55b6775.rlib" "<LEGACY_LOCAL_PROJECT_ROOT>\\stages\\stageA\\CVC5-ALETHE-SHAREMAP\\resume3\\toolchain\\rustup-hom
e\\toolchains\\1.72.0-x86_64-pc-windows-gnu\\lib\\rustlib\\x86_64-pc-windows-gnu\\lib\\libgimli-3d08640ec0a90b99.rlib" 
"<LEGACY_LOCAL_PROJECT_ROOT>\\stages\\stageA\\CVC5-ALETHE-SHAREMAP\\resume3\\toolchain\\rustup-home\\toolchains\\1.72
.0-x86_64-pc-windows-gnu\\lib\\rustlib\\x86_64-pc-windows-gnu\\lib\\librustc_demangle-e211ed0efcaf0dab.rlib" "D:\\proje
ct\\writing\\reserch\\stages\\stageA\\CVC5-ALETHE-SHAREMAP\\resume3\\toolchain\\rustup-home\\toolchains\\1.72.0-x86_64-
pc-windows-gnu\\lib\\rustlib\\x86_64-pc-windows-gnu\\lib\\libstd_detect-f17f8b04b9a04cbd.rlib" "D:\\project\\writing\\r
eserch\\stages\\stageA\\CVC5-ALETHE-SHAREMAP\\resume3\\toolchain\\rustup-home\\toolchains\\1.72.0-x86_64-pc-windows-gnu
\\lib\\rustlib\\x86_64-pc-windows-gnu\\lib\\libhashbrown-dc505c5f7a08eb2f.rlib" "<LEGACY_LOCAL_PROJECT_ROOT>\\stages\
\stageA\\CVC5-ALETHE-SHAREMAP\\resume3\\toolchain\\rustup-home\\toolchains\\1.72.0-x86_64-pc-windows-gnu\\lib\\rustlib\
\x86_64-pc-windows-gnu\\lib\\librustc_std_workspace_alloc-29139547fec356ea.rlib" "<LEGACY_LOCAL_PROJECT_ROOT>\\stages
\\stageA\\CVC5-ALETHE-SHAREMAP\\resume3\\toolchain\\rustup-home\\toolchains\\1.72.0-x86_64-pc-windows-gnu\\lib\\rustlib
\\x86_64-pc-windows-gnu\\lib\\libminiz_oxide-cab94e250dc1e17d.rlib" "<LEGACY_LOCAL_PROJECT_ROOT>\\stages\\stageA\\CVC
5-ALETHE-SHAREMAP\\resume3\\toolchain\\rustup-home\\toolchains\\1.72.0-x86_64-pc-windows-gnu\\lib\\rustlib\\x86_64-pc-w
indows-gnu\\lib\\libadler-e6226bb3d40532fc.rlib" "<LEGACY_LOCAL_PROJECT_ROOT>\\stages\\stageA\\CVC5-ALETHE-SHAREMAP\\
resume3\\toolchain\\rustup-home\\toolchains\\1.72.0-x86_64-pc-windows-gnu\\lib\\rustlib\\x86_64-pc-windows-gnu\\lib\\li
bunwind-bc036f0a729eca3e.rlib" "<LEGACY_LOCAL_PROJECT_ROOT>\\stages\\stageA\\CVC5-ALETHE-SHAREMAP\\resume3\\toolchain
\\rustup-home\\toolchains\\1.72.0-x86_64-pc-windows-gnu\\lib\\rustlib\\x86_64-pc-windows-gnu\\lib\\libcfg_if-b7a734954c
1f5dcb.rlib" "<LEGACY_LOCAL_PROJECT_ROOT>\\stages\\stageA\\CVC5-ALETHE-SHAREMAP\\resume3\\toolchain\\rustup-home\\too
lchains\\1.72.0-x86_64-pc-windows-gnu\\lib\\rustlib\\x86_64-pc-windows-gnu\\lib\\liblibc-a254eeb9e90dc361.rlib" "D:\\pr
oject\\writing\\reserch\\stages\\stageA\\CVC5-ALETHE-SHAREMAP\\resume3\\toolchain\\rustup-home\\toolchains\\1.72.0-x86_
64-pc-windows-gnu\\lib\\rustlib\\x86_64-pc-windows-gnu\\lib\\liballoc-b6fb9ac972c98305.rlib" "D:\\project\\writing\\res
erch\\stages\\stageA\\CVC5-ALETHE-SHAREMAP\\resume3\\toolchain\\rustup-home\\toolchains\\1.72.0-x86_64-pc-windows-gnu\\
lib\\rustlib\\x86_64-pc-windows-gnu\\lib\\librustc_std_workspace_core-6db27a6ad3c9479a.rlib" "D:\\project\\writing\\res
erch\\stages\\stageA\\CVC5-ALETHE-SHAREMAP\\resume3\\toolchain\\rustup-home\\toolchains\\1.72.0-x86_64-pc-windows-gnu\\
lib\\rustlib\\x86_64-pc-windows-gnu\\lib\\libcore-6fcad14090edadfc.rlib" "<LEGACY_LOCAL_PROJECT_ROOT>\\stages\\stageA
\\CVC5-ALETHE-SHAREMAP\\resume3\\toolchain\\rustup-home\\toolchains\\1.72.0-x86_64-pc-windows-gnu\\lib\\rustlib\\x86_64
-pc-windows-gnu\\lib\\libcompiler_builtins-625af2eb18940f92.rlib" "-Wl,-Bdynamic" "-lkernel32" "-ladvapi32" "-lbcrypt" 
"-lkernel32" "-lntdll" "-luserenv" "-lws2_32" "-lkernel32" "-lws2_32" "-lkernel32" "-lgcc_eh" "-l:libpthread.a" "-lmsvc
rt" "-lmingwex" "-lmingw32" "-lgcc" "-lmsvcrt" "-luser32" "-lkernel32" "-Wl,--nxcompat" "-L" "D:\\project\\writing\\res
erch\\stages\\stageA\\CVC5-ALETHE-SHAREMAP\\resume3\\toolchain\\rustup-home\\toolchains\\1.72.0-x86_64-pc-windows-gnu\\
lib\\rustlib\\x86_64-pc-windows-gnu\\lib" "-o" "<LEGACY_LOCAL_PROJECT_ROOT>\\stages\\stageA\\CVC5-ALETHE-SHAREMAP\\re
sume3\\build\\carcara-target-build2\\release\\build\\proc-macro-error-attr-65b6ad876abf7ba4\\build_script_build-65b6ad8
76abf7ba4.exe" "-Wl,--gc-sections" "-no-pie" "-nodefaultlibs" "<LEGACY_LOCAL_PROJECT_ROOT>\\stages\\stageA\\CVC5-ALET
HE-SHAREMAP\\resume3\\toolchain\\rustup-home\\toolchains\\1.72.0-x86_64-pc-windows-gnu\\lib\\rustlib\\x86_64-pc-windows
-gnu\\lib\\rsend.o"
  = note: clang: warning: argument unused during compilation: '-no-pie' [-Wunused-command-line-argument]
          lld: error: unable to find library -lgcc_eh
          lld: error: unable to find library -lgcc
          clang: error: linker command failed with exit code 1 (use -v to see invocation)
          

error: could not compile `proc-macro-hack` (build script) due to previous error
error: linking with `<LEGACY_LOCAL_PROJECT_ROOT>\stages\stageA\CVC5-ALETHE-SHAREMAP\resume1\toolchain\msys64\clang64\bin
\clang.exe` failed: exit code: 1
  |
  = note: "<LEGACY_LOCAL_PROJECT_ROOT>\\stages\\stageA\\CVC5-ALETHE-SHAREMAP\\resume1\\toolchain\\msys64\\clang64\\bi
n\\clang.exe" "-fno-use-linker-plugin" "-Wl,--dynamicbase" "-Wl,--disable-auto-image-base" "-m64" "-Wl,--high-entropy-v
a" "<LEGACY_LOCAL_PROJECT_ROOT>\\stages\\stageA\\CVC5-ALETHE-SHAREMAP\\resume3\\toolchain\\rustup-home\\toolchains\\1
.72.0-x86_64-pc-windows-gnu\\lib\\rustlib\\x86_64-pc-windows-gnu\\lib\\rsbegin.o" "<LEGACY_LOCAL_PROJECT_ROOT>\\stage
s\\stageA\\CVC5-ALETHE-SHAREMAP\\resume3\\build\\tmp\\rustcd8ass6\\symbols.o" "<LEGACY_LOCAL_PROJECT_ROOT>\\stages\\s
tageA\\CVC5-ALETHE-SHAREMAP\\resume3\\build\\carcara-target-build2\\release\\build\\proc-macro-error-866d57e7ba75ba29\\
build_script_build-866d57e7ba75ba29.build_script_build.6e2d3cedb49c1a2d-cgu.0.rcgu.o" "<LEGACY_LOCAL_PROJECT_ROOT>\\s
tages\\stageA\\CVC5-ALETHE-SHAREMAP\\resume3\\build\\carcara-target-build2\\release\\build\\proc-macro-error-866d57e7ba
75ba29\\build_script_build-866d57e7ba75ba29.4fk7yvqyt6rxgj8n.rcgu.o" "-L" "<LEGACY_LOCAL_PROJECT_ROOT>\\stages\\stage
A\\CVC5-ALETHE-SHAREMAP\\resume3\\build\\carcara-target-build2\\release\\deps" "-L" "<LEGACY_LOCAL_PROJECT_ROOT>\\sta
ges\\stageA\\CVC5-ALETHE-SHAREMAP\\resume3\\toolchain\\rustup-home\\toolchains\\1.72.0-x86_64-pc-windows-gnu\\lib\\rust
lib\\x86_64-pc-windows-gnu\\lib" "-Wl,-Bstatic" "<LEGACY_LOCAL_PROJECT_ROOT>\\stages\\stageA\\CVC5-ALETHE-SHAREMAP\\r
esume3\\build\\carcara-target-build2\\release\\deps\\libversion_check-3f32ee5f8c2fdc52.rlib" "D:\\project\\writing\\res
erch\\stages\\stageA\\CVC5-ALETHE-SHAREMAP\\resume3\\toolchain\\rustup-home\\toolchains\\1.72.0-x86_64-pc-windows-gnu\\
lib\\rustlib\\x86_64-pc-windows-gnu\\lib\\libstd-274cab44dc4a644c.rlib" "<LEGACY_LOCAL_PROJECT_ROOT>\\stages\\stageA\
\CVC5-ALETHE-SHAREMAP\\resume3\\toolchain\\rustup-home\\toolchains\\1.72.0-x86_64-pc-windows-gnu\\lib\\rustlib\\x86_64-
pc-windows-gnu\\lib\\libpanic_unwind-0f177752b9ca8e95.rlib" "<LEGACY_LOCAL_PROJECT_ROOT>\\stages\\stageA\\CVC5-ALETHE
-SHAREMAP\\resume3\\toolchain\\rustup-home\\toolchains\\1.72.0-x86_64-pc-windows-gnu\\lib\\rustlib\\x86_64-pc-windows-g
nu\\lib\\libobject-06bb167660b3da76.rlib" "<LEGACY_LOCAL_PROJECT_ROOT>\\stages\\stageA\\CVC5-ALETHE-SHAREMAP\\resume3
\\toolchain\\rustup-home\\toolchains\\1.72.0-x86_64-pc-windows-gnu\\lib\\rustlib\\x86_64-pc-windows-gnu\\lib\\libmemchr
-8ab6cc09499ecf5b.rlib" "<LEGACY_LOCAL_PROJECT_ROOT>\\stages\\stageA\\CVC5-ALETHE-SHAREMAP\\resume3\\toolchain\\rustu
p-home\\toolchains\\1.72.0-x86_64-pc-windows-gnu\\lib\\rustlib\\x86_64-pc-windows-gnu\\lib\\libaddr2line-126153ebe55b67
75.rlib" "<LEGACY_LOCAL_PROJECT_ROOT>\\stages\\stageA\\CVC5-ALETHE-SHAREMAP\\resume3\\toolchain\\rustup-home\\toolcha
ins\\1.72.0-x86_64-pc-windows-gnu\\lib\\rustlib\\x86_64-pc-windows-gnu\\lib\\libgimli-3d08640ec0a90b99.rlib" "D:\\proje
ct\\writing\\reserch\\stages\\stageA\\CVC5-ALETHE-SHAREMAP\\resume3\\toolchain\\rustup-home\\toolchains\\1.72.0-x86_64-
pc-windows-gnu\\lib\\rustlib\\x86_64-pc-windows-gnu\\lib\\librustc_demangle-e211ed0efcaf0dab.rlib" "D:\\project\\writin
g\\reserch\\stages\\stageA\\CVC5-ALETHE-SHAREMAP\\resume3\\toolchain\\rustup-home\\toolchains\\1.72.0-x86_64-pc-windows
-gnu\\lib\\rustlib\\x86_64-pc-windows-gnu\\lib\\libstd_detect-f17f8b04b9a04cbd.rlib" "<LEGACY_LOCAL_PROJECT_ROOT>\\st
ages\\stageA\\CVC5-ALETHE-SHAREMAP\\resume3\\toolchain\\rustup-home\\toolchains\\1.72.0-x86_64-pc-windows-gnu\\lib\\rus
tlib\\x86_64-pc-windows-gnu\\lib\\libhashbrown-dc505c5f7a08eb2f.rlib" "<LEGACY_LOCAL_PROJECT_ROOT>\\stages\\stageA\\C
VC5-ALETHE-SHAREMAP\\resume3\\toolchain\\rustup-home\\toolchains\\1.72.0-x86_64-pc-windows-gnu\\lib\\rustlib\\x86_64-pc
-windows-gnu\\lib\\librustc_std_workspace_alloc-29139547fec356ea.rlib" "<LEGACY_LOCAL_PROJECT_ROOT>\\stages\\stageA\\
CVC5-ALETHE-SHAREMAP\\resume3\\toolchain\\rustup-home\\toolchains\\1.72.0-x86_64-pc-windows-gnu\\lib\\rustlib\\x86_64-p
c-windows-gnu\\lib\\libminiz_oxide-cab94e250dc1e17d.rlib" "<LEGACY_LOCAL_PROJECT_ROOT>\\stages\\stageA\\CVC5-ALETHE-S
HAREMAP\\resume3\\toolchain\\rustup-home\\toolchains\\1.72.0-x86_64-pc-windows-gnu\\lib\\rustlib\\x86_64-pc-windows-gnu
\\lib\\libadler-e6226bb3d40532fc.rlib" "<LEGACY_LOCAL_PROJECT_ROOT>\\stages\\stageA\\CVC5-ALETHE-SHAREMAP\\resume3\\t
oolchain\\rustup-home\\toolchains\\1.72.0-x86_64-pc-windows-gnu\\lib\\rustlib\\x86_64-pc-windows-gnu\\lib\\libunwind-bc
036f0a729eca3e.rlib" "<LEGACY_LOCAL_PROJECT_ROOT>\\stages\\stageA\\CVC5-ALETHE-SHAREMAP\\resume3\\toolchain\\rustup-h
ome\\toolchains\\1.72.0-x86_64-pc-windows-gnu\\lib\\rustlib\\x86_64-pc-windows-gnu\\lib\\libcfg_if-b7a734954c1f5dcb.rli
b" "<LEGACY_LOCAL_PROJECT_ROOT>\\stages\\stageA\\CVC5-ALETHE-SHAREMAP\\resume3\\toolchain\\rustup-home\\toolchains\\1
.72.0-x86_64-pc-windows-gnu\\lib\\rustlib\\x86_64-pc-windows-gnu\\lib\\liblibc-a254eeb9e90dc361.rlib" "D:\\project\\wri
ting\\reserch\\stages\\stageA\\CVC5-ALETHE-SHAREMAP\\resume3\\toolchain\\rustup-home\\toolchains\\1.72.0-x86_64-pc-wind
ows-gnu\\lib\\rustlib\\x86_64-pc-windows-gnu\\lib\\liballoc-b6fb9ac972c98305.rlib" "<LEGACY_LOCAL_PROJECT_ROOT>\\stag
es\\stageA\\CVC5-ALETHE-SHAREMAP\\resume3\\toolchain\\rustup-home\\toolchains\\1.72.0-x86_64-pc-windows-gnu\\lib\\rustl
ib\\x86_64-pc-windows-gnu\\lib\\librustc_std_workspace_core-6db27a6ad3c9479a.rlib" "<LEGACY_LOCAL_PROJECT_ROOT>\\stag
es\\stageA\\CVC5-ALETHE-SHAREMAP\\resume3\\toolchain\\rustup-home\\toolchains\\1.72.0-x86_64-pc-windows-gnu\\lib\\rustl
ib\\x86_64-pc-windows-gnu\\lib\\libcore-6fcad14090edadfc.rlib" "<LEGACY_LOCAL_PROJECT_ROOT>\\stages\\stageA\\CVC5-ALE
THE-SHAREMAP\\resume3\\toolchain\\rustup-home\\toolchains\\1.72.0-x86_64-pc-windows-gnu\\lib\\rustlib\\x86_64-pc-window
s-gnu\\lib\\libcompiler_builtins-625af2eb18940f92.rlib" "-Wl,-Bdynamic" "-lkernel32" "-ladvapi32" "-lbcrypt" "-lkernel3
2" "-lntdll" "-luserenv" "-lws2_32" "-lkernel32" "-lws2_32" "-lkernel32" "-lgcc_eh" "-l:libpthread.a" "-lmsvcrt" "-lmin
gwex" "-lmingw32" "-lgcc" "-lmsvcrt" "-luser32" "-lkernel32" "-Wl,--nxcompat" "-L" "<LEGACY_LOCAL_PROJECT_ROOT>\\stag
es\\stageA\\CVC5-ALETHE-SHAREMAP\\resume3\\toolchain\\rustup-home\\toolchains\\1.72.0-x86_64-pc-windows-gnu\\lib\\rustl
ib\\x86_64-pc-windows-gnu\\lib" "-o" "<LEGACY_LOCAL_PROJECT_ROOT>\\stages\\stageA\\CVC5-ALETHE-SHAREMAP\\resume3\\bui
ld\\carcara-target-build2\\release\\build\\proc-macro-error-866d57e7ba75ba29\\build_script_build-866d57e7ba75ba29.exe" 
"-Wl,--gc-sections" "-no-pie" "-nodefaultlibs" "<LEGACY_LOCAL_PROJECT_ROOT>\\stages\\stageA\\CVC5-ALETHE-SHAREMAP\\re
sume3\\toolchain\\rustup-home\\toolchains\\1.72.0-x86_64-pc-windows-gnu\\lib\\rustlib\\x86_64-pc-windows-gnu\\lib\\rsen
d.o"
  = note: clang: warning: argument unused during compilation: '-no-pie' [-Wunused-command-line-argument]
          lld: error: unable to find library -lgcc_eh
          lld: error: unable to find library -lgcc
          clang: error: linker command failed with exit code 1 (use -v to see invocation)
          

error: could not compile `proc-macro-error-attr` (build script) due to previous error
error: could not compile `proc-macro-error` (build script) due to previous error
error: linking with `<LEGACY_LOCAL_PROJECT_ROOT>\stages\stageA\CVC5-ALETHE-SHAREMAP\resume1\toolchain\msys64\clang64\bin
\clang.exe` failed: exit code: 1
  |
  = note: "<LEGACY_LOCAL_PROJECT_ROOT>\\stages\\stageA\\CVC5-ALETHE-SHAREMAP\\resume1\\toolchain\\msys64\\clang64\\bi
n\\clang.exe" "-fno-use-linker-plugin" "-Wl,--dynamicbase" "-Wl,--disable-auto-image-base" "-m64" "-Wl,--high-entropy-v
a" "<LEGACY_LOCAL_PROJECT_ROOT>\\stages\\stageA\\CVC5-ALETHE-SHAREMAP\\resume3\\toolchain\\rustup-home\\toolchains\\1
.72.0-x86_64-pc-windows-gnu\\lib\\rustlib\\x86_64-pc-windows-gnu\\lib\\rsbegin.o" "<LEGACY_LOCAL_PROJECT_ROOT>\\stage
s\\stageA\\CVC5-ALETHE-SHAREMAP\\resume3\\build\\tmp\\rustcPxbhcL\\symbols.o" "<LEGACY_LOCAL_PROJECT_ROOT>\\stages\\s
tageA\\CVC5-ALETHE-SHAREMAP\\resume3\\build\\carcara-target-build2\\release\\build\\indexmap-e34d3a2327eda363\\build_sc
ript_build-e34d3a2327eda363.build_script_build.caf408ec0b2a47d9-cgu.0.rcgu.o" "<LEGACY_LOCAL_PROJECT_ROOT>\\stages\\s
tageA\\CVC5-ALETHE-SHAREMAP\\resume3\\build\\carcara-target-build2\\release\\build\\indexmap-e34d3a2327eda363\\build_sc
ript_build-e34d3a2327eda363.2kkw463f5wwz0qvg.rcgu.o" "-L" "<LEGACY_LOCAL_PROJECT_ROOT>\\stages\\stageA\\CVC5-ALETHE-S
HAREMAP\\resume3\\build\\carcara-target-build2\\release\\deps" "-L" "<LEGACY_LOCAL_PROJECT_ROOT>\\stages\\stageA\\CVC
5-ALETHE-SHAREMAP\\resume3\\toolchain\\rustup-home\\toolchains\\1.72.0-x86_64-pc-windows-gnu\\lib\\rustlib\\x86_64-pc-w
indows-gnu\\lib" "-Wl,-Bstatic" "<LEGACY_LOCAL_PROJECT_ROOT>\\stages\\stageA\\CVC5-ALETHE-SHAREMAP\\resume3\\build\\c
arcara-target-build2\\release\\deps\\libautocfg-01a0c5bec027b032.rlib" "<LEGACY_LOCAL_PROJECT_ROOT>\\stages\\stageA\\
CVC5-ALETHE-SHAREMAP\\resume3\\toolchain\\rustup-home\\toolchains\\1.72.0-x86_64-pc-windows-gnu\\lib\\rustlib\\x86_64-p
c-windows-gnu\\lib\\libstd-274cab44dc4a644c.rlib" "<LEGACY_LOCAL_PROJECT_ROOT>\\stages\\stageA\\CVC5-ALETHE-SHAREMAP\
\resume3\\toolchain\\rustup-home\\toolchains\\1.72.0-x86_64-pc-windows-gnu\\lib\\rustlib\\x86_64-pc-windows-gnu\\lib\\l
ibpanic_unwind-0f177752b9ca8e95.rlib" "<LEGACY_LOCAL_PROJECT_ROOT>\\stages\\stageA\\CVC5-ALETHE-SHAREMAP\\resume3\\to
olchain\\rustup-home\\toolchains\\1.72.0-x86_64-pc-windows-gnu\\lib\\rustlib\\x86_64-pc-windows-gnu\\lib\\libobject-06b
b167660b3da76.rlib" "<LEGACY_LOCAL_PROJECT_ROOT>\\stages\\stageA\\CVC5-ALETHE-SHAREMAP\\resume3\\toolchain\\rustup-ho
me\\toolchains\\1.72.0-x86_64-pc-windows-gnu\\lib\\rustlib\\x86_64-pc-windows-gnu\\lib\\libmemchr-8ab6cc09499ecf5b.rlib
" "<LEGACY_LOCAL_PROJECT_ROOT>\\stages\\stageA\\CVC5-ALETHE-SHAREMAP\\resume3\\toolchain\\rustup-home\\toolchains\\1.
72.0-x86_64-pc-windows-gnu\\lib\\rustlib\\x86_64-pc-windows-gnu\\lib\\libaddr2line-126153ebe55b6775.rlib" "D:\\project\
\writing\\reserch\\stages\\stageA\\CVC5-ALETHE-SHAREMAP\\resume3\\toolchain\\rustup-home\\toolchains\\1.72.0-x86_64-pc-
windows-gnu\\lib\\rustlib\\x86_64-pc-windows-gnu\\lib\\libgimli-3d08640ec0a90b99.rlib" "<LEGACY_LOCAL_PROJECT_ROOT>\\
stages\\stageA\\CVC5-ALETHE-SHAREMAP\\resume3\\toolchain\\rustup-home\\toolchains\\1.72.0-x86_64-pc-windows-gnu\\lib\\r
ustlib\\x86_64-pc-windows-gnu\\lib\\librustc_demangle-e211ed0efcaf0dab.rlib" "<LEGACY_LOCAL_PROJECT_ROOT>\\stages\\st
ageA\\CVC5-ALETHE-SHAREMAP\\resume3\\toolchain\\rustup-home\\toolchains\\1.72.0-x86_64-pc-windows-gnu\\lib\\rustlib\\x8
6_64-pc-windows-gnu\\lib\\libstd_detect-f17f8b04b9a04cbd.rlib" "<LEGACY_LOCAL_PROJECT_ROOT>\\stages\\stageA\\CVC5-ALE
THE-SHAREMAP\\resume3\\toolchain\\rustup-home\\toolchains\\1.72.0-x86_64-pc-windows-gnu\\lib\\rustlib\\x86_64-pc-window
s-gnu\\lib\\libhashbrown-dc505c5f7a08eb2f.rlib" "<LEGACY_LOCAL_PROJECT_ROOT>\\stages\\stageA\\CVC5-ALETHE-SHAREMAP\\r
esume3\\toolchain\\rustup-home\\toolchains\\1.72.0-x86_64-pc-windows-gnu\\lib\\rustlib\\x86_64-pc-windows-gnu\\lib\\lib
rustc_std_workspace_alloc-29139547fec356ea.rlib" "<LEGACY_LOCAL_PROJECT_ROOT>\\stages\\stageA\\CVC5-ALETHE-SHAREMAP\\
resume3\\toolchain\\rustup-home\\toolchains\\1.72.0-x86_64-pc-windows-gnu\\lib\\rustlib\\x86_64-pc-windows-gnu\\lib\\li
bminiz_oxide-cab94e250dc1e17d.rlib" "<LEGACY_LOCAL_PROJECT_ROOT>\\stages\\stageA\\CVC5-ALETHE-SHAREMAP\\resume3\\tool
chain\\rustup-home\\toolchains\\1.72.0-x86_64-pc-windows-gnu\\lib\\rustlib\\x86_64-pc-windows-gnu\\lib\\libadler-e6226b
b3d40532fc.rlib" "<LEGACY_LOCAL_PROJECT_ROOT>\\stages\\stageA\\CVC5-ALETHE-SHAREMAP\\resume3\\toolchain\\rustup-home\
\toolchains\\1.72.0-x86_64-pc-windows-gnu\\lib\\rustlib\\x86_64-pc-windows-gnu\\lib\\libunwind-bc036f0a729eca3e.rlib" "
<LEGACY_LOCAL_PROJECT_ROOT>\\stages\\stageA\\CVC5-ALETHE-SHAREMAP\\resume3\\toolchain\\rustup-home\\toolchains\\1.72.
0-x86_64-pc-windows-gnu\\lib\\rustlib\\x86_64-pc-windows-gnu\\lib\\libcfg_if-b7a734954c1f5dcb.rlib" "D:\\project\\writi
ng\\reserch\\stages\\stageA\\CVC5-ALETHE-SHAREMAP\\resume3\\toolchain\\rustup-home\\toolchains\\1.72.0-x86_64-pc-window
s-gnu\\lib\\rustlib\\x86_64-pc-windows-gnu\\lib\\liblibc-a254eeb9e90dc361.rlib" "<LEGACY_LOCAL_PROJECT_ROOT>\\stages\
\stageA\\CVC5-ALETHE-SHAREMAP\\resume3\\toolchain\\rustup-home\\toolchains\\1.72.0-x86_64-pc-windows-gnu\\lib\\rustlib\
\x86_64-pc-windows-gnu\\lib\\liballoc-b6fb9ac972c98305.rlib" "<LEGACY_LOCAL_PROJECT_ROOT>\\stages\\stageA\\CVC5-ALETH
E-SHAREMAP\\resume3\\toolchain\\rustup-home\\toolchains\\1.72.0-x86_64-pc-windows-gnu\\lib\\rustlib\\x86_64-pc-windows-
gnu\\lib\\librustc_std_workspace_core-6db27a6ad3c9479a.rlib" "<LEGACY_LOCAL_PROJECT_ROOT>\\stages\\stageA\\CVC5-ALETH
E-SHAREMAP\\resume3\\toolchain\\rustup-home\\toolchains\\1.72.0-x86_64-pc-windows-gnu\\lib\\rustlib\\x86_64-pc-windows-
gnu\\lib\\libcore-6fcad14090edadfc.rlib" "<LEGACY_LOCAL_PROJECT_ROOT>\\stages\\stageA\\CVC5-ALETHE-SHAREMAP\\resume3\
\toolchain\\rustup-home\\toolchains\\1.72.0-x86_64-pc-windows-gnu\\lib\\rustlib\\x86_64-pc-windows-gnu\\lib\\libcompile
r_builtins-625af2eb18940f92.rlib" "-Wl,-Bdynamic" "-lkernel32" "-ladvapi32" "-lbcrypt" "-lkernel32" "-lntdll" "-luseren
v" "-lws2_32" "-lkernel32" "-lws2_32" "-lkernel32" "-lgcc_eh" "-l:libpthread.a" "-lmsvcrt" "-lmingwex" "-lmingw32" "-lg
cc" "-lmsvcrt" "-luser32" "-lkernel32" "-Wl,--nxcompat" "-L" "<LEGACY_LOCAL_PROJECT_ROOT>\\stages\\stageA\\CVC5-ALETH
E-SHAREMAP\\resume3\\toolchain\\rustup-home\\toolchains\\1.72.0-x86_64-pc-windows-gnu\\lib\\rustlib\\x86_64-pc-windows-
gnu\\lib" "-o" "<LEGACY_LOCAL_PROJECT_ROOT>\\stages\\stageA\\CVC5-ALETHE-SHAREMAP\\resume3\\build\\carcara-target-bui
ld2\\release\\build\\indexmap-e34d3a2327eda363\\build_script_build-e34d3a2327eda363.exe" "-Wl,--gc-sections" "-no-pie" 
"-nodefaultlibs" "<LEGACY_LOCAL_PROJECT_ROOT>\\stages\\stageA\\CVC5-ALETHE-SHAREMAP\\resume3\\toolchain\\rustup-home\
\toolchains\\1.72.0-x86_64-pc-windows-gnu\\lib\\rustlib\\x86_64-pc-windows-gnu\\lib\\rsend.o"
  = note: clang: warning: argument unused during compilation: '-no-pie' [-Wunused-command-line-argument]
          lld: error: unable to find library -lgcc_eh
          lld: error: unable to find library -lgcc
          clang: error: linker command failed with exit code 1 (use -v to see invocation)
          

error: could not compile `indexmap` (build script) due to previous error
