`` Compiling: /src/map/if/acd/ac_wrapper.cpp
`` Compiling: /src/misc/util/utilPrefix.cpp
src/misc/util/utilPrefix.cpp:185:1: warning: 'Graph' defined as a struct here but previously declared as a class; this is valid, but may result in linker errors under the Microsoft C++ ABI [-Wmismatched-tags]
  185 | struct Graph {
      | ^
src/misc/util/utilPrefix.cpp:46:1: note: did you mean struct here?
   46 | class Graph;
      | ^~~~~
      | struct
1 warning generated.
`` Compiling: /src/opt/rar/rewireMiaig.cpp
In file included from src/opt/rar/rewireMiaig.cpp:21:
In file included from src/opt/rar/rewireRar.h:28:
In file included from ./src/base/abc/abc.h:35:
./src/aig/hop/hop.h:236:34: warning: argument to 'sizeof' in 'memcpy' call is the same pointer type 'Hop_Obj_t *' (aka 'struct Hop_Obj_t_ *') as the source; expected 'Hop_Obj_t' (aka 'struct Hop_Obj_t_') or an explicit length [-Wsizeof-pointer-memaccess]
  236 |     memcpy(&p->pListFree, pTemp, sizeof(Hop_Obj_t *));
      |                           ~~~~~  ^~~~~~~~~~~~~~~~~~~
./src/aig/hop/hop.h:249:35: warning: argument to 'sizeof' in 'memcpy' call is the same pointer type 'Hop_Obj_t *' (aka 'struct Hop_Obj_t_ *') as the destination; expected 'Hop_Obj_t' (aka 'struct Hop_Obj_t_') or an explicit length [-Wsizeof-pointer-memaccess]
  249 |     memcpy(pEntry, &p->pListFree, sizeof(Hop_Obj_t *));
      |            ~~~~~~                 ^~~~~~~~~~~~~~~~~~~
In file included from src/opt/rar/rewireMiaig.cpp:21:
In file included from src/opt/rar/rewireRar.h:30:
./src/aig/miniaig/miniaig.h:253:9: warning: variable 'RetValue' set but not used [-Wunused-but-set-variable]
  253 |     int RetValue;
      |         ^
./src/aig/miniaig/miniaig.h:269:9: warning: variable 'RetValue' set but not used [-Wunused-but-set-variable]
  269 |     int RetValue, nSize;
      |         ^
`` Compiling: /src/opt/eslim/eSLIM.cpp
In file included from src/opt/eslim/eSLIM.cpp:23:
In file included from src/opt/eslim/eSLIMMan.hpp:32:
In file included from src/opt/eslim/eslimCirMan.hpp:30:
In file included from ./src/base/abc/abc.h:35:
./src/aig/hop/hop.h:236:34: warning: argument to 'sizeof' in 'memcpy' call is the same pointer type 'Hop_Obj_t *' (aka 'struct Hop_Obj_t_ *') as the source; expected 'Hop_Obj_t' (aka 'struct Hop_Obj_t_') or an explicit length [-Wsizeof-pointer-memaccess]
  236 |     memcpy(&p->pListFree, pTemp, sizeof(Hop_Obj_t *));
      |                           ~~~~~  ^~~~~~~~~~~~~~~~~~~
./src/aig/hop/hop.h:249:35: warning: argument to 'sizeof' in 'memcpy' call is the same pointer type 'Hop_Obj_t *' (aka 'struct Hop_Obj_t_ *') as the destination; expected 'Hop_Obj_t' (aka 'struct Hop_Obj_t_') or an explicit length [-Wsizeof-pointer-memaccess]
  249 |     memcpy(pEntry, &p->pListFree, sizeof(Hop_Obj_t *));
      |            ~~~~~~                 ^~~~~~~~~~~~~~~~~~~
In file included from src/opt/eslim/eSLIM.cpp:23:
In file included from src/opt/eslim/eSLIMMan.hpp:33:
In file included from src/opt/eslim/relationGeneration.hpp:30:
In file included from src/opt/eslim/cadicalSolver.hpp:29:
./src/sat/cadical/cadical.hpp:1166:9: warning: '__USE_MINGW_ANSI_STDIO' macro redefined [-Wmacro-redefined]
 1166 | #define __USE_MINGW_ANSI_STDIO 1
      |         ^
<LEGACY_LOCAL_PROJECT_ROOT>/stages/stageA/CVC5-ALETHE-SHAREMAP/resume1/toolchain/msys64/clang64/include/_mingw.h:454:9: note: previous definition is here
  454 | #define __USE_MINGW_ANSI_STDIO 0      /* was not defined so it should be 0 */
      |         ^
In file included from src/opt/eslim/eSLIM.cpp:23:
In file included from src/opt/eslim/eSLIMMan.hpp:76:
In file included from src/opt/eslim/eSLIMMan.tpp:24:
src/opt/eslim/synthesisEngines.hpp:37:3: warning: class 'eSLIMConfig' was previously declared as a struct; this is valid, but may result in linker errors under the Microsoft C++ ABI [-Wmismatched-tags]
   37 |   class eSLIMConfig;
      |   ^
src/opt/eslim/utils.hpp:97:10: note: previous use is here
   97 |   struct eSLIMConfig {      
      |          ^
src/opt/eslim/synthesisEngines.hpp:37:3: note: did you mean struct here?
   37 |   class eSLIMConfig;
      |   ^~~~~
      |   struct
src/opt/eslim/eSLIM.cpp:354:13: warning: format specifies type 'unsigned long' but the argument has type 'ABC_UINT64_T' (aka 'unsigned long long') [-Wformat]
  353 |       printf("Relation generation: #SAT-calls: %lu, Total SAT-time: %.2f sec, Max SAT-time: %.4f sec, Avg. SAT-time: %.4f sec\n",  
      |                                                ~~~
      |                                                %llu
  354 |             log.nof_sat_calls_relation_generation, log.cummulative_sat_runtime_relation_generation, log.max_sat_runtime_relation_generation, 
      |             ^~~~~~~~~~~~~~~~~~~~~~~~~~~~~~~~~~~~~
src/opt/eslim/eSLIM.cpp:296:5: note: in instantiation of member function 'eSLIM::eSLIMRun<eSLIM::WindowMan<eSLIM::AreaMinimizer, eSLIM::RandomizedBFSSelection<eSLIM::SubcircuitValidator, eSLIM::CriticalPathSelector, eSLIM::ForwardSearch, eSLIM::CriticalPathBiasSelector>>, eSLIM::DeepsynInprocessor>::printLog' requested here
  296 |     printLog();
      |     ^
src/opt/eslim/eSLIM.cpp:215:15: note: in instantiation of member function 'eSLIM::eSLIMRun<eSLIM::WindowMan<eSLIM::AreaMinimizer, eSLIM::RandomizedBFSSelection<eSLIM::SubcircuitValidator, eSLIM::CriticalPathSelector, eSLIM::ForwardSearch, eSLIM::CriticalPathBiasSelector>>, eSLIM::DeepsynInprocessor>::run' requested here
  215 |     eslim_run.run();
      |               ^
src/opt/eslim/eSLIM.cpp:513:45: note: in instantiation of member function 'eSLIM::eSLIMRun<eSLIM::WindowMan<eSLIM::AreaMinimizer, eSLIM::RandomizedBFSSelection<eSLIM::SubcircuitValidator, eSLIM::CriticalPathSelector, eSLIM::ForwardSearch, eSLIM::CriticalPathBiasSelector>>, eSLIM::DeepsynInprocessor>::runeSLIM' requested here
  513 |     return eSLIMRun<Approach, Inprocessor>::runeSLIM(cir, params); 
      |                                             ^
src/opt/eslim/eSLIM.cpp:519:14: note: in instantiation of function template specialization 'eSLIM::runeSLIM<Gia_Man_t_, eSLIM::DeepsynInprocessor, eSLIM::AreaMinimizer, eSLIM::WindowMan<eSLIM::AreaMinimizer, eSLIM::RandomizedBFSSelection<eSLIM::SubcircuitValidator, eSLIM::CriticalPathSelector, eSLIM::ForwardSearch, eSLIM::CriticalPathBiasSelector>>>' requested here
  519 |       return runeSLIM<Circuitrepresentation, Inprocessor, Minimizer, WindowMan<Minimizer, RandomizedBFSSelection<Validator, RootSelector, SearchDirection, BiasSelector>>>(cir, params);
      |              ^
src/opt/eslim/eSLIM.cpp:538:14: note: in instantiation of function template specialization 'eSLIM::toggleWindowing<Gia_Man_t_, eSLIM::DeepsynInprocessor, eSLIM::AreaMinimizer, eSLIM::SubcircuitValidator, eSLIM::ForwardSearch, eSLIM::CriticalPathBiasSelector, eSLIM::CriticalPathSelector>' requested here
  538 |       return toggleWindowing<Circuitrepresentation, Inprocessor, Minimizer, Validator, SearchDirection, CriticalPathBiasSelector, CriticalPathSelector>(cir, params);
      |              ^
src/opt/eslim/eSLIM.cpp:549:14: note: in instantiation of function template specialization 'eSLIM::setBiasApproach<Gia_Man_t_, eSLIM::DeepsynInprocessor, eSLIM::AreaMinimizer, eSLIM::SubcircuitValidator, eSLIM::ForwardSearch>' requested here
  549 |       return setBiasApproach<Circuitrepresentation, Inprocessor, Minimizer, Validator, ForwardSearch>(cir, params);
      |              ^
src/opt/eslim/eSLIM.cpp:561:20: note: in instantiation of function template specialization 'eSLIM::setSearchDirection<Gia_Man_t_, eSLIM::DeepsynInprocessor, eSLIM::AreaMinimizer, eSLIM::SubcircuitValidator>' requested here
  561 |             return setSearchDirection<Circuitrepresentation, DeepsynInprocessor, AreaMinimizer, SubcircuitValidator>(cir, params);
      |                    ^
src/opt/eslim/eSLIM.cpp:601:17: note: in instantiation of function template specialization 'eSLIM::setMinimizer<Gia_Man_t_>' requested here
  601 |   return eSLIM::setMinimizer(cir, params);
      |                 ^
src/opt/eslim/eSLIM.cpp:610:10: note: in instantiation of function template specialization 'runeSLIM<Gia_Man_t_>' requested here
  610 |   return runeSLIM(pGia, params);
      |          ^
src/opt/eslim/eSLIM.cpp:357:13: warning: format specifies type 'unsigned long' but the argument has type 'ABC_UINT64_T' (aka 'unsigned long long') [-Wformat]
  356 |       printf("Synthesis: #SAT-calls: %lu, Total SAT-time: %.2f sec, Max SAT-time: %.4f sec, Avg. SAT-time: %.4f sec\n",  
      |                                      ~~~
      |                                      %llu
  357 |             log.nof_sat_calls_synthesis, log.cummulative_sat_runtime_synthesis / 1000, log.max_sat_runtime_synthesis / 1000,
      |             ^~~~~~~~~~~~~~~~~~~~~~~~~~~
src/opt/eslim/eSLIM.cpp:354:13: warning: format specifies type 'unsigned long' but the argument has type 'ABC_UINT64_T' (aka 'unsigned long long') [-Wformat]
  353 |       printf("Relation generation: #SAT-calls: %lu, Total SAT-time: %.2f sec, Max SAT-time: %.4f sec, Avg. SAT-time: %.4f sec\n",  
      |                                                ~~~
      |                                                %llu
  354 |             log.nof_sat_calls_relation_generation, log.cummulative_sat_runtime_relation_generation, log.max_sat_runtime_relation_generation, 
      |             ^~~~~~~~~~~~~~~~~~~~~~~~~~~~~~~~~~~~~
src/opt/eslim/eSLIM.cpp:296:5: note: in instantiation of member function 'eSLIM::eSLIMRun<eSLIM::eSLIM_Man<eSLIM::AreaMinimizer, eSLIM::RandomizedBFSSelection<eSLIM::SubcircuitValidator, eSLIM::CriticalPathSelector, eSLIM::ForwardSearch, eSLIM::CriticalPathBiasSelector>>, eSLIM::DeepsynInprocessor>::printLog' requested here
  296 |     printLog();
      |     ^
src/opt/eslim/eSLIM.cpp:215:15: note: in instantiation of member function 'eSLIM::eSLIMRun<eSLIM::eSLIM_Man<eSLIM::AreaMinimizer, eSLIM::RandomizedBFSSelection<eSLIM::SubcircuitValidator, eSLIM::CriticalPathSelector, eSLIM::ForwardSearch, eSLIM::CriticalPathBiasSelector>>, eSLIM::DeepsynInprocessor>::run' requested here
  215 |     eslim_run.run();
      |               ^
src/opt/eslim/eSLIM.cpp:513:45: note: in instantiation of member function 'eSLIM::eSLIMRun<eSLIM::eSLIM_Man<eSLIM::AreaMinimizer, eSLIM::RandomizedBFSSelection<eSLIM::SubcircuitValidator, eSLIM::CriticalPathSelector, eSLIM::ForwardSearch, eSLIM::CriticalPathBiasSelector>>, eSLIM::DeepsynInprocessor>::runeSLIM' requested here
  513 |     return eSLIMRun<Approach, Inprocessor>::runeSLIM(cir, params); 
      |                                             ^
src/opt/eslim/eSLIM.cpp:521:14: note: in instantiation of function template specialization 'eSLIM::runeSLIM<Gia_Man_t_, eSLIM::DeepsynInprocessor, eSLIM::AreaMinimizer, eSLIM::eSLIM_Man<eSLIM::AreaMinimizer, eSLIM::RandomizedBFSSelection<eSLIM::SubcircuitValidator, eSLIM::CriticalPathSelector, eSLIM::ForwardSearch, eSLIM::CriticalPathBiasSelector>>>' requested here
  521 |       return runeSLIM<Circuitrepresentation, Inprocessor, Minimizer, eSLIM_Man<Minimizer, RandomizedBFSSelection<Validator, RootSelector, SearchDirection, BiasSelector>>>(cir, params);
      |              ^
src/opt/eslim/eSLIM.cpp:538:14: note: in instantiation of function template specialization 'eSLIM::toggleWindowing<Gia_Man_t_, eSLIM::DeepsynInprocessor, eSLIM::AreaMinimizer, eSLIM::SubcircuitValidator, eSLIM::ForwardSearch, eSLIM::CriticalPathBiasSelector, eSLIM::CriticalPathSelector>' requested here
  538 |       return toggleWindowing<Circuitrepresentation, Inprocessor, Minimizer, Validator, SearchDirection, CriticalPathBiasSelector, CriticalPathSelector>(cir, params);
      |              ^
src/opt/eslim/eSLIM.cpp:549:14: note: in instantiation of function template specialization 'eSLIM::setBiasApproach<Gia_Man_t_, eSLIM::DeepsynInprocessor, eSLIM::AreaMinimizer, eSLIM::SubcircuitValidator, eSLIM::ForwardSearch>' requested here
  549 |       return setBiasApproach<Circuitrepresentation, Inprocessor, Minimizer, Validator, ForwardSearch>(cir, params);
      |              ^
src/opt/eslim/eSLIM.cpp:561:20: note: in instantiation of function template specialization 'eSLIM::setSearchDirection<Gia_Man_t_, eSLIM::DeepsynInprocessor, eSLIM::AreaMinimizer, eSLIM::SubcircuitValidator>' requested here
  561 |             return setSearchDirection<Circuitrepresentation, DeepsynInprocessor, AreaMinimizer, SubcircuitValidator>(cir, params);
      |                    ^
src/opt/eslim/eSLIM.cpp:601:17: note: in instantiation of function template specialization 'eSLIM::setMinimizer<Gia_Man_t_>' requested here
  601 |   return eSLIM::setMinimizer(cir, params);
      |                 ^
src/opt/eslim/eSLIM.cpp:610:10: note: in instantiation of function template specialization 'runeSLIM<Gia_Man_t_>' requested here
  610 |   return runeSLIM(pGia, params);
      |          ^
src/opt/eslim/eSLIM.cpp:357:13: warning: format specifies type 'unsigned long' but the argument has type 'ABC_UINT64_T' (aka 'unsigned long long') [-Wformat]
  356 |       printf("Synthesis: #SAT-calls: %lu, Total SAT-time: %.2f sec, Max SAT-time: %.4f sec, Avg. SAT-time: %.4f sec\n",  
      |                                      ~~~
      |                                      %llu
  357 |             log.nof_sat_calls_synthesis, log.cummulative_sat_runtime_synthesis / 1000, log.max_sat_runtime_synthesis / 1000,
      |             ^~~~~~~~~~~~~~~~~~~~~~~~~~~
src/opt/eslim/eSLIM.cpp:354:13: warning: format specifies type 'unsigned long' but the argument has type 'ABC_UINT64_T' (aka 'unsigned long long') [-Wformat]
  353 |       printf("Relation generation: #SAT-calls: %lu, Total SAT-time: %.2f sec, Max SAT-time: %.4f sec, Avg. SAT-time: %.4f sec\n",  
      |                                                ~~~
      |                                                %llu
  354 |             log.nof_sat_calls_relation_generation, log.cummulative_sat_runtime_relation_generation, log.max_sat_runtime_relation_generation, 
      |             ^~~~~~~~~~~~~~~~~~~~~~~~~~~~~~~~~~~~~
src/opt/eslim/eSLIM.cpp:296:5: note: in instantiation of member function 'eSLIM::eSLIMRun<eSLIM::WindowMan<eSLIM::AreaMinimizer, eSLIM::RandomizedBFSSelection<eSLIM::SubcircuitValidator, eSLIM::TabooRootSelector, eSLIM::ForwardSearch>>, eSLIM::DeepsynInprocessor>::printLog' requested here
  296 |     printLog();
      |     ^
src/opt/eslim/eSLIM.cpp:215:15: note: in instantiation of member function 'eSLIM::eSLIMRun<eSLIM::WindowMan<eSLIM::AreaMinimizer, eSLIM::RandomizedBFSSelection<eSLIM::SubcircuitValidator, eSLIM::TabooRootSelector, eSLIM::ForwardSearch>>, eSLIM::DeepsynInprocessor>::run' requested here
  215 |     eslim_run.run();
      |               ^
src/opt/eslim/eSLIM.cpp:513:45: note: in instantiation of member function 'eSLIM::eSLIMRun<eSLIM::WindowMan<eSLIM::AreaMinimizer, eSLIM::RandomizedBFSSelection<eSLIM::SubcircuitValidator, eSLIM::TabooRootSelector, eSLIM::ForwardSearch>>, eSLIM::DeepsynInprocessor>::runeSLIM' requested here
  513 |     return eSLIMRun<Approach, Inprocessor>::runeSLIM(cir, params); 
      |                                             ^
src/opt/eslim/eSLIM.cpp:519:14: note: in instantiation of function template specialization 'eSLIM::runeSLIM<Gia_Man_t_, eSLIM::DeepsynInprocessor, eSLIM::AreaMinimizer, eSLIM::WindowMan<eSLIM::AreaMinimizer, eSLIM::RandomizedBFSSelection<eSLIM::SubcircuitValidator, eSLIM::TabooRootSelector, eSLIM::ForwardSearch>>>' requested here
  519 |       return runeSLIM<Circuitrepresentation, Inprocessor, Minimizer, WindowMan<Minimizer, RandomizedBFSSelection<Validator, RootSelector, SearchDirection, BiasSelector>>>(cir, params);
      |              ^
src/opt/eslim/eSLIM.cpp:529:14: note: in instantiation of function template specialization 'eSLIM::toggleWindowing<Gia_Man_t_, eSLIM::DeepsynInprocessor, eSLIM::AreaMinimizer, eSLIM::SubcircuitValidator, eSLIM::ForwardSearch, eSLIM::NoBiasSelector, eSLIM::TabooRootSelector>' requested here
  529 |       return toggleWindowing<Circuitrepresentation, Inprocessor, Minimizer, Validator, SearchDirection, BiasSelector, TabooRootSelector>(cir, params);
      |              ^
src/opt/eslim/eSLIM.cpp:540:14: note: in instantiation of function template specialization 'eSLIM::setTabooApproach<Gia_Man_t_, eSLIM::DeepsynInprocessor, eSLIM::AreaMinimizer, eSLIM::SubcircuitValidator, eSLIM::ForwardSearch, eSLIM::NoBiasSelector>' requested here
  540 |       return setTabooApproach<Circuitrepresentation, Inprocessor, Minimizer, Validator, SearchDirection, NoBiasSelector>(cir, params);
      |              ^
src/opt/eslim/eSLIM.cpp:549:14: note: in instantiation of function template specialization 'eSLIM::setBiasApproach<Gia_Man_t_, eSLIM::DeepsynInprocessor, eSLIM::AreaMinimizer, eSLIM::SubcircuitValidator, eSLIM::ForwardSearch>' requested here
  549 |       return setBiasApproach<Circuitrepresentation, Inprocessor, Minimizer, Validator, ForwardSearch>(cir, params);
      |              ^
src/opt/eslim/eSLIM.cpp:561:20: note: in instantiation of function template specialization 'eSLIM::setSearchDirection<Gia_Man_t_, eSLIM::DeepsynInprocessor, eSLIM::AreaMinimizer, eSLIM::SubcircuitValidator>' requested here
  561 |             return setSearchDirection<Circuitrepresentation, DeepsynInprocessor, AreaMinimizer, SubcircuitValidator>(cir, params);
      |                    ^
src/opt/eslim/eSLIM.cpp:601:17: note: in instantiation of function template specialization 'eSLIM::setMinimizer<Gia_Man_t_>' requested here
  601 |   return eSLIM::setMinimizer(cir, params);
      |                 ^
src/opt/eslim/eSLIM.cpp:610:10: note: in instantiation of function template specialization 'runeSLIM<Gia_Man_t_>' requested here
  610 |   return runeSLIM(pGia, params);
      |          ^
src/opt/eslim/eSLIM.cpp:357:13: warning: format specifies type 'unsigned long' but the argument has type 'ABC_UINT64_T' (aka 'unsigned long long') [-Wformat]
  356 |       printf("Synthesis: #SAT-calls: %lu, Total SAT-time: %.2f sec, Max SAT-time: %.4f sec, Avg. SAT-time: %.4f sec\n",  
      |                                      ~~~
      |                                      %llu
  357 |             log.nof_sat_calls_synthesis, log.cummulative_sat_runtime_synthesis / 1000, log.max_sat_runtime_synthesis / 1000,
      |             ^~~~~~~~~~~~~~~~~~~~~~~~~~~
src/opt/eslim/eSLIM.cpp:354:13: warning: format specifies type 'unsigned long' but the argument has type 'ABC_UINT64_T' (aka 'unsigned long long') [-Wformat]
  353 |       printf("Relation generation: #SAT-calls: %lu, Total SAT-time: %.2f sec, Max SAT-time: %.4f sec, Avg. SAT-time: %.4f sec\n",  
      |                                                ~~~
      |                                                %llu
  354 |             log.nof_sat_calls_relation_generation, log.cummulative_sat_runtime_relation_generation, log.max_sat_runtime_relation_generation, 
      |             ^~~~~~~~~~~~~~~~~~~~~~~~~~~~~~~~~~~~~
src/opt/eslim/eSLIM.cpp:296:5: note: in instantiation of member function 'eSLIM::eSLIMRun<eSLIM::eSLIM_Man<eSLIM::AreaMinimizer, eSLIM::RandomizedBFSSelection<eSLIM::SubcircuitValidator, eSLIM::TabooRootSelector, eSLIM::ForwardSearch>>, eSLIM::DeepsynInprocessor>::printLog' requested here
  296 |     printLog();
      |     ^
src/opt/eslim/eSLIM.cpp:215:15: note: in instantiation of member function 'eSLIM::eSLIMRun<eSLIM::eSLIM_Man<eSLIM::AreaMinimizer, eSLIM::RandomizedBFSSelection<eSLIM::SubcircuitValidator, eSLIM::TabooRootSelector, eSLIM::ForwardSearch>>, eSLIM::DeepsynInprocessor>::run' requested here
  215 |     eslim_run.run();
      |               ^
src/opt/eslim/eSLIM.cpp:513:45: note: in instantiation of member function 'eSLIM::eSLIMRun<eSLIM::eSLIM_Man<eSLIM::AreaMinimizer, eSLIM::RandomizedBFSSelection<eSLIM::SubcircuitValidator, eSLIM::TabooRootSelector, eSLIM::ForwardSearch>>, eSLIM::DeepsynInprocessor>::runeSLIM' requested here
  513 |     return eSLIMRun<Approach, Inprocessor>::runeSLIM(cir, params); 
      |                                             ^
src/opt/eslim/eSLIM.cpp:521:14: note: in instantiation of function template specialization 'eSLIM::runeSLIM<Gia_Man_t_, eSLIM::DeepsynInprocessor, eSLIM::AreaMinimizer, eSLIM::eSLIM_Man<eSLIM::AreaMinimizer, eSLIM::RandomizedBFSSelection<eSLIM::SubcircuitValidator, eSLIM::TabooRootSelector, eSLIM::ForwardSearch>>>' requested here
  521 |       return runeSLIM<Circuitrepresentation, Inprocessor, Minimizer, eSLIM_Man<Minimizer, RandomizedBFSSelection<Validator, RootSelector, SearchDirection, BiasSelector>>>(cir, params);
      |              ^
src/opt/eslim/eSLIM.cpp:529:14: note: in instantiation of function template specialization 'eSLIM::toggleWindowing<Gia_Man_t_, eSLIM::DeepsynInprocessor, eSLIM::AreaMinimizer, eSLIM::SubcircuitValidator, eSLIM::ForwardSearch, eSLIM::NoBiasSelector, eSLIM::TabooRootSelector>' requested here
  529 |       return toggleWindowing<Circuitrepresentation, Inprocessor, Minimizer, Validator, SearchDirection, BiasSelector, TabooRootSelector>(cir, params);
      |              ^
src/opt/eslim/eSLIM.cpp:540:14: note: in instantiation of function template specialization 'eSLIM::setTabooApproach<Gia_Man_t_, eSLIM::DeepsynInprocessor, eSLIM::AreaMinimizer, eSLIM::SubcircuitValidator, eSLIM::ForwardSearch, eSLIM::NoBiasSelector>' requested here
  540 |       return setTabooApproach<Circuitrepresentation, Inprocessor, Minimizer, Validator, SearchDirection, NoBiasSelector>(cir, params);
      |              ^
src/opt/eslim/eSLIM.cpp:549:14: note: in instantiation of function template specialization 'eSLIM::setBiasApproach<Gia_Man_t_, eSLIM::DeepsynInprocessor, eSLIM::AreaMinimizer, eSLIM::SubcircuitValidator, eSLIM::ForwardSearch>' requested here
  549 |       return setBiasApproach<Circuitrepresentation, Inprocessor, Minimizer, Validator, ForwardSearch>(cir, params);
      |              ^
src/opt/eslim/eSLIM.cpp:561:20: note: in instantiation of function template specialization 'eSLIM::setSearchDirection<Gia_Man_t_, eSLIM::DeepsynInprocessor, eSLIM::AreaMinimizer, eSLIM::SubcircuitValidator>' requested here
  561 |             return setSearchDirection<Circuitrepresentation, DeepsynInprocessor, AreaMinimizer, SubcircuitValidator>(cir, params);
      |                    ^
src/opt/eslim/eSLIM.cpp:601:17: note: in instantiation of function template specialization 'eSLIM::setMinimizer<Gia_Man_t_>' requested here
  601 |   return eSLIM::setMinimizer(cir, params);
      |                 ^
src/opt/eslim/eSLIM.cpp:610:10: note: in instantiation of function template specialization 'runeSLIM<Gia_Man_t_>' requested here
  610 |   return runeSLIM(pGia, params);
      |          ^
src/opt/eslim/eSLIM.cpp:357:13: warning: format specifies type 'unsigned long' but the argument has type 'ABC_UINT64_T' (aka 'unsigned long long') [-Wformat]
  356 |       printf("Synthesis: #SAT-calls: %lu, Total SAT-time: %.2f sec, Max SAT-time: %.4f sec, Avg. SAT-time: %.4f sec\n",  
      |                                      ~~~
      |                                      %llu
  357 |             log.nof_sat_calls_synthesis, log.cummulative_sat_runtime_synthesis / 1000, log.max_sat_runtime_synthesis / 1000,
      |             ^~~~~~~~~~~~~~~~~~~~~~~~~~~
src/opt/eslim/eSLIM.cpp:354:13: warning: format specifies type 'unsigned long' but the argument has type 'ABC_UINT64_T' (aka 'unsigned long long') [-Wformat]
  353 |       printf("Relation generation: #SAT-calls: %lu, Total SAT-time: %.2f sec, Max SAT-time: %.4f sec, Avg. SAT-time: %.4f sec\n",  
      |                                                ~~~
      |                                                %llu
  354 |             log.nof_sat_calls_relation_generation, log.cummulative_sat_runtime_relation_generation, log.max_sat_runtime_relation_generation, 
      |             ^~~~~~~~~~~~~~~~~~~~~~~~~~~~~~~~~~~~~
src/opt/eslim/eSLIM.cpp:296:5: note: in instantiation of member function 'eSLIM::eSLIMRun<eSLIM::WindowMan<eSLIM::AreaMinimizer, eSLIM::RandomizedBFSSelection<eSLIM::SubcircuitValidator, eSLIM::BaseRootSelector, eSLIM::ForwardSearch>>, eSLIM::DeepsynInprocessor>::printLog' requested here
  296 |     printLog();
      |     ^
src/opt/eslim/eSLIM.cpp:215:15: note: in instantiation of member function 'eSLIM::eSLIMRun<eSLIM::WindowMan<eSLIM::AreaMinimizer, eSLIM::RandomizedBFSSelection<eSLIM::SubcircuitValidator, eSLIM::BaseRootSelector, eSLIM::ForwardSearch>>, eSLIM::DeepsynInprocessor>::run' requested here
  215 |     eslim_run.run();
      |               ^
src/opt/eslim/eSLIM.cpp:513:45: note: in instantiation of member function 'eSLIM::eSLIMRun<eSLIM::WindowMan<eSLIM::AreaMinimizer, eSLIM::RandomizedBFSSelection<eSLIM::SubcircuitValidator, eSLIM::BaseRootSelector, eSLIM::ForwardSearch>>, eSLIM::DeepsynInprocessor>::runeSLIM' requested here
  513 |     return eSLIMRun<Approach, Inprocessor>::runeSLIM(cir, params); 
      |                                             ^
src/opt/eslim/eSLIM.cpp:519:14: note: in instantiation of function template specialization 'eSLIM::runeSLIM<Gia_Man_t_, eSLIM::DeepsynInprocessor, eSLIM::AreaMinimizer, eSLIM::WindowMan<eSLIM::AreaMinimizer, eSLIM::RandomizedBFSSelection<eSLIM::SubcircuitValidator, eSLIM::BaseRootSelector, eSLIM::ForwardSearch>>>' requested here
  519 |       return runeSLIM<Circuitrepresentation, Inprocessor, Minimizer, WindowMan<Minimizer, RandomizedBFSSelection<Validator, RootSelector, SearchDirection, BiasSelector>>>(cir, params);
      |              ^
src/opt/eslim/eSLIM.cpp:531:14: note: in instantiation of function template specialization 'eSLIM::toggleWindowing<Gia_Man_t_, eSLIM::DeepsynInprocessor, eSLIM::AreaMinimizer, eSLIM::SubcircuitValidator, eSLIM::ForwardSearch, eSLIM::NoBiasSelector, eSLIM::BaseRootSelector>' requested here
  531 |       return toggleWindowing<Circuitrepresentation, Inprocessor, Minimizer, Validator, SearchDirection, BiasSelector, BaseRootSelector>(cir, params);
      |              ^
src/opt/eslim/eSLIM.cpp:540:14: note: in instantiation of function template specialization 'eSLIM::setTabooApproach<Gia_Man_t_, eSLIM::DeepsynInprocessor, eSLIM::AreaMinimizer, eSLIM::SubcircuitValidator, eSLIM::ForwardSearch, eSLIM::NoBiasSelector>' requested here
  540 |       return setTabooApproach<Circuitrepresentation, Inprocessor, Minimizer, Validator, SearchDirection, NoBiasSelector>(cir, params);
      |              ^
src/opt/eslim/eSLIM.cpp:549:14: note: in instantiation of function template specialization 'eSLIM::setBiasApproach<Gia_Man_t_, eSLIM::DeepsynInprocessor, eSLIM::AreaMinimizer, eSLIM::SubcircuitValidator, eSLIM::ForwardSearch>' requested here
  549 |       return setBiasApproach<Circuitrepresentation, Inprocessor, Minimizer, Validator, ForwardSearch>(cir, params);
      |              ^
src/opt/eslim/eSLIM.cpp:561:20: note: in instantiation of function template specialization 'eSLIM::setSearchDirection<Gia_Man_t_, eSLIM::DeepsynInprocessor, eSLIM::AreaMinimizer, eSLIM::SubcircuitValidator>' requested here
  561 |             return setSearchDirection<Circuitrepresentation, DeepsynInprocessor, AreaMinimizer, SubcircuitValidator>(cir, params);
      |                    ^
src/opt/eslim/eSLIM.cpp:601:17: note: in instantiation of function template specialization 'eSLIM::setMinimizer<Gia_Man_t_>' requested here
  601 |   return eSLIM::setMinimizer(cir, params);
      |                 ^
src/opt/eslim/eSLIM.cpp:610:10: note: in instantiation of function template specialization 'runeSLIM<Gia_Man_t_>' requested here
  610 |   return runeSLIM(pGia, params);
      |          ^
src/opt/eslim/eSLIM.cpp:357:13: warning: format specifies type 'unsigned long' but the argument has type 'ABC_UINT64_T' (aka 'unsigned long long') [-Wformat]
  356 |       printf("Synthesis: #SAT-calls: %lu, Total SAT-time: %.2f sec, Max SAT-time: %.4f sec, Avg. SAT-time: %.4f sec\n",  
      |                                      ~~~
      |                                      %llu
  357 |             log.nof_sat_calls_synthesis, log.cummulative_sat_runtime_synthesis / 1000, log.max_sat_runtime_synthesis / 1000,
      |             ^~~~~~~~~~~~~~~~~~~~~~~~~~~
src/opt/eslim/eSLIM.cpp:354:13: warning: format specifies type 'unsigned long' but the argument has type 'ABC_UINT64_T' (aka 'unsigned long long') [-Wformat]
  353 |       printf("Relation generation: #SAT-calls: %lu, Total SAT-time: %.2f sec, Max SAT-time: %.4f sec, Avg. SAT-time: %.4f sec\n",  
      |                                                ~~~
      |                                                %llu
  354 |             log.nof_sat_calls_relation_generation, log.cummulative_sat_runtime_relation_generation, log.max_sat_runtime_relation_generation, 
      |             ^~~~~~~~~~~~~~~~~~~~~~~~~~~~~~~~~~~~~
src/opt/eslim/eSLIM.cpp:296:5: note: in instantiation of member function 'eSLIM::eSLIMRun<eSLIM::eSLIM_Man<eSLIM::AreaMinimizer, eSLIM::RandomizedBFSSelection<eSLIM::SubcircuitValidator, eSLIM::BaseRootSelector, eSLIM::ForwardSearch>>, eSLIM::DeepsynInprocessor>::printLog' requested here
  296 |     printLog();
      |     ^
src/opt/eslim/eSLIM.cpp:215:15: note: in instantiation of member function 'eSLIM::eSLIMRun<eSLIM::eSLIM_Man<eSLIM::AreaMinimizer, eSLIM::RandomizedBFSSelection<eSLIM::SubcircuitValidator, eSLIM::BaseRootSelector, eSLIM::ForwardSearch>>, eSLIM::DeepsynInprocessor>::run' requested here
  215 |     eslim_run.run();
      |               ^
src/opt/eslim/eSLIM.cpp:513:45: note: in instantiation of member function 'eSLIM::eSLIMRun<eSLIM::eSLIM_Man<eSLIM::AreaMinimizer, eSLIM::RandomizedBFSSelection<eSLIM::SubcircuitValidator, eSLIM::BaseRootSelector, eSLIM::ForwardSearch>>, eSLIM::DeepsynInprocessor>::runeSLIM' requested here
  513 |     return eSLIMRun<Approach, Inprocessor>::runeSLIM(cir, params); 
      |                                             ^
src/opt/eslim/eSLIM.cpp:521:14: note: in instantiation of function template specialization 'eSLIM::runeSLIM<Gia_Man_t_, eSLIM::DeepsynInprocessor, eSLIM::AreaMinimizer, eSLIM::eSLIM_Man<eSLIM::AreaMinimizer, eSLIM::RandomizedBFSSelection<eSLIM::SubcircuitValidator, eSLIM::BaseRootSelector, eSLIM::ForwardSearch>>>' requested here
  521 |       return runeSLIM<Circuitrepresentation, Inprocessor, Minimizer, eSLIM_Man<Minimizer, RandomizedBFSSelection<Validator, RootSelector, SearchDirection, BiasSelector>>>(cir, params);
      |              ^
src/opt/eslim/eSLIM.cpp:531:14: note: in instantiation of function template specialization 'eSLIM::toggleWindowing<Gia_Man_t_, eSLIM::DeepsynInprocessor, eSLIM::AreaMinimizer, eSLIM::SubcircuitValidator, eSLIM::ForwardSearch, eSLIM::NoBiasSelector, eSLIM::BaseRootSelector>' requested here
  531 |       return toggleWindowing<Circuitrepresentation, Inprocessor, Minimizer, Validator, SearchDirection, BiasSelector, BaseRootSelector>(cir, params);
      |              ^
src/opt/eslim/eSLIM.cpp:540:14: note: in instantiation of function template specialization 'eSLIM::setTabooApproach<Gia_Man_t_, eSLIM::DeepsynInprocessor, eSLIM::AreaMinimizer, eSLIM::SubcircuitValidator, eSLIM::ForwardSearch, eSLIM::NoBiasSelector>' requested here
  540 |       return setTabooApproach<Circuitrepresentation, Inprocessor, Minimizer, Validator, SearchDirection, NoBiasSelector>(cir, params);
      |              ^
src/opt/eslim/eSLIM.cpp:549:14: note: in instantiation of function template specialization 'eSLIM::setBiasApproach<Gia_Man_t_, eSLIM::DeepsynInprocessor, eSLIM::AreaMinimizer, eSLIM::SubcircuitValidator, eSLIM::ForwardSearch>' requested here
  549 |       return setBiasApproach<Circuitrepresentation, Inprocessor, Minimizer, Validator, ForwardSearch>(cir, params);
      |              ^
src/opt/eslim/eSLIM.cpp:561:20: note: in instantiation of function template specialization 'eSLIM::setSearchDirection<Gia_Man_t_, eSLIM::DeepsynInprocessor, eSLIM::AreaMinimizer, eSLIM::SubcircuitValidator>' requested here
  561 |             return setSearchDirection<Circuitrepresentation, DeepsynInprocessor, AreaMinimizer, SubcircuitValidator>(cir, params);
      |                    ^
src/opt/eslim/eSLIM.cpp:601:17: note: in instantiation of function template specialization 'eSLIM::setMinimizer<Gia_Man_t_>' requested here
  601 |   return eSLIM::setMinimizer(cir, params);
      |                 ^
src/opt/eslim/eSLIM.cpp:610:10: note: in instantiation of function template specialization 'runeSLIM<Gia_Man_t_>' requested here
  610 |   return runeSLIM(pGia, params);
      |          ^
src/opt/eslim/eSLIM.cpp:357:13: warning: format specifies type 'unsigned long' but the argument has type 'ABC_UINT64_T' (aka 'unsigned long long') [-Wformat]
  356 |       printf("Synthesis: #SAT-calls: %lu, Total SAT-time: %.2f sec, Max SAT-time: %.4f sec, Avg. SAT-time: %.4f sec\n",  
      |                                      ~~~
      |                                      %llu
  357 |             log.nof_sat_calls_synthesis, log.cummulative_sat_runtime_synthesis / 1000, log.max_sat_runtime_synthesis / 1000,
      |             ^~~~~~~~~~~~~~~~~~~~~~~~~~~
src/opt/eslim/eSLIM.cpp:354:13: warning: format specifies type 'unsigned long' but the argument has type 'ABC_UINT64_T' (aka 'unsigned long long') [-Wformat]
  353 |       printf("Relation generation: #SAT-calls: %lu, Total SAT-time: %.2f sec, Max SAT-time: %.4f sec, Avg. SAT-time: %.4f sec\n",  
      |                                                ~~~
      |                                                %llu
  354 |             log.nof_sat_calls_relation_generation, log.cummulative_sat_runtime_relation_generation, log.max_sat_runtime_relation_generation, 
      |             ^~~~~~~~~~~~~~~~~~~~~~~~~~~~~~~~~~~~~
src/opt/eslim/eSLIM.cpp:296:5: note: in instantiation of member function 'eSLIM::eSLIMRun<eSLIM::WindowMan<eSLIM::AreaMinimizer, eSLIM::RandomizedBFSSelection<eSLIM::SubcircuitValidator, eSLIM::CriticalPathSelector, eSLIM::BackwardSearch, eSLIM::CriticalPathBiasSelector>>, eSLIM::DeepsynInprocessor>::printLog' requested here
  296 |     printLog();
      |     ^
src/opt/eslim/eSLIM.cpp:215:15: note: in instantiation of member function 'eSLIM::eSLIMRun<eSLIM::WindowMan<eSLIM::AreaMinimizer, eSLIM::RandomizedBFSSelection<eSLIM::SubcircuitValidator, eSLIM::CriticalPathSelector, eSLIM::BackwardSearch, eSLIM::CriticalPathBiasSelector>>, eSLIM::DeepsynInprocessor>::run' requested here
  215 |     eslim_run.run();
      |               ^
src/opt/eslim/eSLIM.cpp:513:45: note: in instantiation of member function 'eSLIM::eSLIMRun<eSLIM::WindowMan<eSLIM::AreaMinimizer, eSLIM::RandomizedBFSSelection<eSLIM::SubcircuitValidator, eSLIM::CriticalPathSelector, eSLIM::BackwardSearch, eSLIM::CriticalPathBiasSelector>>, eSLIM::DeepsynInprocessor>::runeSLIM' requested here
  513 |     return eSLIMRun<Approach, Inprocessor>::runeSLIM(cir, params); 
      |                                             ^
src/opt/eslim/eSLIM.cpp:519:14: note: in instantiation of function template specialization 'eSLIM::runeSLIM<Gia_Man_t_, eSLIM::DeepsynInprocessor, eSLIM::AreaMinimizer, eSLIM::WindowMan<eSLIM::AreaMinimizer, eSLIM::RandomizedBFSSelection<eSLIM::SubcircuitValidator, eSLIM::CriticalPathSelector, eSLIM::BackwardSearch, eSLIM::CriticalPathBiasSelector>>>' requested here
  519 |       return runeSLIM<Circuitrepresentation, Inprocessor, Minimizer, WindowMan<Minimizer, RandomizedBFSSelection<Validator, RootSelector, SearchDirection, BiasSelector>>>(cir, params);
      |              ^
src/opt/eslim/eSLIM.cpp:538:14: note: in instantiation of function template specialization 'eSLIM::toggleWindowing<Gia_Man_t_, eSLIM::DeepsynInprocessor, eSLIM::AreaMinimizer, eSLIM::SubcircuitValidator, eSLIM::BackwardSearch, eSLIM::CriticalPathBiasSelector, eSLIM::CriticalPathSelector>' requested here
  538 |       return toggleWindowing<Circuitrepresentation, Inprocessor, Minimizer, Validator, SearchDirection, CriticalPathBiasSelector, CriticalPathSelector>(cir, params);
      |              ^
src/opt/eslim/eSLIM.cpp:551:14: note: in instantiation of function template specialization 'eSLIM::setBiasApproach<Gia_Man_t_, eSLIM::DeepsynInprocessor, eSLIM::AreaMinimizer, eSLIM::SubcircuitValidator, eSLIM::BackwardSearch>' requested here
  551 |       return setBiasApproach<Circuitrepresentation, Inprocessor, Minimizer, Validator, BackwardSearch>(cir, params);
      |              ^
src/opt/eslim/eSLIM.cpp:561:20: note: in instantiation of function template specialization 'eSLIM::setSearchDirection<Gia_Man_t_, eSLIM::DeepsynInprocessor, eSLIM::AreaMinimizer, eSLIM::SubcircuitValidator>' requested here
  561 |             return setSearchDirection<Circuitrepresentation, DeepsynInprocessor, AreaMinimizer, SubcircuitValidator>(cir, params);
      |                    ^
src/opt/eslim/eSLIM.cpp:601:17: note: in instantiation of function template specialization 'eSLIM::setMinimizer<Gia_Man_t_>' requested here
  601 |   return eSLIM::setMinimizer(cir, params);
      |                 ^
src/opt/eslim/eSLIM.cpp:610:10: note: in instantiation of function template specialization 'runeSLIM<Gia_Man_t_>' requested here
  610 |   return runeSLIM(pGia, params);
      |          ^
src/opt/eslim/eSLIM.cpp:357:13: warning: format specifies type 'unsigned long' but the argument has type 'ABC_UINT64_T' (aka 'unsigned long long') [-Wformat]
  356 |       printf("Synthesis: #SAT-calls: %lu, Total SAT-time: %.2f sec, Max SAT-time: %.4f sec, Avg. SAT-time: %.4f sec\n",  
      |                                      ~~~
      |                                      %llu
  357 |             log.nof_sat_calls_synthesis, log.cummulative_sat_runtime_synthesis / 1000, log.max_sat_runtime_synthesis / 1000,
      |             ^~~~~~~~~~~~~~~~~~~~~~~~~~~
src/opt/eslim/eSLIM.cpp:354:13: warning: format specifies type 'unsigned long' but the argument has type 'ABC_UINT64_T' (aka 'unsigned long long') [-Wformat]
  353 |       printf("Relation generation: #SAT-calls: %lu, Total SAT-time: %.2f sec, Max SAT-time: %.4f sec, Avg. SAT-time: %.4f sec\n",  
      |                                                ~~~
      |                                                %llu
  354 |             log.nof_sat_calls_relation_generation, log.cummulative_sat_runtime_relation_generation, log.max_sat_runtime_relation_generation, 
      |             ^~~~~~~~~~~~~~~~~~~~~~~~~~~~~~~~~~~~~
src/opt/eslim/eSLIM.cpp:296:5: note: in instantiation of member function 'eSLIM::eSLIMRun<eSLIM::eSLIM_Man<eSLIM::AreaMinimizer, eSLIM::RandomizedBFSSelection<eSLIM::SubcircuitValidator, eSLIM::CriticalPathSelector, eSLIM::BackwardSearch, eSLIM::CriticalPathBiasSelector>>, eSLIM::DeepsynInprocessor>::printLog' requested here
  296 |     printLog();
      |     ^
src/opt/eslim/eSLIM.cpp:215:15: note: in instantiation of member function 'eSLIM::eSLIMRun<eSLIM::eSLIM_Man<eSLIM::AreaMinimizer, eSLIM::RandomizedBFSSelection<eSLIM::SubcircuitValidator, eSLIM::CriticalPathSelector, eSLIM::BackwardSearch, eSLIM::CriticalPathBiasSelector>>, eSLIM::DeepsynInprocessor>::run' requested here
  215 |     eslim_run.run();
      |               ^
src/opt/eslim/eSLIM.cpp:513:45: note: in instantiation of member function 'eSLIM::eSLIMRun<eSLIM::eSLIM_Man<eSLIM::AreaMinimizer, eSLIM::RandomizedBFSSelection<eSLIM::SubcircuitValidator, eSLIM::CriticalPathSelector, eSLIM::BackwardSearch, eSLIM::CriticalPathBiasSelector>>, eSLIM::DeepsynInprocessor>::runeSLIM' requested here
  513 |     return eSLIMRun<Approach, Inprocessor>::runeSLIM(cir, params); 
      |                                             ^
src/opt/eslim/eSLIM.cpp:521:14: note: in instantiation of function template specialization 'eSLIM::runeSLIM<Gia_Man_t_, eSLIM::DeepsynInprocessor, eSLIM::AreaMinimizer, eSLIM::eSLIM_Man<eSLIM::AreaMinimizer, eSLIM::RandomizedBFSSelection<eSLIM::SubcircuitValidator, eSLIM::CriticalPathSelector, eSLIM::BackwardSearch, eSLIM::CriticalPathBiasSelector>>>' requested here
  521 |       return runeSLIM<Circuitrepresentation, Inprocessor, Minimizer, eSLIM_Man<Minimizer, RandomizedBFSSelection<Validator, RootSelector, SearchDirection, BiasSelector>>>(cir, params);
      |              ^
src/opt/eslim/eSLIM.cpp:538:14: note: in instantiation of function template specialization 'eSLIM::toggleWindowing<Gia_Man_t_, eSLIM::DeepsynInprocessor, eSLIM::AreaMinimizer, eSLIM::SubcircuitValidator, eSLIM::BackwardSearch, eSLIM::CriticalPathBiasSelector, eSLIM::CriticalPathSelector>' requested here
  538 |       return toggleWindowing<Circuitrepresentation, Inprocessor, Minimizer, Validator, SearchDirection, CriticalPathBiasSelector, CriticalPathSelector>(cir, params);
      |              ^
src/opt/eslim/eSLIM.cpp:551:14: note: in instantiation of function template specialization 'eSLIM::setBiasApproach<Gia_Man_t_, eSLIM::DeepsynInprocessor, eSLIM::AreaMinimizer, eSLIM::SubcircuitValidator, eSLIM::BackwardSearch>' requested here
  551 |       return setBiasApproach<Circuitrepresentation, Inprocessor, Minimizer, Validator, BackwardSearch>(cir, params);
      |              ^
src/opt/eslim/eSLIM.cpp:561:20: note: in instantiation of function template specialization 'eSLIM::setSearchDirection<Gia_Man_t_, eSLIM::DeepsynInprocessor, eSLIM::AreaMinimizer, eSLIM::SubcircuitValidator>' requested here
  561 |             return setSearchDirection<Circuitrepresentation, DeepsynInprocessor, AreaMinimizer, SubcircuitValidator>(cir, params);
      |                    ^
src/opt/eslim/eSLIM.cpp:601:17: note: in instantiation of function template specialization 'eSLIM::setMinimizer<Gia_Man_t_>' requested here
  601 |   return eSLIM::setMinimizer(cir, params);
      |                 ^
src/opt/eslim/eSLIM.cpp:610:10: note: in instantiation of function template specialization 'runeSLIM<Gia_Man_t_>' requested here
  610 |   return runeSLIM(pGia, params);
      |          ^
src/opt/eslim/eSLIM.cpp:357:13: warning: format specifies type 'unsigned long' but the argument has type 'ABC_UINT64_T' (aka 'unsigned long long') [-Wformat]
  356 |       printf("Synthesis: #SAT-calls: %lu, Total SAT-time: %.2f sec, Max SAT-time: %.4f sec, Avg. SAT-time: %.4f sec\n",  
      |                                      ~~~
      |                                      %llu
  357 |             log.nof_sat_calls_synthesis, log.cummulative_sat_runtime_synthesis / 1000, log.max_sat_runtime_synthesis / 1000,
      |             ^~~~~~~~~~~~~~~~~~~~~~~~~~~
src/opt/eslim/eSLIM.cpp:354:13: warning: format specifies type 'unsigned long' but the argument has type 'ABC_UINT64_T' (aka 'unsigned long long') [-Wformat]
  353 |       printf("Relation generation: #SAT-calls: %lu, Total SAT-time: %.2f sec, Max SAT-time: %.4f sec, Avg. SAT-time: %.4f sec\n",  
      |                                                ~~~
      |                                                %llu
  354 |             log.nof_sat_calls_relation_generation, log.cummulative_sat_runtime_relation_generation, log.max_sat_runtime_relation_generation, 
      |             ^~~~~~~~~~~~~~~~~~~~~~~~~~~~~~~~~~~~~
src/opt/eslim/eSLIM.cpp:296:5: note: in instantiation of member function 'eSLIM::eSLIMRun<eSLIM::WindowMan<eSLIM::AreaMinimizer, eSLIM::RandomizedBFSSelection<eSLIM::SubcircuitValidator, eSLIM::TabooRootSelector, eSLIM::BackwardSearch>>, eSLIM::DeepsynInprocessor>::printLog' requested here
  296 |     printLog();
      |     ^
src/opt/eslim/eSLIM.cpp:215:15: note: in instantiation of member function 'eSLIM::eSLIMRun<eSLIM::WindowMan<eSLIM::AreaMinimizer, eSLIM::RandomizedBFSSelection<eSLIM::SubcircuitValidator, eSLIM::TabooRootSelector, eSLIM::BackwardSearch>>, eSLIM::DeepsynInprocessor>::run' requested here
  215 |     eslim_run.run();
      |               ^
src/opt/eslim/eSLIM.cpp:513:45: note: in instantiation of member function 'eSLIM::eSLIMRun<eSLIM::WindowMan<eSLIM::AreaMinimizer, eSLIM::RandomizedBFSSelection<eSLIM::SubcircuitValidator, eSLIM::TabooRootSelector, eSLIM::BackwardSearch>>, eSLIM::DeepsynInprocessor>::runeSLIM' requested here
  513 |     return eSLIMRun<Approach, Inprocessor>::runeSLIM(cir, params); 
      |                                             ^
src/opt/eslim/eSLIM.cpp:519:14: note: in instantiation of function template specialization 'eSLIM::runeSLIM<Gia_Man_t_, eSLIM::DeepsynInprocessor, eSLIM::AreaMinimizer, eSLIM::WindowMan<eSLIM::AreaMinimizer, eSLIM::RandomizedBFSSelection<eSLIM::SubcircuitValidator, eSLIM::TabooRootSelector, eSLIM::BackwardSearch>>>' requested here
  519 |       return runeSLIM<Circuitrepresentation, Inprocessor, Minimizer, WindowMan<Minimizer, RandomizedBFSSelection<Validator, RootSelector, SearchDirection, BiasSelector>>>(cir, params);
      |              ^
src/opt/eslim/eSLIM.cpp:529:14: note: in instantiation of function template specialization 'eSLIM::toggleWindowing<Gia_Man_t_, eSLIM::DeepsynInprocessor, eSLIM::AreaMinimizer, eSLIM::SubcircuitValidator, eSLIM::BackwardSearch, eSLIM::NoBiasSelector, eSLIM::TabooRootSelector>' requested here
  529 |       return toggleWindowing<Circuitrepresentation, Inprocessor, Minimizer, Validator, SearchDirection, BiasSelector, TabooRootSelector>(cir, params);
      |              ^
src/opt/eslim/eSLIM.cpp:540:14: note: in instantiation of function template specialization 'eSLIM::setTabooApproach<Gia_Man_t_, eSLIM::DeepsynInprocessor, eSLIM::AreaMinimizer, eSLIM::SubcircuitValidator, eSLIM::BackwardSearch, eSLIM::NoBiasSelector>' requested here
  540 |       return setTabooApproach<Circuitrepresentation, Inprocessor, Minimizer, Validator, SearchDirection, NoBiasSelector>(cir, params);
      |              ^
src/opt/eslim/eSLIM.cpp:551:14: note: in instantiation of function template specialization 'eSLIM::setBiasApproach<Gia_Man_t_, eSLIM::DeepsynInprocessor, eSLIM::AreaMinimizer, eSLIM::SubcircuitValidator, eSLIM::BackwardSearch>' requested here
  551 |       return setBiasApproach<Circuitrepresentation, Inprocessor, Minimizer, Validator, BackwardSearch>(cir, params);
      |              ^
src/opt/eslim/eSLIM.cpp:561:20: note: in instantiation of function template specialization 'eSLIM::setSearchDirection<Gia_Man_t_, eSLIM::DeepsynInprocessor, eSLIM::AreaMinimizer, eSLIM::SubcircuitValidator>' requested here
  561 |             return setSearchDirection<Circuitrepresentation, DeepsynInprocessor, AreaMinimizer, SubcircuitValidator>(cir, params);
      |                    ^
src/opt/eslim/eSLIM.cpp:601:17: note: in instantiation of function template specialization 'eSLIM::setMinimizer<Gia_Man_t_>' requested here
  601 |   return eSLIM::setMinimizer(cir, params);
      |                 ^
src/opt/eslim/eSLIM.cpp:610:10: note: in instantiation of function template specialization 'runeSLIM<Gia_Man_t_>' requested here
  610 |   return runeSLIM(pGia, params);
      |          ^
src/opt/eslim/eSLIM.cpp:357:13: warning: format specifies type 'unsigned long' but the argument has type 'ABC_UINT64_T' (aka 'unsigned long long') [-Wformat]
  356 |       printf("Synthesis: #SAT-calls: %lu, Total SAT-time: %.2f sec, Max SAT-time: %.4f sec, Avg. SAT-time: %.4f sec\n",  
      |                                      ~~~
      |                                      %llu
  357 |             log.nof_sat_calls_synthesis, log.cummulative_sat_runtime_synthesis / 1000, log.max_sat_runtime_synthesis / 1000,
      |             ^~~~~~~~~~~~~~~~~~~~~~~~~~~
src/opt/eslim/eSLIM.cpp:354:13: warning: format specifies type 'unsigned long' but the argument has type 'ABC_UINT64_T' (aka 'unsigned long long') [-Wformat]
  353 |       printf("Relation generation: #SAT-calls: %lu, Total SAT-time: %.2f sec, Max SAT-time: %.4f sec, Avg. SAT-time: %.4f sec\n",  
      |                                                ~~~
      |                                                %llu
  354 |             log.nof_sat_calls_relation_generation, log.cummulative_sat_runtime_relation_generation, log.max_sat_runtime_relation_generation, 
      |             ^~~~~~~~~~~~~~~~~~~~~~~~~~~~~~~~~~~~~
src/opt/eslim/eSLIM.cpp:296:5: note: in instantiation of member function 'eSLIM::eSLIMRun<eSLIM::eSLIM_Man<eSLIM::AreaMinimizer, eSLIM::RandomizedBFSSelection<eSLIM::SubcircuitValidator, eSLIM::TabooRootSelector, eSLIM::BackwardSearch>>, eSLIM::DeepsynInprocessor>::printLog' requested here
  296 |     printLog();
      |     ^
src/opt/eslim/eSLIM.cpp:215:15: note: in instantiation of member function 'eSLIM::eSLIMRun<eSLIM::eSLIM_Man<eSLIM::AreaMinimizer, eSLIM::RandomizedBFSSelection<eSLIM::SubcircuitValidator, eSLIM::TabooRootSelector, eSLIM::BackwardSearch>>, eSLIM::DeepsynInprocessor>::run' requested here
  215 |     eslim_run.run();
      |               ^
src/opt/eslim/eSLIM.cpp:513:45: note: in instantiation of member function 'eSLIM::eSLIMRun<eSLIM::eSLIM_Man<eSLIM::AreaMinimizer, eSLIM::RandomizedBFSSelection<eSLIM::SubcircuitValidator, eSLIM::TabooRootSelector, eSLIM::BackwardSearch>>, eSLIM::DeepsynInprocessor>::runeSLIM' requested here
  513 |     return eSLIMRun<Approach, Inprocessor>::runeSLIM(cir, params); 
      |                                             ^
src/opt/eslim/eSLIM.cpp:521:14: note: in instantiation of function template specialization 'eSLIM::runeSLIM<Gia_Man_t_, eSLIM::DeepsynInprocessor, eSLIM::AreaMinimizer, eSLIM::eSLIM_Man<eSLIM::AreaMinimizer, eSLIM::RandomizedBFSSelection<eSLIM::SubcircuitValidator, eSLIM::TabooRootSelector, eSLIM::BackwardSearch>>>' requested here
  521 |       return runeSLIM<Circuitrepresentation, Inprocessor, Minimizer, eSLIM_Man<Minimizer, RandomizedBFSSelection<Validator, RootSelector, SearchDirection, BiasSelector>>>(cir, params);
      |              ^
src/opt/eslim/eSLIM.cpp:529:14: note: in instantiation of function template specialization 'eSLIM::toggleWindowing<Gia_Man_t_, eSLIM::DeepsynInprocessor, eSLIM::AreaMinimizer, eSLIM::SubcircuitValidator, eSLIM::BackwardSearch, eSLIM::NoBiasSelector, eSLIM::TabooRootSelector>' requested here
  529 |       return toggleWindowing<Circuitrepresentation, Inprocessor, Minimizer, Validator, SearchDirection, BiasSelector, TabooRootSelector>(cir, params);
      |              ^
src/opt/eslim/eSLIM.cpp:540:14: note: in instantiation of function template specialization 'eSLIM::setTabooApproach<Gia_Man_t_, eSLIM::DeepsynInprocessor, eSLIM::AreaMinimizer, eSLIM::SubcircuitValidator, eSLIM::BackwardSearch, eSLIM::NoBiasSelector>' requested here
  540 |       return setTabooApproach<Circuitrepresentation, Inprocessor, Minimizer, Validator, SearchDirection, NoBiasSelector>(cir, params);
      |              ^
src/opt/eslim/eSLIM.cpp:551:14: note: in instantiation of function template specialization 'eSLIM::setBiasApproach<Gia_Man_t_, eSLIM::DeepsynInprocessor, eSLIM::AreaMinimizer, eSLIM::SubcircuitValidator, eSLIM::BackwardSearch>' requested here
  551 |       return setBiasApproach<Circuitrepresentation, Inprocessor, Minimizer, Validator, BackwardSearch>(cir, params);
      |              ^
src/opt/eslim/eSLIM.cpp:561:20: note: in instantiation of function template specialization 'eSLIM::setSearchDirection<Gia_Man_t_, eSLIM::DeepsynInprocessor, eSLIM::AreaMinimizer, eSLIM::SubcircuitValidator>' requested here
  561 |             return setSearchDirection<Circuitrepresentation, DeepsynInprocessor, AreaMinimizer, SubcircuitValidator>(cir, params);
      |                    ^
src/opt/eslim/eSLIM.cpp:601:17: note: in instantiation of function template specialization 'eSLIM::setMinimizer<Gia_Man_t_>' requested here
  601 |   return eSLIM::setMinimizer(cir, params);
      |                 ^
src/opt/eslim/eSLIM.cpp:610:10: note: in instantiation of function template specialization 'runeSLIM<Gia_Man_t_>' requested here
  610 |   return runeSLIM(pGia, params);
      |          ^
src/opt/eslim/eSLIM.cpp:357:13: warning: format specifies type 'unsigned long' but the argument has type 'ABC_UINT64_T' (aka 'unsigned long long') [-Wformat]
  356 |       printf("Synthesis: #SAT-calls: %lu, Total SAT-time: %.2f sec, Max SAT-time: %.4f sec, Avg. SAT-time: %.4f sec\n",  
      |                                      ~~~
      |                                      %llu
  357 |             log.nof_sat_calls_synthesis, log.cummulative_sat_runtime_synthesis / 1000, log.max_sat_runtime_synthesis / 1000,
      |             ^~~~~~~~~~~~~~~~~~~~~~~~~~~
src/opt/eslim/eSLIM.cpp:354:13: warning: format specifies type 'unsigned long' but the argument has type 'ABC_UINT64_T' (aka 'unsigned long long') [-Wformat]
  353 |       printf("Relation generation: #SAT-calls: %lu, Total SAT-time: %.2f sec, Max SAT-time: %.4f sec, Avg. SAT-time: %.4f sec\n",  
      |                                                ~~~
      |                                                %llu
  354 |             log.nof_sat_calls_relation_generation, log.cummulative_sat_runtime_relation_generation, log.max_sat_runtime_relation_generation, 
      |             ^~~~~~~~~~~~~~~~~~~~~~~~~~~~~~~~~~~~~
src/opt/eslim/eSLIM.cpp:296:5: note: in instantiation of member function 'eSLIM::eSLIMRun<eSLIM::WindowMan<eSLIM::AreaMinimizer, eSLIM::RandomizedBFSSelection<eSLIM::SubcircuitValidator, eSLIM::BaseRootSelector, eSLIM::BackwardSearch>>, eSLIM::DeepsynInprocessor>::printLog' requested here
  296 |     printLog();
      |     ^
src/opt/eslim/eSLIM.cpp:215:15: note: in instantiation of member function 'eSLIM::eSLIMRun<eSLIM::WindowMan<eSLIM::AreaMinimizer, eSLIM::RandomizedBFSSelection<eSLIM::SubcircuitValidator, eSLIM::BaseRootSelector, eSLIM::BackwardSearch>>, eSLIM::DeepsynInprocessor>::run' requested here
  215 |     eslim_run.run();
      |               ^
src/opt/eslim/eSLIM.cpp:513:45: note: in instantiation of member function 'eSLIM::eSLIMRun<eSLIM::WindowMan<eSLIM::AreaMinimizer, eSLIM::RandomizedBFSSelection<eSLIM::SubcircuitValidator, eSLIM::BaseRootSelector, eSLIM::BackwardSearch>>, eSLIM::DeepsynInprocessor>::runeSLIM' requested here
  513 |     return eSLIMRun<Approach, Inprocessor>::runeSLIM(cir, params); 
      |                                             ^
src/opt/eslim/eSLIM.cpp:519:14: note: in instantiation of function template specialization 'eSLIM::runeSLIM<Gia_Man_t_, eSLIM::DeepsynInprocessor, eSLIM::AreaMinimizer, eSLIM::WindowMan<eSLIM::AreaMinimizer, eSLIM::RandomizedBFSSelection<eSLIM::SubcircuitValidator, eSLIM::BaseRootSelector, eSLIM::BackwardSearch>>>' requested here
  519 |       return runeSLIM<Circuitrepresentation, Inprocessor, Minimizer, WindowMan<Minimizer, RandomizedBFSSelection<Validator, RootSelector, SearchDirection, BiasSelector>>>(cir, params);
      |              ^
src/opt/eslim/eSLIM.cpp:531:14: note: in instantiation of function template specialization 'eSLIM::toggleWindowing<Gia_Man_t_, eSLIM::DeepsynInprocessor, eSLIM::AreaMinimizer, eSLIM::SubcircuitValidator, eSLIM::BackwardSearch, eSLIM::NoBiasSelector, eSLIM::BaseRootSelector>' requested here
  531 |       return toggleWindowing<Circuitrepresentation, Inprocessor, Minimizer, Validator, SearchDirection, BiasSelector, BaseRootSelector>(cir, params);
      |              ^
src/opt/eslim/eSLIM.cpp:540:14: note: in instantiation of function template specialization 'eSLIM::setTabooApproach<Gia_Man_t_, eSLIM::DeepsynInprocessor, eSLIM::AreaMinimizer, eSLIM::SubcircuitValidator, eSLIM::BackwardSearch, eSLIM::NoBiasSelector>' requested here
  540 |       return setTabooApproach<Circuitrepresentation, Inprocessor, Minimizer, Validator, SearchDirection, NoBiasSelector>(cir, params);
      |              ^
src/opt/eslim/eSLIM.cpp:551:14: note: in instantiation of function template specialization 'eSLIM::setBiasApproach<Gia_Man_t_, eSLIM::DeepsynInprocessor, eSLIM::AreaMinimizer, eSLIM::SubcircuitValidator, eSLIM::BackwardSearch>' requested here
  551 |       return setBiasApproach<Circuitrepresentation, Inprocessor, Minimizer, Validator, BackwardSearch>(cir, params);
      |              ^
src/opt/eslim/eSLIM.cpp:561:20: note: in instantiation of function template specialization 'eSLIM::setSearchDirection<Gia_Man_t_, eSLIM::DeepsynInprocessor, eSLIM::AreaMinimizer, eSLIM::SubcircuitValidator>' requested here
  561 |             return setSearchDirection<Circuitrepresentation, DeepsynInprocessor, AreaMinimizer, SubcircuitValidator>(cir, params);
      |                    ^
src/opt/eslim/eSLIM.cpp:601:17: note: in instantiation of function template specialization 'eSLIM::setMinimizer<Gia_Man_t_>' requested here
  601 |   return eSLIM::setMinimizer(cir, params);
      |                 ^
src/opt/eslim/eSLIM.cpp:610:10: note: in instantiation of function template specialization 'runeSLIM<Gia_Man_t_>' requested here
  610 |   return runeSLIM(pGia, params);
      |          ^
src/opt/eslim/eSLIM.cpp:357:13: warning: format specifies type 'unsigned long' but the argument has type 'ABC_UINT64_T' (aka 'unsigned long long') [-Wformat]
  356 |       printf("Synthesis: #SAT-calls: %lu, Total SAT-time: %.2f sec, Max SAT-time: %.4f sec, Avg. SAT-time: %.4f sec\n",  
      |                                      ~~~
      |                                      %llu
  357 |             log.nof_sat_calls_synthesis, log.cummulative_sat_runtime_synthesis / 1000, log.max_sat_runtime_synthesis / 1000,
      |             ^~~~~~~~~~~~~~~~~~~~~~~~~~~
src/opt/eslim/eSLIM.cpp:354:13: warning: format specifies type 'unsigned long' but the argument has type 'ABC_UINT64_T' (aka 'unsigned long long') [-Wformat]
  353 |       printf("Relation generation: #SAT-calls: %lu, Total SAT-time: %.2f sec, Max SAT-time: %.4f sec, Avg. SAT-time: %.4f sec\n",  
      |                                                ~~~
      |                                                %llu
  354 |             log.nof_sat_calls_relation_generation, log.cummulative_sat_runtime_relation_generation, log.max_sat_runtime_relation_generation, 
      |             ^~~~~~~~~~~~~~~~~~~~~~~~~~~~~~~~~~~~~
src/opt/eslim/eSLIM.cpp:296:5: note: in instantiation of member function 'eSLIM::eSLIMRun<eSLIM::eSLIM_Man<eSLIM::AreaMinimizer, eSLIM::RandomizedBFSSelection<eSLIM::SubcircuitValidator, eSLIM::BaseRootSelector, eSLIM::BackwardSearch>>, eSLIM::DeepsynInprocessor>::printLog' requested here
  296 |     printLog();
      |     ^
src/opt/eslim/eSLIM.cpp:215:15: note: in instantiation of member function 'eSLIM::eSLIMRun<eSLIM::eSLIM_Man<eSLIM::AreaMinimizer, eSLIM::RandomizedBFSSelection<eSLIM::SubcircuitValidator, eSLIM::BaseRootSelector, eSLIM::BackwardSearch>>, eSLIM::DeepsynInprocessor>::run' requested here
  215 |     eslim_run.run();
      |               ^
src/opt/eslim/eSLIM.cpp:513:45: note: in instantiation of member function 'eSLIM::eSLIMRun<eSLIM::eSLIM_Man<eSLIM::AreaMinimizer, eSLIM::RandomizedBFSSelection<eSLIM::SubcircuitValidator, eSLIM::BaseRootSelector, eSLIM::BackwardSearch>>, eSLIM::DeepsynInprocessor>::runeSLIM' requested here
  513 |     return eSLIMRun<Approach, Inprocessor>::runeSLIM(cir, params); 
      |                                             ^
src/opt/eslim/eSLIM.cpp:521:14: note: in instantiation of function template specialization 'eSLIM::runeSLIM<Gia_Man_t_, eSLIM::DeepsynInprocessor, eSLIM::AreaMinimizer, eSLIM::eSLIM_Man<eSLIM::AreaMinimizer, eSLIM::RandomizedBFSSelection<eSLIM::SubcircuitValidator, eSLIM::BaseRootSelector, eSLIM::BackwardSearch>>>' requested here
  521 |       return runeSLIM<Circuitrepresentation, Inprocessor, Minimizer, eSLIM_Man<Minimizer, RandomizedBFSSelection<Validator, RootSelector, SearchDirection, BiasSelector>>>(cir, params);
      |              ^
src/opt/eslim/eSLIM.cpp:531:14: note: in instantiation of function template specialization 'eSLIM::toggleWindowing<Gia_Man_t_, eSLIM::DeepsynInprocessor, eSLIM::AreaMinimizer, eSLIM::SubcircuitValidator, eSLIM::BackwardSearch, eSLIM::NoBiasSelector, eSLIM::BaseRootSelector>' requested here
  531 |       return toggleWindowing<Circuitrepresentation, Inprocessor, Minimizer, Validator, SearchDirection, BiasSelector, BaseRootSelector>(cir, params);
      |              ^
src/opt/eslim/eSLIM.cpp:540:14: note: in instantiation of function template specialization 'eSLIM::setTabooApproach<Gia_Man_t_, eSLIM::DeepsynInprocessor, eSLIM::AreaMinimizer, eSLIM::SubcircuitValidator, eSLIM::BackwardSearch, eSLIM::NoBiasSelector>' requested here
  540 |       return setTabooApproach<Circuitrepresentation, Inprocessor, Minimizer, Validator, SearchDirection, NoBiasSelector>(cir, params);
      |              ^
src/opt/eslim/eSLIM.cpp:551:14: note: in instantiation of function template specialization 'eSLIM::setBiasApproach<Gia_Man_t_, eSLIM::DeepsynInprocessor, eSLIM::AreaMinimizer, eSLIM::SubcircuitValidator, eSLIM::BackwardSearch>' requested here
  551 |       return setBiasApproach<Circuitrepresentation, Inprocessor, Minimizer, Validator, BackwardSearch>(cir, params);
      |              ^
src/opt/eslim/eSLIM.cpp:561:20: note: in instantiation of function template specialization 'eSLIM::setSearchDirection<Gia_Man_t_, eSLIM::DeepsynInprocessor, eSLIM::AreaMinimizer, eSLIM::SubcircuitValidator>' requested here
  561 |             return setSearchDirection<Circuitrepresentation, DeepsynInprocessor, AreaMinimizer, SubcircuitValidator>(cir, params);
      |                    ^
src/opt/eslim/eSLIM.cpp:601:17: note: in instantiation of function template specialization 'eSLIM::setMinimizer<Gia_Man_t_>' requested here
  601 |   return eSLIM::setMinimizer(cir, params);
      |                 ^
src/opt/eslim/eSLIM.cpp:610:10: note: in instantiation of function template specialization 'runeSLIM<Gia_Man_t_>' requested here
  610 |   return runeSLIM(pGia, params);
      |          ^
src/opt/eslim/eSLIM.cpp:357:13: warning: format specifies type 'unsigned long' but the argument has type 'ABC_UINT64_T' (aka 'unsigned long long') [-Wformat]
  356 |       printf("Synthesis: #SAT-calls: %lu, Total SAT-time: %.2f sec, Max SAT-time: %.4f sec, Avg. SAT-time: %.4f sec\n",  
      |                                      ~~~
      |                                      %llu
  357 |             log.nof_sat_calls_synthesis, log.cummulative_sat_runtime_synthesis / 1000, log.max_sat_runtime_synthesis / 1000,
      |             ^~~~~~~~~~~~~~~~~~~~~~~~~~~
src/opt/eslim/eSLIM.cpp:354:13: warning: format specifies type 'unsigned long' but the argument has type 'ABC_UINT64_T' (aka 'unsigned long long') [-Wformat]
  353 |       printf("Relation generation: #SAT-calls: %lu, Total SAT-time: %.2f sec, Max SAT-time: %.4f sec, Avg. SAT-time: %.4f sec\n",  
      |                                                ~~~
      |                                                %llu
  354 |             log.nof_sat_calls_relation_generation, log.cummulative_sat_runtime_relation_generation, log.max_sat_runtime_relation_generation, 
      |             ^~~~~~~~~~~~~~~~~~~~~~~~~~~~~~~~~~~~~
src/opt/eslim/eSLIM.cpp:296:5: note: in instantiation of member function 'eSLIM::eSLIMRun<eSLIM::WindowMan<eSLIM::AreaMinimizer, eSLIM::RandomizedBFSSelection<eSLIM::SubcircuitValidator, eSLIM::CriticalPathSelector, eSLIM::ForwardSearch, eSLIM::CriticalPathBiasSelector>>, eSLIM::EmptyInprocessor>::printLog' requested here
  296 |     printLog();
      |     ^
src/opt/eslim/eSLIM.cpp:215:15: note: in instantiation of member function 'eSLIM::eSLIMRun<eSLIM::WindowMan<eSLIM::AreaMinimizer, eSLIM::RandomizedBFSSelection<eSLIM::SubcircuitValidator, eSLIM::CriticalPathSelector, eSLIM::ForwardSearch, eSLIM::CriticalPathBiasSelector>>, eSLIM::EmptyInprocessor>::run' requested here
  215 |     eslim_run.run();
      |               ^
src/opt/eslim/eSLIM.cpp:513:45: note: in instantiation of member function 'eSLIM::eSLIMRun<eSLIM::WindowMan<eSLIM::AreaMinimizer, eSLIM::RandomizedBFSSelection<eSLIM::SubcircuitValidator, eSLIM::CriticalPathSelector, eSLIM::ForwardSearch, eSLIM::CriticalPathBiasSelector>>, eSLIM::EmptyInprocessor>::runeSLIM' requested here
  513 |     return eSLIMRun<Approach, Inprocessor>::runeSLIM(cir, params); 
      |                                             ^
src/opt/eslim/eSLIM.cpp:519:14: note: in instantiation of function template specialization 'eSLIM::runeSLIM<Gia_Man_t_, eSLIM::EmptyInprocessor, eSLIM::AreaMinimizer, eSLIM::WindowMan<eSLIM::AreaMinimizer, eSLIM::RandomizedBFSSelection<eSLIM::SubcircuitValidator, eSLIM::CriticalPathSelector, eSLIM::ForwardSearch, eSLIM::CriticalPathBiasSelector>>>' requested here
  519 |       return runeSLIM<Circuitrepresentation, Inprocessor, Minimizer, WindowMan<Minimizer, RandomizedBFSSelection<Validator, RootSelector, SearchDirection, BiasSelector>>>(cir, params);
      |              ^
src/opt/eslim/eSLIM.cpp:538:14: note: in instantiation of function template specialization 'eSLIM::toggleWindowing<Gia_Man_t_, eSLIM::EmptyInprocessor, eSLIM::AreaMinimizer, eSLIM::SubcircuitValidator, eSLIM::ForwardSearch, eSLIM::CriticalPathBiasSelector, eSLIM::CriticalPathSelector>' requested here
  538 |       return toggleWindowing<Circuitrepresentation, Inprocessor, Minimizer, Validator, SearchDirection, CriticalPathBiasSelector, CriticalPathSelector>(cir, params);
      |              ^
src/opt/eslim/eSLIM.cpp:549:14: note: in instantiation of function template specialization 'eSLIM::setBiasApproach<Gia_Man_t_, eSLIM::EmptyInprocessor, eSLIM::AreaMinimizer, eSLIM::SubcircuitValidator, eSLIM::ForwardSearch>' requested here
  549 |       return setBiasApproach<Circuitrepresentation, Inprocessor, Minimizer, Validator, ForwardSearch>(cir, params);
      |              ^
src/opt/eslim/eSLIM.cpp:566:16: note: in instantiation of function template specialization 'eSLIM::setSearchDirection<Gia_Man_t_, eSLIM::EmptyInprocessor, eSLIM::AreaMinimizer, eSLIM::SubcircuitValidator>' requested here
  566 |         return setSearchDirection<Circuitrepresentation, EmptyInprocessor, AreaMinimizer, SubcircuitValidator>(cir, params);
      |                ^
src/opt/eslim/eSLIM.cpp:601:17: note: in instantiation of function template specialization 'eSLIM::setMinimizer<Gia_Man_t_>' requested here
  601 |   return eSLIM::setMinimizer(cir, params);
      |                 ^
src/opt/eslim/eSLIM.cpp:610:10: note: in instantiation of function template specialization 'runeSLIM<Gia_Man_t_>' requested here
  610 |   return runeSLIM(pGia, params);
      |          ^
src/opt/eslim/eSLIM.cpp:357:13: warning: format specifies type 'unsigned long' but the argument has type 'ABC_UINT64_T' (aka 'unsigned long long') [-Wformat]
  356 |       printf("Synthesis: #SAT-calls: %lu, Total SAT-time: %.2f sec, Max SAT-time: %.4f sec, Avg. SAT-time: %.4f sec\n",  
      |                                      ~~~
      |                                      %llu
  357 |             log.nof_sat_calls_synthesis, log.cummulative_sat_runtime_synthesis / 1000, log.max_sat_runtime_synthesis / 1000,
      |             ^~~~~~~~~~~~~~~~~~~~~~~~~~~
src/opt/eslim/eSLIM.cpp:354:13: warning: format specifies type 'unsigned long' but the argument has type 'ABC_UINT64_T' (aka 'unsigned long long') [-Wformat]
  353 |       printf("Relation generation: #SAT-calls: %lu, Total SAT-time: %.2f sec, Max SAT-time: %.4f sec, Avg. SAT-time: %.4f sec\n",  
      |                                                ~~~
      |                                                %llu
  354 |             log.nof_sat_calls_relation_generation, log.cummulative_sat_runtime_relation_generation, log.max_sat_runtime_relation_generation, 
      |             ^~~~~~~~~~~~~~~~~~~~~~~~~~~~~~~~~~~~~
src/opt/eslim/eSLIM.cpp:296:5: note: in instantiation of member function 'eSLIM::eSLIMRun<eSLIM::eSLIM_Man<eSLIM::AreaMinimizer, eSLIM::RandomizedBFSSelection<eSLIM::SubcircuitValidator, eSLIM::CriticalPathSelector, eSLIM::ForwardSearch, eSLIM::CriticalPathBiasSelector>>, eSLIM::EmptyInprocessor>::printLog' requested here
  296 |     printLog();
      |     ^
src/opt/eslim/eSLIM.cpp:215:15: note: in instantiation of member function 'eSLIM::eSLIMRun<eSLIM::eSLIM_Man<eSLIM::AreaMinimizer, eSLIM::RandomizedBFSSelection<eSLIM::SubcircuitValidator, eSLIM::CriticalPathSelector, eSLIM::ForwardSearch, eSLIM::CriticalPathBiasSelector>>, eSLIM::EmptyInprocessor>::run' requested here
  215 |     eslim_run.run();
      |               ^
src/opt/eslim/eSLIM.cpp:513:45: note: in instantiation of member function 'eSLIM::eSLIMRun<eSLIM::eSLIM_Man<eSLIM::AreaMinimizer, eSLIM::RandomizedBFSSelection<eSLIM::SubcircuitValidator, eSLIM::CriticalPathSelector, eSLIM::ForwardSearch, eSLIM::CriticalPathBiasSelector>>, eSLIM::EmptyInprocessor>::runeSLIM' requested here
  513 |     return eSLIMRun<Approach, Inprocessor>::runeSLIM(cir, params); 
      |                                             ^
src/opt/eslim/eSLIM.cpp:521:14: note: in instantiation of function template specialization 'eSLIM::runeSLIM<Gia_Man_t_, eSLIM::EmptyInprocessor, eSLIM::AreaMinimizer, eSLIM::eSLIM_Man<eSLIM::AreaMinimizer, eSLIM::RandomizedBFSSelection<eSLIM::SubcircuitValidator, eSLIM::CriticalPathSelector, eSLIM::ForwardSearch, eSLIM::CriticalPathBiasSelector>>>' requested here
  521 |       return runeSLIM<Circuitrepresentation, Inprocessor, Minimizer, eSLIM_Man<Minimizer, RandomizedBFSSelection<Validator, RootSelector, SearchDirection, BiasSelector>>>(cir, params);
      |              ^
src/opt/eslim/eSLIM.cpp:538:14: note: in instantiation of function template specialization 'eSLIM::toggleWindowing<Gia_Man_t_, eSLIM::EmptyInprocessor, eSLIM::AreaMinimizer, eSLIM::SubcircuitValidator, eSLIM::ForwardSearch, eSLIM::CriticalPathBiasSelector, eSLIM::CriticalPathSelector>' requested here
  538 |       return toggleWindowing<Circuitrepresentation, Inprocessor, Minimizer, Validator, SearchDirection, CriticalPathBiasSelector, CriticalPathSelector>(cir, params);
      |              ^
src/opt/eslim/eSLIM.cpp:549:14: note: in instantiation of function template specialization 'eSLIM::setBiasApproach<Gia_Man_t_, eSLIM::EmptyInprocessor, eSLIM::AreaMinimizer, eSLIM::SubcircuitValidator, eSLIM::ForwardSearch>' requested here
  549 |       return setBiasApproach<Circuitrepresentation, Inprocessor, Minimizer, Validator, ForwardSearch>(cir, params);
      |              ^
src/opt/eslim/eSLIM.cpp:566:16: note: in instantiation of function template specialization 'eSLIM::setSearchDirection<Gia_Man_t_, eSLIM::EmptyInprocessor, eSLIM::AreaMinimizer, eSLIM::SubcircuitValidator>' requested here
  566 |         return setSearchDirection<Circuitrepresentation, EmptyInprocessor, AreaMinimizer, SubcircuitValidator>(cir, params);
      |                ^
src/opt/eslim/eSLIM.cpp:601:17: note: in instantiation of function template specialization 'eSLIM::setMinimizer<Gia_Man_t_>' requested here
  601 |   return eSLIM::setMinimizer(cir, params);
      |                 ^
src/opt/eslim/eSLIM.cpp:610:10: note: in instantiation of function template specialization 'runeSLIM<Gia_Man_t_>' requested here
  610 |   return runeSLIM(pGia, params);
      |          ^
src/opt/eslim/eSLIM.cpp:357:13: warning: format specifies type 'unsigned long' but the argument has type 'ABC_UINT64_T' (aka 'unsigned long long') [-Wformat]
  356 |       printf("Synthesis: #SAT-calls: %lu, Total SAT-time: %.2f sec, Max SAT-time: %.4f sec, Avg. SAT-time: %.4f sec\n",  
      |                                      ~~~
      |                                      %llu
  357 |             log.nof_sat_calls_synthesis, log.cummulative_sat_runtime_synthesis / 1000, log.max_sat_runtime_synthesis / 1000,
      |             ^~~~~~~~~~~~~~~~~~~~~~~~~~~
src/opt/eslim/eSLIM.cpp:354:13: warning: format specifies type 'unsigned long' but the argument has type 'ABC_UINT64_T' (aka 'unsigned long long') [-Wformat]
  353 |       printf("Relation generation: #SAT-calls: %lu, Total SAT-time: %.2f sec, Max SAT-time: %.4f sec, Avg. SAT-time: %.4f sec\n",  
      |                                                ~~~
      |                                                %llu
  354 |             log.nof_sat_calls_relation_generation, log.cummulative_sat_runtime_relation_generation, log.max_sat_runtime_relation_generation, 
      |             ^~~~~~~~~~~~~~~~~~~~~~~~~~~~~~~~~~~~~
src/opt/eslim/eSLIM.cpp:296:5: note: in instantiation of member function 'eSLIM::eSLIMRun<eSLIM::WindowMan<eSLIM::AreaMinimizer, eSLIM::RandomizedBFSSelection<eSLIM::SubcircuitValidator, eSLIM::TabooRootSelector, eSLIM::ForwardSearch>>, eSLIM::EmptyInprocessor>::printLog' requested here
  296 |     printLog();
      |     ^
src/opt/eslim/eSLIM.cpp:215:15: note: in instantiation of member function 'eSLIM::eSLIMRun<eSLIM::WindowMan<eSLIM::AreaMinimizer, eSLIM::RandomizedBFSSelection<eSLIM::SubcircuitValidator, eSLIM::TabooRootSelector, eSLIM::ForwardSearch>>, eSLIM::EmptyInprocessor>::run' requested here
  215 |     eslim_run.run();
      |               ^
src/opt/eslim/eSLIM.cpp:513:45: note: in instantiation of member function 'eSLIM::eSLIMRun<eSLIM::WindowMan<eSLIM::AreaMinimizer, eSLIM::RandomizedBFSSelection<eSLIM::SubcircuitValidator, eSLIM::TabooRootSelector, eSLIM::ForwardSearch>>, eSLIM::EmptyInprocessor>::runeSLIM' requested here
  513 |     return eSLIMRun<Approach, Inprocessor>::runeSLIM(cir, params); 
      |                                             ^
src/opt/eslim/eSLIM.cpp:519:14: note: in instantiation of function template specialization 'eSLIM::runeSLIM<Gia_Man_t_, eSLIM::EmptyInprocessor, eSLIM::AreaMinimizer, eSLIM::WindowMan<eSLIM::AreaMinimizer, eSLIM::RandomizedBFSSelection<eSLIM::SubcircuitValidator, eSLIM::TabooRootSelector, eSLIM::ForwardSearch>>>' requested here
  519 |       return runeSLIM<Circuitrepresentation, Inprocessor, Minimizer, WindowMan<Minimizer, RandomizedBFSSelection<Validator, RootSelector, SearchDirection, BiasSelector>>>(cir, params);
      |              ^
src/opt/eslim/eSLIM.cpp:529:14: note: in instantiation of function template specialization 'eSLIM::toggleWindowing<Gia_Man_t_, eSLIM::EmptyInprocessor, eSLIM::AreaMinimizer, eSLIM::SubcircuitValidator, eSLIM::ForwardSearch, eSLIM::NoBiasSelector, eSLIM::TabooRootSelector>' requested here
  529 |       return toggleWindowing<Circuitrepresentation, Inprocessor, Minimizer, Validator, SearchDirection, BiasSelector, TabooRootSelector>(cir, params);
      |              ^
src/opt/eslim/eSLIM.cpp:540:14: note: in instantiation of function template specialization 'eSLIM::setTabooApproach<Gia_Man_t_, eSLIM::EmptyInprocessor, eSLIM::AreaMinimizer, eSLIM::SubcircuitValidator, eSLIM::ForwardSearch, eSLIM::NoBiasSelector>' requested here
  540 |       return setTabooApproach<Circuitrepresentation, Inprocessor, Minimizer, Validator, SearchDirection, NoBiasSelector>(cir, params);
      |              ^
src/opt/eslim/eSLIM.cpp:549:14: note: in instantiation of function template specialization 'eSLIM::setBiasApproach<Gia_Man_t_, eSLIM::EmptyInprocessor, eSLIM::AreaMinimizer, eSLIM::SubcircuitValidator, eSLIM::ForwardSearch>' requested here
  549 |       return setBiasApproach<Circuitrepresentation, Inprocessor, Minimizer, Validator, ForwardSearch>(cir, params);
      |              ^
src/opt/eslim/eSLIM.cpp:566:16: note: in instantiation of function template specialization 'eSLIM::setSearchDirection<Gia_Man_t_, eSLIM::EmptyInprocessor, eSLIM::AreaMinimizer, eSLIM::SubcircuitValidator>' requested here
  566 |         return setSearchDirection<Circuitrepresentation, EmptyInprocessor, AreaMinimizer, SubcircuitValidator>(cir, params);
      |                ^
src/opt/eslim/eSLIM.cpp:601:17: note: in instantiation of function template specialization 'eSLIM::setMinimizer<Gia_Man_t_>' requested here
  601 |   return eSLIM::setMinimizer(cir, params);
      |                 ^
src/opt/eslim/eSLIM.cpp:610:10: note: in instantiation of function template specialization 'runeSLIM<Gia_Man_t_>' requested here
  610 |   return runeSLIM(pGia, params);
      |          ^
src/opt/eslim/eSLIM.cpp:357:13: warning: format specifies type 'unsigned long' but the argument has type 'ABC_UINT64_T' (aka 'unsigned long long') [-Wformat]
  356 |       printf("Synthesis: #SAT-calls: %lu, Total SAT-time: %.2f sec, Max SAT-time: %.4f sec, Avg. SAT-time: %.4f sec\n",  
      |                                      ~~~
      |                                      %llu
  357 |             log.nof_sat_calls_synthesis, log.cummulative_sat_runtime_synthesis / 1000, log.max_sat_runtime_synthesis / 1000,
      |             ^~~~~~~~~~~~~~~~~~~~~~~~~~~
src/opt/eslim/eSLIM.cpp:354:13: warning: format specifies type 'unsigned long' but the argument has type 'ABC_UINT64_T' (aka 'unsigned long long') [-Wformat]
  353 |       printf("Relation generation: #SAT-calls: %lu, Total SAT-time: %.2f sec, Max SAT-time: %.4f sec, Avg. SAT-time: %.4f sec\n",  
      |                                                ~~~
      |                                                %llu
  354 |             log.nof_sat_calls_relation_generation, log.cummulative_sat_runtime_relation_generation, log.max_sat_runtime_relation_generation, 
      |             ^~~~~~~~~~~~~~~~~~~~~~~~~~~~~~~~~~~~~
src/opt/eslim/eSLIM.cpp:296:5: note: in instantiation of member function 'eSLIM::eSLIMRun<eSLIM::eSLIM_Man<eSLIM::AreaMinimizer, eSLIM::RandomizedBFSSelection<eSLIM::SubcircuitValidator, eSLIM::TabooRootSelector, eSLIM::ForwardSearch>>, eSLIM::EmptyInprocessor>::printLog' requested here
  296 |     printLog();
      |     ^
src/opt/eslim/eSLIM.cpp:215:15: note: in instantiation of member function 'eSLIM::eSLIMRun<eSLIM::eSLIM_Man<eSLIM::AreaMinimizer, eSLIM::RandomizedBFSSelection<eSLIM::SubcircuitValidator, eSLIM::TabooRootSelector, eSLIM::ForwardSearch>>, eSLIM::EmptyInprocessor>::run' requested here
  215 |     eslim_run.run();
      |               ^
src/opt/eslim/eSLIM.cpp:513:45: note: in instantiation of member function 'eSLIM::eSLIMRun<eSLIM::eSLIM_Man<eSLIM::AreaMinimizer, eSLIM::RandomizedBFSSelection<eSLIM::SubcircuitValidator, eSLIM::TabooRootSelector, eSLIM::ForwardSearch>>, eSLIM::EmptyInprocessor>::runeSLIM' requested here
  513 |     return eSLIMRun<Approach, Inprocessor>::runeSLIM(cir, params); 
      |                                             ^
src/opt/eslim/eSLIM.cpp:521:14: note: in instantiation of function template specialization 'eSLIM::runeSLIM<Gia_Man_t_, eSLIM::EmptyInprocessor, eSLIM::AreaMinimizer, eSLIM::eSLIM_Man<eSLIM::AreaMinimizer, eSLIM::RandomizedBFSSelection<eSLIM::SubcircuitValidator, eSLIM::TabooRootSelector, eSLIM::ForwardSearch>>>' requested here
  521 |       return runeSLIM<Circuitrepresentation, Inprocessor, Minimizer, eSLIM_Man<Minimizer, RandomizedBFSSelection<Validator, RootSelector, SearchDirection, BiasSelector>>>(cir, params);
      |              ^
src/opt/eslim/eSLIM.cpp:529:14: note: in instantiation of function template specialization 'eSLIM::toggleWindowing<Gia_Man_t_, eSLIM::EmptyInprocessor, eSLIM::AreaMinimizer, eSLIM::SubcircuitValidator, eSLIM::ForwardSearch, eSLIM::NoBiasSelector, eSLIM::TabooRootSelector>' requested here
  529 |       return toggleWindowing<Circuitrepresentation, Inprocessor, Minimizer, Validator, SearchDirection, BiasSelector, TabooRootSelector>(cir, params);
      |              ^
src/opt/eslim/eSLIM.cpp:540:14: note: in instantiation of function template specialization 'eSLIM::setTabooApproach<Gia_Man_t_, eSLIM::EmptyInprocessor, eSLIM::AreaMinimizer, eSLIM::SubcircuitValidator, eSLIM::ForwardSearch, eSLIM::NoBiasSelector>' requested here
  540 |       return setTabooApproach<Circuitrepresentation, Inprocessor, Minimizer, Validator, SearchDirection, NoBiasSelector>(cir, params);
      |              ^
src/opt/eslim/eSLIM.cpp:549:14: note: in instantiation of function template specialization 'eSLIM::setBiasApproach<Gia_Man_t_, eSLIM::EmptyInprocessor, eSLIM::AreaMinimizer, eSLIM::SubcircuitValidator, eSLIM::ForwardSearch>' requested here
  549 |       return setBiasApproach<Circuitrepresentation, Inprocessor, Minimizer, Validator, ForwardSearch>(cir, params);
      |              ^
src/opt/eslim/eSLIM.cpp:566:16: note: in instantiation of function template specialization 'eSLIM::setSearchDirection<Gia_Man_t_, eSLIM::EmptyInprocessor, eSLIM::AreaMinimizer, eSLIM::SubcircuitValidator>' requested here
  566 |         return setSearchDirection<Circuitrepresentation, EmptyInprocessor, AreaMinimizer, SubcircuitValidator>(cir, params);
      |                ^
src/opt/eslim/eSLIM.cpp:601:17: note: in instantiation of function template specialization 'eSLIM::setMinimizer<Gia_Man_t_>' requested here
  601 |   return eSLIM::setMinimizer(cir, params);
      |                 ^
src/opt/eslim/eSLIM.cpp:610:10: note: in instantiation of function template specialization 'runeSLIM<Gia_Man_t_>' requested here
  610 |   return runeSLIM(pGia, params);
      |          ^
src/opt/eslim/eSLIM.cpp:357:13: warning: format specifies type 'unsigned long' but the argument has type 'ABC_UINT64_T' (aka 'unsigned long long') [-Wformat]
  356 |       printf("Synthesis: #SAT-calls: %lu, Total SAT-time: %.2f sec, Max SAT-time: %.4f sec, Avg. SAT-time: %.4f sec\n",  
      |                                      ~~~
      |                                      %llu
  357 |             log.nof_sat_calls_synthesis, log.cummulative_sat_runtime_synthesis / 1000, log.max_sat_runtime_synthesis / 1000,
      |             ^~~~~~~~~~~~~~~~~~~~~~~~~~~
src/opt/eslim/eSLIM.cpp:354:13: warning: format specifies type 'unsigned long' but the argument has type 'ABC_UINT64_T' (aka 'unsigned long long') [-Wformat]
  353 |       printf("Relation generation: #SAT-calls: %lu, Total SAT-time: %.2f sec, Max SAT-time: %.4f sec, Avg. SAT-time: %.4f sec\n",  
      |                                                ~~~
      |                                                %llu
  354 |             log.nof_sat_calls_relation_generation, log.cummulative_sat_runtime_relation_generation, log.max_sat_runtime_relation_generation, 
      |             ^~~~~~~~~~~~~~~~~~~~~~~~~~~~~~~~~~~~~
src/opt/eslim/eSLIM.cpp:296:5: note: in instantiation of member function 'eSLIM::eSLIMRun<eSLIM::WindowMan<eSLIM::AreaMinimizer, eSLIM::RandomizedBFSSelection<eSLIM::SubcircuitValidator, eSLIM::BaseRootSelector, eSLIM::ForwardSearch>>, eSLIM::EmptyInprocessor>::printLog' requested here
  296 |     printLog();
      |     ^
src/opt/eslim/eSLIM.cpp:215:15: note: in instantiation of member function 'eSLIM::eSLIMRun<eSLIM::WindowMan<eSLIM::AreaMinimizer, eSLIM::RandomizedBFSSelection<eSLIM::SubcircuitValidator, eSLIM::BaseRootSelector, eSLIM::ForwardSearch>>, eSLIM::EmptyInprocessor>::run' requested here
  215 |     eslim_run.run();
      |               ^
src/opt/eslim/eSLIM.cpp:513:45: note: in instantiation of member function 'eSLIM::eSLIMRun<eSLIM::WindowMan<eSLIM::AreaMinimizer, eSLIM::RandomizedBFSSelection<eSLIM::SubcircuitValidator, eSLIM::BaseRootSelector, eSLIM::ForwardSearch>>, eSLIM::EmptyInprocessor>::runeSLIM' requested here
  513 |     return eSLIMRun<Approach, Inprocessor>::runeSLIM(cir, params); 
      |                                             ^
src/opt/eslim/eSLIM.cpp:519:14: note: in instantiation of function template specialization 'eSLIM::runeSLIM<Gia_Man_t_, eSLIM::EmptyInprocessor, eSLIM::AreaMinimizer, eSLIM::WindowMan<eSLIM::AreaMinimizer, eSLIM::RandomizedBFSSelection<eSLIM::SubcircuitValidator, eSLIM::BaseRootSelector, eSLIM::ForwardSearch>>>' requested here
  519 |       return runeSLIM<Circuitrepresentation, Inprocessor, Minimizer, WindowMan<Minimizer, RandomizedBFSSelection<Validator, RootSelector, SearchDirection, BiasSelector>>>(cir, params);
      |              ^
src/opt/eslim/eSLIM.cpp:531:14: note: in instantiation of function template specialization 'eSLIM::toggleWindowing<Gia_Man_t_, eSLIM::EmptyInprocessor, eSLIM::AreaMinimizer, eSLIM::SubcircuitValidator, eSLIM::ForwardSearch, eSLIM::NoBiasSelector, eSLIM::BaseRootSelector>' requested here
  531 |       return toggleWindowing<Circuitrepresentation, Inprocessor, Minimizer, Validator, SearchDirection, BiasSelector, BaseRootSelector>(cir, params);
      |              ^
src/opt/eslim/eSLIM.cpp:540:14: note: in instantiation of function template specialization 'eSLIM::setTabooApproach<Gia_Man_t_, eSLIM::EmptyInprocessor, eSLIM::AreaMinimizer, eSLIM::SubcircuitValidator, eSLIM::ForwardSearch, eSLIM::NoBiasSelector>' requested here
  540 |       return setTabooApproach<Circuitrepresentation, Inprocessor, Minimizer, Validator, SearchDirection, NoBiasSelector>(cir, params);
      |              ^
src/opt/eslim/eSLIM.cpp:549:14: note: in instantiation of function template specialization 'eSLIM::setBiasApproach<Gia_Man_t_, eSLIM::EmptyInprocessor, eSLIM::AreaMinimizer, eSLIM::SubcircuitValidator, eSLIM::ForwardSearch>' requested here
  549 |       return setBiasApproach<Circuitrepresentation, Inprocessor, Minimizer, Validator, ForwardSearch>(cir, params);
      |              ^
src/opt/eslim/eSLIM.cpp:566:16: note: in instantiation of function template specialization 'eSLIM::setSearchDirection<Gia_Man_t_, eSLIM::EmptyInprocessor, eSLIM::AreaMinimizer, eSLIM::SubcircuitValidator>' requested here
  566 |         return setSearchDirection<Circuitrepresentation, EmptyInprocessor, AreaMinimizer, SubcircuitValidator>(cir, params);
      |                ^
src/opt/eslim/eSLIM.cpp:601:17: note: in instantiation of function template specialization 'eSLIM::setMinimizer<Gia_Man_t_>' requested here
  601 |   return eSLIM::setMinimizer(cir, params);
      |                 ^
src/opt/eslim/eSLIM.cpp:610:10: note: in instantiation of function template specialization 'runeSLIM<Gia_Man_t_>' requested here
  610 |   return runeSLIM(pGia, params);
      |          ^
src/opt/eslim/eSLIM.cpp:357:13: warning: format specifies type 'unsigned long' but the argument has type 'ABC_UINT64_T' (aka 'unsigned long long') [-Wformat]
  356 |       printf("Synthesis: #SAT-calls: %lu, Total SAT-time: %.2f sec, Max SAT-time: %.4f sec, Avg. SAT-time: %.4f sec\n",  
      |                                      ~~~
      |                                      %llu
  357 |             log.nof_sat_calls_synthesis, log.cummulative_sat_runtime_synthesis / 1000, log.max_sat_runtime_synthesis / 1000,
      |             ^~~~~~~~~~~~~~~~~~~~~~~~~~~
src/opt/eslim/eSLIM.cpp:354:13: warning: format specifies type 'unsigned long' but the argument has type 'ABC_UINT64_T' (aka 'unsigned long long') [-Wformat]
  353 |       printf("Relation generation: #SAT-calls: %lu, Total SAT-time: %.2f sec, Max SAT-time: %.4f sec, Avg. SAT-time: %.4f sec\n",  
      |                                                ~~~
      |                                                %llu
  354 |             log.nof_sat_calls_relation_generation, log.cummulative_sat_runtime_relation_generation, log.max_sat_runtime_relation_generation, 
      |             ^~~~~~~~~~~~~~~~~~~~~~~~~~~~~~~~~~~~~
src/opt/eslim/eSLIM.cpp:296:5: note: in instantiation of member function 'eSLIM::eSLIMRun<eSLIM::eSLIM_Man<eSLIM::AreaMinimizer, eSLIM::RandomizedBFSSelection<eSLIM::SubcircuitValidator, eSLIM::BaseRootSelector, eSLIM::ForwardSearch>>, eSLIM::EmptyInprocessor>::printLog' requested here
  296 |     printLog();
      |     ^
src/opt/eslim/eSLIM.cpp:215:15: note: in instantiation of member function 'eSLIM::eSLIMRun<eSLIM::eSLIM_Man<eSLIM::AreaMinimizer, eSLIM::RandomizedBFSSelection<eSLIM::SubcircuitValidator, eSLIM::BaseRootSelector, eSLIM::ForwardSearch>>, eSLIM::EmptyInprocessor>::run' requested here
  215 |     eslim_run.run();
      |               ^
src/opt/eslim/eSLIM.cpp:513:45: note: in instantiation of member function 'eSLIM::eSLIMRun<eSLIM::eSLIM_Man<eSLIM::AreaMinimizer, eSLIM::RandomizedBFSSelection<eSLIM::SubcircuitValidator, eSLIM::BaseRootSelector, eSLIM::ForwardSearch>>, eSLIM::EmptyInprocessor>::runeSLIM' requested here
  513 |     return eSLIMRun<Approach, Inprocessor>::runeSLIM(cir, params); 
      |                                             ^
src/opt/eslim/eSLIM.cpp:521:14: note: in instantiation of function template specialization 'eSLIM::runeSLIM<Gia_Man_t_, eSLIM::EmptyInprocessor, eSLIM::AreaMinimizer, eSLIM::eSLIM_Man<eSLIM::AreaMinimizer, eSLIM::RandomizedBFSSelection<eSLIM::SubcircuitValidator, eSLIM::BaseRootSelector, eSLIM::ForwardSearch>>>' requested here
  521 |       return runeSLIM<Circuitrepresentation, Inprocessor, Minimizer, eSLIM_Man<Minimizer, RandomizedBFSSelection<Validator, RootSelector, SearchDirection, BiasSelector>>>(cir, params);
      |              ^
src/opt/eslim/eSLIM.cpp:531:14: note: in instantiation of function template specialization 'eSLIM::toggleWindowing<Gia_Man_t_, eSLIM::EmptyInprocessor, eSLIM::AreaMinimizer, eSLIM::SubcircuitValidator, eSLIM::ForwardSearch, eSLIM::NoBiasSelector, eSLIM::BaseRootSelector>' requested here
  531 |       return toggleWindowing<Circuitrepresentation, Inprocessor, Minimizer, Validator, SearchDirection, BiasSelector, BaseRootSelector>(cir, params);
      |              ^
src/opt/eslim/eSLIM.cpp:540:14: note: in instantiation of function template specialization 'eSLIM::setTabooApproach<Gia_Man_t_, eSLIM::EmptyInprocessor, eSLIM::AreaMinimizer, eSLIM::SubcircuitValidator, eSLIM::ForwardSearch, eSLIM::NoBiasSelector>' requested here
  540 |       return setTabooApproach<Circuitrepresentation, Inprocessor, Minimizer, Validator, SearchDirection, NoBiasSelector>(cir, params);
      |              ^
src/opt/eslim/eSLIM.cpp:549:14: note: in instantiation of function template specialization 'eSLIM::setBiasApproach<Gia_Man_t_, eSLIM::EmptyInprocessor, eSLIM::AreaMinimizer, eSLIM::SubcircuitValidator, eSLIM::ForwardSearch>' requested here
  549 |       return setBiasApproach<Circuitrepresentation, Inprocessor, Minimizer, Validator, ForwardSearch>(cir, params);
      |              ^
src/opt/eslim/eSLIM.cpp:566:16: note: in instantiation of function template specialization 'eSLIM::setSearchDirection<Gia_Man_t_, eSLIM::EmptyInprocessor, eSLIM::AreaMinimizer, eSLIM::SubcircuitValidator>' requested here
  566 |         return setSearchDirection<Circuitrepresentation, EmptyInprocessor, AreaMinimizer, SubcircuitValidator>(cir, params);
      |                ^
src/opt/eslim/eSLIM.cpp:601:17: note: in instantiation of function template specialization 'eSLIM::setMinimizer<Gia_Man_t_>' requested here
  601 |   return eSLIM::setMinimizer(cir, params);
      |                 ^
src/opt/eslim/eSLIM.cpp:610:10: note: in instantiation of function template specialization 'runeSLIM<Gia_Man_t_>' requested here
  610 |   return runeSLIM(pGia, params);
      |          ^
src/opt/eslim/eSLIM.cpp:357:13: warning: format specifies type 'unsigned long' but the argument has type 'ABC_UINT64_T' (aka 'unsigned long long') [-Wformat]
  356 |       printf("Synthesis: #SAT-calls: %lu, Total SAT-time: %.2f sec, Max SAT-time: %.4f sec, Avg. SAT-time: %.4f sec\n",  
      |                                      ~~~
      |                                      %llu
  357 |             log.nof_sat_calls_synthesis, log.cummulative_sat_runtime_synthesis / 1000, log.max_sat_runtime_synthesis / 1000,
      |             ^~~~~~~~~~~~~~~~~~~~~~~~~~~
src/opt/eslim/eSLIM.cpp:354:13: warning: format specifies type 'unsigned long' but the argument has type 'ABC_UINT64_T' (aka 'unsigned long long') [-Wformat]
  353 |       printf("Relation generation: #SAT-calls: %lu, Total SAT-time: %.2f sec, Max SAT-time: %.4f sec, Avg. SAT-time: %.4f sec\n",  
      |                                                ~~~
      |                                                %llu
  354 |             log.nof_sat_calls_relation_generation, log.cummulative_sat_runtime_relation_generation, log.max_sat_runtime_relation_generation, 
      |             ^~~~~~~~~~~~~~~~~~~~~~~~~~~~~~~~~~~~~
src/opt/eslim/eSLIM.cpp:296:5: note: in instantiation of member function 'eSLIM::eSLIMRun<eSLIM::WindowMan<eSLIM::AreaMinimizer, eSLIM::RandomizedBFSSelection<eSLIM::SubcircuitValidator, eSLIM::CriticalPathSelector, eSLIM::BackwardSearch, eSLIM::CriticalPathBiasSelector>>, eSLIM::EmptyInprocessor>::printLog' requested here
  296 |     printLog();
      |     ^
src/opt/eslim/eSLIM.cpp:215:15: note: in instantiation of member function 'eSLIM::eSLIMRun<eSLIM::WindowMan<eSLIM::AreaMinimizer, eSLIM::RandomizedBFSSelection<eSLIM::SubcircuitValidator, eSLIM::CriticalPathSelector, eSLIM::BackwardSearch, eSLIM::CriticalPathBiasSelector>>, eSLIM::EmptyInprocessor>::run' requested here
  215 |     eslim_run.run();
      |               ^
src/opt/eslim/eSLIM.cpp:513:45: note: in instantiation of member function 'eSLIM::eSLIMRun<eSLIM::WindowMan<eSLIM::AreaMinimizer, eSLIM::RandomizedBFSSelection<eSLIM::SubcircuitValidator, eSLIM::CriticalPathSelector, eSLIM::BackwardSearch, eSLIM::CriticalPathBiasSelector>>, eSLIM::EmptyInprocessor>::runeSLIM' requested here
  513 |     return eSLIMRun<Approach, Inprocessor>::runeSLIM(cir, params); 
      |                                             ^
src/opt/eslim/eSLIM.cpp:519:14: note: in instantiation of function template specialization 'eSLIM::runeSLIM<Gia_Man_t_, eSLIM::EmptyInprocessor, eSLIM::AreaMinimizer, eSLIM::WindowMan<eSLIM::AreaMinimizer, eSLIM::RandomizedBFSSelection<eSLIM::SubcircuitValidator, eSLIM::CriticalPathSelector, eSLIM::BackwardSearch, eSLIM::CriticalPathBiasSelector>>>' requested here
  519 |       return runeSLIM<Circuitrepresentation, Inprocessor, Minimizer, WindowMan<Minimizer, RandomizedBFSSelection<Validator, RootSelector, SearchDirection, BiasSelector>>>(cir, params);
      |              ^
src/opt/eslim/eSLIM.cpp:538:14: note: in instantiation of function template specialization 'eSLIM::toggleWindowing<Gia_Man_t_, eSLIM::EmptyInprocessor, eSLIM::AreaMinimizer, eSLIM::SubcircuitValidator, eSLIM::BackwardSearch, eSLIM::CriticalPathBiasSelector, eSLIM::CriticalPathSelector>' requested here
  538 |       return toggleWindowing<Circuitrepresentation, Inprocessor, Minimizer, Validator, SearchDirection, CriticalPathBiasSelector, CriticalPathSelector>(cir, params);
      |              ^
src/opt/eslim/eSLIM.cpp:551:14: note: in instantiation of function template specialization 'eSLIM::setBiasApproach<Gia_Man_t_, eSLIM::EmptyInprocessor, eSLIM::AreaMinimizer, eSLIM::SubcircuitValidator, eSLIM::BackwardSearch>' requested here
  551 |       return setBiasApproach<Circuitrepresentation, Inprocessor, Minimizer, Validator, BackwardSearch>(cir, params);
      |              ^
src/opt/eslim/eSLIM.cpp:566:16: note: in instantiation of function template specialization 'eSLIM::setSearchDirection<Gia_Man_t_, eSLIM::EmptyInprocessor, eSLIM::AreaMinimizer, eSLIM::SubcircuitValidator>' requested here
  566 |         return setSearchDirection<Circuitrepresentation, EmptyInprocessor, AreaMinimizer, SubcircuitValidator>(cir, params);
      |                ^
src/opt/eslim/eSLIM.cpp:601:17: note: in instantiation of function template specialization 'eSLIM::setMinimizer<Gia_Man_t_>' requested here
  601 |   return eSLIM::setMinimizer(cir, params);
      |                 ^
src/opt/eslim/eSLIM.cpp:610:10: note: in instantiation of function template specialization 'runeSLIM<Gia_Man_t_>' requested here
  610 |   return runeSLIM(pGia, params);
      |          ^
src/opt/eslim/eSLIM.cpp:357:13: warning: format specifies type 'unsigned long' but the argument has type 'ABC_UINT64_T' (aka 'unsigned long long') [-Wformat]
  356 |       printf("Synthesis: #SAT-calls: %lu, Total SAT-time: %.2f sec, Max SAT-time: %.4f sec, Avg. SAT-time: %.4f sec\n",  
      |                                      ~~~
      |                                      %llu
  357 |             log.nof_sat_calls_synthesis, log.cummulative_sat_runtime_synthesis / 1000, log.max_sat_runtime_synthesis / 1000,
      |             ^~~~~~~~~~~~~~~~~~~~~~~~~~~
src/opt/eslim/eSLIM.cpp:354:13: warning: format specifies type 'unsigned long' but the argument has type 'ABC_UINT64_T' (aka 'unsigned long long') [-Wformat]
  353 |       printf("Relation generation: #SAT-calls: %lu, Total SAT-time: %.2f sec, Max SAT-time: %.4f sec, Avg. SAT-time: %.4f sec\n",  
      |                                                ~~~
      |                                                %llu
  354 |             log.nof_sat_calls_relation_generation, log.cummulative_sat_runtime_relation_generation, log.max_sat_runtime_relation_generation, 
      |             ^~~~~~~~~~~~~~~~~~~~~~~~~~~~~~~~~~~~~
src/opt/eslim/eSLIM.cpp:296:5: note: in instantiation of member function 'eSLIM::eSLIMRun<eSLIM::eSLIM_Man<eSLIM::AreaMinimizer, eSLIM::RandomizedBFSSelection<eSLIM::SubcircuitValidator, eSLIM::CriticalPathSelector, eSLIM::BackwardSearch, eSLIM::CriticalPathBiasSelector>>, eSLIM::EmptyInprocessor>::printLog' requested here
  296 |     printLog();
      |     ^
src/opt/eslim/eSLIM.cpp:215:15: note: in instantiation of member function 'eSLIM::eSLIMRun<eSLIM::eSLIM_Man<eSLIM::AreaMinimizer, eSLIM::RandomizedBFSSelection<eSLIM::SubcircuitValidator, eSLIM::CriticalPathSelector, eSLIM::BackwardSearch, eSLIM::CriticalPathBiasSelector>>, eSLIM::EmptyInprocessor>::run' requested here
  215 |     eslim_run.run();
      |               ^
src/opt/eslim/eSLIM.cpp:513:45: note: in instantiation of member function 'eSLIM::eSLIMRun<eSLIM::eSLIM_Man<eSLIM::AreaMinimizer, eSLIM::RandomizedBFSSelection<eSLIM::SubcircuitValidator, eSLIM::CriticalPathSelector, eSLIM::BackwardSearch, eSLIM::CriticalPathBiasSelector>>, eSLIM::EmptyInprocessor>::runeSLIM' requested here
  513 |     return eSLIMRun<Approach, Inprocessor>::runeSLIM(cir, params); 
      |                                             ^
src/opt/eslim/eSLIM.cpp:521:14: note: in instantiation of function template specialization 'eSLIM::runeSLIM<Gia_Man_t_, eSLIM::EmptyInprocessor, eSLIM::AreaMinimizer, eSLIM::eSLIM_Man<eSLIM::AreaMinimizer, eSLIM::RandomizedBFSSelection<eSLIM::SubcircuitValidator, eSLIM::CriticalPathSelector, eSLIM::BackwardSearch, eSLIM::CriticalPathBiasSelector>>>' requested here
  521 |       return runeSLIM<Circuitrepresentation, Inprocessor, Minimizer, eSLIM_Man<Minimizer, RandomizedBFSSelection<Validator, RootSelector, SearchDirection, BiasSelector>>>(cir, params);
      |              ^
src/opt/eslim/eSLIM.cpp:538:14: note: in instantiation of function template specialization 'eSLIM::toggleWindowing<Gia_Man_t_, eSLIM::EmptyInprocessor, eSLIM::AreaMinimizer, eSLIM::SubcircuitValidator, eSLIM::BackwardSearch, eSLIM::CriticalPathBiasSelector, eSLIM::CriticalPathSelector>' requested here
  538 |       return toggleWindowing<Circuitrepresentation, Inprocessor, Minimizer, Validator, SearchDirection, CriticalPathBiasSelector, CriticalPathSelector>(cir, params);
      |              ^
src/opt/eslim/eSLIM.cpp:551:14: note: in instantiation of function template specialization 'eSLIM::setBiasApproach<Gia_Man_t_, eSLIM::EmptyInprocessor, eSLIM::AreaMinimizer, eSLIM::SubcircuitValidator, eSLIM::BackwardSearch>' requested here
  551 |       return setBiasApproach<Circuitrepresentation, Inprocessor, Minimizer, Validator, BackwardSearch>(cir, params);
      |              ^
src/opt/eslim/eSLIM.cpp:566:16: note: in instantiation of function template specialization 'eSLIM::setSearchDirection<Gia_Man_t_, eSLIM::EmptyInprocessor, eSLIM::AreaMinimizer, eSLIM::SubcircuitValidator>' requested here
  566 |         return setSearchDirection<Circuitrepresentation, EmptyInprocessor, AreaMinimizer, SubcircuitValidator>(cir, params);
      |                ^
src/opt/eslim/eSLIM.cpp:601:17: note: in instantiation of function template specialization 'eSLIM::setMinimizer<Gia_Man_t_>' requested here
  601 |   return eSLIM::setMinimizer(cir, params);
      |                 ^
src/opt/eslim/eSLIM.cpp:610:10: note: in instantiation of function template specialization 'runeSLIM<Gia_Man_t_>' requested here
  610 |   return runeSLIM(pGia, params);
      |          ^
src/opt/eslim/eSLIM.cpp:357:13: warning: format specifies type 'unsigned long' but the argument has type 'ABC_UINT64_T' (aka 'unsigned long long') [-Wformat]
  356 |       printf("Synthesis: #SAT-calls: %lu, Total SAT-time: %.2f sec, Max SAT-time: %.4f sec, Avg. SAT-time: %.4f sec\n",  
      |                                      ~~~
      |                                      %llu
  357 |             log.nof_sat_calls_synthesis, log.cummulative_sat_runtime_synthesis / 1000, log.max_sat_runtime_synthesis / 1000,
      |             ^~~~~~~~~~~~~~~~~~~~~~~~~~~
src/opt/eslim/eSLIM.cpp:354:13: warning: format specifies type 'unsigned long' but the argument has type 'ABC_UINT64_T' (aka 'unsigned long long') [-Wformat]
  353 |       printf("Relation generation: #SAT-calls: %lu, Total SAT-time: %.2f sec, Max SAT-time: %.4f sec, Avg. SAT-time: %.4f sec\n",  
      |                                                ~~~
      |                                                %llu
  354 |             log.nof_sat_calls_relation_generation, log.cummulative_sat_runtime_relation_generation, log.max_sat_runtime_relation_generation, 
      |             ^~~~~~~~~~~~~~~~~~~~~~~~~~~~~~~~~~~~~
src/opt/eslim/eSLIM.cpp:296:5: note: in instantiation of member function 'eSLIM::eSLIMRun<eSLIM::WindowMan<eSLIM::AreaMinimizer, eSLIM::RandomizedBFSSelection<eSLIM::SubcircuitValidator, eSLIM::TabooRootSelector, eSLIM::BackwardSearch>>, eSLIM::EmptyInprocessor>::printLog' requested here
  296 |     printLog();
      |     ^
src/opt/eslim/eSLIM.cpp:215:15: note: in instantiation of member function 'eSLIM::eSLIMRun<eSLIM::WindowMan<eSLIM::AreaMinimizer, eSLIM::RandomizedBFSSelection<eSLIM::SubcircuitValidator, eSLIM::TabooRootSelector, eSLIM::BackwardSearch>>, eSLIM::EmptyInprocessor>::run' requested here
  215 |     eslim_run.run();
      |               ^
src/opt/eslim/eSLIM.cpp:513:45: note: in instantiation of member function 'eSLIM::eSLIMRun<eSLIM::WindowMan<eSLIM::AreaMinimizer, eSLIM::RandomizedBFSSelection<eSLIM::SubcircuitValidator, eSLIM::TabooRootSelector, eSLIM::BackwardSearch>>, eSLIM::EmptyInprocessor>::runeSLIM' requested here
  513 |     return eSLIMRun<Approach, Inprocessor>::runeSLIM(cir, params); 
      |                                             ^
src/opt/eslim/eSLIM.cpp:519:14: note: in instantiation of function template specialization 'eSLIM::runeSLIM<Gia_Man_t_, eSLIM::EmptyInprocessor, eSLIM::AreaMinimizer, eSLIM::WindowMan<eSLIM::AreaMinimizer, eSLIM::RandomizedBFSSelection<eSLIM::SubcircuitValidator, eSLIM::TabooRootSelector, eSLIM::BackwardSearch>>>' requested here
  519 |       return runeSLIM<Circuitrepresentation, Inprocessor, Minimizer, WindowMan<Minimizer, RandomizedBFSSelection<Validator, RootSelector, SearchDirection, BiasSelector>>>(cir, params);
      |              ^
src/opt/eslim/eSLIM.cpp:529:14: note: in instantiation of function template specialization 'eSLIM::toggleWindowing<Gia_Man_t_, eSLIM::EmptyInprocessor, eSLIM::AreaMinimizer, eSLIM::SubcircuitValidator, eSLIM::BackwardSearch, eSLIM::NoBiasSelector, eSLIM::TabooRootSelector>' requested here
  529 |       return toggleWindowing<Circuitrepresentation, Inprocessor, Minimizer, Validator, SearchDirection, BiasSelector, TabooRootSelector>(cir, params);
      |              ^
src/opt/eslim/eSLIM.cpp:540:14: note: in instantiation of function template specialization 'eSLIM::setTabooApproach<Gia_Man_t_, eSLIM::EmptyInprocessor, eSLIM::AreaMinimizer, eSLIM::SubcircuitValidator, eSLIM::BackwardSearch, eSLIM::NoBiasSelector>' requested here
  540 |       return setTabooApproach<Circuitrepresentation, Inprocessor, Minimizer, Validator, SearchDirection, NoBiasSelector>(cir, params);
      |              ^
src/opt/eslim/eSLIM.cpp:551:14: note: in instantiation of function template specialization 'eSLIM::setBiasApproach<Gia_Man_t_, eSLIM::EmptyInprocessor, eSLIM::AreaMinimizer, eSLIM::SubcircuitValidator, eSLIM::BackwardSearch>' requested here
  551 |       return setBiasApproach<Circuitrepresentation, Inprocessor, Minimizer, Validator, BackwardSearch>(cir, params);
      |              ^
src/opt/eslim/eSLIM.cpp:566:16: note: in instantiation of function template specialization 'eSLIM::setSearchDirection<Gia_Man_t_, eSLIM::EmptyInprocessor, eSLIM::AreaMinimizer, eSLIM::SubcircuitValidator>' requested here
  566 |         return setSearchDirection<Circuitrepresentation, EmptyInprocessor, AreaMinimizer, SubcircuitValidator>(cir, params);
      |                ^
src/opt/eslim/eSLIM.cpp:601:17: note: in instantiation of function template specialization 'eSLIM::setMinimizer<Gia_Man_t_>' requested here
  601 |   return eSLIM::setMinimizer(cir, params);
      |                 ^
src/opt/eslim/eSLIM.cpp:610:10: note: in instantiation of function template specialization 'runeSLIM<Gia_Man_t_>' requested here
  610 |   return runeSLIM(pGia, params);
      |          ^
src/opt/eslim/eSLIM.cpp:357:13: warning: format specifies type 'unsigned long' but the argument has type 'ABC_UINT64_T' (aka 'unsigned long long') [-Wformat]
  356 |       printf("Synthesis: #SAT-calls: %lu, Total SAT-time: %.2f sec, Max SAT-time: %.4f sec, Avg. SAT-time: %.4f sec\n",  
      |                                      ~~~
      |                                      %llu
  357 |             log.nof_sat_calls_synthesis, log.cummulative_sat_runtime_synthesis / 1000, log.max_sat_runtime_synthesis / 1000,
      |             ^~~~~~~~~~~~~~~~~~~~~~~~~~~
src/opt/eslim/eSLIM.cpp:354:13: warning: format specifies type 'unsigned long' but the argument has type 'ABC_UINT64_T' (aka 'unsigned long long') [-Wformat]
  353 |       printf("Relation generation: #SAT-calls: %lu, Total SAT-time: %.2f sec, Max SAT-time: %.4f sec, Avg. SAT-time: %.4f sec\n",  
      |                                                ~~~
      |                                                %llu
  354 |             log.nof_sat_calls_relation_generation, log.cummulative_sat_runtime_relation_generation, log.max_sat_runtime_relation_generation, 
      |             ^~~~~~~~~~~~~~~~~~~~~~~~~~~~~~~~~~~~~
src/opt/eslim/eSLIM.cpp:296:5: note: in instantiation of member function 'eSLIM::eSLIMRun<eSLIM::eSLIM_Man<eSLIM::AreaMinimizer, eSLIM::RandomizedBFSSelection<eSLIM::SubcircuitValidator, eSLIM::TabooRootSelector, eSLIM::BackwardSearch>>, eSLIM::EmptyInprocessor>::printLog' requested here
  296 |     printLog();
      |     ^
src/opt/eslim/eSLIM.cpp:215:15: note: in instantiation of member function 'eSLIM::eSLIMRun<eSLIM::eSLIM_Man<eSLIM::AreaMinimizer, eSLIM::RandomizedBFSSelection<eSLIM::SubcircuitValidator, eSLIM::TabooRootSelector, eSLIM::BackwardSearch>>, eSLIM::EmptyInprocessor>::run' requested here
  215 |     eslim_run.run();
      |               ^
src/opt/eslim/eSLIM.cpp:513:45: note: in instantiation of member function 'eSLIM::eSLIMRun<eSLIM::eSLIM_Man<eSLIM::AreaMinimizer, eSLIM::RandomizedBFSSelection<eSLIM::SubcircuitValidator, eSLIM::TabooRootSelector, eSLIM::BackwardSearch>>, eSLIM::EmptyInprocessor>::runeSLIM' requested here
  513 |     return eSLIMRun<Approach, Inprocessor>::runeSLIM(cir, params); 
      |                                             ^
src/opt/eslim/eSLIM.cpp:521:14: note: in instantiation of function template specialization 'eSLIM::runeSLIM<Gia_Man_t_, eSLIM::EmptyInprocessor, eSLIM::AreaMinimizer, eSLIM::eSLIM_Man<eSLIM::AreaMinimizer, eSLIM::RandomizedBFSSelection<eSLIM::SubcircuitValidator, eSLIM::TabooRootSelector, eSLIM::BackwardSearch>>>' requested here
  521 |       return runeSLIM<Circuitrepresentation, Inprocessor, Minimizer, eSLIM_Man<Minimizer, RandomizedBFSSelection<Validator, RootSelector, SearchDirection, BiasSelector>>>(cir, params);
      |              ^
src/opt/eslim/eSLIM.cpp:529:14: note: in instantiation of function template specialization 'eSLIM::toggleWindowing<Gia_Man_t_, eSLIM::EmptyInprocessor, eSLIM::AreaMinimizer, eSLIM::SubcircuitValidator, eSLIM::BackwardSearch, eSLIM::NoBiasSelector, eSLIM::TabooRootSelector>' requested here
  529 |       return toggleWindowing<Circuitrepresentation, Inprocessor, Minimizer, Validator, SearchDirection, BiasSelector, TabooRootSelector>(cir, params);
      |              ^
src/opt/eslim/eSLIM.cpp:540:14: note: in instantiation of function template specialization 'eSLIM::setTabooApproach<Gia_Man_t_, eSLIM::EmptyInprocessor, eSLIM::AreaMinimizer, eSLIM::SubcircuitValidator, eSLIM::BackwardSearch, eSLIM::NoBiasSelector>' requested here
  540 |       return setTabooApproach<Circuitrepresentation, Inprocessor, Minimizer, Validator, SearchDirection, NoBiasSelector>(cir, params);
      |              ^
src/opt/eslim/eSLIM.cpp:551:14: note: in instantiation of function template specialization 'eSLIM::setBiasApproach<Gia_Man_t_, eSLIM::EmptyInprocessor, eSLIM::AreaMinimizer, eSLIM::SubcircuitValidator, eSLIM::BackwardSearch>' requested here
  551 |       return setBiasApproach<Circuitrepresentation, Inprocessor, Minimizer, Validator, BackwardSearch>(cir, params);
      |              ^
src/opt/eslim/eSLIM.cpp:566:16: note: in instantiation of function template specialization 'eSLIM::setSearchDirection<Gia_Man_t_, eSLIM::EmptyInprocessor, eSLIM::AreaMinimizer, eSLIM::SubcircuitValidator>' requested here
  566 |         return setSearchDirection<Circuitrepresentation, EmptyInprocessor, AreaMinimizer, SubcircuitValidator>(cir, params);
      |                ^
src/opt/eslim/eSLIM.cpp:601:17: note: in instantiation of function template specialization 'eSLIM::setMinimizer<Gia_Man_t_>' requested here
  601 |   return eSLIM::setMinimizer(cir, params);
      |                 ^
src/opt/eslim/eSLIM.cpp:610:10: note: in instantiation of function template specialization 'runeSLIM<Gia_Man_t_>' requested here
  610 |   return runeSLIM(pGia, params);
      |          ^
src/opt/eslim/eSLIM.cpp:357:13: warning: format specifies type 'unsigned long' but the argument has type 'ABC_UINT64_T' (aka 'unsigned long long') [-Wformat]
  356 |       printf("Synthesis: #SAT-calls: %lu, Total SAT-time: %.2f sec, Max SAT-time: %.4f sec, Avg. SAT-time: %.4f sec\n",  
      |                                      ~~~
      |                                      %llu
  357 |             log.nof_sat_calls_synthesis, log.cummulative_sat_runtime_synthesis / 1000, log.max_sat_runtime_synthesis / 1000,
      |             ^~~~~~~~~~~~~~~~~~~~~~~~~~~
src/opt/eslim/eSLIM.cpp:354:13: warning: format specifies type 'unsigned long' but the argument has type 'ABC_UINT64_T' (aka 'unsigned long long') [-Wformat]
  353 |       printf("Relation generation: #SAT-calls: %lu, Total SAT-time: %.2f sec, Max SAT-time: %.4f sec, Avg. SAT-time: %.4f sec\n",  
      |                                                ~~~
      |                                                %llu
  354 |             log.nof_sat_calls_relation_generation, log.cummulative_sat_runtime_relation_generation, log.max_sat_runtime_relation_generation, 
      |             ^~~~~~~~~~~~~~~~~~~~~~~~~~~~~~~~~~~~~
src/opt/eslim/eSLIM.cpp:296:5: note: in instantiation of member function 'eSLIM::eSLIMRun<eSLIM::WindowMan<eSLIM::AreaMinimizer, eSLIM::RandomizedBFSSelection<eSLIM::SubcircuitValidator, eSLIM::BaseRootSelector, eSLIM::BackwardSearch>>, eSLIM::EmptyInprocessor>::printLog' requested here
  296 |     printLog();
      |     ^
src/opt/eslim/eSLIM.cpp:215:15: note: in instantiation of member function 'eSLIM::eSLIMRun<eSLIM::WindowMan<eSLIM::AreaMinimizer, eSLIM::RandomizedBFSSelection<eSLIM::SubcircuitValidator, eSLIM::BaseRootSelector, eSLIM::BackwardSearch>>, eSLIM::EmptyInprocessor>::run' requested here
  215 |     eslim_run.run();
      |               ^
src/opt/eslim/eSLIM.cpp:513:45: note: in instantiation of member function 'eSLIM::eSLIMRun<eSLIM::WindowMan<eSLIM::AreaMinimizer, eSLIM::RandomizedBFSSelection<eSLIM::SubcircuitValidator, eSLIM::BaseRootSelector, eSLIM::BackwardSearch>>, eSLIM::EmptyInprocessor>::runeSLIM' requested here
  513 |     return eSLIMRun<Approach, Inprocessor>::runeSLIM(cir, params); 
      |                                             ^
src/opt/eslim/eSLIM.cpp:519:14: note: in instantiation of function template specialization 'eSLIM::runeSLIM<Gia_Man_t_, eSLIM::EmptyInprocessor, eSLIM::AreaMinimizer, eSLIM::WindowMan<eSLIM::AreaMinimizer, eSLIM::RandomizedBFSSelection<eSLIM::SubcircuitValidator, eSLIM::BaseRootSelector, eSLIM::BackwardSearch>>>' requested here
  519 |       return runeSLIM<Circuitrepresentation, Inprocessor, Minimizer, WindowMan<Minimizer, RandomizedBFSSelection<Validator, RootSelector, SearchDirection, BiasSelector>>>(cir, params);
      |              ^
src/opt/eslim/eSLIM.cpp:531:14: note: in instantiation of function template specialization 'eSLIM::toggleWindowing<Gia_Man_t_, eSLIM::EmptyInprocessor, eSLIM::AreaMinimizer, eSLIM::SubcircuitValidator, eSLIM::BackwardSearch, eSLIM::NoBiasSelector, eSLIM::BaseRootSelector>' requested here
  531 |       return toggleWindowing<Circuitrepresentation, Inprocessor, Minimizer, Validator, SearchDirection, BiasSelector, BaseRootSelector>(cir, params);
      |              ^
src/opt/eslim/eSLIM.cpp:540:14: note: in instantiation of function template specialization 'eSLIM::setTabooApproach<Gia_Man_t_, eSLIM::EmptyInprocessor, eSLIM::AreaMinimizer, eSLIM::SubcircuitValidator, eSLIM::BackwardSearch, eSLIM::NoBiasSelector>' requested here
  540 |       return setTabooApproach<Circuitrepresentation, Inprocessor, Minimizer, Validator, SearchDirection, NoBiasSelector>(cir, params);
      |              ^
src/opt/eslim/eSLIM.cpp:551:14: note: in instantiation of function template specialization 'eSLIM::setBiasApproach<Gia_Man_t_, eSLIM::EmptyInprocessor, eSLIM::AreaMinimizer, eSLIM::SubcircuitValidator, eSLIM::BackwardSearch>' requested here
  551 |       return setBiasApproach<Circuitrepresentation, Inprocessor, Minimizer, Validator, BackwardSearch>(cir, params);
      |              ^
src/opt/eslim/eSLIM.cpp:566:16: note: in instantiation of function template specialization 'eSLIM::setSearchDirection<Gia_Man_t_, eSLIM::EmptyInprocessor, eSLIM::AreaMinimizer, eSLIM::SubcircuitValidator>' requested here
  566 |         return setSearchDirection<Circuitrepresentation, EmptyInprocessor, AreaMinimizer, SubcircuitValidator>(cir, params);
      |                ^
src/opt/eslim/eSLIM.cpp:601:17: note: in instantiation of function template specialization 'eSLIM::setMinimizer<Gia_Man_t_>' requested here
  601 |   return eSLIM::setMinimizer(cir, params);
      |                 ^
src/opt/eslim/eSLIM.cpp:610:10: note: in instantiation of function template specialization 'runeSLIM<Gia_Man_t_>' requested here
  610 |   return runeSLIM(pGia, params);
      |          ^
src/opt/eslim/eSLIM.cpp:357:13: warning: format specifies type 'unsigned long' but the argument has type 'ABC_UINT64_T' (aka 'unsigned long long') [-Wformat]
  356 |       printf("Synthesis: #SAT-calls: %lu, Total SAT-time: %.2f sec, Max SAT-time: %.4f sec, Avg. SAT-time: %.4f sec\n",  
      |                                      ~~~
      |                                      %llu
  357 |             log.nof_sat_calls_synthesis, log.cummulative_sat_runtime_synthesis / 1000, log.max_sat_runtime_synthesis / 1000,
      |             ^~~~~~~~~~~~~~~~~~~~~~~~~~~
src/opt/eslim/eSLIM.cpp:354:13: warning: format specifies type 'unsigned long' but the argument has type 'ABC_UINT64_T' (aka 'unsigned long long') [-Wformat]
  353 |       printf4( warning"sR generatede.
lation generation: #SAT-calls: %lu, Total SAT-time: %.2f sec, Max SAT-time: %.4f sec, Avg. SAT-time: %.4f sec\n",  
      |                                                ~~~
      |                                                %llu
  354 |             log.nof_sat_calls_relation_generation, log.cummulative_sat_runtime_relation_generation, log.max_sat_runtime_relation_generation, 
      |             ^~~~~~~~~~~~~~~~~~~~~~~~~~~~~~~~~~~~~
src/opt/eslim/eSLIM.cpp:296:5: note: in instantiation of member function 'eSLIM::eSLIMRun<eSLIM::eSLIM_Man<eSLIM::AreaMinimizer, eSLIM::RandomizedBFSSelection<eSLIM::SubcircuitValidator, eSLIM::BaseRootSelector, eSLIM::BackwardSearch>>, eSLIM::EmptyInprocessor>::printLog' requested here
  296 |     printLog();
      |     ^
src/opt/eslim/eSLIM.cpp:215:15: note: in instantiation of member function 'eSLIM::eSLIMRun<eSLIM::eSLIM_Man<eSLIM::AreaMinimizer, eSLIM::RandomizedBFSSelection<eSLIM::SubcircuitValidator, eSLIM::BaseRootSelector, eSLIM::BackwardSearch>>, eSLIM::EmptyInprocessor>::run' requested here
  215 |     eslim_run.run();
      |               ^
src/opt/eslim/eSLIM.cpp:513:45: note: in instantiation of member function 'eSLIM::eSLIMRun<eSLIM::eSLIM_Man<eSLIM::AreaMinimizer, eSLIM::RandomizedBFSSelection<eSLIM::SubcircuitValidator, eSLIM::BaseRootSelector, eSLIM::BackwardSearch>>, eSLIM::EmptyInprocessor>::runeSLIM' requested here
  513 |     return eSLIMRun<Approach, Inprocessor>::runeSLIM(cir, params); 
      |                                             ^
src/opt/eslim/eSLIM.cpp:521:14: note: in instantiation of function template specialization 'eSLIM::runeSLIM<Gia_Man_t_, eSLIM::EmptyInprocessor, eSLIM::AreaMinimizer, eSLIM::eSLIM_Man<eSLIM::AreaMinimizer, eSLIM::RandomizedBFSSelection<eSLIM::SubcircuitValidator, eSLIM::BaseRootSelector, eSLIM::BackwardSearch>>>' requested here
  521 |       return runeSLIM<Circuitrepresentation, Inprocessor, Minimizer, eSLIM_Man<Minimizer, RandomizedBFSSelection<Validator, RootSelector, SearchDirection, BiasSelector>>>(cir, params);
      |              ^
src/opt/eslim/eSLIM.cpp:531:14: note: in instantiation of function template specialization 'eSLIM::toggleWindowing<Gia_Man_t_, eSLIM::EmptyInprocessor, eSLIM::AreaMinimizer, eSLIM::SubcircuitValidator, eSLIM::BackwardSearch, eSLIM::NoBiasSelector, eSLIM::BaseRootSelector>' requested here
  531 |       return toggleWindowing<Circuitrepresentation, Inprocessor, Minimizer, Validator, SearchDirection, BiasSelector, BaseRootSelector>(cir, params);
      |              ^
src/opt/eslim/eSLIM.cpp:540:14: note: in instantiation of function template specialization 'eSLIM::setTabooApproach<Gia_Man_t_, eSLIM::EmptyInprocessor, eSLIM::AreaMinimizer, eSLIM::SubcircuitValidator, eSLIM::BackwardSearch, eSLIM::NoBiasSelector>' requested here
  540 |       return setTabooApproach<Circuitrepresentation, Inprocessor, Minimizer, Validator, SearchDirection, NoBiasSelector>(cir, params);
      |              ^
src/opt/eslim/eSLIM.cpp:551:14: note: in instantiation of function template specialization 'eSLIM::setBiasApproach<Gia_Man_t_, eSLIM::EmptyInprocessor, eSLIM::AreaMinimizer, eSLIM::SubcircuitValidator, eSLIM::BackwardSearch>' requested here
  551 |       return setBiasApproach<Circuitrepresentation, Inprocessor, Minimizer, Validator, BackwardSearch>(cir, params);
      |              ^
src/opt/eslim/eSLIM.cpp:566:16: note: in instantiation of function template specialization 'eSLIM::setSearchDirection<Gia_Man_t_, eSLIM::EmptyInprocessor, eSLIM::AreaMinimizer, eSLIM::SubcircuitValidator>' requested here
  566 |         return setSearchDirection<Circuitrepresentation, EmptyInprocessor, AreaMinimizer, SubcircuitValidator>(cir, params);
      |                ^
src/opt/eslim/eSLIM.cpp:601:17: note: in instantiation of function template specialization 'eSLIM::setMinimizer<Gia_Man_t_>' requested here
  601 |   return eSLIM::setMinimizer(cir, params);
      |                 ^
src/opt/eslim/eSLIM.cpp:610:10: note: in instantiation of function template specialization 'runeSLIM<Gia_Man_t_>' requested here
  610 |   return runeSLIM(pGia, params);
      |          ^
src/opt/eslim/eSLIM.cpp:357:13: warning: format specifies type 'unsigned long' but the argument has type 'ABC_UINT64_T' (aka 'unsigned long long') [-Wformat]
  356 |       printf("Synthesis: #SAT-calls: %lu, Total SAT-time: %.2f sec, Max SAT-time: %.4f sec, Avg. SAT-time: %.4f sec\n",  
      |                                      ~~~
      |                                      %llu
  357 |             log.nof_sat_calls_synthesis, log.cummulative_sat_runtime_synthesis / 1000, log.max_sat_runtime_synthesis / 1000,
      |             ^~~~~~~~~~~~~~~~~~~~~~~~~~~
src/opt/eslim/eSLIM.cpp:354:13: warning: format specifies type 'unsigned long' but the argument has type 'ABC_UINT64_T' (aka 'unsigned long long') [-Wformat]
  353 |       printf("Relation generation: #SAT-calls: %lu, Total SAT-time: %.2f sec, Max SAT-time: %.4f sec, Avg. SAT-time: %.4f sec\n",  
      |                                                ~~~
      |                                                %llu
  354 |             log.nof_sat_calls_relation_generation, log.cummulative_sat_runtime_relation_generation, log.max_sat_runtime_relation_generation, 
      |             ^~~~~~~~~~~~~~~~~~~~~~~~~~~~~~~~~~~~~
src/opt/eslim/eSLIM.cpp:296:5: note: in instantiation of member function 'eSLIM::eSLIMRun<eSLIM::WindowMan<eSLIM::AreaDelayConstraintMinimizer, eSLIM::RandomizedBFSSelection<eSLIM::SubcircuitNoFBValidator, eSLIM::CriticalPathSelector, eSLIM::ForwardSearch, eSLIM::CriticalPathBiasSelector>>, eSLIM::Resyn2Inprocessor>::printLog' requested here
  296 |     printLog();
      |     ^
src/opt/eslim/eSLIM.cpp:215:15: note: in instantiation of member function 'eSLIM::eSLIMRun<eSLIM::WindowMan<eSLIM::AreaDelayConstraintMinimizer, eSLIM::RandomizedBFSSelection<eSLIM::SubcircuitNoFBValidator, eSLIM::CriticalPathSelector, eSLIM::ForwardSearch, eSLIM::CriticalPathBiasSelector>>, eSLIM::Resyn2Inprocessor>::run' requested here
  215 |     eslim_run.run();
      |               ^
src/opt/eslim/eSLIM.cpp:513:45: note: in instantiation of member function 'eSLIM::eSLIMRun<eSLIM::WindowMan<eSLIM::AreaDelayConstraintMinimizer, eSLIM::RandomizedBFSSelection<eSLIM::SubcircuitNoFBValidator, eSLIM::CriticalPathSelector, eSLIM::ForwardSearch, eSLIM::CriticalPathBiasSelector>>, eSLIM::Resyn2Inprocessor>::runeSLIM' requested here
  513 |     return eSLIMRun<Approach, Inprocessor>::runeSLIM(cir, params); 
      |                                             ^
src/opt/eslim/eSLIM.cpp:519:14: note: in instantiation of function template specialization 'eSLIM::runeSLIM<Gia_Man_t_, eSLIM::Resyn2Inprocessor, eSLIM::AreaDelayConstraintMinimizer, eSLIM::WindowMan<eSLIM::AreaDelayConstraintMinimizer, eSLIM::RandomizedBFSSelection<eSLIM::SubcircuitNoFBValidator, eSLIM::CriticalPathSelector, eSLIM::ForwardSearch, eSLIM::CriticalPathBiasSelector>>>' requested here
  519 |       return runeSLIM<Circuitrepresentation, Inprocessor, Minimizer, WindowMan<Minimizer, RandomizedBFSSelection<Validator, RootSelector, SearchDirection, BiasSelector>>>(cir, params);
      |              ^
src/opt/eslim/eSLIM.cpp:538:14: note: in instantiation of function template specialization 'eSLIM::toggleWindowing<Gia_Man_t_, eSLIM::Resyn2Inprocessor, eSLIM::AreaDelayConstraintMinimizer, eSLIM::SubcircuitNoFBValidator, eSLIM::ForwardSearch, eSLIM::CriticalPathBiasSelector, eSLIM::CriticalPathSelector>' requested here
  538 |       return toggleWindowing<Circuitrepresentation, Inprocessor, Minimizer, Validator, SearchDirection, CriticalPathBiasSelector, CriticalPathSelector>(cir, params);
      |              ^
src/opt/eslim/eSLIM.cpp:549:14: note: in instantiation of function template specialization 'eSLIM::setBiasApproach<Gia_Man_t_, eSLIM::Resyn2Inprocessor, eSLIM::AreaDelayConstraintMinimizer, eSLIM::SubcircuitNoFBValidator, eSLIM::ForwardSearch>' requested here
  549 |       return setBiasApproach<Circuitrepresentation, Inprocessor, Minimizer, Validator, ForwardSearch>(cir, params);
      |              ^
src/opt/eslim/eSLIM.cpp:570:20: note: in instantiation of function template specialization 'eSLIM::setSearchDirection<Gia_Man_t_, eSLIM::Resyn2Inprocessor, eSLIM::AreaDelayConstraintMinimizer, eSLIM::SubcircuitNoFBValidator>' requested here
  570 |             return setSearchDirection<Circuitrepresentation, Resyn2Inprocessor, AreaDelayConstraintMinimizer, SubcircuitNoFBValidator>(cir, params);
      |                    ^
src/opt/eslim/eSLIM.cpp:601:17: note: in instantiation of function template specialization 'eSLIM::setMinimizer<Gia_Man_t_>' requested here
  601 |   return eSLIM::setMinimizer(cir, params);
      |                 ^
src/opt/eslim/eSLIM.cpp:610:10: note: in instantiation of function template specialization 'runeSLIM<Gia_Man_t_>' requested here
  610 |   return runeSLIM(pGia, params);
      |          ^
src/opt/eslim/eSLIM.cpp:357:13: warning: format specifies type 'unsigned long' but the argument has type 'ABC_UINT64_T' (aka 'unsigned long long') [-Wformat]
  356 |       printf("Synthesis: #SAT-calls: %lu, Total SAT-time: %.2f sec, Max SAT-time: %.4f sec, Avg. SAT-time: %.4f sec\n",  
      |                                      ~~~
      |                                      %llu
  357 |             log.nof_sat_calls_synthesis, log.cummulative_sat_runtime_synthesis / 1000, log.max_sat_runtime_synthesis / 1000,
      |             ^~~~~~~~~~~~~~~~~~~~~~~~~~~
src/opt/eslim/eSLIM.cpp:354:13: warning: format specifies type 'unsigned long' but the argument has type 'ABC_UINT64_T' (aka 'unsigned long long') [-Wformat]
  353 |       printf("Relation generation: #SAT-calls: %lu, Total SAT-time: %.2f sec, Max SAT-time: %.4f sec, Avg. SAT-time: %.4f sec\n",  
      |                                                ~~~
      |                                                %llu
  354 |             log.nof_sat_calls_relation_generation, log.cummulative_sat_runtime_relation_generation, log.max_sat_runtime_relation_generation, 
      |             ^~~~~~~~~~~~~~~~~~~~~~~~~~~~~~~~~~~~~
src/opt/eslim/eSLIM.cpp:296:5: note: in instantiation of member function 'eSLIM::eSLIMRun<eSLIM::eSLIM_Man<eSLIM::AreaDelayConstraintMinimizer, eSLIM::RandomizedBFSSelection<eSLIM::SubcircuitNoFBValidator, eSLIM::CriticalPathSelector, eSLIM::ForwardSearch, eSLIM::CriticalPathBiasSelector>>, eSLIM::Resyn2Inprocessor>::printLog' requested here
  296 |     printLog();
      |     ^
src/opt/eslim/eSLIM.cpp:215:15: note: in instantiation of member function 'eSLIM::eSLIMRun<eSLIM::eSLIM_Man<eSLIM::AreaDelayConstraintMinimizer, eSLIM::RandomizedBFSSelection<eSLIM::SubcircuitNoFBValidator, eSLIM::CriticalPathSelector, eSLIM::ForwardSearch, eSLIM::CriticalPathBiasSelector>>, eSLIM::Resyn2Inprocessor>::run' requested here
  215 |     eslim_run.run();
      |               ^
src/opt/eslim/eSLIM.cpp:513:45: note: in instantiation of member function 'eSLIM::eSLIMRun<eSLIM::eSLIM_Man<eSLIM::AreaDelayConstraintMinimizer, eSLIM::RandomizedBFSSelection<eSLIM::SubcircuitNoFBValidator, eSLIM::CriticalPathSelector, eSLIM::ForwardSearch, eSLIM::CriticalPathBiasSelector>>, eSLIM::Resyn2Inprocessor>::runeSLIM' requested here
  513 |     return eSLIMRun<Approach, Inprocessor>::runeSLIM(cir, params); 
      |                                             ^
src/opt/eslim/eSLIM.cpp:521:14: note: in instantiation of function template specialization 'eSLIM::runeSLIM<Gia_Man_t_, eSLIM::Resyn2Inprocessor, eSLIM::AreaDelayConstraintMinimizer, eSLIM::eSLIM_Man<eSLIM::AreaDelayConstraintMinimizer, eSLIM::RandomizedBFSSelection<eSLIM::SubcircuitNoFBValidator, eSLIM::CriticalPathSelector, eSLIM::ForwardSearch, eSLIM::CriticalPathBiasSelector>>>' requested here
  521 |       return runeSLIM<Circuitrepresentation, Inprocessor, Minimizer, eSLIM_Man<Minimizer, RandomizedBFSSelection<Validator, RootSelector, SearchDirection, BiasSelector>>>(cir, params);
      |              ^
src/opt/eslim/eSLIM.cpp:538:14: note: in instantiation of function template specialization 'eSLIM::toggleWindowing<Gia_Man_t_, eSLIM::Resyn2Inprocessor, eSLIM::AreaDelayConstraintMinimizer, eSLIM::SubcircuitNoFBValidator, eSLIM::ForwardSearch, eSLIM::CriticalPathBiasSelector, eSLIM::CriticalPathSelector>' requested here
  538 |       return toggleWindowing<Circuitrepresentation, Inprocessor, Minimizer, Validator, SearchDirection, CriticalPathBiasSelector, CriticalPathSelector>(cir, params);
      |              ^
src/opt/eslim/eSLIM.cpp:549:14: note: in instantiation of function template specialization 'eSLIM::setBiasApproach<Gia_Man_t_, eSLIM::Resyn2Inprocessor, eSLIM::AreaDelayConstraintMinimizer, eSLIM::SubcircuitNoFBValidator, eSLIM::ForwardSearch>' requested here
  549 |       return setBiasApproach<Circuitrepresentation, Inprocessor, Minimizer, Validator, ForwardSearch>(cir, params);
      |              ^
src/opt/eslim/eSLIM.cpp:570:20: note: in instantiation of function template specialization 'eSLIM::setSearchDirection<Gia_Man_t_, eSLIM::Resyn2Inprocessor, eSLIM::AreaDelayConstraintMinimizer, eSLIM::SubcircuitNoFBValidator>' requested here
  570 |             return setSearchDirection<Circuitrepresentation, Resyn2Inprocessor, AreaDelayConstraintMinimizer, SubcircuitNoFBValidator>(cir, params);
      |                    ^
src/opt/eslim/eSLIM.cpp:601:17: note: in instantiation of function template specialization 'eSLIM::setMinimizer<Gia_Man_t_>' requested here
  601 |   return eSLIM::setMinimizer(cir, params);
      |                 ^
src/opt/eslim/eSLIM.cpp:610:10: note: in instantiation of function template specialization 'runeSLIM<Gia_Man_t_>' requested here
  610 |   return runeSLIM(pGia, params);
      |          ^
src/opt/eslim/eSLIM.cpp:357:13: warning: format specifies type 'unsigned long' but the argument has type 'ABC_UINT64_T' (aka 'unsigned long long') [-Wformat]
  356 |       printf("Synthesis: #SAT-calls: %lu, Total SAT-time: %.2f sec, Max SAT-time: %.4f sec, Avg. SAT-time: %.4f sec\n",  
      |                                      ~~~
      |                                      %llu
  357 |             log.nof_sat_calls_synthesis, log.cummulative_sat_runtime_synthesis / 1000, log.max_sat_runtime_synthesis / 1000,
      |             ^~~~~~~~~~~~~~~~~~~~~~~~~~~
src/opt/eslim/eSLIM.cpp:354:13: warning: format specifies type 'unsigned long' but the argument has type 'ABC_UINT64_T' (aka 'unsigned long long') [-Wformat]
  353 |       printf("Relation generation: #SAT-calls: %lu, Total SAT-time: %.2f sec, Max SAT-time: %.4f sec, Avg. SAT-time: %.4f sec\n",  
      |                                                ~~~
      |                                                %llu
  354 |             log.nof_sat_calls_relation_generation, log.cummulative_sat_runtime_relation_generation, log.max_sat_runtime_relation_generation, 
      |             ^~~~~~~~~~~~~~~~~~~~~~~~~~~~~~~~~~~~~
src/opt/eslim/eSLIM.cpp:296:5: note: in instantiation of member function 'eSLIM::eSLIMRun<eSLIM::WindowMan<eSLIM::AreaDelayConstraintMinimizer, eSLIM::RandomizedBFSSelection<eSLIM::SubcircuitNoFBValidator, eSLIM::TabooRootSelector, eSLIM::ForwardSearch>>, eSLIM::Resyn2Inprocessor>::printLog' requested here
  296 |     printLog();
      |     ^
src/opt/eslim/eSLIM.cpp:215:15: note: in instantiation of member function 'eSLIM::eSLIMRun<eSLIM::WindowMan<eSLIM::AreaDelayConstraintMinimizer, eSLIM::RandomizedBFSSelection<eSLIM::SubcircuitNoFBValidator, eSLIM::TabooRootSelector, eSLIM::ForwardSearch>>, eSLIM::Resyn2Inprocessor>::run' requested here
  215 |     eslim_run.run();
      |               ^
src/opt/eslim/eSLIM.cpp:513:45: note: in instantiation of member function 'eSLIM::eSLIMRun<eSLIM::WindowMan<eSLIM::AreaDelayConstraintMinimizer, eSLIM::RandomizedBFSSelection<eSLIM::SubcircuitNoFBValidator, eSLIM::TabooRootSelector, eSLIM::ForwardSearch>>, eSLIM::Resyn2Inprocessor>::runeSLIM' requested here
  513 |     return eSLIMRun<Approach, Inprocessor>::runeSLIM(cir, params); 
      |                                             ^
src/opt/eslim/eSLIM.cpp:519:14: note: in instantiation of function template specialization 'eSLIM::runeSLIM<Gia_Man_t_, eSLIM::Resyn2Inprocessor, eSLIM::AreaDelayConstraintMinimizer, eSLIM::WindowMan<eSLIM::AreaDelayConstraintMinimizer, eSLIM::RandomizedBFSSelection<eSLIM::SubcircuitNoFBValidator, eSLIM::TabooRootSelector, eSLIM::ForwardSearch>>>' requested here
  519 |       return runeSLIM<Circuitrepresentation, Inprocessor, Minimizer, WindowMan<Minimizer, RandomizedBFSSelection<Validator, RootSelector, SearchDirection, BiasSelector>>>(cir, params);
      |              ^
src/opt/eslim/eSLIM.cpp:529:14: note: in instantiation of function template specialization 'eSLIM::toggleWindowing<Gia_Man_t_, eSLIM::Resyn2Inprocessor, eSLIM::AreaDelayConstraintMinimizer, eSLIM::SubcircuitNoFBValidator, eSLIM::ForwardSearch, eSLIM::NoBiasSelector, eSLIM::TabooRootSelector>' requested here
  529 |       return toggleWindowing<Circuitrepresentation, Inprocessor, Minimizer, Validator, SearchDirection, BiasSelector, TabooRootSelector>(cir, params);
      |              ^
src/opt/eslim/eSLIM.cpp:540:14: note: in instantiation of function template specialization 'eSLIM::setTabooApproach<Gia_Man_t_, eSLIM::Resyn2Inprocessor, eSLIM::AreaDelayConstraintMinimizer, eSLIM::SubcircuitNoFBValidator, eSLIM::ForwardSearch, eSLIM::NoBiasSelector>' requested here
  540 |       return setTabooApproach<Circuitrepresentation, Inprocessor, Minimizer, Validator, SearchDirection, NoBiasSelector>(cir, params);
      |              ^
src/opt/eslim/eSLIM.cpp:549:14: note: in instantiation of function template specialization 'eSLIM::setBiasApproach<Gia_Man_t_, eSLIM::Resyn2Inprocessor, eSLIM::AreaDelayConstraintMinimizer, eSLIM::SubcircuitNoFBValidator, eSLIM::ForwardSearch>' requested here
  549 |       return setBiasApproach<Circuitrepresentation, Inprocessor, Minimizer, Validator, ForwardSearch>(cir, params);
      |              ^
src/opt/eslim/eSLIM.cpp:570:20: note: in instantiation of function template specialization 'eSLIM::setSearchDirection<Gia_Man_t_, eSLIM::Resyn2Inprocessor, eSLIM::AreaDelayConstraintMinimizer, eSLIM::SubcircuitNoFBValidator>' requested here
  570 |             return setSearchDirection<Circuitrepresentation, Resyn2Inprocessor, AreaDelayConstraintMinimizer, SubcircuitNoFBValidator>(cir, params);
      |                    ^
src/opt/eslim/eSLIM.cpp:601:17: note: in instantiation of function template specialization 'eSLIM::setMinimizer<Gia_Man_t_>' requested here
  601 |   return eSLIM::setMinimizer(cir, params);
      |                 ^
src/opt/eslim/eSLIM.cpp:610:10: note: in instantiation of function template specialization 'runeSLIM<Gia_Man_t_>' requested here
  610 |   return runeSLIM(pGia, params);
      |          ^
src/opt/eslim/eSLIM.cpp:357:13: warning: format specifies type 'unsigned long' but the argument has type 'ABC_UINT64_T' (aka 'unsigned long long') [-Wformat]
  356 |       printf("Synthesis: #SAT-calls: %lu, Total SAT-time: %.2f sec, Max SAT-time: %.4f sec, Avg. SAT-time: %.4f sec\n",  
      |                                      ~~~
      |                                      %llu
  357 |             log.nof_sat_calls_synthesis, log.cummulative_sat_runtime_synthesis / 1000, log.max_sat_runtime_synthesis / 1000,
      |             ^~~~~~~~~~~~~~~~~~~~~~~~~~~
src/opt/eslim/eSLIM.cpp:354:13: warning: format specifies type 'unsigned long' but the argument has type 'ABC_UINT64_T' (aka 'unsigned long long') [-Wformat]
  353 |       printf("Relation generation: #SAT-calls: %lu, Total SAT-time: %.2f sec, Max SAT-time: %.4f sec, Avg. SAT-time: %.4f sec\n",  
      |                                                ~~~
      |                                                %llu
  354 |             log.nof_sat_calls_relation_generation, log.cummulative_sat_runtime_relation_generation, log.max_sat_runtime_relation_generation, 
      |             ^~~~~~~~~~~~~~~~~~~~~~~~~~~~~~~~~~~~~
src/opt/eslim/eSLIM.cpp:296:5: note: in instantiation of member function 'eSLIM::eSLIMRun<eSLIM::eSLIM_Man<eSLIM::AreaDelayConstraintMinimizer, eSLIM::RandomizedBFSSelection<eSLIM::SubcircuitNoFBValidator, eSLIM::TabooRootSelector, eSLIM::ForwardSearch>>, eSLIM::Resyn2Inprocessor>::printLog' requested here
  296 |     printLog();
      |     ^
src/opt/eslim/eSLIM.cpp:215:15: note: in instantiation of member function 'eSLIM::eSLIMRun<eSLIM::eSLIM_Man<eSLIM::AreaDelayConstraintMinimizer, eSLIM::RandomizedBFSSelection<eSLIM::SubcircuitNoFBValidator, eSLIM::TabooRootSelector, eSLIM::ForwardSearch>>, eSLIM::Resyn2Inprocessor>::run' requested here
  215 |     eslim_run.run();
      |               ^
src/opt/eslim/eSLIM.cpp:513:45: note: in instantiation of member function 'eSLIM::eSLIMRun<eSLIM::eSLIM_Man<eSLIM::AreaDelayConstraintMinimizer, eSLIM::RandomizedBFSSelection<eSLIM::SubcircuitNoFBValidator, eSLIM::TabooRootSelector, eSLIM::ForwardSearch>>, eSLIM::Resyn2Inprocessor>::runeSLIM' requested here
  513 |     return eSLIMRun<Approach, Inprocessor>::runeSLIM(cir, params); 
      |                                             ^
src/opt/eslim/eSLIM.cpp:521:14: note: in instantiation of function template specialization 'eSLIM::runeSLIM<Gia_Man_t_, eSLIM::Resyn2Inprocessor, eSLIM::AreaDelayConstraintMinimizer, eSLIM::eSLIM_Man<eSLIM::AreaDelayConstraintMinimizer, eSLIM::RandomizedBFSSelection<eSLIM::SubcircuitNoFBValidator, eSLIM::TabooRootSelector, eSLIM::ForwardSearch>>>' requested here
  521 |       return runeSLIM<Circuitrepresentation, Inprocessor, Minimizer, eSLIM_Man<Minimizer, RandomizedBFSSelection<Validator, RootSelector, SearchDirection, BiasSelector>>>(cir, params);
      |              ^
src/opt/eslim/eSLIM.cpp:529:14: note: in instantiation of function template specialization 'eSLIM::toggleWindowing<Gia_Man_t_, eSLIM::Resyn2Inprocessor, eSLIM::AreaDelayConstraintMinimizer, eSLIM::SubcircuitNoFBValidator, eSLIM::ForwardSearch, eSLIM::NoBiasSelector, eSLIM::TabooRootSelector>' requested here
  529 |       return toggleWindowing<Circuitrepresentation, Inprocessor, Minimizer, Validator, SearchDirection, BiasSelector, TabooRootSelector>(cir, params);
      |              ^
src/opt/eslim/eSLIM.cpp:540:14: note: in instantiation of function template specialization 'eSLIM::setTabooApproach<Gia_Man_t_, eSLIM::Resyn2Inprocessor, eSLIM::AreaDelayConstraintMinimizer, eSLIM::SubcircuitNoFBValidator, eSLIM::ForwardSearch, eSLIM::NoBiasSelector>' requested here
  540 |       return setTabooApproach<Circuitrepresentation, Inprocessor, Minimizer, Validator, SearchDirection, NoBiasSelector>(cir, params);
      |              ^
src/opt/eslim/eSLIM.cpp:549:14: note: in instantiation of function template specialization 'eSLIM::setBiasApproach<Gia_Man_t_, eSLIM::Resyn2Inprocessor, eSLIM::AreaDelayConstraintMinimizer, eSLIM::SubcircuitNoFBValidator, eSLIM::ForwardSearch>' requested here
  549 |       return setBiasApproach<Circuitrepresentation, Inprocessor, Minimizer, Validator, ForwardSearch>(cir, params);
      |              ^
src/opt/eslim/eSLIM.cpp:570:20: note: in instantiation of function template specialization 'eSLIM::setSearchDirection<Gia_Man_t_, eSLIM::Resyn2Inprocessor, eSLIM::AreaDelayConstraintMinimizer, eSLIM::SubcircuitNoFBValidator>' requested here
  570 |             return setSearchDirection<Circuitrepresentation, Resyn2Inprocessor, AreaDelayConstraintMinimizer, SubcircuitNoFBValidator>(cir, params);
      |                    ^
src/opt/eslim/eSLIM.cpp:601:17: note: in instantiation of function template specialization 'eSLIM::setMinimizer<Gia_Man_t_>' requested here
  601 |   return eSLIM::setMinimizer(cir, params);
      |                 ^
src/opt/eslim/eSLIM.cpp:610:10: note: in instantiation of function template specialization 'runeSLIM<Gia_Man_t_>' requested here
  610 |   return runeSLIM(pGia, params);
      |          ^
src/opt/eslim/eSLIM.cpp:357:13: warning: format specifies type 'unsigned long' but the argument has type 'ABC_UINT64_T' (aka 'unsigned long long') [-Wformat]
  356 |       printf("Synthesis: #SAT-calls: %lu, Total SAT-time: %.2f sec, Max SAT-time: %.4f sec, Avg. SAT-time: %.4f sec\n",  
      |                                      ~~~
      |                                      %llu
  357 |             log.nof_sat_calls_synthesis, log.cummulative_sat_runtime_synthesis / 1000, log.max_sat_runtime_synthesis / 1000,
      |             ^~~~~~~~~~~~~~~~~~~~~~~~~~~
src/opt/eslim/eSLIM.cpp:354:13: warning: format specifies type 'unsigned long' but the argument has type 'ABC_UINT64_T' (aka 'unsigned long long') [-Wformat]
  353 |       printf("Relation generation: #SAT-calls: %lu, Total SAT-time: %.2f sec, Max SAT-time: %.4f sec, Avg. SAT-time: %.4f sec\n",  
      |                                                ~~~
      |                                                %llu
  354 |             log.nof_sat_calls_relation_generation, log.cummulative_sat_runtime_relation_generation, log.max_sat_runtime_relation_generation, 
      |             ^~~~~~~~~~~~~~~~~~~~~~~~~~~~~~~~~~~~~
src/opt/eslim/eSLIM.cpp:296:5: note: in instantiation of member function 'eSLIM::eSLIMRun<eSLIM::WindowMan<eSLIM::AreaDelayConstraintMinimizer, eSLIM::RandomizedBFSSelection<eSLIM::SubcircuitNoFBValidator, eSLIM::BaseRootSelector, eSLIM::ForwardSearch>>, eSLIM::Resyn2Inprocessor>::printLog' requested here
  296 |     printLog();
      |     ^
src/opt/eslim/eSLIM.cpp:215:15: note: in instantiation of member function 'eSLIM::eSLIMRun<eSLIM::WindowMan<eSLIM::AreaDelayConstraintMinimizer, eSLIM::RandomizedBFSSelection<eSLIM::SubcircuitNoFBValidator, eSLIM::BaseRootSelector, eSLIM::ForwardSearch>>, eSLIM::Resyn2Inprocessor>::run' requested here
  215 |     eslim_run.run();
      |               ^
src/opt/eslim/eSLIM.cpp:513:45: note: in instantiation of member function 'eSLIM::eSLIMRun<eSLIM::WindowMan<eSLIM::AreaDelayConstraintMinimizer, eSLIM::RandomizedBFSSelection<eSLIM::SubcircuitNoFBValidator, eSLIM::BaseRootSelector, eSLIM::ForwardSearch>>, eSLIM::Resyn2Inprocessor>::runeSLIM' requested here
  513 |     return eSLIMRun<Approach, Inprocessor>::runeSLIM(cir, params); 
      |                                             ^
src/opt/eslim/eSLIM.cpp:519:14: note: in instantiation of function template specialization 'eSLIM::runeSLIM<Gia_Man_t_, eSLIM::Resyn2Inprocessor, eSLIM::AreaDelayConstraintMinimizer, eSLIM::WindowMan<eSLIM::AreaDelayConstraintMinimizer, eSLIM::RandomizedBFSSelection<eSLIM::SubcircuitNoFBValidator, eSLIM::BaseRootSelector, eSLIM::ForwardSearch>>>' requested here
  519 |       return runeSLIM<Circuitrepresentation, Inprocessor, Minimizer, WindowMan<Minimizer, RandomizedBFSSelection<Validator, RootSelector, SearchDirection, BiasSelector>>>(cir, params);
      |              ^
src/opt/eslim/eSLIM.cpp:531:14: note: in instantiation of function template specialization 'eSLIM::toggleWindowing<Gia_Man_t_, eSLIM::Resyn2Inprocessor, eSLIM::AreaDelayConstraintMinimizer, eSLIM::SubcircuitNoFBValidator, eSLIM::ForwardSearch, eSLIM::NoBiasSelector, eSLIM::BaseRootSelector>' requested here
  531 |       return toggleWindowing<Circuitrepresentation, Inprocessor, Minimizer, Validator, SearchDirection, BiasSelector, BaseRootSelector>(cir, params);
      |              ^
src/opt/eslim/eSLIM.cpp:540:14: note: in instantiation of function template specialization 'eSLIM::setTabooApproach<Gia_Man_t_, eSLIM::Resyn2Inprocessor, eSLIM::AreaDelayConstraintMinimizer, eSLIM::SubcircuitNoFBValidator, eSLIM::ForwardSearch, eSLIM::NoBiasSelector>' requested here
  540 |       return setTabooApproach<Circuitrepresentation, Inprocessor, Minimizer, Validator, SearchDirection, NoBiasSelector>(cir, params);
      |              ^
src/opt/eslim/eSLIM.cpp:549:14: note: in instantiation of function template specialization 'eSLIM::setBiasApproach<Gia_Man_t_, eSLIM::Resyn2Inprocessor, eSLIM::AreaDelayConstraintMinimizer, eSLIM::SubcircuitNoFBValidator, eSLIM::ForwardSearch>' requested here
  549 |       return setBiasApproach<Circuitrepresentation, Inprocessor, Minimizer, Validator, ForwardSearch>(cir, params);
      |              ^
src/opt/eslim/eSLIM.cpp:570:20: note: in instantiation of function template specialization 'eSLIM::setSearchDirection<Gia_Man_t_, eSLIM::Resyn2Inprocessor, eSLIM::AreaDelayConstraintMinimizer, eSLIM::SubcircuitNoFBValidator>' requested here
  570 |             return setSearchDirection<Circuitrepresentation, Resyn2Inprocessor, AreaDelayConstraintMinimizer, SubcircuitNoFBValidator>(cir, params);
      |                    ^
src/opt/eslim/eSLIM.cpp:601:17: note: in instantiation of function template specialization 'eSLIM::setMinimizer<Gia_Man_t_>' requested here
  601 |   return eSLIM::setMinimizer(cir, params);
      |                 ^
src/opt/eslim/eSLIM.cpp:610:10: note: in instantiation of function template specialization 'runeSLIM<Gia_Man_t_>' requested here
  610 |   return runeSLIM(pGia, params);
      |          ^
src/opt/eslim/eSLIM.cpp:357:13: warning: format specifies type 'unsigned long' but the argument has type 'ABC_UINT64_T' (aka 'unsigned long long') [-Wformat]
  356 |       printf("Synthesis: #SAT-calls: %lu, Total SAT-time: %.2f sec, Max SAT-time: %.4f sec, Avg. SAT-time: %.4f sec\n",  
      |                                      ~~~
      |                                      %llu
  357 |             log.nof_sat_calls_synthesis, log.cummulative_sat_runtime_synthesis / 1000, log.max_sat_runtime_synthesis / 1000,
      |             ^~~~~~~~~~~~~~~~~~~~~~~~~~~
src/opt/eslim/eSLIM.cpp:354:13: warning: format specifies type 'unsigned long' but the argument has type 'ABC_UINT64_T' (aka 'unsigned long long') [-Wformat]
  353 |       printf("Relation generation: #SAT-calls: %lu, Total SAT-time: %.2f sec, Max SAT-time: %.4f sec, Avg. SAT-time: %.4f sec\n",  
      |                                                ~~~
      |                                                %llu
  354 |             log.nof_sat_calls_relation_generation, log.cummulative_sat_runtime_relation_generation, log.max_sat_runtime_relation_generation, 
      |             ^~~~~~~~~~~~~~~~~~~~~~~~~~~~~~~~~~~~~
src/opt/eslim/eSLIM.cpp:296:5: note: in instantiation of member function 'eSLIM::eSLIMRun<eSLIM::eSLIM_Man<eSLIM::AreaDelayConstraintMinimizer, eSLIM::RandomizedBFSSelection<eSLIM::SubcircuitNoFBValidator, eSLIM::BaseRootSelector, eSLIM::ForwardSearch>>, eSLIM::Resyn2Inprocessor>::printLog' requested here
  296 |     printLog();
      |     ^
src/opt/eslim/eSLIM.cpp:215:15: note: in instantiation of member function 'eSLIM::eSLIMRun<eSLIM::eSLIM_Man<eSLIM::AreaDelayConstraintMinimizer, eSLIM::RandomizedBFSSelection<eSLIM::SubcircuitNoFBValidator, eSLIM::BaseRootSelector, eSLIM::ForwardSearch>>, eSLIM::Resyn2Inprocessor>::run' requested here
  215 |     eslim_run.run();
      |               ^
src/opt/eslim/eSLIM.cpp:513:45: note: in instantiation of member function 'eSLIM::eSLIMRun<eSLIM::eSLIM_Man<eSLIM::AreaDelayConstraintMinimizer, eSLIM::RandomizedBFSSelection<eSLIM::SubcircuitNoFBValidator, eSLIM::BaseRootSelector, eSLIM::ForwardSearch>>, eSLIM::Resyn2Inprocessor>::runeSLIM' requested here
  513 |     return eSLIMRun<Approach, Inprocessor>::runeSLIM(cir, params); 
      |                                             ^
src/opt/eslim/eSLIM.cpp:521:14: note: in instantiation of function template specialization 'eSLIM::runeSLIM<Gia_Man_t_, eSLIM::Resyn2Inprocessor, eSLIM::AreaDelayConstraintMinimizer, eSLIM::eSLIM_Man<eSLIM::AreaDelayConstraintMinimizer, eSLIM::RandomizedBFSSelection<eSLIM::SubcircuitNoFBValidator, eSLIM::BaseRootSelector, eSLIM::ForwardSearch>>>' requested here
  521 |       return runeSLIM<Circuitrepresentation, Inprocessor, Minimizer, eSLIM_Man<Minimizer, RandomizedBFSSelection<Validator, RootSelector, SearchDirection, BiasSelector>>>(cir, params);
      |              ^
src/opt/eslim/eSLIM.cpp:531:14: note: in instantiation of function template specialization 'eSLIM::toggleWindowing<Gia_Man_t_, eSLIM::Resyn2Inprocessor, eSLIM::AreaDelayConstraintMinimizer, eSLIM::SubcircuitNoFBValidator, eSLIM::ForwardSearch, eSLIM::NoBiasSelector, eSLIM::BaseRootSelector>' requested here
  531 |       return toggleWindowing<Circuitrepresentation, Inprocessor, Minimizer, Validator, SearchDirection, BiasSelector, BaseRootSelector>(cir, params);
      |              ^
src/opt/eslim/eSLIM.cpp:540:14: note: in instantiation of function template specialization 'eSLIM::setTabooApproach<Gia_Man_t_, eSLIM::Resyn2Inprocessor, eSLIM::AreaDelayConstraintMinimizer, eSLIM::SubcircuitNoFBValidator, eSLIM::ForwardSearch, eSLIM::NoBiasSelector>' requested here
  540 |       return setTabooApproach<Circuitrepresentation, Inprocessor, Minimizer, Validator, SearchDirection, NoBiasSelector>(cir, params);
      |              ^
src/opt/eslim/eSLIM.cpp:549:14: note: in instantiation of function template specialization 'eSLIM::setBiasApproach<Gia_Man_t_, eSLIM::Resyn2Inprocessor, eSLIM::AreaDelayConstraintMinimizer, eSLIM::SubcircuitNoFBValidator, eSLIM::ForwardSearch>' requested here
  549 |       return setBiasApproach<Circuitrepresentation, Inprocessor, Minimizer, Validator, ForwardSearch>(cir, params);
      |              ^
src/opt/eslim/eSLIM.cpp:570:20: note: in instantiation of function template specialization 'eSLIM::setSearchDirection<Gia_Man_t_, eSLIM::Resyn2Inprocessor, eSLIM::AreaDelayConstraintMinimizer, eSLIM::SubcircuitNoFBValidator>' requested here
  570 |             return setSearchDirection<Circuitrepresentation, Resyn2Inprocessor, AreaDelayConstraintMinimizer, SubcircuitNoFBValidator>(cir, params);
      |                    ^
src/opt/eslim/eSLIM.cpp:601:17: note: in instantiation of function template specialization 'eSLIM::setMinimizer<Gia_Man_t_>' requested here
  601 |   return eSLIM::setMinimizer(cir, params);
      |                 ^
src/opt/eslim/eSLIM.cpp:610:10: note: in instantiation of function template specialization 'runeSLIM<Gia_Man_t_>' requested here
  610 |   return runeSLIM(pGia, params);
      |          ^
src/opt/eslim/eSLIM.cpp:357:13: warning: format specifies type 'unsigned long' but the argument has type 'ABC_UINT64_T' (aka 'unsigned long long') [-Wformat]
  356 |       printf("Synthesis: #SAT-calls: %lu, Total SAT-time: %.2f sec, Max SAT-time: %.4f sec, Avg. SAT-time: %.4f sec\n",  
      |                                      ~~~
      |                                      %llu
  357 |             log.nof_sat_calls_synthesis, log.cummulative_sat_runtime_synthesis / 1000, log.max_sat_runtime_synthesis / 1000,
      |             ^~~~~~~~~~~~~~~~~~~~~~~~~~~
src/opt/eslim/eSLIM.cpp:354:13: warning: format specifies type 'unsigned long' but the argument has type 'ABC_UINT64_T' (aka 'unsigned long long') [-Wformat]
  353 |       printf("Relation generation: #SAT-calls: %lu, Total SAT-time: %.2f sec, Max SAT-time: %.4f sec, Avg. SAT-time: %.4f sec\n",  
      |                                                ~~~
      |                                                %llu
  354 |             log.nof_sat_calls_relation_generation, log.cummulative_sat_runtime_relation_generation, log.max_sat_runtime_relation_generation, 
      |             ^~~~~~~~~~~~~~~~~~~~~~~~~~~~~~~~~~~~~
src/opt/eslim/eSLIM.cpp:296:5: note: in instantiation of member function 'eSLIM::eSLIMRun<eSLIM::WindowMan<eSLIM::AreaDelayConstraintMinimizer, eSLIM::RandomizedBFSSelection<eSLIM::SubcircuitNoFBValidator, eSLIM::CriticalPathSelector, eSLIM::BackwardSearch, eSLIM::CriticalPathBiasSelector>>, eSLIM::Resyn2Inprocessor>::printLog' requested here
  296 |     printLog();
      |     ^
src/opt/eslim/eSLIM.cpp:215:15: note: in instantiation of member function 'eSLIM::eSLIMRun<eSLIM::WindowMan<eSLIM::AreaDelayConstraintMinimizer, eSLIM::RandomizedBFSSelection<eSLIM::SubcircuitNoFBValidator, eSLIM::CriticalPathSelector, eSLIM::BackwardSearch, eSLIM::CriticalPathBiasSelector>>, eSLIM::Resyn2Inprocessor>::run' requested here
  215 |     eslim_run.run();
      |               ^
src/opt/eslim/eSLIM.cpp:513:45: note: in instantiation of member function 'eSLIM::eSLIMRun<eSLIM::WindowMan<eSLIM::AreaDelayConstraintMinimizer, eSLIM::RandomizedBFSSelection<eSLIM::SubcircuitNoFBValidator, eSLIM::CriticalPathSelector, eSLIM::BackwardSearch, eSLIM::CriticalPathBiasSelector>>, eSLIM::Resyn2Inprocessor>::runeSLIM' requested here
  513 |     return eSLIMRun<Approach, Inprocessor>::runeSLIM(cir, params); 
      |                                             ^
src/opt/eslim/eSLIM.cpp:519:14: note: in instantiation of function template specialization 'eSLIM::runeSLIM<Gia_Man_t_, eSLIM::Resyn2Inprocessor, eSLIM::AreaDelayConstraintMinimizer, eSLIM::WindowMan<eSLIM::AreaDelayConstraintMinimizer, eSLIM::RandomizedBFSSelection<eSLIM::SubcircuitNoFBValidator, eSLIM::CriticalPathSelector, eSLIM::BackwardSearch, eSLIM::CriticalPathBiasSelector>>>' requested here
  519 |       return runeSLIM<Circuitrepresentation, Inprocessor, Minimizer, WindowMan<Minimizer, RandomizedBFSSelection<Validator, RootSelector, SearchDirection, BiasSelector>>>(cir, params);
      |              ^
src/opt/eslim/eSLIM.cpp:538:14: note: in instantiation of function template specialization 'eSLIM::toggleWindowing<Gia_Man_t_, eSLIM::Resyn2Inprocessor, eSLIM::AreaDelayConstraintMinimizer, eSLIM::SubcircuitNoFBValidator, eSLIM::BackwardSearch, eSLIM::CriticalPathBiasSelector, eSLIM::CriticalPathSelector>' requested here
  538 |       return toggleWindowing<Circuitrepresentation, Inprocessor, Minimizer, Validator, SearchDirection, CriticalPathBiasSelector, CriticalPathSelector>(cir, params);
      |              ^
src/opt/eslim/eSLIM.cpp:551:14: note: in instantiation of function template specialization 'eSLIM::setBiasApproach<Gia_Man_t_, eSLIM::Resyn2Inprocessor, eSLIM::AreaDelayConstraintMinimizer, eSLIM::SubcircuitNoFBValidator, eSLIM::BackwardSearch>' requested here
  551 |       return setBiasApproach<Circuitrepresentation, Inprocessor, Minimizer, Validator, BackwardSearch>(cir, params);
      |              ^
src/opt/eslim/eSLIM.cpp:570:20: note: in instantiation of function template specialization 'eSLIM::setSearchDirection<Gia_Man_t_, eSLIM::Resyn2Inprocessor, eSLIM::AreaDelayConstraintMinimizer, eSLIM::SubcircuitNoFBValidator>' requested here
  570 |             return setSearchDirection<Circuitrepresentation, Resyn2Inprocessor, AreaDelayConstraintMinimizer, SubcircuitNoFBValidator>(cir, params);
      |                    ^
src/opt/eslim/eSLIM.cpp:601:17: note: in instantiation of function template specialization 'eSLIM::setMinimizer<Gia_Man_t_>' requested here
  601 |   return eSLIM::setMinimizer(cir, params);
      |                 ^
src/opt/eslim/eSLIM.cpp:610:10: note: in instantiation of function template specialization 'runeSLIM<Gia_Man_t_>' requested here
  610 |   return runeSLIM(pGia, params);
      |          ^
src/opt/eslim/eSLIM.cpp:357:13: warning: format specifies type 'unsigned long' but the argument has type 'ABC_UINT64_T' (aka 'unsigned long long') [-Wformat]
  356 |       printf("Synthesis: #SAT-calls: %lu, Total SAT-time: %.2f sec, Max SAT-time: %.4f sec, Avg. SAT-time: %.4f sec\n",  
      |                                      ~~~
      |                                      %llu
  357 |             log.nof_sat_calls_synthesis, log.cummulative_sat_runtime_synthesis / 1000, log.max_sat_runtime_synthesis / 1000,
      |             ^~~~~~~~~~~~~~~~~~~~~~~~~~~
src/opt/eslim/eSLIM.cpp:354:13: warning: format specifies type 'unsigned long' but the argument has type 'ABC_UINT64_T' (aka 'unsigned long long') [-Wformat]
  353 |       printf("Relation generation: #SAT-calls: %lu, Total SAT-time: %.2f sec, Max SAT-time: %.4f sec, Avg. SAT-time: %.4f sec\n",  
      |                                                ~~~
      |                                                %llu
  354 |             log.nof_sat_calls_relation_generation, log.cummulative_sat_runtime_relation_generation, log.max_sat_runtime_relation_generation, 
      |             ^~~~~~~~~~~~~~~~~~~~~~~~~~~~~~~~~~~~~
src/opt/eslim/eSLIM.cpp:296:5: note: in instantiation of member function 'eSLIM::eSLIMRun<eSLIM::eSLIM_Man<eSLIM::AreaDelayConstraintMinimizer, eSLIM::RandomizedBFSSelection<eSLIM::SubcircuitNoFBValidator, eSLIM::CriticalPathSelector, eSLIM::BackwardSearch, eSLIM::CriticalPathBiasSelector>>, eSLIM::Resyn2Inprocessor>::printLog' requested here
  296 |     printLog();
      |     ^
src/opt/eslim/eSLIM.cpp:215:15: note: in instantiation of member function 'eSLIM::eSLIMRun<eSLIM::eSLIM_Man<eSLIM::AreaDelayConstraintMinimizer, eSLIM::RandomizedBFSSelection<eSLIM::SubcircuitNoFBValidator, eSLIM::CriticalPathSelector, eSLIM::BackwardSearch, eSLIM::CriticalPathBiasSelector>>, eSLIM::Resyn2Inprocessor>::run' requested here
  215 |     eslim_run.run();
      |               ^
src/opt/eslim/eSLIM.cpp:513:45: note: in instantiation of member function 'eSLIM::eSLIMRun<eSLIM::eSLIM_Man<eSLIM::AreaDelayConstraintMinimizer, eSLIM::RandomizedBFSSelection<eSLIM::SubcircuitNoFBValidator, eSLIM::CriticalPathSelector, eSLIM::BackwardSearch, eSLIM::CriticalPathBiasSelector>>, eSLIM::Resyn2Inprocessor>::runeSLIM' requested here
  513 |     return eSLIMRun<Approach, Inprocessor>::runeSLIM(cir, params); 
      |                                             ^
src/opt/eslim/eSLIM.cpp:521:14: note: in instantiation of function template specialization 'eSLIM::runeSLIM<Gia_Man_t_, eSLIM::Resyn2Inprocessor, eSLIM::AreaDelayConstraintMinimizer, eSLIM::eSLIM_Man<eSLIM::AreaDelayConstraintMinimizer, eSLIM::RandomizedBFSSelection<eSLIM::SubcircuitNoFBValidator, eSLIM::CriticalPathSelector, eSLIM::BackwardSearch, eSLIM::CriticalPathBiasSelector>>>' requested here
  521 |       return runeSLIM<Circuitrepresentation, Inprocessor, Minimizer, eSLIM_Man<Minimizer, RandomizedBFSSelection<Validator, RootSelector, SearchDirection, BiasSelector>>>(cir, params);
      |              ^
src/opt/eslim/eSLIM.cpp:538:14: note: in instantiation of function template specialization 'eSLIM::toggleWindowing<Gia_Man_t_, eSLIM::Resyn2Inprocessor, eSLIM::AreaDelayConstraintMinimizer, eSLIM::SubcircuitNoFBValidator, eSLIM::BackwardSearch, eSLIM::CriticalPathBiasSelector, eSLIM::CriticalPathSelector>' requested here
  538 |       return toggleWindowing<Circuitrepresentation, Inprocessor, Minimizer, Validator, SearchDirection, CriticalPathBiasSelector, CriticalPathSelector>(cir, params);
      |              ^
src/opt/eslim/eSLIM.cpp:551:14: note: in instantiation of function template specialization 'eSLIM::setBiasApproach<Gia_Man_t_, eSLIM::Resyn2Inprocessor, eSLIM::AreaDelayConstraintMinimizer, eSLIM::SubcircuitNoFBValidator, eSLIM::BackwardSearch>' requested here
  551 |       return setBiasApproach<Circuitrepresentation, Inprocessor, Minimizer, Validator, BackwardSearch>(cir, params);
      |              ^
src/opt/eslim/eSLIM.cpp:570:20: note: in instantiation of function template specialization 'eSLIM::setSearchDirection<Gia_Man_t_, eSLIM::Resyn2Inprocessor, eSLIM::AreaDelayConstraintMinimizer, eSLIM::SubcircuitNoFBValidator>' requested here
  570 |             return setSearchDirection<Circuitrepresentation, Resyn2Inprocessor, AreaDelayConstraintMinimizer, SubcircuitNoFBValidator>(cir, params);
      |                    ^
src/opt/eslim/eSLIM.cpp:601:17: note: in instantiation of function template specialization 'eSLIM::setMinimizer<Gia_Man_t_>' requested here
  601 |   return eSLIM::setMinimizer(cir, params);
      |                 ^
src/opt/eslim/eSLIM.cpp:610:10: note: in instantiation of function template specialization 'runeSLIM<Gia_Man_t_>' requested here
  610 |   return runeSLIM(pGia, params);
      |          ^
src/opt/eslim/eSLIM.cpp:357:13: warning: format specifies type 'unsigned long' but the argument has type 'ABC_UINT64_T' (aka 'unsigned long long') [-Wformat]
  356 |       printf("Synthesis: #SAT-calls: %lu, Total SAT-time: %.2f sec, Max SAT-time: %.4f sec, Avg. SAT-time: %.4f sec\n",  
      |                                      ~~~
      |                                      %llu
  357 |             log.nof_sat_calls_synthesis, log.cummulative_sat_runtime_synthesis / 1000, log.max_sat_runtime_synthesis / 1000,
      |             ^~~~~~~~~~~~~~~~~~~~~~~~~~~
src/opt/eslim/eSLIM.cpp:354:13: warning: format specifies type 'unsigned long' but the argument has type 'ABC_UINT64_T' (aka 'unsigned long long') [-Wformat]
  353 |       printf("Relation generation: #SAT-calls: %lu, Total SAT-time: %.2f sec, Max SAT-time: %.4f sec, Avg. SAT-time: %.4f sec\n",  
      |                                                ~~~
      |                                                %llu
  354 |             log.nof_sat_calls_relation_generation, log.cummulative_sat_runtime_relation_generation, log.max_sat_runtime_relation_generation, 
      |             ^~~~~~~~~~~~~~~~~~~~~~~~~~~~~~~~~~~~~
src/opt/eslim/eSLIM.cpp:296:5: note: in instantiation of member function 'eSLIM::eSLIMRun<eSLIM::WindowMan<eSLIM::AreaDelayConstraintMinimizer, eSLIM::RandomizedBFSSelection<eSLIM::SubcircuitNoFBValidator, eSLIM::TabooRootSelector, eSLIM::BackwardSearch>>, eSLIM::Resyn2Inprocessor>::printLog' requested here
  296 |     printLog();
      |     ^
src/opt/eslim/eSLIM.cpp:215:15: note: in instantiation of member function 'eSLIM::eSLIMRun<eSLIM::WindowMan<eSLIM::AreaDelayConstraintMinimizer, eSLIM::RandomizedBFSSelection<eSLIM::SubcircuitNoFBValidator, eSLIM::TabooRootSelector, eSLIM::BackwardSearch>>, eSLIM::Resyn2Inprocessor>::run' requested here
  215 |     eslim_run.run();
      |               ^
src/opt/eslim/eSLIM.cpp:513:45: note: in instantiation of member function 'eSLIM::eSLIMRun<eSLIM::WindowMan<eSLIM::AreaDelayConstraintMinimizer, eSLIM::RandomizedBFSSelection<eSLIM::SubcircuitNoFBValidator, eSLIM::TabooRootSelector, eSLIM::BackwardSearch>>, eSLIM::Resyn2Inprocessor>::runeSLIM' requested here
  513 |     return eSLIMRun<Approach, Inprocessor>::runeSLIM(cir, params); 
      |                                             ^
src/opt/eslim/eSLIM.cpp:519:14: note: in instantiation of function template specialization 'eSLIM::runeSLIM<Gia_Man_t_, eSLIM::Resyn2Inprocessor, eSLIM::AreaDelayConstraintMinimizer, eSLIM::WindowMan<eSLIM::AreaDelayConstraintMinimizer, eSLIM::RandomizedBFSSelection<eSLIM::SubcircuitNoFBValidator, eSLIM::TabooRootSelector, eSLIM::BackwardSearch>>>' requested here
  519 |       return runeSLIM<Circuitrepresentation, Inprocessor, Minimizer, WindowMan<Minimizer, RandomizedBFSSelection<Validator, RootSelector, SearchDirection, BiasSelector>>>(cir, params);
      |              ^
src/opt/eslim/eSLIM.cpp:529:14: note: in instantiation of function template specialization 'eSLIM::toggleWindowing<Gia_Man_t_, eSLIM::Resyn2Inprocessor, eSLIM::AreaDelayConstraintMinimizer, eSLIM::SubcircuitNoFBValidator, eSLIM::BackwardSearch, eSLIM::NoBiasSelector, eSLIM::TabooRootSelector>' requested here
  529 |       return toggleWindowing<Circuitrepresentation, Inprocessor, Minimizer, Validator, SearchDirection, BiasSelector, TabooRootSelector>(cir, params);
      |              ^
src/opt/eslim/eSLIM.cpp:540:14: note: in instantiation of function template specialization 'eSLIM::setTabooApproach<Gia_Man_t_, eSLIM::Resyn2Inprocessor, eSLIM::AreaDelayConstraintMinimizer, eSLIM::SubcircuitNoFBValidator, eSLIM::BackwardSearch, eSLIM::NoBiasSelector>' requested here
  540 |       return setTabooApproach<Circuitrepresentation, Inprocessor, Minimizer, Validator, SearchDirection, NoBiasSelector>(cir, params);
      |              ^
src/opt/eslim/eSLIM.cpp:551:14: note: in instantiation of function template specialization 'eSLIM::setBiasApproach<Gia_Man_t_, eSLIM::Resyn2Inprocessor, eSLIM::AreaDelayConstraintMinimizer, eSLIM::SubcircuitNoFBValidator, eSLIM::BackwardSearch>' requested here
  551 |       return setBiasApproach<Circuitrepresentation, Inprocessor, Minimizer, Validator, BackwardSearch>(cir, params);
      |              ^
src/opt/eslim/eSLIM.cpp:570:20: note: in instantiation of function template specialization 'eSLIM::setSearchDirection<Gia_Man_t_, eSLIM::Resyn2Inprocessor, eSLIM::AreaDelayConstraintMinimizer, eSLIM::SubcircuitNoFBValidator>' requested here
  570 |             return setSearchDirection<Circuitrepresentation, Resyn2Inprocessor, AreaDelayConstraintMinimizer, SubcircuitNoFBValidator>(cir, params);
      |                    ^
src/opt/eslim/eSLIM.cpp:601:17: note: in instantiation of function template specialization 'eSLIM::setMinimizer<Gia_Man_t_>' requested here
  601 |   return eSLIM::setMinimizer(cir, params);
      |                 ^
src/opt/eslim/eSLIM.cpp:610:10: note: in instantiation of function template specialization 'runeSLIM<Gia_Man_t_>' requested here
  610 |   return runeSLIM(pGia, params);
      |          ^
src/opt/eslim/eSLIM.cpp:357:13: warning: format specifies type 'unsigned long' but the argument has type 'ABC_UINT64_T' (aka 'unsigned long long') [-Wformat]
  356 |       printf("Synthesis: #SAT-calls: %lu, Total SAT-time: %.2f sec, Max SAT-time: %.4f sec, Avg. SAT-time: %.4f sec\n",  
      |                                      ~~~
      |                                      %llu
  357 |             log.nof_sat_calls_synthesis, log.cummulative_sat_runtime_synthesis / 1000, log.max_sat_runtime_synthesis / 1000,
      |             ^~~~~~~~~~~~~~~~~~~~~~~~~~~
src/opt/eslim/eSLIM.cpp:354:13: warning: format specifies type 'unsigned long' but the argument has type 'ABC_UINT64_T' (aka 'unsigned long long') [-Wformat]
  353 |       printf("Relation generation: #SAT-calls: %lu, Total SAT-time: %.2f sec, Max SAT-time: %.4f sec, Avg. SAT-time: %.4f sec\n",  
      |                                                ~~~
      |                                                %llu
  354 |             log.nof_sat_calls_relation_generation, log.cummulative_sat_runtime_relation_generation, log.max_sat_runtime_relation_generation, 
      |             ^~~~~~~~~~~~~~~~~~~~~~~~~~~~~~~~~~~~~
src/opt/eslim/eSLIM.cpp:296:5: note: in instantiation of member function 'eSLIM::eSLIMRun<eSLIM::eSLIM_Man<eSLIM::AreaDelayConstraintMinimizer, eSLIM::RandomizedBFSSelection<eSLIM::SubcircuitNoFBValidator, eSLIM::TabooRootSelector, eSLIM::BackwardSearch>>, eSLIM::Resyn2Inprocessor>::printLog' requested here
  296 |     printLog();
      |     ^
src/opt/eslim/eSLIM.cpp:215:15: note: in instantiation of member function 'eSLIM::eSLIMRun<eSLIM::eSLIM_Man<eSLIM::AreaDelayConstraintMinimizer, eSLIM::RandomizedBFSSelection<eSLIM::SubcircuitNoFBValidator, eSLIM::TabooRootSelector, eSLIM::BackwardSearch>>, eSLIM::Resyn2Inprocessor>::run' requested here
  215 |     eslim_run.run();
      |               ^
src/opt/eslim/eSLIM.cpp:513:45: note: in instantiation of member function 'eSLIM::eSLIMRun<eSLIM::eSLIM_Man<eSLIM::AreaDelayConstraintMinimizer, eSLIM::RandomizedBFSSelection<eSLIM::SubcircuitNoFBValidator, eSLIM::TabooRootSelector, eSLIM::BackwardSearch>>, eSLIM::Resyn2Inprocessor>::runeSLIM' requested here
  513 |     return eSLIMRun<Approach, Inprocessor>::runeSLIM(cir, params); 
      |                                             ^
src/opt/eslim/eSLIM.cpp:521:14: note: in instantiation of function template specialization 'eSLIM::runeSLIM<Gia_Man_t_, eSLIM::Resyn2Inprocessor, eSLIM::AreaDelayConstraintMinimizer, eSLIM::eSLIM_Man<eSLIM::AreaDelayConstraintMinimizer, eSLIM::RandomizedBFSSelection<eSLIM::SubcircuitNoFBValidator, eSLIM::TabooRootSelector, eSLIM::BackwardSearch>>>' requested here
  521 |       return runeSLIM<Circuitrepresentation, Inprocessor, Minimizer, eSLIM_Man<Minimizer, RandomizedBFSSelection<Validator, RootSelector, SearchDirection, BiasSelector>>>(cir, params);
      |              ^
src/opt/eslim/eSLIM.cpp:529:14: note: in instantiation of function template specialization 'eSLIM::toggleWindowing<Gia_Man_t_, eSLIM::Resyn2Inprocessor, eSLIM::AreaDelayConstraintMinimizer, eSLIM::SubcircuitNoFBValidator, eSLIM::BackwardSearch, eSLIM::NoBiasSelector, eSLIM::TabooRootSelector>' requested here
  529 |       return toggleWindowing<Circuitrepresentation, Inprocessor, Minimizer, Validator, SearchDirection, BiasSelector, TabooRootSelector>(cir, params);
      |              ^
src/opt/eslim/eSLIM.cpp:540:14: note: in instantiation of function template specialization 'eSLIM::setTabooApproach<Gia_Man_t_, eSLIM::Resyn2Inprocessor, eSLIM::AreaDelayConstraintMinimizer, eSLIM::SubcircuitNoFBValidator, eSLIM::BackwardSearch, eSLIM::NoBiasSelector>' requested here
  540 |       return setTabooApproach<Circuitrepresentation, Inprocessor, Minimizer, Validator, SearchDirection, NoBiasSelector>(cir, params);
      |              ^
src/opt/eslim/eSLIM.cpp:551:14: note: in instantiation of function template specialization 'eSLIM::setBiasApproach<Gia_Man_t_, eSLIM::Resyn2Inprocessor, eSLIM::AreaDelayConstraintMinimizer, eSLIM::SubcircuitNoFBValidator, eSLIM::BackwardSearch>' requested here
  551 |       return setBiasApproach<Circuitrepresentation, Inprocessor, Minimizer, Validator, BackwardSearch>(cir, params);
      |              ^
src/opt/eslim/eSLIM.cpp:570:20: note: in instantiation of function template specialization 'eSLIM::setSearchDirection<Gia_Man_t_, eSLIM::Resyn2Inprocessor, eSLIM::AreaDelayConstraintMinimizer, eSLIM::SubcircuitNoFBValidator>' requested here
  570 |             return setSearchDirection<Circuitrepresentation, Resyn2Inprocessor, AreaDelayConstraintMinimizer, SubcircuitNoFBValidator>(cir, params);
      |                    ^
src/opt/eslim/eSLIM.cpp:601:17: note: in instantiation of function template specialization 'eSLIM::setMinimizer<Gia_Man_t_>' requested here
  601 |   return eSLIM::setMinimizer(cir, params);
      |                 ^
src/opt/eslim/eSLIM.cpp:610:10: note: in instantiation of function template specialization 'runeSLIM<Gia_Man_t_>' requested here
  610 |   return runeSLIM(pGia, params);
      |          ^
src/opt/eslim/eSLIM.cpp:357:13: warning: format specifies type 'unsigned long' but the argument has type 'ABC_UINT64_T' (aka 'unsigned long long') [-Wformat]
  356 |       printf("Synthesis: #SAT-calls: %lu, Total SAT-time: %.2f sec, Max SAT-time: %.4f sec, Avg. SAT-time: %.4f sec\n",  
      |                                      ~~~
      |                                      %llu
  357 |             log.nof_sat_calls_synthesis, log.cummulative_sat_runtime_synthesis / 1000, log.max_sat_runtime_synthesis / 1000,
      |             ^~~~~~~~~~~~~~~~~~~~~~~~~~~
src/opt/eslim/eSLIM.cpp:354:13: warning: format specifies type 'unsigned long' but the argument has type 'ABC_UINT64_T' (aka 'unsigned long long') [-Wformat]
  353 |       printf("Relation generation: #SAT-calls: %lu, Total SAT-time: %.2f sec, Max SAT-time: %.4f sec, Avg. SAT-time: %.4f sec\n",  
      |                                                ~~~
      |                                                %llu
  354 |             log.nof_sat_calls_relation_generation, log.cummulative_sat_runtime_relation_generation, log.max_sat_runtime_relation_generation, 
      |             ^~~~~~~~~~~~~~~~~~~~~~~~~~~~~~~~~~~~~
src/opt/eslim/eSLIM.cpp:296:5: note: in instantiation of member function 'eSLIM::eSLIMRun<eSLIM::WindowMan<eSLIM::AreaDelayConstraintMinimizer, eSLIM::RandomizedBFSSelection<eSLIM::SubcircuitNoFBValidator, eSLIM::BaseRootSelector, eSLIM::BackwardSearch>>, eSLIM::Resyn2Inprocessor>::printLog' requested here
  296 |     printLog();
      |     ^
src/opt/eslim/eSLIM.cpp:215:15: note: in instantiation of member function 'eSLIM::eSLIMRun<eSLIM::WindowMan<eSLIM::AreaDelayConstraintMinimizer, eSLIM::RandomizedBFSSelection<eSLIM::SubcircuitNoFBValidator, eSLIM::BaseRootSelector, eSLIM::BackwardSearch>>, eSLIM::Resyn2Inprocessor>::run' requested here
  215 |     eslim_run.run();
      |               ^
src/opt/eslim/eSLIM.cpp:513:45: note: in instantiation of member function 'eSLIM::eSLIMRun<eSLIM::WindowMan<eSLIM::AreaDelayConstraintMinimizer, eSLIM::RandomizedBFSSelection<eSLIM::SubcircuitNoFBValidator, eSLIM::BaseRootSelector, eSLIM::BackwardSearch>>, eSLIM::Resyn2Inprocessor>::runeSLIM' requested here
  513 |     return eSLIMRun<Approach, Inprocessor>::runeSLIM(cir, params); 
      |                                             ^
src/opt/eslim/eSLIM.cpp:519:14: note: in instantiation of function template specialization 'eSLIM::runeSLIM<Gia_Man_t_, eSLIM::Resyn2Inprocessor, eSLIM::AreaDelayConstraintMinimizer, eSLIM::WindowMan<eSLIM::AreaDelayConstraintMinimizer, eSLIM::RandomizedBFSSelection<eSLIM::SubcircuitNoFBValidator, eSLIM::BaseRootSelector, eSLIM::BackwardSearch>>>' requested here
  519 |       return runeSLIM<Circuitrepresentation, Inprocessor, Minimizer, WindowMan<Minimizer, RandomizedBFSSelection<Validator, RootSelector, SearchDirection, BiasSelector>>>(cir, params);
      |              ^
src/opt/eslim/eSLIM.cpp:531:14: note: in instantiation of function template specialization 'eSLIM::toggleWindowing<Gia_Man_t_, eSLIM::Resyn2Inprocessor, eSLIM::AreaDelayConstraintMinimizer, eSLIM::SubcircuitNoFBValidator, eSLIM::BackwardSearch, eSLIM::NoBiasSelector, eSLIM::BaseRootSelector>' requested here
  531 |       return toggleWindowing<Circuitrepresentation, Inprocessor, Minimizer, Validator, SearchDirection, BiasSelector, BaseRootSelector>(cir, params);
      |              ^
src/opt/eslim/eSLIM.cpp:540:14: note: in instantiation of function template specialization 'eSLIM::setTabooApproach<Gia_Man_t_, eSLIM::Resyn2Inprocessor, eSLIM::AreaDelayConstraintMinimizer, eSLIM::SubcircuitNoFBValidator, eSLIM::BackwardSearch, eSLIM::NoBiasSelector>' requested here
  540 |       return setTabooApproach<Circuitrepresentation, Inprocessor, Minimizer, Validator, SearchDirection, NoBiasSelector>(cir, params);
      |              ^
src/opt/eslim/eSLIM.cpp:551:14: note: in instantiation of function template specialization 'eSLIM::setBiasApproach<Gia_Man_t_, eSLIM::Resyn2Inprocessor, eSLIM::AreaDelayConstraintMinimizer, eSLIM::SubcircuitNoFBValidator, eSLIM::BackwardSearch>' requested here
  551 |       return setBiasApproach<Circuitrepresentation, Inprocessor, Minimizer, Validator, BackwardSearch>(cir, params);
      |              ^
src/opt/eslim/eSLIM.cpp:570:20: note: in instantiation of function template specialization 'eSLIM::setSearchDirection<Gia_Man_t_, eSLIM::Resyn2Inprocessor, eSLIM::AreaDelayConstraintMinimizer, eSLIM::SubcircuitNoFBValidator>' requested here
  570 |             return setSearchDirection<Circuitrepresentation, Resyn2Inprocessor, AreaDelayConstraintMinimizer, SubcircuitNoFBValidator>(cir, params);
      |                    ^
src/opt/eslim/eSLIM.cpp:601:17: note: in instantiation of function template specialization 'eSLIM::setMinimizer<Gia_Man_t_>' requested here
  601 |   return eSLIM::setMinimizer(cir, params);
      |                 ^
src/opt/eslim/eSLIM.cpp:610:10: note: in instantiation of function template specialization 'runeSLIM<Gia_Man_t_>' requested here
  610 |   return runeSLIM(pGia, params);
      |          ^
src/opt/eslim/eSLIM.cpp:357:13: warning: format specifies type 'unsigned long' but the argument has type 'ABC_UINT64_T' (aka 'unsigned long long') [-Wformat]
  356 |       printf("Synthesis: #SAT-calls: %lu, Total SAT-time: %.2f sec, Max SAT-time: %.4f sec, Avg. SAT-time: %.4f sec\n",  
      |                                      ~~~
      |                                      %llu
  357 |             log.nof_sat_calls_synthesis, log.cummulative_sat_runtime_synthesis / 1000, log.max_sat_runtime_synthesis / 1000,
      |             ^~~~~~~~~~~~~~~~~~~~~~~~~~~
src/opt/eslim/eSLIM.cpp:354:13: warning: format specifies type 'unsigned long' but the argument has type 'ABC_UINT64_T' (aka 'unsigned long long') [-Wformat]
  353 |       printf("Relation generation: #SAT-calls: %lu, Total SAT-time: %.2f sec, Max SAT-time: %.4f sec, Avg. SAT-time: %.4f sec\n",  
      |                                                ~~~
      |                                                %llu
  354 |             log.nof_sat_calls_relation_generation, log.cummulative_sat_runtime_relation_generation, log.max_sat_runtime_relation_generation, 
      |             ^~~~~~~~~~~~~~~~~~~~~~~~~~~~~~~~~~~~~
src/opt/eslim/eSLIM.cpp:296:5: note: in instantiation of member function 'eSLIM::eSLIMRun<eSLIM::eSLIM_Man<eSLIM::AreaDelayConstraintMinimizer, eSLIM::RandomizedBFSSelection<eSLIM::SubcircuitNoFBValidator, eSLIM::BaseRootSelector, eSLIM::BackwardSearch>>, eSLIM::Resyn2Inprocessor>::printLog' requested here
  296 |     printLog();
      |     ^
src/opt/eslim/eSLIM.cpp:215:15: note: in instantiation of member function 'eSLIM::eSLIMRun<eSLIM::eSLIM_Man<eSLIM::AreaDelayConstraintMinimizer, eSLIM::RandomizedBFSSelection<eSLIM::SubcircuitNoFBValidator, eSLIM::BaseRootSelector, eSLIM::BackwardSearch>>, eSLIM::Resyn2Inprocessor>::run' requested here
  215 |     eslim_run.run();
      |               ^
src/opt/eslim/eSLIM.cpp:513:45: note: in instantiation of member function 'eSLIM::eSLIMRun<eSLIM::eSLIM_Man<eSLIM::AreaDelayConstraintMinimizer, eSLIM::RandomizedBFSSelection<eSLIM::SubcircuitNoFBValidator, eSLIM::BaseRootSelector, eSLIM::BackwardSearch>>, eSLIM::Resyn2Inprocessor>::runeSLIM' requested here
  513 |     return eSLIMRun<Approach, Inprocessor>::runeSLIM(cir, params); 
      |                                             ^
src/opt/eslim/eSLIM.cpp:521:14: note: in instantiation of function template specialization 'eSLIM::runeSLIM<Gia_Man_t_, eSLIM::Resyn2Inprocessor, eSLIM::AreaDelayConstraintMinimizer, eSLIM::eSLIM_Man<eSLIM::AreaDelayConstraintMinimizer, eSLIM::RandomizedBFSSelection<eSLIM::SubcircuitNoFBValidator, eSLIM::BaseRootSelector, eSLIM::BackwardSearch>>>' requested here
  521 |       return runeSLIM<Circuitrepresentation, Inprocessor, Minimizer, eSLIM_Man<Minimizer, RandomizedBFSSelection<Validator, RootSelector, SearchDirection, BiasSelector>>>(cir, params);
      |              ^
src/opt/eslim/eSLIM.cpp:531:14: note: in instantiation of function template specialization 'eSLIM::toggleWindowing<Gia_Man_t_, eSLIM::Resyn2Inprocessor, eSLIM::AreaDelayConstraintMinimizer, eSLIM::SubcircuitNoFBValidator, eSLIM::BackwardSearch, eSLIM::NoBiasSelector, eSLIM::BaseRootSelector>' requested here
  531 |       return toggleWindowing<Circuitrepresentation, Inprocessor, Minimizer, Validator, SearchDirection, BiasSelector, BaseRootSelector>(cir, params);
      |              ^
src/opt/eslim/eSLIM.cpp:540:14: note: in instantiation of function template specialization 'eSLIM::setTabooApproach<Gia_Man_t_, eSLIM::Resyn2Inprocessor, eSLIM::AreaDelayConstraintMinimizer, eSLIM::SubcircuitNoFBValidator, eSLIM::BackwardSearch, eSLIM::NoBiasSelector>' requested here
  540 |       return setTabooApproach<Circuitrepresentation, Inprocessor, Minimizer, Validator, SearchDirection, NoBiasSelector>(cir, params);
      |              ^
src/opt/eslim/eSLIM.cpp:551:14: note: in instantiation of function template specialization 'eSLIM::setBiasApproach<Gia_Man_t_, eSLIM::Resyn2Inprocessor, eSLIM::AreaDelayConstraintMinimizer, eSLIM::SubcircuitNoFBValidator, eSLIM::BackwardSearch>' requested here
  551 |       return setBiasApproach<Circuitrepresentation, Inprocessor, Minimizer, Validator, BackwardSearch>(cir, params);
      |              ^
src/opt/eslim/eSLIM.cpp:570:20: note: in instantiation of function template specialization 'eSLIM::setSearchDirection<Gia_Man_t_, eSLIM::Resyn2Inprocessor, eSLIM::AreaDelayConstraintMinimizer, eSLIM::SubcircuitNoFBValidator>' requested here
  570 |             return setSearchDirection<Circuitrepresentation, Resyn2Inprocessor, AreaDelayConstraintMinimizer, SubcircuitNoFBValidator>(cir, params);
      |                    ^
src/opt/eslim/eSLIM.cpp:601:17: note: in instantiation of function template specialization 'eSLIM::setMinimizer<Gia_Man_t_>' requested here
  601 |   return eSLIM::setMinimizer(cir, params);
      |                 ^
src/opt/eslim/eSLIM.cpp:610:10: note: in instantiation of function template specialization 'runeSLIM<Gia_Man_t_>' requested here
  610 |   return runeSLIM(pGia, params);
      |          ^
src/opt/eslim/eSLIM.cpp:357:13: warning: format specifies type 'unsigned long' but the argument has type 'ABC_UINT64_T' (aka 'unsigned long long') [-Wformat]
  356 |       printf("Synthesis: #SAT-calls: %lu, Total SAT-time: %.2f sec, Max SAT-time: %.4f sec, Avg. SAT-time: %.4f sec\n",  
      |                                      ~~~
      |                                      %llu
  357 |             log.nof_sat_calls_synthesis, log.cummulative_sat_runtime_synthesis / 1000, log.max_sat_runtime_synthesis / 1000,
      |             ^~~~~~~~~~~~~~~~~~~~~~~~~~~
src/opt/eslim/eSLIM.cpp:354:13: warning: format specifies type 'unsigned long' but the argument has type 'ABC_UINT64_T' (aka 'unsigned long long') [-Wformat]
  353 |       printf("Relation generation: #SAT-calls: %lu, Total SAT-time: %.2f sec, Max SAT-time: %.4f sec, Avg. SAT-time: %.4f sec\n",  
      |                                                ~~~
      |                                                %llu
  354 |             log.nof_sat_calls_relation_generation, log.cummulative_sat_runtime_relation_generation, log.max_sat_runtime_relation_generation, 
      |             ^~~~~~~~~~~~~~~~~~~~~~~~~~~~~~~~~~~~~
src/opt/eslim/eSLIM.cpp:296:5: note: in instantiation of member function 'eSLIM::eSLIMRun<eSLIM::WindowMan<eSLIM::AreaDelayConstraintMinimizer, eSLIM::RandomizedBFSSelection<eSLIM::SubcircuitNoFBValidator, eSLIM::CriticalPathSelector, eSLIM::ForwardSearch, eSLIM::CriticalPathBiasSelector>>, eSLIM::EmptyInprocessor>::printLog' requested here
  296 |     printLog();
      |     ^
src/opt/eslim/eSLIM.cpp:215:15: note: in instantiation of member function 'eSLIM::eSLIMRun<eSLIM::WindowMan<eSLIM::AreaDelayConstraintMinimizer, eSLIM::RandomizedBFSSelection<eSLIM::SubcircuitNoFBValidator, eSLIM::CriticalPathSelector, eSLIM::ForwardSearch, eSLIM::CriticalPathBiasSelector>>, eSLIM::EmptyInprocessor>::run' requested here
  215 |     eslim_run.run();
      |               ^
src/opt/eslim/eSLIM.cpp:513:45: note: in instantiation of member function 'eSLIM::eSLIMRun<eSLIM::WindowMan<eSLIM::AreaDelayConstraintMinimizer, eSLIM::RandomizedBFSSelection<eSLIM::SubcircuitNoFBValidator, eSLIM::CriticalPathSelector, eSLIM::ForwardSearch, eSLIM::CriticalPathBiasSelector>>, eSLIM::EmptyInprocessor>::runeSLIM' requested here
  513 |     return eSLIMRun<Approach, Inprocessor>::runeSLIM(cir, params); 
      |                                             ^
src/opt/eslim/eSLIM.cpp:519:14: note: in instantiation of function template specialization 'eSLIM::runeSLIM<Gia_Man_t_, eSLIM::EmptyInprocessor, eSLIM::AreaDelayConstraintMinimizer, eSLIM::WindowMan<eSLIM::AreaDelayConstraintMinimizer, eSLIM::RandomizedBFSSelection<eSLIM::SubcircuitNoFBValidator, eSLIM::CriticalPathSelector, eSLIM::ForwardSearch, eSLIM::CriticalPathBiasSelector>>>' requested here
  519 |       return runeSLIM<Circuitrepresentation, Inprocessor, Minimizer, WindowMan<Minimizer, RandomizedBFSSelection<Validator, RootSelector, SearchDirection, BiasSelector>>>(cir, params);
      |              ^
src/opt/eslim/eSLIM.cpp:538:14: note: in instantiation of function template specialization 'eSLIM::toggleWindowing<Gia_Man_t_, eSLIM::EmptyInprocessor, eSLIM::AreaDelayConstraintMinimizer, eSLIM::SubcircuitNoFBValidator, eSLIM::ForwardSearch, eSLIM::CriticalPathBiasSelector, eSLIM::CriticalPathSelector>' requested here
  538 |       return toggleWindowing<Circuitrepresentation, Inprocessor, Minimizer, Validator, SearchDirection, CriticalPathBiasSelector, CriticalPathSelector>(cir, params);
      |              ^
src/opt/eslim/eSLIM.cpp:549:14: note: in instantiation of function template specialization 'eSLIM::setBiasApproach<Gia_Man_t_, eSLIM::EmptyInprocessor, eSLIM::AreaDelayConstraintMinimizer, eSLIM::SubcircuitNoFBValidator, eSLIM::ForwardSearch>' requested here
  549 |       return setBiasApproach<Circuitrepresentation, Inprocessor, Minimizer, Validator, ForwardSearch>(cir, params);
      |              ^
src/opt/eslim/eSLIM.cpp:573:16: note: in instantiation of function template specialization 'eSLIM::setSearchDirection<Gia_Man_t_, eSLIM::EmptyInprocessor, eSLIM::AreaDelayConstraintMinimizer, eSLIM::SubcircuitNoFBValidator>' requested here
  573 |         return setSearchDirection<Circuitrepresentation, EmptyInprocessor, AreaDelayConstraintMinimizer, SubcircuitNoFBValidator>(cir, params);
      |                ^
src/opt/eslim/eSLIM.cpp:601:17: note: in instantiation of function template specialization 'eSLIM::setMinimizer<Gia_Man_t_>' requested here
  601 |   return eSLIM::setMinimizer(cir, params);
      |                 ^
src/opt/eslim/eSLIM.cpp:610:10: note: in instantiation of function template specialization 'runeSLIM<Gia_Man_t_>' requested here
  610 |   return runeSLIM(pGia, params);
      |          ^
src/opt/eslim/eSLIM.cpp:357:13: warning: format specifies type 'unsigned long' but the argument has type 'ABC_UINT64_T' (aka 'unsigned long long') [-Wformat]
  356 |       printf("Synthesis: #SAT-calls: %lu, Total SAT-time: %.2f sec, Max SAT-time: %.4f sec, Avg. SAT-time: %.4f sec\n",  
      |                                      ~~~
      |                                      %llu
  357 |             log.nof_sat_calls_synthesis, log.cummulative_sat_runtime_synthesis / 1000, log.max_sat_runtime_synthesis / 1000,
      |             ^~~~~~~~~~~~~~~~~~~~~~~~~~~
src/opt/eslim/eSLIM.cpp:354:13: warning: format specifies type 'unsigned long' but the argument has type 'ABC_UINT64_T' (aka 'unsigned long long') [-Wformat]
  353 |       printf("Relation generation: #SAT-calls: %lu, Total SAT-time: %.2f sec, Max SAT-time: %.4f sec, Avg. SAT-time: %.4f sec\n",  
      |                                                ~~~
      |                                                %llu
  354 |             log.nof_sat_calls_relation_generation, log.cummulative_sat_runtime_relation_generation, log.max_sat_runtime_relation_generation, 
      |             ^~~~~~~~~~~~~~~~~~~~~~~~~~~~~~~~~~~~~
src/opt/eslim/eSLIM.cpp:296:5: note: in instantiation of member function 'eSLIM::eSLIMRun<eSLIM::eSLIM_Man<eSLIM::AreaDelayConstraintMinimizer, eSLIM::RandomizedBFSSelection<eSLIM::SubcircuitNoFBValidator, eSLIM::CriticalPathSelector, eSLIM::ForwardSearch, eSLIM::CriticalPathBiasSelector>>, eSLIM::EmptyInprocessor>::printLog' requested here
  296 |     printLog();
      |     ^
src/opt/eslim/eSLIM.cpp:215:15: note: in instantiation of member function 'eSLIM::eSLIMRun<eSLIM::eSLIM_Man<eSLIM::AreaDelayConstraintMinimizer, eSLIM::RandomizedBFSSelection<eSLIM::SubcircuitNoFBValidator, eSLIM::CriticalPathSelector, eSLIM::ForwardSearch, eSLIM::CriticalPathBiasSelector>>, eSLIM::EmptyInprocessor>::run' requested here
  215 |     eslim_run.run();
      |               ^
src/opt/eslim/eSLIM.cpp:513:45: note: in instantiation of member function 'eSLIM::eSLIMRun<eSLIM::eSLIM_Man<eSLIM::AreaDelayConstraintMinimizer, eSLIM::RandomizedBFSSelection<eSLIM::SubcircuitNoFBValidator, eSLIM::CriticalPathSelector, eSLIM::ForwardSearch, eSLIM::CriticalPathBiasSelector>>, eSLIM::EmptyInprocessor>::runeSLIM' requested here
  513 |     return eSLIMRun<Approach, Inprocessor>::runeSLIM(cir, params); 
      |                                             ^
src/opt/eslim/eSLIM.cpp:521:14: note: in instantiation of function template specialization 'eSLIM::runeSLIM<Gia_Man_t_, eSLIM::EmptyInprocessor, eSLIM::AreaDelayConstraintMinimizer, eSLIM::eSLIM_Man<eSLIM::AreaDelayConstraintMinimizer, eSLIM::RandomizedBFSSelection<eSLIM::SubcircuitNoFBValidator, eSLIM::CriticalPathSelector, eSLIM::ForwardSearch, eSLIM::CriticalPathBiasSelector>>>' requested here
  521 |       return runeSLIM<Circuitrepresentation, Inprocessor, Minimizer, eSLIM_Man<Minimizer, RandomizedBFSSelection<Validator, RootSelector, SearchDirection, BiasSelector>>>(cir, params);
      |              ^
src/opt/eslim/eSLIM.cpp:538:14: note: in instantiation of function template specialization 'eSLIM::toggleWindowing<Gia_Man_t_, eSLIM::EmptyInprocessor, eSLIM::AreaDelayConstraintMinimizer, eSLIM::SubcircuitNoFBValidator, eSLIM::ForwardSearch, eSLIM::CriticalPathBiasSelector, eSLIM::CriticalPathSelector>' requested here
  538 |       return toggleWindowing<Circuitrepresentation, Inprocessor, Minimizer, Validator, SearchDirection, CriticalPathBiasSelector, CriticalPathSelector>(cir, params);
      |              ^
src/opt/eslim/eSLIM.cpp:549:14: note: in instantiation of function template specialization 'eSLIM::setBiasApproach<Gia_Man_t_, eSLIM::EmptyInprocessor, eSLIM::AreaDelayConstraintMinimizer, eSLIM::SubcircuitNoFBValidator, eSLIM::ForwardSearch>' requested here
  549 |       return setBiasApproach<Circuitrepresentation, Inprocessor, Minimizer, Validator, ForwardSearch>(cir, params);
      |              ^
src/opt/eslim/eSLIM.cpp:573:16: note: in instantiation of function template specialization 'eSLIM::setSearchDirection<Gia_Man_t_, eSLIM::EmptyInprocessor, eSLIM::AreaDelayConstraintMinimizer, eSLIM::SubcircuitNoFBValidator>' requested here
  573 |         return setSearchDirection<Circuitrepresentation, EmptyInprocessor, AreaDelayConstraintMinimizer, SubcircuitNoFBValidator>(cir, params);
      |                ^
src/opt/eslim/eSLIM.cpp:601:17: note: in instantiation of function template specialization 'eSLIM::setMinimizer<Gia_Man_t_>' requested here
  601 |   return eSLIM::setMinimizer(cir, params);
      |                 ^
src/opt/eslim/eSLIM.cpp:610:10: note: in instantiation of function template specialization 'runeSLIM<Gia_Man_t_>' requested here
  610 |   return runeSLIM(pGia, params);
      |          ^
src/opt/eslim/eSLIM.cpp:357:13: warning: format specifies type 'unsigned long' but the argument has type 'ABC_UINT64_T' (aka 'unsigned long long') [-Wformat]
  356 |       printf("Synthesis: #SAT-calls: %lu, Total SAT-time: %.2f sec, Max SAT-time: %.4f sec, Avg. SAT-time: %.4f sec\n",  
      |                                      ~~~
      |                                      %llu
  357 |             log.nof_sat_calls_synthesis, log.cummulative_sat_runtime_synthesis / 1000, log.max_sat_runtime_synthesis / 1000,
      |             ^~~~~~~~~~~~~~~~~~~~~~~~~~~
src/opt/eslim/eSLIM.cpp:354:13: warning: format specifies type 'unsigned long' but the argument has type 'ABC_UINT64_T' (aka 'unsigned long long') [-Wformat]
  353 |       printf("Relation generation: #SAT-calls: %lu, Total SAT-time: %.2f sec, Max SAT-time: %.4f sec, Avg. SAT-time: %.4f sec\n",  
      |                                                ~~~
      |                                                %llu
  354 |             log.nof_sat_calls_relation_generation, log.cummulative_sat_runtime_relation_generation, log.max_sat_runtime_relation_generation, 
      |             ^~~~~~~~~~~~~~~~~~~~~~~~~~~~~~~~~~~~~
src/opt/eslim/eSLIM.cpp:296:5: note: in instantiation of member function 'eSLIM::eSLIMRun<eSLIM::WindowMan<eSLIM::AreaDelayConstraintMinimizer, eSLIM::RandomizedBFSSelection<eSLIM::SubcircuitNoFBValidator, eSLIM::TabooRootSelector, eSLIM::ForwardSearch>>, eSLIM::EmptyInprocessor>::printLog' requested here
  296 |     printLog();
      |     ^
src/opt/eslim/eSLIM.cpp:215:15: note: in instantiation of member function 'eSLIM::eSLIMRun<eSLIM::WindowMan<eSLIM::AreaDelayConstraintMinimizer, eSLIM::RandomizedBFSSelection<eSLIM::SubcircuitNoFBValidator, eSLIM::TabooRootSelector, eSLIM::ForwardSearch>>, eSLIM::EmptyInprocessor>::run' requested here
  215 |     eslim_run.run();
      |               ^
src/opt/eslim/eSLIM.cpp:513:45: note: in instantiation of member function 'eSLIM::eSLIMRun<eSLIM::WindowMan<eSLIM::AreaDelayConstraintMinimizer, eSLIM::RandomizedBFSSelection<eSLIM::SubcircuitNoFBValidator, eSLIM::TabooRootSelector, eSLIM::ForwardSearch>>, eSLIM::EmptyInprocessor>::runeSLIM' requested here
  513 |     return eSLIMRun<Approach, Inprocessor>::runeSLIM(cir, params); 
      |                                             ^
src/opt/eslim/eSLIM.cpp:519:14: note: in instantiation of function template specialization 'eSLIM::runeSLIM<Gia_Man_t_, eSLIM::EmptyInprocessor, eSLIM::AreaDelayConstraintMinimizer, eSLIM::WindowMan<eSLIM::AreaDelayConstraintMinimizer, eSLIM::RandomizedBFSSelection<eSLIM::SubcircuitNoFBValidator, eSLIM::TabooRootSelector, eSLIM::ForwardSearch>>>' requested here
  519 |       return runeSLIM<Circuitrepresentation, Inprocessor, Minimizer, WindowMan<Minimizer, RandomizedBFSSelection<Validator, RootSelector, SearchDirection, BiasSelector>>>(cir, params);
      |              ^
src/opt/eslim/eSLIM.cpp:529:14: note: in instantiation of function template specialization 'eSLIM::toggleWindowing<Gia_Man_t_, eSLIM::EmptyInprocessor, eSLIM::AreaDelayConstraintMinimizer, eSLIM::SubcircuitNoFBValidator, eSLIM::ForwardSearch, eSLIM::NoBiasSelector, eSLIM::TabooRootSelector>' requested here
  529 |       return toggleWindowing<Circuitrepresentation, Inprocessor, Minimizer, Validator, SearchDirection, BiasSelector, TabooRootSelector>(cir, params);
      |              ^
src/opt/eslim/eSLIM.cpp:540:14: note: in instantiation of function template specialization 'eSLIM::setTabooApproach<Gia_Man_t_, eSLIM::EmptyInprocessor, eSLIM::AreaDelayConstraintMinimizer, eSLIM::SubcircuitNoFBValidator, eSLIM::ForwardSearch, eSLIM::NoBiasSelector>' requested here
  540 |       return setTabooApproach<Circuitrepresentation, Inprocessor, Minimizer, Validator, SearchDirection, NoBiasSelector>(cir, params);
      |              ^
src/opt/eslim/eSLIM.cpp:549:14: note: in instantiation of function template specialization 'eSLIM::setBiasApproach<Gia_Man_t_, eSLIM::EmptyInprocessor, eSLIM::AreaDelayConstraintMinimizer, eSLIM::SubcircuitNoFBValidator, eSLIM::ForwardSearch>' requested here
  549 |       return setBiasApproach<Circuitrepresentation, Inprocessor, Minimizer, Validator, ForwardSearch>(cir, params);
      |              ^
src/opt/eslim/eSLIM.cpp:573:16: note: in instantiation of function template specialization 'eSLIM::setSearchDirection<Gia_Man_t_, eSLIM::EmptyInprocessor, eSLIM::AreaDelayConstraintMinimizer, eSLIM::SubcircuitNoFBValidator>' requested here
  573 |         return setSearchDirection<Circuitrepresentation, EmptyInprocessor, AreaDelayConstraintMinimizer, SubcircuitNoFBValidator>(cir, params);
      |                ^
src/opt/eslim/eSLIM.cpp:601:17: note: in instantiation of function template specialization 'eSLIM::setMinimizer<Gia_Man_t_>' requested here
  601 |   return eSLIM::setMinimizer(cir, params);
      |                 ^
src/opt/eslim/eSLIM.cpp:610:10: note: in instantiation of function template specialization 'runeSLIM<Gia_Man_t_>' requested here
  610 |   return runeSLIM(pGia, params);
      |          ^
src/opt/eslim/eSLIM.cpp:357:13: warning: format specifies type 'unsigned long' but the argument has type 'ABC_UINT64_T' (aka 'unsigned long long') [-Wformat]
  356 |       printf("Synthesis: #SAT-calls: %lu, Total SAT-time: %.2f sec, Max SAT-time: %.4f sec, Avg. SAT-time: %.4f sec\n",  
      |                                      ~~~
      |                                      %llu
  357 |             log.nof_sat_calls_synthesis, log.cummulative_sat_runtime_synthesis / 1000, log.max_sat_runtime_synthesis / 1000,
      |             ^~~~~~~~~~~~~~~~~~~~~~~~~~~
src/opt/eslim/eSLIM.cpp:354:13: warning: format specifies type 'unsigned long' but the argument has type 'ABC_UINT64_T' (aka 'unsigned long long') [-Wformat]
  353 |       printf("Relation generation: #SAT-calls: %lu, Total SAT-time: %.2f sec, Max SAT-time: %.4f sec, Avg. SAT-time: %.4f sec\n",  
      |                                                ~~~
      |                                                %llu
  354 |             log.nof_sat_calls_relation_generation, log.cummulative_sat_runtime_relation_generation, log.max_sat_runtime_relation_generation, 
      |             ^~~~~~~~~~~~~~~~~~~~~~~~~~~~~~~~~~~~~
src/opt/eslim/eSLIM.cpp:296:5: note: in instantiation of member function 'eSLIM::eSLIMRun<eSLIM::eSLIM_Man<eSLIM::AreaDelayConstraintMinimizer, eSLIM::RandomizedBFSSelection<eSLIM::SubcircuitNoFBValidator, eSLIM::TabooRootSelector, eSLIM::ForwardSearch>>, eSLIM::EmptyInprocessor>::printLog' requested here
  296 |     printLog();
      |     ^
src/opt/eslim/eSLIM.cpp:215:15: note: in instantiation of member function 'eSLIM::eSLIMRun<eSLIM::eSLIM_Man<eSLIM::AreaDelayConstraintMinimizer, eSLIM::RandomizedBFSSelection<eSLIM::SubcircuitNoFBValidator, eSLIM::TabooRootSelector, eSLIM::ForwardSearch>>, eSLIM::EmptyInprocessor>::run' requested here
  215 |     eslim_run.run();
      |               ^
src/opt/eslim/eSLIM.cpp:513:45: note: in instantiation of member function 'eSLIM::eSLIMRun<eSLIM::eSLIM_Man<eSLIM::AreaDelayConstraintMinimizer, eSLIM::RandomizedBFSSelection<eSLIM::SubcircuitNoFBValidator, eSLIM::TabooRootSelector, eSLIM::ForwardSearch>>, eSLIM::EmptyInprocessor>::runeSLIM' requested here
  513 |     return eSLIMRun<Approach, Inprocessor>::runeSLIM(cir, params); 
      |                                             ^
src/opt/eslim/eSLIM.cpp:521:14: note: in instantiation of function template specialization 'eSLIM::runeSLIM<Gia_Man_t_, eSLIM::EmptyInprocessor, eSLIM::AreaDelayConstraintMinimizer, eSLIM::eSLIM_Man<eSLIM::AreaDelayConstraintMinimizer, eSLIM::RandomizedBFSSelection<eSLIM::SubcircuitNoFBValidator, eSLIM::TabooRootSelector, eSLIM::ForwardSearch>>>' requested here
  521 |       return runeSLIM<Circuitrepresentation, Inprocessor, Minimizer, eSLIM_Man<Minimizer, RandomizedBFSSelection<Validator, RootSelector, SearchDirection, BiasSelector>>>(cir, params);
      |              ^
src/opt/eslim/eSLIM.cpp:529:14: note: in instantiation of function template specialization 'eSLIM::toggleWindowing<Gia_Man_t_, eSLIM::EmptyInprocessor, eSLIM::AreaDelayConstraintMinimizer, eSLIM::SubcircuitNoFBValidator, eSLIM::ForwardSearch, eSLIM::NoBiasSelector, eSLIM::TabooRootSelector>' requested here
  529 |       return toggleWindowing<Circuitrepresentation, Inprocessor, Minimizer, Validator, SearchDirection, BiasSelector, TabooRootSelector>(cir, params);
      |              ^
src/opt/eslim/eSLIM.cpp:540:14: note: in instantiation of function template specialization 'eSLIM::setTabooApproach<Gia_Man_t_, eSLIM::EmptyInprocessor, eSLIM::AreaDelayConstraintMinimizer, eSLIM::SubcircuitNoFBValidator, eSLIM::ForwardSearch, eSLIM::NoBiasSelector>' requested here
  540 |       return setTabooApproach<Circuitrepresentation, Inprocessor, Minimizer, Validator, SearchDirection, NoBiasSelector>(cir, params);
      |              ^
src/opt/eslim/eSLIM.cpp:549:14: note: in instantiation of function template specialization 'eSLIM::setBiasApproach<Gia_Man_t_, eSLIM::EmptyInprocessor, eSLIM::AreaDelayConstraintMinimizer, eSLIM::SubcircuitNoFBValidator, eSLIM::ForwardSearch>' requested here
  549 |       return setBiasApproach<Circuitrepresentation, Inprocessor, Minimizer, Validator, ForwardSearch>(cir, params);
      |              ^
src/opt/eslim/eSLIM.cpp:573:16: note: in instantiation of function template specialization 'eSLIM::setSearchDirection<Gia_Man_t_, eSLIM::EmptyInprocessor, eSLIM::AreaDelayConstraintMinimizer, eSLIM::SubcircuitNoFBValidator>' requested here
  573 |         return setSearchDirection<Circuitrepresentation, EmptyInprocessor, AreaDelayConstraintMinimizer, SubcircuitNoFBValidator>(cir, params);
      |                ^
src/opt/eslim/eSLIM.cpp:601:17: note: in instantiation of function template specialization 'eSLIM::setMinimizer<Gia_Man_t_>' requested here
  601 |   return eSLIM::setMinimizer(cir, params);
      |                 ^
src/opt/eslim/eSLIM.cpp:610:10: note: in instantiation of function template specialization 'runeSLIM<Gia_Man_t_>' requested here
  610 |   return runeSLIM(pGia, params);
      |          ^
src/opt/eslim/eSLIM.cpp:357:13: warning: format specifies type 'unsigned long' but the argument has type 'ABC_UINT64_T' (aka 'unsigned long long') [-Wformat]
  356 |       printf("Synthesis: #SAT-calls: %lu, Total SAT-time: %.2f sec, Max SAT-time: %.4f sec, Avg. SAT-time: %.4f sec\n",  
      |                                      ~~~
      |                                      %llu
  357 |             log.nof_sat_calls_synthesis, log.cummulative_sat_runtime_synthesis / 1000, log.max_sat_runtime_synthesis / 1000,
      |             ^~~~~~~~~~~~~~~~~~~~~~~~~~~
src/opt/eslim/eSLIM.cpp:354:13: warning: format specifies type 'unsigned long' but the argument has type 'ABC_UINT64_T' (aka 'unsigned long long') [-Wformat]
  353 |       printf("Relation generation: #SAT-calls: %lu, Total SAT-time: %.2f sec, Max SAT-time: %.4f sec, Avg. SAT-time: %.4f sec\n",  
      |                                                ~~~
      |                                                %llu
  354 |             log.nof_sat_calls_relation_generation, log.cummulative_sat_runtime_relation_generation, log.max_sat_runtime_relation_generation, 
      |             ^~~~~~~~~~~~~~~~~~~~~~~~~~~~~~~~~~~~~
src/opt/eslim/eSLIM.cpp:296:5: note: in instantiation of member function 'eSLIM::eSLIMRun<eSLIM::WindowMan<eSLIM::AreaDelayConstraintMinimizer, eSLIM::RandomizedBFSSelection<eSLIM::SubcircuitNoFBValidator, eSLIM::BaseRootSelector, eSLIM::ForwardSearch>>, eSLIM::EmptyInprocessor>::printLog' requested here
  296 |     printLog();
      |     ^
src/opt/eslim/eSLIM.cpp:215:15: note: in instantiation of member function 'eSLIM::eSLIMRun<eSLIM::WindowMan<eSLIM::AreaDelayConstraintMinimizer, eSLIM::RandomizedBFSSelection<eSLIM::SubcircuitNoFBValidator, eSLIM::BaseRootSelector, eSLIM::ForwardSearch>>, eSLIM::EmptyInprocessor>::run' requested here
  215 |     eslim_run.run();
      |               ^
src/opt/eslim/eSLIM.cpp:513:45: note: in instantiation of member function 'eSLIM::eSLIMRun<eSLIM::WindowMan<eSLIM::AreaDelayConstraintMinimizer, eSLIM::RandomizedBFSSelection<eSLIM::SubcircuitNoFBValidator, eSLIM::BaseRootSelector, eSLIM::ForwardSearch>>, eSLIM::EmptyInprocessor>::runeSLIM' requested here
  513 |     return eSLIMRun<Approach, Inprocessor>::runeSLIM(cir, params); 
      |                                             ^
src/opt/eslim/eSLIM.cpp:519:14: note: in instantiation of function template specialization 'eSLIM::runeSLIM<Gia_Man_t_, eSLIM::EmptyInprocessor, eSLIM::AreaDelayConstraintMinimizer, eSLIM::WindowMan<eSLIM::AreaDelayConstraintMinimizer, eSLIM::RandomizedBFSSelection<eSLIM::SubcircuitNoFBValidator, eSLIM::BaseRootSelector, eSLIM::ForwardSearch>>>' requested here
  519 |       return runeSLIM<Circuitrepresentation, Inprocessor, Minimizer, WindowMan<Minimizer, RandomizedBFSSelection<Validator, RootSelector, SearchDirection, BiasSelector>>>(cir, params);
      |              ^
src/opt/eslim/eSLIM.cpp:531:14: note: in instantiation of function template specialization 'eSLIM::toggleWindowing<Gia_Man_t_, eSLIM::EmptyInprocessor, eSLIM::AreaDelayConstraintMinimizer, eSLIM::SubcircuitNoFBValidator, eSLIM::ForwardSearch, eSLIM::NoBiasSelector, eSLIM::BaseRootSelector>' requested here
  531 |       return toggleWindowing<Circuitrepresentation, Inprocessor, Minimizer, Validator, SearchDirection, BiasSelector, BaseRootSelector>(cir, params);
      |              ^
src/opt/eslim/eSLIM.cpp:540:14: note: in instantiation of function template specialization 'eSLIM::setTabooApproach<Gia_Man_t_, eSLIM::EmptyInprocessor, eSLIM::AreaDelayConstraintMinimizer, eSLIM::SubcircuitNoFBValidator, eSLIM::ForwardSearch, eSLIM::NoBiasSelector>' requested here
  540 |       return setTabooApproach<Circuitrepresentation, Inprocessor, Minimizer, Validator, SearchDirection, NoBiasSelector>(cir, params);
      |              ^
src/opt/eslim/eSLIM.cpp:549:14: note: in instantiation of function template specialization 'eSLIM::setBiasApproach<Gia_Man_t_, eSLIM::EmptyInprocessor, eSLIM::AreaDelayConstraintMinimizer, eSLIM::SubcircuitNoFBValidator, eSLIM::ForwardSearch>' requested here
  549 |       return setBiasApproach<Circuitrepresentation, Inprocessor, Minimizer, Validator, ForwardSearch>(cir, params);
      |              ^
src/opt/eslim/eSLIM.cpp:573:16: note: in instantiation of function template specialization 'eSLIM::setSearchDirection<Gia_Man_t_, eSLIM::EmptyInprocessor, eSLIM::AreaDelayConstraintMinimizer, eSLIM::SubcircuitNoFBValidator>' requested here
  573 |         return setSearchDirection<Circuitrepresentation, EmptyInprocessor, AreaDelayConstraintMinimizer, SubcircuitNoFBValidator>(cir, params);
      |                ^
src/opt/eslim/eSLIM.cpp:601:17: note: in instantiation of function template specialization 'eSLIM::setMinimizer<Gia_Man_t_>' requested here
  601 |   return eSLIM::setMinimizer(cir, params);
      |                 ^
src/opt/eslim/eSLIM.cpp:610:10: note: in instantiation of function template specialization 'runeSLIM<Gia_Man_t_>' requested here
  610 |   return runeSLIM(pGia, params);
      |          ^
src/opt/eslim/eSLIM.cpp:357:13: warning: format specifies type 'unsigned long' but the argument has type 'ABC_UINT64_T' (aka 'unsigned long long') [-Wformat]
  356 |       printf("Synthesis: #SAT-calls: %lu, Total SAT-time: %.2f sec, Max SAT-time: %.4f sec, Avg. SAT-time: %.4f sec\n",  
      |                                      ~~~
      |                                      %llu
  357 |             log.nof_sat_calls_synthesis, log.cummulative_sat_runtime_synthesis / 1000, log.max_sat_runtime_synthesis / 1000,
      |             ^~~~~~~~~~~~~~~~~~~~~~~~~~~
src/opt/eslim/eSLIM.cpp:354:13: warning: format specifies type 'unsigned long' but the argument has type 'ABC_UINT64_T' (aka 'unsigned long long') [-Wformat]
  353 |       printf("Relation generation: #SAT-calls: %lu, Total SAT-time: %.2f sec, Max SAT-time: %.4f sec, Avg. SAT-time: %.4f sec\n",  
      |                                                ~~~
      |                                                %llu
  354 |             log.nof_sat_calls_relation_generation, log.cummulative_sat_runtime_relation_generation, log.max_sat_runtime_relation_generation, 
      |             ^~~~~~~~~~~~~~~~~~~~~~~~~~~~~~~~~~~~~
src/opt/eslim/eSLIM.cpp:296:5: note: in instantiation of member function 'eSLIM::eSLIMRun<eSLIM::eSLIM_Man<eSLIM::AreaDelayConstraintMinimizer, eSLIM::RandomizedBFSSelection<eSLIM::SubcircuitNoFBValidator, eSLIM::BaseRootSelector, eSLIM::ForwardSearch>>, eSLIM::EmptyInprocessor>::printLog' requested here
  296 |     printLog();
      |     ^
src/opt/eslim/eSLIM.cpp:215:15: note: in instantiation of member function 'eSLIM::eSLIMRun<eSLIM::eSLIM_Man<eSLIM::AreaDelayConstraintMinimizer, eSLIM::RandomizedBFSSelection<eSLIM::SubcircuitNoFBValidator, eSLIM::BaseRootSelector, eSLIM::ForwardSearch>>, eSLIM::EmptyInprocessor>::run' requested here
  215 |     eslim_run.run();
      |               ^
src/opt/eslim/eSLIM.cpp:513:45: note: in instantiation of member function 'eSLIM::eSLIMRun<eSLIM::eSLIM_Man<eSLIM::AreaDelayConstraintMinimizer, eSLIM::RandomizedBFSSelection<eSLIM::SubcircuitNoFBValidator, eSLIM::BaseRootSelector, eSLIM::ForwardSearch>>, eSLIM::EmptyInprocessor>::runeSLIM' requested here
  513 |     return eSLIMRun<Approach, Inprocessor>::runeSLIM(cir, params); 
      |                                             ^
src/opt/eslim/eSLIM.cpp:521:14: note: in instantiation of function template specialization 'eSLIM::runeSLIM<Gia_Man_t_, eSLIM::EmptyInprocessor, eSLIM::AreaDelayConstraintMinimizer, eSLIM::eSLIM_Man<eSLIM::AreaDelayConstraintMinimizer, eSLIM::RandomizedBFSSelection<eSLIM::SubcircuitNoFBValidator, eSLIM::BaseRootSelector, eSLIM::ForwardSearch>>>' requested here
  521 |       return runeSLIM<Circuitrepresentation, Inprocessor, Minimizer, eSLIM_Man<Minimizer, RandomizedBFSSelection<Validator, RootSelector, SearchDirection, BiasSelector>>>(cir, params);
      |              ^
src/opt/eslim/eSLIM.cpp:531:14: note: in instantiation of function template specialization 'eSLIM::toggleWindowing<Gia_Man_t_, eSLIM::EmptyInprocessor, eSLIM::AreaDelayConstraintMinimizer, eSLIM::SubcircuitNoFBValidator, eSLIM::ForwardSearch, eSLIM::NoBiasSelector, eSLIM::BaseRootSelector>' requested here
  531 |       return toggleWindowing<Circuitrepresentation, Inprocessor, Minimizer, Validator, SearchDirection, BiasSelector, BaseRootSelector>(cir, params);
      |              ^
src/opt/eslim/eSLIM.cpp:540:14: note: in instantiation of function template specialization 'eSLIM::setTabooApproach<Gia_Man_t_, eSLIM::EmptyInprocessor, eSLIM::AreaDelayConstraintMinimizer, eSLIM::SubcircuitNoFBValidator, eSLIM::ForwardSearch, eSLIM::NoBiasSelector>' requested here
  540 |       return setTabooApproach<Circuitrepresentation, Inprocessor, Minimizer, Validator, SearchDirection, NoBiasSelector>(cir, params);
      |              ^
src/opt/eslim/eSLIM.cpp:549:14: note: in instantiation of function template specialization 'eSLIM::setBiasApproach<Gia_Man_t_, eSLIM::EmptyInprocessor, eSLIM::AreaDelayConstraintMinimizer, eSLIM::SubcircuitNoFBValidator, eSLIM::ForwardSearch>' requested here
  549 |       return setBiasApproach<Circuitrepresentation, Inprocessor, Minimizer, Validator, ForwardSearch>(cir, params);
      |              ^
src/opt/eslim/eSLIM.cpp:573:16: note: in instantiation of function template specialization 'eSLIM::setSearchDirection<Gia_Man_t_, eSLIM::EmptyInprocessor, eSLIM::AreaDelayConstraintMinimizer, eSLIM::SubcircuitNoFBValidator>' requested here
  573 |         return setSearchDirection<Circuitrepresentation, EmptyInprocessor, AreaDelayConstraintMinimizer, SubcircuitNoFBValidator>(cir, params);
      |                ^
src/opt/eslim/eSLIM.cpp:601:17: note: in instantiation of function template specialization 'eSLIM::setMinimizer<Gia_Man_t_>' requested here
  601 |   return eSLIM::setMinimizer(cir, params);
      |                 ^
src/opt/eslim/eSLIM.cpp:610:10: note: in instantiation of function template specialization 'runeSLIM<Gia_Man_t_>' requested here
  610 |   return runeSLIM(pGia, params);
      |          ^
src/opt/eslim/eSLIM.cpp:357:13: warning: format specifies type 'unsigned long' but the argument has type 'ABC_UINT64_T' (aka 'unsigned long long') [-Wformat]
  356 |       printf("Synthesis: #SAT-calls: %lu, Total SAT-time: %.2f sec, Max SAT-time: %.4f sec, Avg. SAT-time: %.4f sec\n",  
      |                                      ~~~
      |                                      %llu
  357 |             log.nof_sat_calls_synthesis, log.cummulative_sat_runtime_synthesis / 1000, log.max_sat_runtime_synthesis / 1000,
      |             ^~~~~~~~~~~~~~~~~~~~~~~~~~~
src/opt/eslim/eSLIM.cpp:354:13: warning: format specifies type 'unsigned long' but the argument has type 'ABC_UINT64_T' (aka 'unsigned long long') [-Wformat]
  353 |       printf("Relation generation: #SAT-calls: %lu, Total SAT-time: %.2f sec, Max SAT-time: %.4f sec, Avg. SAT-time: %.4f sec\n",  
      |                                                ~~~
      |                                                %llu
  354 |             log.nof_sat_calls_relation_generation, log.cummulative_sat_runtime_relation_generation, log.max_sat_runtime_relation_generation, 
      |             ^~~~~~~~~~~~~~~~~~~~~~~~~~~~~~~~~~~~~
src/opt/eslim/eSLIM.cpp:296:5: note: in instantiation of member function 'eSLIM::eSLIMRun<eSLIM::WindowMan<eSLIM::AreaDelayConstraintMinimizer, eSLIM::RandomizedBFSSelection<eSLIM::SubcircuitNoFBValidator, eSLIM::CriticalPathSelector, eSLIM::BackwardSearch, eSLIM::CriticalPathBiasSelector>>, eSLIM::EmptyInprocessor>::printLog' requested here
  296 |     printLog();
      |     ^
src/opt/eslim/eSLIM.cpp:215:15: note: in instantiation of member function 'eSLIM::eSLIMRun<eSLIM::WindowMan<eSLIM::AreaDelayConstraintMinimizer, eSLIM::RandomizedBFSSelection<eSLIM::SubcircuitNoFBValidator, eSLIM::CriticalPathSelector, eSLIM::BackwardSearch, eSLIM::CriticalPathBiasSelector>>, eSLIM::EmptyInprocessor>::run' requested here
  215 |     eslim_run.run();
      |               ^
src/opt/eslim/eSLIM.cpp:513:45: note: in instantiation of member function 'eSLIM::eSLIMRun<eSLIM::WindowMan<eSLIM::AreaDelayConstraintMinimizer, eSLIM::RandomizedBFSSelection<eSLIM::SubcircuitNoFBValidator, eSLIM::CriticalPathSelector, eSLIM::BackwardSearch, eSLIM::CriticalPathBiasSelector>>, eSLIM::EmptyInprocessor>::runeSLIM' requested here
  513 |     return eSLIMRun<Approach, Inprocessor>::runeSLIM(cir, params); 
      |                                             ^
src/opt/eslim/eSLIM.cpp:519:14: note: in instantiation of function template specialization 'eSLIM::runeSLIM<Gia_Man_t_, eSLIM::EmptyInprocessor, eSLIM::AreaDelayConstraintMinimizer, eSLIM::WindowMan<eSLIM::AreaDelayConstraintMinimizer, eSLIM::RandomizedBFSSelection<eSLIM::SubcircuitNoFBValidator, eSLIM::CriticalPathSelector, eSLIM::BackwardSearch, eSLIM::CriticalPathBiasSelector>>>' requested here
  519 |       return runeSLIM<Circuitrepresentation, Inprocessor, Minimizer, WindowMan<Minimizer, RandomizedBFSSelection<Validator, RootSelector, SearchDirection, BiasSelector>>>(cir, params);
      |              ^
src/opt/eslim/eSLIM.cpp:538:14: note: in instantiation of function template specialization 'eSLIM::toggleWindowing<Gia_Man_t_, eSLIM::EmptyInprocessor, eSLIM::AreaDelayConstraintMinimizer, eSLIM::SubcircuitNoFBValidator, eSLIM::BackwardSearch, eSLIM::CriticalPathBiasSelector, eSLIM::CriticalPathSelector>' requested here
  538 |       return toggleWindowing<Circuitrepresentation, Inprocessor, Minimizer, Validator, SearchDirection, CriticalPathBiasSelector, CriticalPathSelector>(cir, params);
      |              ^
src/opt/eslim/eSLIM.cpp:551:14: note: in instantiation of function template specialization 'eSLIM::setBiasApproach<Gia_Man_t_, eSLIM::EmptyInprocessor, eSLIM::AreaDelayConstraintMinimizer, eSLIM::SubcircuitNoFBValidator, eSLIM::BackwardSearch>' requested here
  551 |       return setBiasApproach<Circuitrepresentation, Inprocessor, Minimizer, Validator, BackwardSearch>(cir, params);
      |              ^
src/opt/eslim/eSLIM.cpp:573:16: note: in instantiation of function template specialization 'eSLIM::setSearchDirection<Gia_Man_t_, eSLIM::EmptyInprocessor, eSLIM::AreaDelayConstraintMinimizer, eSLIM::SubcircuitNoFBValidator>' requested here
  573 |         return setSearchDirection<Circuitrepresentation, EmptyInprocessor, AreaDelayConstraintMinimizer, SubcircuitNoFBValidator>(cir, params);
      |                ^
src/opt/eslim/eSLIM.cpp:601:17: note: in instantiation of function template specialization 'eSLIM::setMinimizer<Gia_Man_t_>' requested here
  601 |   return eSLIM::setMinimizer(cir, params);
      |                 ^
src/opt/eslim/eSLIM.cpp:610:10: note: in instantiation of function template specialization 'runeSLIM<Gia_Man_t_>' requested here
  610 |   return runeSLIM(pGia, params);
      |          ^
src/opt/eslim/eSLIM.cpp:357:13: warning: format specifies type 'unsigned long' but the argument has type 'ABC_UINT64_T' (aka 'unsigned long long') [-Wformat]
  356 |       printf("Synthesis: #SAT-calls: %lu, Total SAT-time: %.2f sec, Max SAT-time: %.4f sec, Avg. SAT-time: %.4f sec\n",  
      |                                      ~~~
      |                                      %llu
  357 |             log.nof_sat_calls_synthesis, log.cummulative_sat_runtime_synthesis / 1000, log.max_sat_runtime_synthesis / 1000,
      |             ^~~~~~~~~~~~~~~~~~~~~~~~~~~
src/opt/eslim/eSLIM.cpp:354:13: warning: format specifies type 'unsigned long' but the argument has type 'ABC_UINT64_T' (aka 'unsigned long long') [-Wformat]
  353 |       printf("Relation generation: #SAT-calls: %lu, Total SAT-time: %.2f sec, Max SAT-time: %.4f sec, Avg. SAT-time: %.4f sec\n",  
      |                                                ~~~
      |                                                %llu
  354 |             log.nof_sat_calls_relation_generation, log.cummulative_sat_runtime_relation_generation, log.max_sat_runtime_relation_generation, 
      |             ^~~~~~~~~~~~~~~~~~~~~~~~~~~~~~~~~~~~~
src/opt/eslim/eSLIM.cpp:296:5: note: in instantiation of member function 'eSLIM::eSLIMRun<eSLIM::eSLIM_Man<eSLIM::AreaDelayConstraintMinimizer, eSLIM::RandomizedBFSSelection<eSLIM::SubcircuitNoFBValidator, eSLIM::CriticalPathSelector, eSLIM::BackwardSearch, eSLIM::CriticalPathBiasSelector>>, eSLIM::EmptyInprocessor>::printLog' requested here
  296 |     printLog();
      |     ^
src/opt/eslim/eSLIM.cpp:215:15: note: in instantiation of member function 'eSLIM::eSLIMRun<eSLIM::eSLIM_Man<eSLIM::AreaDelayConstraintMinimizer, eSLIM::RandomizedBFSSelection<eSLIM::SubcircuitNoFBValidator, eSLIM::CriticalPathSelector, eSLIM::BackwardSearch, eSLIM::CriticalPathBiasSelector>>, eSLIM::EmptyInprocessor>::run' requested here
  215 |     eslim_run.run();
      |               ^
src/opt/eslim/eSLIM.cpp:513:45: note: in instantiation of member function 'eSLIM::eSLIMRun<eSLIM::eSLIM_Man<eSLIM::AreaDelayConstraintMinimizer, eSLIM::RandomizedBFSSelection<eSLIM::SubcircuitNoFBValidator, eSLIM::CriticalPathSelector, eSLIM::BackwardSearch, eSLIM::CriticalPathBiasSelector>>, eSLIM::EmptyInprocessor>::runeSLIM' requested here
  513 |     return eSLIMRun<Approach, Inprocessor>::runeSLIM(cir, params); 
      |                                             ^
src/opt/eslim/eSLIM.cpp:521:14: note: in instantiation of function template specialization 'eSLIM::runeSLIM<Gia_Man_t_, eSLIM::EmptyInprocessor, eSLIM::AreaDelayConstraintMinimizer, eSLIM::eSLIM_Man<eSLIM::AreaDelayConstraintMinimizer, eSLIM::RandomizedBFSSelection<eSLIM::SubcircuitNoFBValidator, eSLIM::CriticalPathSelector, eSLIM::BackwardSearch, eSLIM::CriticalPathBiasSelector>>>' requested here
  521 |       return runeSLIM<Circuitrepresentation, Inprocessor, Minimizer, eSLIM_Man<Minimizer, RandomizedBFSSelection<Validator, RootSelector, SearchDirection, BiasSelector>>>(cir, params);
      |              ^
src/opt/eslim/eSLIM.cpp:538:14: note: in instantiation of function template specialization 'eSLIM::toggleWindowing<Gia_Man_t_, eSLIM::EmptyInprocessor, eSLIM::AreaDelayConstraintMinimizer, eSLIM::SubcircuitNoFBValidator, eSLIM::BackwardSearch, eSLIM::CriticalPathBiasSelector, eSLIM::CriticalPathSelector>' requested here
  538 |       return toggleWindowing<Circuitrepresentation, Inprocessor, Minimizer, Validator, SearchDirection, CriticalPathBiasSelector, CriticalPathSelector>(cir, params);
      |              ^
src/opt/eslim/eSLIM.cpp:551:14: note: in instantiation of function template specialization 'eSLIM::setBiasApproach<Gia_Man_t_, eSLIM::EmptyInprocessor, eSLIM::AreaDelayConstraintMinimizer, eSLIM::SubcircuitNoFBValidator, eSLIM::BackwardSearch>' requested here
  551 |       return setBiasApproach<Circuitrepresentation, Inprocessor, Minimizer, Validator, BackwardSearch>(cir, params);
      |              ^
src/opt/eslim/eSLIM.cpp:573:16: note: in instantiation of function template specialization 'eSLIM::setSearchDirection<Gia_Man_t_, eSLIM::EmptyInprocessor, eSLIM::AreaDelayConstraintMinimizer, eSLIM::SubcircuitNoFBValidator>' requested here
  573 |         return setSearchDirection<Circuitrepresentation, EmptyInprocessor, AreaDelayConstraintMinimizer, SubcircuitNoFBValidator>(cir, params);
      |                ^
src/opt/eslim/eSLIM.cpp:601:17: note: in instantiation of function template specialization 'eSLIM::setMinimizer<Gia_Man_t_>' requested here
  601 |   return eSLIM::setMinimizer(cir, params);
      |                 ^
src/opt/eslim/eSLIM.cpp:610:10: note: in instantiation of function template specialization 'runeSLIM<Gia_Man_t_>' requested here
  610 |   return runeSLIM(pGia, params);
      |          ^
src/opt/eslim/eSLIM.cpp:357:13: warning: format specifies type 'unsigned long' but the argument has type 'ABC_UINT64_T' (aka 'unsigned long long') [-Wformat]
  356 |       printf("Synthesis: #SAT-calls: %lu, Total SAT-time: %.2f sec, Max SAT-time: %.4f sec, Avg. SAT-time: %.4f sec\n",  
      |                                      ~~~
      |                                      %llu
  357 |             log.nof_sat_calls_synthesis, log.cummulative_sat_runtime_synthesis / 1000, log.max_sat_runtime_synthesis / 1000,
      |             ^~~~~~~~~~~~~~~~~~~~~~~~~~~
src/opt/eslim/eSLIM.cpp:354:13: warning: format specifies type 'unsigned long' but the argument has type 'ABC_UINT64_T' (aka 'unsigned long long') [-Wformat]
  353 |       printf("Relation generation: #SAT-calls: %lu, Total SAT-time: %.2f sec, Max SAT-time: %.4f sec, Avg. SAT-time: %.4f sec\n",  
      |                                                ~~~
      |                                                %llu
  354 |             log.nof_sat_calls_relation_generation, log.cummulative_sat_runtime_relation_generation, log.max_sat_runtime_relation_generation, 
      |             ^~~~~~~~~~~~~~~~~~~~~~~~~~~~~~~~~~~~~
src/opt/eslim/eSLIM.cpp:296:5: note: in instantiation of member function 'eSLIM::eSLIMRun<eSLIM::WindowMan<eSLIM::AreaDelayConstraintMinimizer, eSLIM::RandomizedBFSSelection<eSLIM::SubcircuitNoFBValidator, eSLIM::TabooRootSelector, eSLIM::BackwardSearch>>, eSLIM::EmptyInprocessor>::printLog' requested here
  296 |     printLog();
      |     ^
src/opt/eslim/eSLIM.cpp:215:15: note: in instantiation of member function 'eSLIM::eSLIMRun<eSLIM::WindowMan<eSLIM::AreaDelayConstraintMinimizer, eSLIM::RandomizedBFSSelection<eSLIM::SubcircuitNoFBValidator, eSLIM::TabooRootSelector, eSLIM::BackwardSearch>>, eSLIM::EmptyInprocessor>::run' requested here
  215 |     eslim_run.run();
      |               ^
src/opt/eslim/eSLIM.cpp:513:45: note: in instantiation of member function 'eSLIM::eSLIMRun<eSLIM::WindowMan<eSLIM::AreaDelayConstraintMinimizer, eSLIM::RandomizedBFSSelection<eSLIM::SubcircuitNoFBValidator, eSLIM::TabooRootSelector, eSLIM::BackwardSearch>>, eSLIM::EmptyInprocessor>::runeSLIM' requested here
  513 |     return eSLIMRun<Approach, Inprocessor>::runeSLIM(cir, params); 
      |                                             ^
src/opt/eslim/eSLIM.cpp:519:14: note: in instantiation of function template specialization 'eSLIM::runeSLIM<Gia_Man_t_, eSLIM::EmptyInprocessor, eSLIM::AreaDelayConstraintMinimizer, eSLIM::WindowMan<eSLIM::AreaDelayConstraintMinimizer, eSLIM::RandomizedBFSSelection<eSLIM::SubcircuitNoFBValidator, eSLIM::TabooRootSelector, eSLIM::BackwardSearch>>>' requested here
  519 |       return runeSLIM<Circuitrepresentation, Inprocessor, Minimizer, WindowMan<Minimizer, RandomizedBFSSelection<Validator, RootSelector, SearchDirection, BiasSelector>>>(cir, params);
      |              ^
src/opt/eslim/eSLIM.cpp:529:14: note: in instantiation of function template specialization 'eSLIM::toggleWindowing<Gia_Man_t_, eSLIM::EmptyInprocessor, eSLIM::AreaDelayConstraintMinimizer, eSLIM::SubcircuitNoFBValidator, eSLIM::BackwardSearch, eSLIM::NoBiasSelector, eSLIM::TabooRootSelector>' requested here
  529 |       return toggleWindowing<Circuitrepresentation, Inprocessor, Minimizer, Validator, SearchDirection, BiasSelector, TabooRootSelector>(cir, params);
      |              ^
src/opt/eslim/eSLIM.cpp:540:14: note: in instantiation of function template specialization 'eSLIM::setTabooApproach<Gia_Man_t_, eSLIM::EmptyInprocessor, eSLIM::AreaDelayConstraintMinimizer, eSLIM::SubcircuitNoFBValidator, eSLIM::BackwardSearch, eSLIM::NoBiasSelector>' requested here
  540 |       return setTabooApproach<Circuitrepresentation, Inprocessor, Minimizer, Validator, SearchDirection, NoBiasSelector>(cir, params);
      |              ^
src/opt/eslim/eSLIM.cpp:551:14: note: in instantiation of function template specialization 'eSLIM::setBiasApproach<Gia_Man_t_, eSLIM::EmptyInprocessor, eSLIM::AreaDelayConstraintMinimizer, eSLIM::SubcircuitNoFBValidator, eSLIM::BackwardSearch>' requested here
  551 |       return setBiasApproach<Circuitrepresentation, Inprocessor, Minimizer, Validator, BackwardSearch>(cir, params);
      |              ^
src/opt/eslim/eSLIM.cpp:573:16: note: in instantiation of function template specialization 'eSLIM::setSearchDirection<Gia_Man_t_, eSLIM::EmptyInprocessor, eSLIM::AreaDelayConstraintMinimizer, eSLIM::SubcircuitNoFBValidator>' requested here
  573 |         return setSearchDirection<Circuitrepresentation, EmptyInprocessor, AreaDelayConstraintMinimizer, SubcircuitNoFBValidator>(cir, params);
      |                ^
src/opt/eslim/eSLIM.cpp:601:17: note: in instantiation of function template specialization 'eSLIM::setMinimizer<Gia_Man_t_>' requested here
  601 |   return eSLIM::setMinimizer(cir, params);
      |                 ^
src/opt/eslim/eSLIM.cpp:610:10: note: in instantiation of function template specialization 'runeSLIM<Gia_Man_t_>' requested here
  610 |   return runeSLIM(pGia, params);
      |          ^
src/opt/eslim/eSLIM.cpp:357:13: warning: format specifies type 'unsigned long' but the argument has type 'ABC_UINT64_T' (aka 'unsigned long long') [-Wformat]
  356 |       printf("Synthesis: #SAT-calls: %lu, Total SAT-time: %.2f sec, Max SAT-time: %.4f sec, Avg. SAT-time: %.4f sec\n",  
      |                                      ~~~
      |                                      %llu
  357 |             log.nof_sat_calls_synthesis, log.cummulative_sat_runtime_synthesis / 1000, log.max_sat_runtime_synthesis / 1000,
      |             ^~~~~~~~~~~~~~~~~~~~~~~~~~~
`` Compiling: /src/opt/eslim/eslimCirMan.cpp
src/opt/eslim/eSLIM.cpp:354:13: warning: format specifies type 'unsigned long' but the argument has type 'ABC_UINT64_T' (aka 'unsigned long long') [-Wformat]
  353 |       printf("Relation generation: #SAT-calls: %lu, Total SAT-time: %.2f sec, Max SAT-time: %.4f sec, Avg. SAT-time: %.4f sec\n",  
      |                                                ~~~
      |                                                %llu
  354 |             log.nof_sat_calls_relation_generation, log.cummulative_sat_runtime_relation_generation, log.max_sat_runtime_relation_generation, 
      |             ^~~~~~~~~~~~~~~~~~~~~~~~~~~~~~~~~~~~~
src/opt/eslim/eSLIM.cpp:296:5: note: in instantiation of member function 'eSLIM::eSLIMRun<eSLIM::eSLIM_Man<eSLIM::AreaDelayConstraintMinimizer, eSLIM::RandomizedBFSSelection<eSLIM::SubcircuitNoFBValidator, eSLIM::TabooRootSelector, eSLIM::BackwardSearch>>, eSLIM::EmptyInprocessor>::printLog' requested here
  296 |     printLog();
      |     ^
src/opt/eslim/eSLIM.cpp:215:15: note: in instantiation of member function 'eSLIM::eSLIMRun<eSLIM::eSLIM_Man<eSLIM::AreaDelayConstraintMinimizer, eSLIM::RandomizedBFSSelection<eSLIM::SubcircuitNoFBValidator, eSLIM::TabooRootSelector, eSLIM::BackwardSearch>>, eSLIM::EmptyInprocessor>::run' requested here
  215 |     eslim_run.run();
      |               ^
src/opt/eslim/eSLIM.cpp:513:45: note: in instantiation of member function 'eSLIM::eSLIMRun<eSLIM::eSLIM_Man<eSLIM::AreaDelayConstraintMinimizer, eSLIM::RandomizedBFSSelection<eSLIM::SubcircuitNoFBValidator, eSLIM::TabooRootSelector, eSLIM::BackwardSearch>>, eSLIM::EmptyInprocessor>::runeSLIM' requested here
  513 |     return eSLIMRun<Approach, Inprocessor>::runeSLIM(cir, params); 
      |                                             ^
src/opt/eslim/eSLIM.cpp:521:14: note: in instantiation of function template specialization 'eSLIM::runeSLIM<Gia_Man_t_, eSLIM::EmptyInprocessor, eSLIM::AreaDelayConstraintMinimizer, eSLIM::eSLIM_Man<eSLIM::AreaDelayConstraintMinimizer, eSLIM::RandomizedBFSSelection<eSLIM::SubcircuitNoFBValidator, eSLIM::TabooRootSelector, eSLIM::BackwardSearch>>>' requested here
  521 |       return runeSLIM<Circuitrepresentation, Inprocessor, Minimizer, eSLIM_Man<Minimizer, RandomizedBFSSelection<Validator, RootSelector, SearchDirection, BiasSelector>>>(cir, params);
      |              ^
src/opt/eslim/eSLIM.cpp:529:14: note: in instantiation of function template specialization 'eSLIM::toggleWindowing<Gia_Man_t_, eSLIM::EmptyInprocessor, eSLIM::AreaDelayConstraintMinimizer, eSLIM::SubcircuitNoFBValidator, eSLIM::BackwardSearch, eSLIM::NoBiasSelector, eSLIM::TabooRootSelector>' requested here
  529 |       return toggleWindowing<Circuitrepresentation, Inprocessor, Minimizer, Validator, SearchDirection, BiasSelector, TabooRootSelector>(cir, params);
      |              ^
src/opt/eslim/eSLIM.cpp:540:14: note: in instantiation of function template specialization 'eSLIM::setTabooApproach<Gia_Man_t_, eSLIM::EmptyInprocessor, eSLIM::AreaDelayConstraintMinimizer, eSLIM::SubcircuitNoFBValidator, eSLIM::BackwardSearch, eSLIM::NoBiasSelector>' requested here
  540 |       return setTabooApproach<Circuitrepresentation, Inprocessor, Minimizer, Validator, SearchDirection, NoBiasSelector>(cir, params);
      |              ^
src/opt/eslim/eSLIM.cpp:551:14: note: in instantiation of function template specialization 'eSLIM::setBiasApproach<Gia_Man_t_, eSLIM::EmptyInprocessor, eSLIM::AreaDelayConstraintMinimizer, eSLIM::SubcircuitNoFBValidator, eSLIM::BackwardSearch>' requested here
  551 |       return setBiasApproach<Circuitrepresentation, Inprocessor, Minimizer, Validator, BackwardSearch>(cir, params);
      |              ^
src/opt/eslim/eSLIM.cpp:573:16: note: in instantiation of function template specialization 'eSLIM::setSearchDirection<Gia_Man_t_, eSLIM::EmptyInprocessor, eSLIM::AreaDelayConstraintMinimizer, eSLIM::SubcircuitNoFBValidator>' requested here
  573 |         return setSearchDirection<Circuitrepresentation, EmptyInprocessor, AreaDelayConstraintMinimizer, SubcircuitNoFBValidator>(cir, params);
      |                ^
src/opt/eslim/eSLIM.cpp:601:17: note: in instantiation of function template specialization 'eSLIM::setMinimizer<Gia_Man_t_>' requested here
  601 |   return eSLIM::setMinimizer(cir, params);
      |                 ^
src/opt/eslim/eSLIM.cpp:610:10: note: in instantiation of function template specialization 'runeSLIM<Gia_Man_t_>' requested here
  610 |   return runeSLIM(pGia, params);
      |          ^
src/opt/eslim/eSLIM.cpp:357:13: warning: format specifies type 'unsigned long' but the argument has type 'ABC_UINT64_T' (aka 'unsigned long long') [-Wformat]
  356 |       printf("Synthesis: #SAT-calls: %lu, Total SAT-time: %.2f sec, Max SAT-time: %.4f sec, Avg. SAT-time: %.4f sec\n",  
      |                                      ~~~
      |                                      %llu
  357 |             log.nof_sat_calls_synthesis, log.cummulative_sat_runtime_synthesis / 1000, log.max_sat_runtime_synthesis / 1000,
      |             ^~~~~~~~~~~~~~~~~~~~~~~~~~~
src/opt/eslim/eSLIM.cpp:354:13: warning: format specifies type 'unsigned long' but the argument has type 'ABC_UINT64_T' (aka 'unsigned long long') [-Wformat]
  353 |       printf("Relation generation: #SAT-calls: %lu, Total SAT-time: %.2f sec, Max SAT-time: %.4f sec, Avg. SAT-time: %.4f sec\n",  
      |                                                ~~~
      |                                                %llu
  354 |             log.nof_sat_calls_relation_generation, log.cummulative_sat_runtime_relation_generation, log.max_sat_runtime_relation_generation, 
      |             ^~~~~~~~~~~~~~~~~~~~~~~~~~~~~~~~~~~~~
src/opt/eslim/eSLIM.cpp:296:5: note: in instantiation of member function 'eSLIM::eSLIMRun<eSLIM::WindowMan<eSLIM::AreaDelayConstraintMinimizer, eSLIM::RandomizedBFSSelection<eSLIM::SubcircuitNoFBValidator, eSLIM::BaseRootSelector, eSLIM::BackwardSearch>>, eSLIM::EmptyInprocessor>::printLog' requested here
  296 |     printLog();
      |     ^
src/opt/eslim/eSLIM.cpp:215:15: note: in instantiation of member function 'eSLIM::eSLIMRun<eSLIM::WindowMan<eSLIM::AreaDelayConstraintMinimizer, eSLIM::RandomizedBFSSelection<eSLIM::SubcircuitNoFBValidator, eSLIM::BaseRootSelector, eSLIM::BackwardSearch>>, eSLIM::EmptyInprocessor>::run' requested here
  215 |     eslim_run.run();
      |               ^
src/opt/eslim/eSLIM.cpp:513:45: note: in instantiation of member function 'eSLIM::eSLIMRun<eSLIM::WindowMan<eSLIM::AreaDelayConstraintMinimizer, eSLIM::RandomizedBFSSelection<eSLIM::SubcircuitNoFBValidator, eSLIM::BaseRootSelector, eSLIM::BackwardSearch>>, eSLIM::EmptyInprocessor>::runeSLIM' requested here
  513 |     return eSLIMRun<Approach, Inprocessor>::runeSLIM(cir, params); 
      |                                             ^
src/opt/eslim/eSLIM.cpp:519:14: note: in instantiation of function template specialization 'eSLIM::runeSLIM<Gia_Man_t_, eSLIM::EmptyInprocessor, eSLIM::AreaDelayConstraintMinimizer, eSLIM::WindowMan<eSLIM::AreaDelayConstraintMinimizer, eSLIM::RandomizedBFSSelection<eSLIM::SubcircuitNoFBValidator, eSLIM::BaseRootSelector, eSLIM::BackwardSearch>>>' requested here
  519 |       return runeSLIM<Circuitrepresentation, Inprocessor, Minimizer, WindowMan<Minimizer, RandomizedBFSSelection<Validator, RootSelector, SearchDirection, BiasSelector>>>(cir, params);
      |              ^
src/opt/eslim/eSLIM.cpp:531:14: note: in instantiation of function template specialization 'eSLIM::toggleWindowing<Gia_Man_t_, eSLIM::EmptyInprocessor, eSLIM::AreaDelayConstraintMinimizer, eSLIM::SubcircuitNoFBValidator, eSLIM::BackwardSearch, eSLIM::NoBiasSelector, eSLIM::BaseRootSelector>' requested here
  531 |       return toggleWindowing<Circuitrepresentation, Inprocessor, Minimizer, Validator, SearchDirection, BiasSelector, BaseRootSelector>(cir, params);
      |              ^
src/opt/eslim/eSLIM.cpp:540:14: note: in instantiation of function template specialization 'eSLIM::setTabooApproach<Gia_Man_t_, eSLIM::EmptyInprocessor, eSLIM::AreaDelayConstraintMinimizer, eSLIM::SubcircuitNoFBValidator, eSLIM::BackwardSearch, eSLIM::NoBiasSelector>' requested here
  540 |       return setTabooApproach<Circuitrepresentation, Inprocessor, Minimizer, Validator, SearchDirection, NoBiasSelector>(cir, params);
      |              ^
src/opt/eslim/eSLIM.cpp:551:14: note: in instantiation of function template specialization 'eSLIM::setBiasApproach<Gia_Man_t_, eSLIM::EmptyInprocessor, eSLIM::AreaDelayConstraintMinimizer, eSLIM::SubcircuitNoFBValidator, eSLIM::BackwardSearch>' requested here
  551 |       return setBiasApproach<Circuitrepresentation, Inprocessor, Minimizer, Validator, BackwardSearch>(cir, params);
      |              ^
src/opt/eslim/eSLIM.cpp:573:16: note: in instantiation of function template specialization 'eSLIM::setSearchDirection<Gia_Man_t_, eSLIM::EmptyInprocessor, eSLIM::AreaDelayConstraintMinimizer, eSLIM::SubcircuitNoFBValidator>' requested here
  573 |         return setSearchDirection<Circuitrepresentation, EmptyInprocessor, AreaDelayConstraintMinimizer, SubcircuitNoFBValidator>(cir, params);
      |                ^
src/opt/eslim/eSLIM.cpp:601:17: note: in instantiation of function template specialization 'eSLIM::setMinimizer<Gia_Man_t_>' requested here
  601 |   return eSLIM::setMinimizer(cir, params);
      |                 ^
src/opt/eslim/eSLIM.cpp:610:10: note: in instantiation of function template specialization 'runeSLIM<Gia_Man_t_>' requested here
  610 |   return runeSLIM(pGia, params);
      |          ^
src/opt/eslim/eSLIM.cpp:357:13: warning: format specifies type 'unsigned long' but the argument has type 'ABC_UINT64_T' (aka 'unsigned long long') [-Wformat]
  356 |       printf("Synthesis: #SAT-calls: %lu, Total SAT-time: %.2f sec, Max SAT-time: %.4f sec, Avg. SAT-time: %.4f sec\n",  
      |                                      ~~~
      |                                      %llu
  357 |             log.nof_sat_calls_synthesis, log.cummulative_sat_runtime_synthesis / 1000, log.max_sat_runtime_synthesis / 1000,
      |             ^~~~~~~~~~~~~~~~~~~~~~~~~~~
src/opt/eslim/eSLIM.cpp:354:13: warning: format specifies type 'unsigned long' but the argument has type 'ABC_UINT64_T' (aka 'unsigned long long') [-Wformat]
  353 |       printf("Relation generation: #SAT-calls: %lu, Total SAT-time: %.2f sec, Max SAT-time: %.4f sec, Avg. SAT-time: %.4f sec\n",  
      |                                                ~~~
      |                                                %llu
  354 |             log.nof_sat_calls_relation_generation, log.cummulative_sat_runtime_relation_generation, log.max_sat_runtime_relation_generation, 
      |             ^~~~~~~~~~~~~~~~~~~~~~~~~~~~~~~~~~~~~
src/opt/eslim/eSLIM.cpp:296:5: note: in instantiation of member function 'eSLIM::eSLIMRun<eSLIM::eSLIM_Man<eSLIM::AreaDelayConstraintMinimizer, eSLIM::RandomizedBFSSelection<eSLIM::SubcircuitNoFBValidator, eSLIM::BaseRootSelector, eSLIM::BackwardSearch>>, eSLIM::EmptyInprocessor>::printLog' requested here
  296 |     printLog();
      |     ^
src/opt/eslim/eSLIM.cpp:215:15: note: in instantiation of member function 'eSLIM::eSLIMRun<eSLIM::eSLIM_Man<eSLIM::AreaDelayConstraintMinimizer, eSLIM::RandomizedBFSSelection<eSLIM::SubcircuitNoFBValidator, eSLIM::BaseRootSelector, eSLIM::BackwardSearch>>, eSLIM::EmptyInprocessor>::run' requested here
  215 |     eslim_run.run();
      |               ^
src/opt/eslim/eSLIM.cpp:513:45: note: in instantiation of member function 'eSLIM::eSLIMRun<eSLIM::eSLIM_Man<eSLIM::AreaDelayConstraintMinimizer, eSLIM::RandomizedBFSSelection<eSLIM::SubcircuitNoFBValidator, eSLIM::BaseRootSelector, eSLIM::BackwardSearch>>, eSLIM::EmptyInprocessor>::runeSLIM' requested here
  513 |     return eSLIMRun<Approach, Inprocessor>::runeSLIM(cir, params); 
      |                                             ^
src/opt/eslim/eSLIM.cpp:521:14: note: in instantiation of function template specialization 'eSLIM::runeSLIM<Gia_Man_t_, eSLIM::EmptyInprocessor, eSLIM::AreaDelayConstraintMinimizer, eSLIM::eSLIM_Man<eSLIM::AreaDelayConstraintMinimizer, eSLIM::RandomizedBFSSelection<eSLIM::SubcircuitNoFBValidator, eSLIM::BaseRootSelector, eSLIM::BackwardSearch>>>' requested here
  521 |       return runeSLIM<Circuitrepresentation, Inprocessor, Minimizer, eSLIM_Man<Minimizer, RandomizedBFSSelection<Validator, RootSelector, SearchDirection, BiasSelector>>>(cir, params);
      |              ^
src/opt/eslim/eSLIM.cpp:531:14: note: in instantiation of function template specialization 'eSLIM::toggleWindowing<Gia_Man_t_, eSLIM::EmptyInprocessor, eSLIM::AreaDelayConstraintMinimizer, eSLIM::SubcircuitNoFBValidator, eSLIM::BackwardSearch, eSLIM::NoBiasSelector, eSLIM::BaseRootSelector>' requested here
  531 |       return toggleWindowing<Circuitrepresentation, Inprocessor, Minimizer, Validator, SearchDirection, BiasSelector, BaseRootSelector>(cir, params);
      |              ^
src/opt/eslim/eSLIM.cpp:540:14: note: in instantiation of function template specialization 'eSLIM::setTabooApproach<Gia_Man_t_, eSLIM::EmptyInprocessor, eSLIM::AreaDelayConstraintMinimizer, eSLIM::SubcircuitNoFBValidator, eSLIM::BackwardSearch, eSLIM::NoBiasSelector>' requested here
  540 |       return setTabooApproach<Circuitrepresentation, Inprocessor, Minimizer, Validator, SearchDirection, NoBiasSelector>(cir, params);
      |              ^
src/opt/eslim/eSLIM.cpp:551:14: note: in instantiation of function template specialization 'eSLIM::setBiasApproach<Gia_Man_t_, eSLIM::EmptyInprocessor, eSLIM::AreaDelayConstraintMinimizer, eSLIM::SubcircuitNoFBValidator, eSLIM::BackwardSearch>' requested here
  551 |       return setBiasApproach<Circuitrepresentation, Inprocessor, Minimizer, Validator, BackwardSearch>(cir, params);
      |              ^
src/opt/eslim/eSLIM.cpp:573:16: note: in instantiation of function template specialization 'eSLIM::setSearchDirection<Gia_Man_t_, eSLIM::EmptyInprocessor, eSLIM::AreaDelayConstraintMinimizer, eSLIM::SubcircuitNoFBValidator>' requested here
  573 |         return setSearchDirection<Circuitrepresentation, EmptyInprocessor, AreaDelayConstraintMinimizer, SubcircuitNoFBValidator>(cir, params);
      |                ^
src/opt/eslim/eSLIM.cpp:601:17: note: in instantiation of function template specialization 'eSLIM::setMinimizer<Gia_Man_t_>' requested here
  601 |   return eSLIM::setMinimizer(cir, params);
      |                 ^
src/opt/eslim/eSLIM.cpp:610:10: note: in instantiation of function template specialization 'runeSLIM<Gia_Man_t_>' requested here
  610 |   return runeSLIM(pGia, params);
      |          ^
src/opt/eslim/eSLIM.cpp:357:13: warning: format specifies type 'unsigned long' but the argument has type 'ABC_UINT64_T' (aka 'unsigned long long') [-Wformat]
  356 |       printf("Synthesis: #SAT-calls: %lu, Total SAT-time: %.2f sec, Max SAT-time: %.4f sec, Avg. SAT-time: %.4f sec\n",  
      |                                      ~~~
      |                                      %llu
  357 |             log.nof_sat_calls_synthesis, log.cummulative_sat_runtime_synthesis / 1000, log.max_sat_runtime_synthesis / 1000,
      |             ^~~~~~~~~~~~~~~~~~~~~~~~~~~
src/opt/eslim/eSLIM.cpp:354:13: warning: format specifies type 'unsigned long' but the argument has type 'ABC_UINT64_T' (aka 'unsigned long long') [-Wformat]
  353 |       printf("Relation generation: #SAT-calls: %lu, Total SAT-time: %.2f sec, Max SAT-time: %.4f sec, Avg. SAT-time: %.4f sec\n",  
      |                                                ~~~
      |                                                %llu
  354 |             log.nof_sat_calls_relation_generation, log.cummulative_sat_runtime_relation_generation, log.max_sat_runtime_relation_generation, 
      |             ^~~~~~~~~~~~~~~~~~~~~~~~~~~~~~~~~~~~~
src/opt/eslim/eSLIM.cpp:296:5: note: in instantiation of member function 'eSLIM::eSLIMRun<eSLIM::WindowMan<eSLIM::AreaDelayMinimizer, eSLIM::RandomizedBFSSelection<eSLIM::SubcircuitNoFBValidator, eSLIM::CriticalPathSelector, eSLIM::ForwardSearch, eSLIM::CriticalPathBiasSelector>>, eSLIM::DelayInprocessor<false>>::printLog' requested here
  296 |     printLog();
      |     ^
src/opt/eslim/eSLIM.cpp:215:15: note: in instantiation of member function 'eSLIM::eSLIMRun<eSLIM::WindowMan<eSLIM::AreaDelayMinimizer, eSLIM::RandomizedBFSSelection<eSLIM::SubcircuitNoFBValidator, eSLIM::CriticalPathSelector, eSLIM::ForwardSearch, eSLIM::CriticalPathBiasSelector>>, eSLIM::DelayInprocessor<false>>::run' requested here
  215 |     eslim_run.run();
      |               ^
src/opt/eslim/eSLIM.cpp:513:45: note: in instantiation of member function 'eSLIM::eSLIMRun<eSLIM::WindowMan<eSLIM::AreaDelayMinimizer, eSLIM::RandomizedBFSSelection<eSLIM::SubcircuitNoFBValidator, eSLIM::CriticalPathSelector, eSLIM::ForwardSearch, eSLIM::CriticalPathBiasSelector>>, eSLIM::DelayInprocessor<false>>::runeSLIM' requested here
  513 |     return eSLIMRun<Approach, Inprocessor>::runeSLIM(cir, params); 
      |                                             ^
src/opt/eslim/eSLIM.cpp:519:14: note: in instantiation of function template specialization 'eSLIM::runeSLIM<Gia_Man_t_, eSLIM::DelayInprocessor<false>, eSLIM::AreaDelayMinimizer, eSLIM::WindowMan<eSLIM::AreaDelayMinimizer, eSLIM::RandomizedBFSSelection<eSLIM::SubcircuitNoFBValidator, eSLIM::CriticalPathSelector, eSLIM::ForwardSearch, eSLIM::CriticalPathBiasSelector>>>' requested here
  519 |       return runeSLIM<Circuitrepresentation, Inprocessor, Minimizer, WindowMan<Minimizer, RandomizedBFSSelection<Validator, RootSelector, SearchDirection, BiasSelector>>>(cir, params);
      |              ^
src/opt/eslim/eSLIM.cpp:538:14: note: in instantiation of function template specialization 'eSLIM::toggleWindowing<Gia_Man_t_, eSLIM::DelayInprocessor<false>, eSLIM::AreaDelayMinimizer, eSLIM::SubcircuitNoFBValidator, eSLIM::ForwardSearch, eSLIM::CriticalPathBiasSelector, eSLIM::CriticalPathSelector>' requested here
  538 |       return toggleWindowing<Circuitrepresentation, Inprocessor, Minimizer, Validator, SearchDirection, CriticalPathBiasSelector, CriticalPathSelector>(cir, params);
      |              ^
src/opt/eslim/eSLIM.cpp:549:14: note: in instantiation of function template specialization 'eSLIM::setBiasApproach<Gia_Man_t_, eSLIM::DelayInprocessor<false>, eSLIM::AreaDelayMinimizer, eSLIM::SubcircuitNoFBValidator, eSLIM::ForwardSearch>' requested here
  549 |       return setBiasApproach<Circuitrepresentation, Inprocessor, Minimizer, Validator, ForwardSearch>(cir, params);
      |              ^
src/opt/eslim/eSLIM.cpp:577:20: note: in instantiation of function template specialization 'eSLIM::setSearchDirection<Gia_Man_t_, eSLIM::DelayInprocessor<false>, eSLIM::AreaDelayMinimizer, eSLIM::SubcircuitNoFBValidator>' requested here
  577 |             return setSearchDirection<Circuitrepresentation, DelayInprocessor<false>, AreaDelayMinimizer, SubcircuitNoFBValidator>(cir, params);
      |                    ^
src/opt/eslim/eSLIM.cpp:601:17: note: in instantiation of function template specialization 'eSLIM::setMinimizer<Gia_Man_t_>' requested here
  601 |   return eSLIM::setMinimizer(cir, params);
      |                 ^
src/opt/eslim/eSLIM.cpp:610:10: note: in instantiation of function template specialization 'runeSLIM<Gia_Man_t_>' requested here
  610 |   return runeSLIM(pGia, params);
      |          ^
src/opt/eslim/eSLIM.cpp:357:13: warning: format specifies type 'unsigned long' but the argument has type 'ABC_UINT64_T' (aka 'unsigned long long') [-Wformat]
  356 |       printf("Synthesis: #SAT-calls: %lu, Total SAT-time: %.2f sec, Max SAT-time: %.4f sec, Avg. SAT-time: %.4f sec\n",  
      |                                      ~~~
      |                                      %llu
  357 |             log.nof_sat_calls_synthesis, log.cummulative_sat_runtime_synthesis / 1000, log.max_sat_runtime_synthesis / 1000,
      |             ^~~~~~~~~~~~~~~~~~~~~~~~~~~
src/opt/eslim/eSLIM.cpp:354:13: warning: format specifies type 'unsigned long' but the argument has type 'ABC_UINT64_T' (aka 'unsigned long long') [-Wformat]
  353 |       printf("Relation generation: #SAT-calls: %lu, Total SAT-time: %.2f sec, Max SAT-time: %.4f sec, Avg. SAT-time: %.4f sec\n",  
      |                                                ~~~
      |                                                %llu
  354 |             log.nof_sat_calls_relation_generation, log.cummulative_sat_runtime_relation_generation, log.max_sat_runtime_relation_generation, 
      |             ^~~~~~~~~~~~~~~~~~~~~~~~~~~~~~~~~~~~~
src/opt/eslim/eSLIM.cpp:296:5: note: in instantiation of member function 'eSLIM::eSLIMRun<eSLIM::eSLIM_Man<eSLIM::AreaDelayMinimizer, eSLIM::RandomizedBFSSelection<eSLIM::SubcircuitNoFBValidator, eSLIM::CriticalPathSelector, eSLIM::ForwardSearch, eSLIM::CriticalPathBiasSelector>>, eSLIM::DelayInprocessor<false>>::printLog' requested here
  296 |     printLog();
      |     ^
src/opt/eslim/eSLIM.cpp:215:15: note: in instantiation of member function 'eSLIM::eSLIMRun<eSLIM::eSLIM_Man<eSLIM::AreaDelayMinimizer, eSLIM::RandomizedBFSSelection<eSLIM::SubcircuitNoFBValidator, eSLIM::CriticalPathSelector, eSLIM::ForwardSearch, eSLIM::CriticalPathBiasSelector>>, eSLIM::DelayInprocessor<false>>::run' requested here
  215 |     eslim_run.run();
      |               ^
src/opt/eslim/eSLIM.cpp:513:45: note: in instantiation of member function 'eSLIM::eSLIMRun<eSLIM::eSLIM_Man<eSLIM::AreaDelayMinimizer, eSLIM::RandomizedBFSSelection<eSLIM::SubcircuitNoFBValidator, eSLIM::CriticalPathSelector, eSLIM::ForwardSearch, eSLIM::CriticalPathBiasSelector>>, eSLIM::DelayInprocessor<false>>::runeSLIM' requested here
  513 |     return eSLIMRun<Approach, Inprocessor>::runeSLIM(cir, params); 
      |                                             ^
src/opt/eslim/eSLIM.cpp:521:14: note: in instantiation of function template specialization 'eSLIM::runeSLIM<Gia_Man_t_, eSLIM::DelayInprocessor<false>, eSLIM::AreaDelayMinimizer, eSLIM::eSLIM_Man<eSLIM::AreaDelayMinimizer, eSLIM::RandomizedBFSSelection<eSLIM::SubcircuitNoFBValidator, eSLIM::CriticalPathSelector, eSLIM::ForwardSearch, eSLIM::CriticalPathBiasSelector>>>' requested here
  521 |       return runeSLIM<Circuitrepresentation, Inprocessor, Minimizer, eSLIM_Man<Minimizer, RandomizedBFSSelection<Validator, RootSelector, SearchDirection, BiasSelector>>>(cir, params);
      |              ^
src/opt/eslim/eSLIM.cpp:538:14: note: in instantiation of function template specialization 'eSLIM::toggleWindowing<Gia_Man_t_, eSLIM::DelayInprocessor<false>, eSLIM::AreaDelayMinimizer, eSLIM::SubcircuitNoFBValidator, eSLIM::ForwardSearch, eSLIM::CriticalPathBiasSelector, eSLIM::CriticalPathSelector>' requested here
  538 |       return toggleWindowing<Circuitrepresentation, Inprocessor, Minimizer, Validator, SearchDirection, CriticalPathBiasSelector, CriticalPathSelector>(cir, params);
      |              ^
src/opt/eslim/eSLIM.cpp:549:14: note: in instantiation of function template specialization 'eSLIM::setBiasApproach<Gia_Man_t_, eSLIM::DelayInprocessor<false>, eSLIM::AreaDelayMinimizer, eSLIM::SubcircuitNoFBValidator, eSLIM::ForwardSearch>' requested here
  549 |       return setBiasApproach<Circuitrepresentation, Inprocessor, Minimizer, Validator, ForwardSearch>(cir, params);
      |              ^
src/opt/eslim/eSLIM.cpp:577:20: note: in instantiation of function template specialization 'eSLIM::setSearchDirection<Gia_Man_t_, eSLIM::DelayInprocessor<false>, eSLIM::AreaDelayMinimizer, eSLIM::SubcircuitNoFBValidator>' requested here
  577 |             return setSearchDirection<Circuitrepresentation, DelayInprocessor<false>, AreaDelayMinimizer, SubcircuitNoFBValidator>(cir, params);
      |                    ^
src/opt/eslim/eSLIM.cpp:601:17: note: in instantiation of function template specialization 'eSLIM::setMinimizer<Gia_Man_t_>' requested here
  601 |   return eSLIM::setMinimizer(cir, params);
      |                 ^
src/opt/eslim/eSLIM.cpp:610:10: note: in instantiation of function template specialization 'runeSLIM<Gia_Man_t_>' requested here
  610 |   return runeSLIM(pGia, params);
      |          ^
src/opt/eslim/eSLIM.cpp:357:13: warning: format specifies type 'unsigned long' but the argument has type 'ABC_UINT64_T' (aka 'unsigned long long') [-Wformat]
  356 |       printf("Synthesis: #SAT-calls: %lu, Total SAT-time: %.2f sec, Max SAT-time: %.4f sec, Avg. SAT-time: %.4f sec\n",  
      |                                      ~~~
      |                                      %llu
  357 |             log.nof_sat_calls_synthesis, log.cummulative_sat_runtime_synthesis / 1000, log.max_sat_runtime_synthesis / 1000,
      |             ^~~~~~~~~~~~~~~~~~~~~~~~~~~
src/opt/eslim/eSLIM.cpp:354:13: warning: format specifies type 'unsigned long' but the argument has type 'ABC_UINT64_T' (aka 'unsigned long long') [-Wformat]
  353 |       printf("Relation generation: #SAT-calls: %lu, Total SAT-time: %.2f sec, Max SAT-time: %.4f sec, Avg. SAT-time: %.4f sec\n",  
      |                                                ~~~
      |                                                %llu
  354 |             log.nof_sat_calls_relation_generation, log.cummulative_sat_runtime_relation_generation, log.max_sat_runtime_relation_generation, 
      |             ^~~~~~~~~~~~~~~~~~~~~~~~~~~~~~~~~~~~~
src/opt/eslim/eSLIM.cpp:296:5: note: in instantiation of member function 'eSLIM::eSLIMRun<eSLIM::WindowMan<eSLIM::AreaDelayMinimizer, eSLIM::RandomizedBFSSelection<eSLIM::SubcircuitNoFBValidator, eSLIM::TabooRootSelector, eSLIM::ForwardSearch>>, eSLIM::DelayInprocessor<false>>::printLog' requested here
  296 |     printLog();
      |     ^
src/opt/eslim/eSLIM.cpp:215:15: note: in instantiation of member function 'eSLIM::eSLIMRun<eSLIM::WindowMan<eSLIM::AreaDelayMinimizer, eSLIM::RandomizedBFSSelection<eSLIM::SubcircuitNoFBValidator, eSLIM::TabooRootSelector, eSLIM::ForwardSearch>>, eSLIM::DelayInprocessor<false>>::run' requested here
  215 |     eslim_run.run();
      |               ^
src/opt/eslim/eSLIM.cpp:513:45: note: in instantiation of member function 'eSLIM::eSLIMRun<eSLIM::WindowMan<eSLIM::AreaDelayMinimizer, eSLIM::RandomizedBFSSelection<eSLIM::SubcircuitNoFBValidator, eSLIM::TabooRootSelector, eSLIM::ForwardSearch>>, eSLIM::DelayInprocessor<false>>::runeSLIM' requested here
  513 |     return eSLIMRun<Approach, Inprocessor>::runeSLIM(cir, params); 
      |                                             ^
src/opt/eslim/eSLIM.cpp:519:14: note: in instantiation of function template specialization 'eSLIM::runeSLIM<Gia_Man_t_, eSLIM::DelayInprocessor<false>, eSLIM::AreaDelayMinimizer, eSLIM::WindowMan<eSLIM::AreaDelayMinimizer, eSLIM::RandomizedBFSSelection<eSLIM::SubcircuitNoFBValidator, eSLIM::TabooRootSelector, eSLIM::ForwardSearch>>>' requested here
  519 |       return runeSLIM<Circuitrepresentation, Inprocessor, Minimizer, WindowMan<Minimizer, RandomizedBFSSelection<Validator, RootSelector, SearchDirection, BiasSelector>>>(cir, params);
      |              ^
src/opt/eslim/eSLIM.cpp:529:14: note: in instantiation of function template specialization 'eSLIM::toggleWindowing<Gia_Man_t_, eSLIM::DelayInprocessor<false>, eSLIM::AreaDelayMinimizer, eSLIM::SubcircuitNoFBValidator, eSLIM::ForwardSearch, eSLIM::NoBiasSelector, eSLIM::TabooRootSelector>' requested here
  529 |       return toggleWindowing<Circuitrepresentation, Inprocessor, Minimizer, Validator, SearchDirection, BiasSelector, TabooRootSelector>(cir, params);
      |              ^
src/opt/eslim/eSLIM.cpp:540:14: note: in instantiation of function template specialization 'eSLIM::setTabooApproach<Gia_Man_t_, eSLIM::DelayInprocessor<false>, eSLIM::AreaDelayMinimizer, eSLIM::SubcircuitNoFBValidator, eSLIM::ForwardSearch, eSLIM::NoBiasSelector>' requested here
  540 |       return setTabooApproach<Circuitrepresentation, Inprocessor, Minimizer, Validator, SearchDirection, NoBiasSelector>(cir, params);
      |              ^
src/opt/eslim/eSLIM.cpp:549:14: note: in instantiation of function template specialization 'eSLIM::setBiasApproach<Gia_Man_t_, eSLIM::DelayInprocessor<false>, eSLIM::AreaDelayMinimizer, eSLIM::SubcircuitNoFBValidator, eSLIM::ForwardSearch>' requested here
  549 |       return setBiasApproach<Circuitrepresentation, Inprocessor, Minimizer, Validator, ForwardSearch>(cir, params);
      |              ^
src/opt/eslim/eSLIM.cpp:577:20: note: in instantiation of function template specialization 'eSLIM::setSearchDirection<Gia_Man_t_, eSLIM::DelayInprocessor<false>, eSLIM::AreaDelayMinimizer, eSLIM::SubcircuitNoFBValidator>' requested here
  577 |             return setSearchDirection<Circuitrepresentation, DelayInprocessor<false>, AreaDelayMinimizer, SubcircuitNoFBValidator>(cir, params);
      |                    ^
src/opt/eslim/eSLIM.cpp:601:17: note: in instantiation of function template specialization 'eSLIM::setMinimizer<Gia_Man_t_>' requested here
  601 |   return eSLIM::setMinimizer(cir, params);
      |                 ^
src/opt/eslim/eSLIM.cpp:610:10: note: in instantiation of function template specialization 'runeSLIM<Gia_Man_t_>' requested here
  610 |   return runeSLIM(pGia, params);
      |          ^
src/opt/eslim/eSLIM.cpp:357:13: warning: format specifies type 'unsigned long' but the argument has type 'ABC_UINT64_T' (aka 'unsigned long long') [-Wformat]
  356 |       printf("Synthesis: #SAT-calls: %lu, Total SAT-time: %.2f sec, Max SAT-time: %.4f sec, Avg. SAT-time: %.4f sec\n",  
      |                                      ~~~
      |                                      %llu
  357 |             log.nof_sat_calls_synthesis, log.cummulative_sat_runtime_synthesis / 1000, log.max_sat_runtime_synthesis / 1000,
      |             ^~~~~~~~~~~~~~~~~~~~~~~~~~~
src/opt/eslim/eSLIM.cpp:354:13: warning: format specifies type 'unsigned long' but the argument has type 'ABC_UINT64_T' (aka 'unsigned long long') [-Wformat]
  353 |       printf("Relation generation: #SAT-calls: %lu, Total SAT-time: %.2f sec, Max SAT-time: %.4f sec, Avg. SAT-time: %.4f sec\n",  
      |                                                ~~~
      |                                                %llu
  354 |             log.nof_sat_calls_relation_generation, log.cummulative_sat_runtime_relation_generation, log.max_sat_runtime_relation_generation, 
      |             ^~~~~~~~~~~~~~~~~~~~~~~~~~~~~~~~~~~~~
src/opt/eslim/eSLIM.cpp:296:5: note: in instantiation of member function 'eSLIM::eSLIMRun<eSLIM::eSLIM_Man<eSLIM::AreaDelayMinimizer, eSLIM::RandomizedBFSSelection<eSLIM::SubcircuitNoFBValidator, eSLIM::TabooRootSelector, eSLIM::ForwardSearch>>, eSLIM::DelayInprocessor<false>>::printLog' requested here
  296 |     printLog();
      |     ^
src/opt/eslim/eSLIM.cpp:215:15: note: in instantiation of member function 'eSLIM::eSLIMRun<eSLIM::eSLIM_Man<eSLIM::AreaDelayMinimizer, eSLIM::RandomizedBFSSelection<eSLIM::SubcircuitNoFBValidator, eSLIM::TabooRootSelector, eSLIM::ForwardSearch>>, eSLIM::DelayInprocessor<false>>::run' requested here
  215 |     eslim_run.run();
      |               ^
src/opt/eslim/eSLIM.cpp:513:45: note: in instantiation of member function 'eSLIM::eSLIMRun<eSLIM::eSLIM_Man<eSLIM::AreaDelayMinimizer, eSLIM::RandomizedBFSSelection<eSLIM::SubcircuitNoFBValidator, eSLIM::TabooRootSelector, eSLIM::ForwardSearch>>, eSLIM::DelayInprocessor<false>>::runeSLIM' requested here
  513 |     return eSLIMRun<Approach, Inprocessor>::runeSLIM(cir, params); 
      |                                             ^
src/opt/eslim/eSLIM.cpp:521:14: note: in instantiation of function template specialization 'eSLIM::runeSLIM<Gia_Man_t_, eSLIM::DelayInprocessor<false>, eSLIM::AreaDelayMinimizer, eSLIM::eSLIM_Man<eSLIM::AreaDelayMinimizer, eSLIM::RandomizedBFSSelection<eSLIM::SubcircuitNoFBValidator, eSLIM::TabooRootSelector, eSLIM::ForwardSearch>>>' requested here
  521 |       return runeSLIM<Circuitrepresentation, Inprocessor, Minimizer, eSLIM_Man<Minimizer, RandomizedBFSSelection<Validator, RootSelector, SearchDirection, BiasSelector>>>(cir, params);
      |              ^
src/opt/eslim/eSLIM.cpp:529:14: note: in instantiation of function template specialization 'eSLIM::toggleWindowing<Gia_Man_t_, eSLIM::DelayInprocessor<false>, eSLIM::AreaDelayMinimizer, eSLIM::SubcircuitNoFBValidator, eSLIM::ForwardSearch, eSLIM::NoBiasSelector, eSLIM::TabooRootSelector>' requested here
  529 |       return toggleWindowing<Circuitrepresentation, Inprocessor, Minimizer, Validator, SearchDirection, BiasSelector, TabooRootSelector>(cir, params);
      |              ^
src/opt/eslim/eSLIM.cpp:540:14: note: in instantiation of function template specialization 'eSLIM::setTabooApproach<Gia_Man_t_, eSLIM::DelayInprocessor<false>, eSLIM::AreaDelayMinimizer, eSLIM::SubcircuitNoFBValidator, eSLIM::ForwardSearch, eSLIM::NoBiasSelector>' requested here
  540 |       return setTabooApproach<Circuitrepresentation, Inprocessor, Minimizer, Validator, SearchDirection, NoBiasSelector>(cir, params);
      |              ^
src/opt/eslim/eSLIM.cpp:549:14: note: in instantiation of function template specialization 'eSLIM::setBiasApproach<Gia_Man_t_, eSLIM::DelayInprocessor<false>, eSLIM::AreaDelayMinimizer, eSLIM::SubcircuitNoFBValidator, eSLIM::ForwardSearch>' requested here
  549 |       return setBiasApproach<Circuitrepresentation, Inprocessor, Minimizer, Validator, ForwardSearch>(cir, params);
      |              ^
src/opt/eslim/eSLIM.cpp:577:20: note: in instantiation of function template specialization 'eSLIM::setSearchDirection<Gia_Man_t_, eSLIM::DelayInprocessor<false>, eSLIM::AreaDelayMinimizer, eSLIM::SubcircuitNoFBValidator>' requested here
  577 |             return setSearchDirection<Circuitrepresentation, DelayInprocessor<false>, AreaDelayMinimizer, SubcircuitNoFBValidator>(cir, params);
      |                    ^
src/opt/eslim/eSLIM.cpp:601:17: note: in instantiation of function template specialization 'eSLIM::setMinimizer<Gia_Man_t_>' requested here
  601 |   return eSLIM::setMinimizer(cir, params);
      |                 ^
src/opt/eslim/eSLIM.cpp:610:10: note: in instantiation of function template specialization 'runeSLIM<Gia_Man_t_>' requested here
  610 |   return runeSLIM(pGia, params);
      |          ^
src/opt/eslim/eSLIM.cpp:357:13: warning: format specifies type 'unsigned long' but the argument has type 'ABC_UINT64_T' (aka 'unsigned long long') [-Wformat]
  356 |       printf("Synthesis: #SAT-calls: %lu, Total SAT-time: %.2f sec, Max SAT-time: %.4f sec, Avg. SAT-time: %.4f sec\n",  
      |                                      ~~~
      |                                      %llu
  357 |             log.nof_sat_calls_synthesis, log.cummulative_sat_runtime_synthesis / 1000, log.max_sat_runtime_synthesis / 1000,
      |             ^~~~~~~~~~~~~~~~~~~~~~~~~~~
src/opt/eslim/eSLIM.cpp:354:13: warning: format specifies type 'unsigned long' but the argument has type 'ABC_UINT64_T' (aka 'unsigned long long') [-Wformat]
  353 |       printf("Relation generation: #SAT-calls: %lu, Total SAT-time: %.2f sec, Max SAT-time: %.4f sec, Avg. SAT-time: %.4f sec\n",  
      |                                                ~~~
      |                                                %llu
  354 |             log.nof_sat_calls_relation_generation, log.cummulative_sat_runtime_relation_generation, log.max_sat_runtime_relation_generation, 
      |             ^~~~~~~~~~~~~~~~~~~~~~~~~~~~~~~~~~~~~
src/opt/eslim/eSLIM.cpp:296:5: note: in instantiation of member function 'eSLIM::eSLIMRun<eSLIM::WindowMan<eSLIM::AreaDelayMinimizer, eSLIM::RandomizedBFSSelection<eSLIM::SubcircuitNoFBValidator, eSLIM::BaseRootSelector, eSLIM::ForwardSearch>>, eSLIM::DelayInprocessor<false>>::printLog' requested here
  296 |     printLog();
      |     ^
src/opt/eslim/eSLIM.cpp:215:15: note: in instantiation of member function 'eSLIM::eSLIMRun<eSLIM::WindowMan<eSLIM::AreaDelayMinimizer, eSLIM::RandomizedBFSSelection<eSLIM::SubcircuitNoFBValidator, eSLIM::BaseRootSelector, eSLIM::ForwardSearch>>, eSLIM::DelayInprocessor<false>>::run' requested here
  215 |     eslim_run.run();
      |               ^
src/opt/eslim/eSLIM.cpp:513:45: note: in instantiation of member function 'eSLIM::eSLIMRun<eSLIM::WindowMan<eSLIM::AreaDelayMinimizer, eSLIM::RandomizedBFSSelection<eSLIM::SubcircuitNoFBValidator, eSLIM::BaseRootSelector, eSLIM::ForwardSearch>>, eSLIM::DelayInprocessor<false>>::runeSLIM' requested here
  513 |     return eSLIMRun<Approach, Inprocessor>::runeSLIM(cir, params); 
      |                                             ^
src/opt/eslim/eSLIM.cpp:519:14: note: in instantiation of function template specialization 'eSLIM::runeSLIM<Gia_Man_t_, eSLIM::DelayInprocessor<false>, eSLIM::AreaDelayMinimizer, eSLIM::WindowMan<eSLIM::AreaDelayMinimizer, eSLIM::RandomizedBFSSelection<eSLIM::SubcircuitNoFBValidator, eSLIM::BaseRootSelector, eSLIM::ForwardSearch>>>' requested here
  519 |       return runeSLIM<Circuitrepresentation, Inprocessor, Minimizer, WindowMan<Minimizer, RandomizedBFSSelection<Validator, RootSelector, SearchDirection, BiasSelector>>>(cir, params);
      |              ^
src/opt/eslim/eSLIM.cpp:531:14: note: in instantiation of function template specialization 'eSLIM::toggleWindowing<Gia_Man_t_, eSLIM::DelayInprocessor<false>, eSLIM::AreaDelayMinimizer, eSLIM::SubcircuitNoFBValidator, eSLIM::ForwardSearch, eSLIM::NoBiasSelector, eSLIM::BaseRootSelector>' requested here
  531 |       return toggleWindowing<Circuitrepresentation, Inprocessor, Minimizer, Validator, SearchDirection, BiasSelector, BaseRootSelector>(cir, params);
      |              ^
src/opt/eslim/eSLIM.cpp:540:14: note: in instantiation of function template specialization 'eSLIM::setTabooApproach<Gia_Man_t_, eSLIM::DelayInprocessor<false>, eSLIM::AreaDelayMinimizer, eSLIM::SubcircuitNoFBValidator, eSLIM::ForwardSearch, eSLIM::NoBiasSelector>' requested here
  540 |       return setTabooApproach<Circuitrepresentation, Inprocessor, Minimizer, Validator, SearchDirection, NoBiasSelector>(cir, params);
      |              ^
src/opt/eslim/eSLIM.cpp:549:14: note: in instantiation of function template specialization 'eSLIM::setBiasApproach<Gia_Man_t_, eSLIM::DelayInprocessor<false>, eSLIM::AreaDelayMinimizer, eSLIM::SubcircuitNoFBValidator, eSLIM::ForwardSearch>' requested here
  549 |       return setBiasApproach<Circuitrepresentation, Inprocessor, Minimizer, Validator, ForwardSearch>(cir, params);
      |              ^
src/opt/eslim/eSLIM.cpp:577:20: note: in instantiation of function template specialization 'eSLIM::setSearchDirection<Gia_Man_t_, eSLIM::DelayInprocessor<false>, eSLIM::AreaDelayMinimizer, eSLIM::SubcircuitNoFBValidator>' requested here
  577 |             return setSearchDirection<Circuitrepresentation, DelayInprocessor<false>, AreaDelayMinimizer, SubcircuitNoFBValidator>(cir, params);
      |                    ^
src/opt/eslim/eSLIM.cpp:601:17: note: in instantiation of function template specialization 'eSLIM::setMinimizer<Gia_Man_t_>' requested here
  601 |   return eSLIM::setMinimizer(cir, params);
      |                 ^
src/opt/eslim/eSLIM.cpp:610:10: note: in instantiation of function template specialization 'runeSLIM<Gia_Man_t_>' requested here
  610 |   return runeSLIM(pGia, params);
      |          ^
src/opt/eslim/eSLIM.cpp:357:13: warning: format specifies type 'unsigned long' but the argument has type 'ABC_UINT64_T' (aka 'unsigned long long') [-Wformat]
  356 |       printf("Synthesis: #SAT-calls: %lu, Total SAT-time: %.2f sec, Max SAT-time: %.4f sec, Avg. SAT-time: %.4f sec\n",  
      |                                      ~~~
      |                                      %llu
  357 |             log.nof_sat_calls_synthesis, log.cummulative_sat_runtime_synthesis / 1000, log.max_sat_runtime_synthesis / 1000,
      |             ^~~~~~~~~~~~~~~~~~~~~~~~~~~
src/opt/eslim/eSLIM.cpp:354:13: warning: format specifies type 'unsigned long' but the argument has type 'ABC_UINT64_T' (aka 'unsigned long long') [-Wformat]
  353 |       printf("Relation generation: #SAT-calls: %lu, Total SAT-time: %.2f sec, Max SAT-time: %.4f sec, Avg. SAT-time: %.4f sec\n",  
      |                                                ~~~
      |                                                %llu
  354 |             log.nof_sat_calls_relation_generation, log.cummulative_sat_runtime_relation_generation, log.max_sat_runtime_relation_generation, 
      |             ^~~~~~~~~~~~~~~~~~~~~~~~~~~~~~~~~~~~~
src/opt/eslim/eSLIM.cpp:296:5: note: in instantiation of member function 'eSLIM::eSLIMRun<eSLIM::eSLIM_Man<eSLIM::AreaDelayMinimizer, eSLIM::RandomizedBFSSelection<eSLIM::SubcircuitNoFBValidator, eSLIM::BaseRootSelector, eSLIM::ForwardSearch>>, eSLIM::DelayInprocessor<false>>::printLog' requested here
  296 |     printLog();
      |     ^
src/opt/eslim/eSLIM.cpp:215:15: note: in instantiation of member function 'eSLIM::eSLIMRun<eSLIM::eSLIM_Man<eSLIM::AreaDelayMinimizer, eSLIM::RandomizedBFSSelection<eSLIM::SubcircuitNoFBValidator, eSLIM::BaseRootSelector, eSLIM::ForwardSearch>>, eSLIM::DelayInprocessor<false>>::run' requested here
  215 |     eslim_run.run();
      |               ^
src/opt/eslim/eSLIM.cpp:513:45: note: in instantiation of member function 'eSLIM::eSLIMRun<eSLIM::eSLIM_Man<eSLIM::AreaDelayMinimizer, eSLIM::RandomizedBFSSelection<eSLIM::SubcircuitNoFBValidator, eSLIM::BaseRootSelector, eSLIM::ForwardSearch>>, eSLIM::DelayInprocessor<false>>::runeSLIM' requested here
  513 |     return eSLIMRun<Approach, Inprocessor>::runeSLIM(cir, params); 
      |                                             ^
src/opt/eslim/eSLIM.cpp:521:14: note: in instantiation of function template specialization 'eSLIM::runeSLIM<Gia_Man_t_, eSLIM::DelayInprocessor<false>, eSLIM::AreaDelayMinimizer, eSLIM::eSLIM_Man<eSLIM::AreaDelayMinimizer, eSLIM::RandomizedBFSSelection<eSLIM::SubcircuitNoFBValidator, eSLIM::BaseRootSelector, eSLIM::ForwardSearch>>>' requested here
  521 |       return runeSLIM<Circuitrepresentation, Inprocessor, Minimizer, eSLIM_Man<Minimizer, RandomizedBFSSelection<Validator, RootSelector, SearchDirection, BiasSelector>>>(cir, params);
      |              ^
src/opt/eslim/eSLIM.cpp:531:14: note: in instantiation of function template specialization 'eSLIM::toggleWindowing<Gia_Man_t_, eSLIM::DelayInprocessor<false>, eSLIM::AreaDelayMinimizer, eSLIM::SubcircuitNoFBValidator, eSLIM::ForwardSearch, eSLIM::NoBiasSelector, eSLIM::BaseRootSelector>' requested here
  531 |       return toggleWindowing<Circuitrepresentation, Inprocessor, Minimizer, Validator, SearchDirection, BiasSelector, BaseRootSelector>(cir, params);
      |              ^
src/opt/eslim/eSLIM.cpp:540:14: note: in instantiation of function template specialization 'eSLIM::setTabooApproach<Gia_Man_t_, eSLIM::DelayInprocessor<false>, eSLIM::AreaDelayMinimizer, eSLIM::SubcircuitNoFBValidator, eSLIM::ForwardSearch, eSLIM::NoBiasSelector>' requested here
  540 |       return setTabooApproach<Circuitrepresentation, Inprocessor, Minimizer, Validator, SearchDirection, NoBiasSelector>(cir, params);
      |              ^
src/opt/eslim/eSLIM.cpp:549:14: note: in instantiation of function template specialization 'eSLIM::setBiasApproach<Gia_Man_t_, eSLIM::DelayInprocessor<false>, eSLIM::AreaDelayMinimizer, eSLIM::SubcircuitNoFBValidator, eSLIM::ForwardSearch>' requested here
  549 |       return setBiasApproach<Circuitrepresentation, Inprocessor, Minimizer, Validator, ForwardSearch>(cir, params);
      |              ^
src/opt/eslim/eSLIM.cpp:577:20: note: in instantiation of function template specialization 'eSLIM::setSearchDirection<Gia_Man_t_, eSLIM::DelayInprocessor<false>, eSLIM::AreaDelayMinimizer, eSLIM::SubcircuitNoFBValidator>' requested here
  577 |             return setSearchDirection<Circuitrepresentation, DelayInprocessor<false>, AreaDelayMinimizer, SubcircuitNoFBValidator>(cir, params);
      |                    ^
src/opt/eslim/eSLIM.cpp:601:17: note: in instantiation of function template specialization 'eSLIM::setMinimizer<Gia_Man_t_>' requested here
  601 |   return eSLIM::setMinimizer(cir, params);
      |                 ^
src/opt/eslim/eSLIM.cpp:610:10: note: in instantiation of function template specialization 'runeSLIM<Gia_Man_t_>' requested here
  610 |   return runeSLIM(pGia, params);
      |          ^
src/opt/eslim/eSLIM.cpp:357:13: warning: format specifies type 'unsigned long' but the argument has type 'ABC_UINT64_T' (aka 'unsigned long long') [-Wformat]
  356 |       printf("Synthesis: #SAT-calls: %lu, Total SAT-time: %.2f sec, Max SAT-time: %.4f sec, Avg. SAT-time: %.4f sec\n",  
      |                                      ~~~
      |                                      %llu
  357 |             log.nof_sat_calls_synthesis, log.cummulative_sat_runtime_synthesis / 1000, log.max_sat_runtime_synthesis / 1000,
      |             ^~~~~~~~~~~~~~~~~~~~~~~~~~~
src/opt/eslim/eSLIM.cpp:354:13: warning: format specifies type 'unsigned long' but the argument has type 'ABC_UINT64_T' (aka 'unsigned long long') [-Wformat]
  353 |       printf("Relation generation: #SAT-calls: %lu, Total SAT-time: %.2f sec, Max SAT-time: %.4f sec, Avg. SAT-time: %.4f sec\n",  
      |                                                ~~~
      |                                                %llu
  354 |             log.nof_sat_calls_relation_generation, log.cummulative_sat_runtime_relation_generation, log.max_sat_runtime_relation_generation, 
      |             ^~~~~~~~~~~~~~~~~~~~~~~~~~~~~~~~~~~~~
src/opt/eslim/eSLIM.cpp:296:5: note: in instantiation of member function 'eSLIM::eSLIMRun<eSLIM::WindowMan<eSLIM::AreaDelayMinimizer, eSLIM::RandomizedBFSSelection<eSLIM::SubcircuitNoFBValidator, eSLIM::CriticalPathSelector, eSLIM::BackwardSearch, eSLIM::CriticalPathBiasSelector>>, eSLIM::DelayInprocessor<false>>::printLog' requested here
  296 |     printLog();
      |     ^
src/opt/eslim/eSLIM.cpp:215:15: note: in instantiation of member function 'eSLIM::eSLIMRun<eSLIM::WindowMan<eSLIM::AreaDelayMinimizer, eSLIM::RandomizedBFSSelection<eSLIM::SubcircuitNoFBValidator, eSLIM::CriticalPathSelector, eSLIM::BackwardSearch, eSLIM::CriticalPathBiasSelector>>, eSLIM::DelayInprocessor<false>>::run' requested here
  215 |     eslim_run.run();
      |               ^
src/opt/eslim/eSLIM.cpp:513:45: note: in instantiation of member function 'eSLIM::eSLIMRun<eSLIM::WindowMan<eSLIM::AreaDelayMinimizer, eSLIM::RandomizedBFSSelection<eSLIM::SubcircuitNoFBValidator, eSLIM::CriticalPathSelector, eSLIM::BackwardSearch, eSLIM::CriticalPathBiasSelector>>, eSLIM::DelayInprocessor<false>>::runeSLIM' requested here
  513 |     return eSLIMRun<Approach, Inprocessor>::runeSLIM(cir, params); 
      |                                             ^
src/opt/eslim/eSLIM.cpp:519:14: note: in instantiation of function template specialization 'eSLIM::runeSLIM<Gia_Man_t_, eSLIM::DelayInprocessor<false>, eSLIM::AreaDelayMinimizer, eSLIM::WindowMan<eSLIM::AreaDelayMinimizer, eSLIM::RandomizedBFSSelection<eSLIM::SubcircuitNoFBValidator, eSLIM::CriticalPathSelector, eSLIM::BackwardSearch, eSLIM::CriticalPathBiasSelector>>>' requested here
  519 |       return runeSLIM<Circuitrepresentation, Inprocessor, Minimizer, WindowMan<Minimizer, RandomizedBFSSelection<Validator, RootSelector, SearchDirection, BiasSelector>>>(cir, params);
      |              ^
src/opt/eslim/eSLIM.cpp:538:14: note: in instantiation of function template specialization 'eSLIM::toggleWindowing<Gia_Man_t_, eSLIM::DelayInprocessor<false>, eSLIM::AreaDelayMinimizer, eSLIM::SubcircuitNoFBValidator, eSLIM::BackwardSearch, eSLIM::CriticalPathBiasSelector, eSLIM::CriticalPathSelector>' requested here
  538 |       return toggleWindowing<Circuitrepresentation, Inprocessor, Minimizer, Validator, SearchDirection, CriticalPathBiasSelector, CriticalPathSelector>(cir, params);
      |              ^
src/opt/eslim/eSLIM.cpp:551:14: note: in instantiation of function template specialization 'eSLIM::setBiasApproach<Gia_Man_t_, eSLIM::DelayInprocessor<false>, eSLIM::AreaDelayMinimizer, eSLIM::SubcircuitNoFBValidator, eSLIM::BackwardSearch>' requested here
  551 |       return setBiasApproach<Circuitrepresentation, Inprocessor, Minimizer, Validator, BackwardSearch>(cir, params);
      |              ^
src/opt/eslim/eSLIM.cpp:577:20: note: in instantiation of function template specialization 'eSLIM::setSearchDirection<Gia_Man_t_, eSLIM::DelayInprocessor<false>, eSLIM::AreaDelayMinimizer, eSLIM::SubcircuitNoFBValidator>' requested here
  577 |             return setSearchDirection<Circuitrepresentation, DelayInprocessor<false>, AreaDelayMinimizer, SubcircuitNoFBValidator>(cir, params);
      |                    ^
src/opt/eslim/eSLIM.cpp:601:17: note: in instantiation of function template specialization 'eSLIM::setMinimizer<Gia_Man_t_>' requested here
  601 |   return eSLIM::setMinimizer(cir, params);
      |                 ^
src/opt/eslim/eSLIM.cpp:610:10: note: in instantiation of function template specialization 'runeSLIM<Gia_Man_t_>' requested here
  610 |   return runeSLIM(pGia, params);
      |          ^
src/opt/eslim/eSLIM.cpp:357:13: warning: format specifies type 'unsigned long' but the argument has type 'ABC_UINT64_T' (aka 'unsigned long long') [-Wformat]
  356 |       printf("Synthesis: #SAT-calls: %lu, Total SAT-time: %.2f sec, Max SAT-time: %.4f sec, Avg. SAT-time: %.4f sec\n",  
      |                                      ~~~
      |                                      %llu
  357 |             log.nof_sat_calls_synthesis, log.cummulative_sat_runtime_synthesis / 1000, log.max_sat_runtime_synthesis / 1000,
      |             ^~~~~~~~~~~~~~~~~~~~~~~~~~~
src/opt/eslim/eSLIM.cpp:354:13: warning: format specifies type 'unsigned long' but the argument has type 'ABC_UINT64_T' (aka 'unsigned long long') [-Wformat]
  353 |       printf("Relation generation: #SAT-calls: %lu, Total SAT-time: %.2f sec, Max SAT-time: %.4f sec, Avg. SAT-time: %.4f sec\n",  
      |                                                ~~~
      |                                                %llu
  354 |             log.nof_sat_calls_relation_generation, log.cummulative_sat_runtime_relation_generation, log.max_sat_runtime_relation_generation, 
      |             ^~~~~~~~~~~~~~~~~~~~~~~~~~~~~~~~~~~~~
src/opt/eslim/eSLIM.cpp:296:5: note: in instantiation of member function 'eSLIM::eSLIMRun<eSLIM::eSLIM_Man<eSLIM::AreaDelayMinimizer, eSLIM::RandomizedBFSSelection<eSLIM::SubcircuitNoFBValidator, eSLIM::CriticalPathSelector, eSLIM::BackwardSearch, eSLIM::CriticalPathBiasSelector>>, eSLIM::DelayInprocessor<false>>::printLog' requested here
  296 |     printLog();
      |     ^
src/opt/eslim/eSLIM.cpp:215:15: note: in instantiation of member function 'eSLIM::eSLIMRun<eSLIM::eSLIM_Man<eSLIM::AreaDelayMinimizer, eSLIM::RandomizedBFSSelection<eSLIM::SubcircuitNoFBValidator, eSLIM::CriticalPathSelector, eSLIM::BackwardSearch, eSLIM::CriticalPathBiasSelector>>, eSLIM::DelayInprocessor<false>>::run' requested here
  215 |     eslim_run.run();
      |               ^
src/opt/eslim/eSLIM.cpp:513:45: note: in instantiation of member function 'eSLIM::eSLIMRun<eSLIM::eSLIM_Man<eSLIM::AreaDelayMinimizer, eSLIM::RandomizedBFSSelection<eSLIM::SubcircuitNoFBValidator, eSLIM::CriticalPathSelector, eSLIM::BackwardSearch, eSLIM::CriticalPathBiasSelector>>, eSLIM::DelayInprocessor<false>>::runeSLIM' requested here
  513 |     return eSLIMRun<Approach, Inprocessor>::runeSLIM(cir, params); 
      |                                             ^
src/opt/eslim/eSLIM.cpp:521:14: note: in instantiation of function template specialization 'eSLIM::runeSLIM<Gia_Man_t_, eSLIM::DelayInprocessor<false>, eSLIM::AreaDelayMinimizer, eSLIM::eSLIM_Man<eSLIM::AreaDelayMinimizer, eSLIM::RandomizedBFSSelection<eSLIM::SubcircuitNoFBValidator, eSLIM::CriticalPathSelector, eSLIM::BackwardSearch, eSLIM::CriticalPathBiasSelector>>>' requested here
  521 |       return runeSLIM<Circuitrepresentation, Inprocessor, Minimizer, eSLIM_Man<Minimizer, RandomizedBFSSelection<Validator, RootSelector, SearchDirection, BiasSelector>>>(cir, params);
      |              ^
src/opt/eslim/eSLIM.cpp:538:14: note: in instantiation of function template specialization 'eSLIM::toggleWindowing<Gia_Man_t_, eSLIM::DelayInprocessor<false>, eSLIM::AreaDelayMinimizer, eSLIM::SubcircuitNoFBValidator, eSLIM::BackwardSearch, eSLIM::CriticalPathBiasSelector, eSLIM::CriticalPathSelector>' requested here
  538 |       return toggleWindowing<Circuitrepresentation, Inprocessor, Minimizer, Validator, SearchDirection, CriticalPathBiasSelector, CriticalPathSelector>(cir, params);
      |              ^
src/opt/eslim/eSLIM.cpp:551:14: note: in instantiation of function template specialization 'eSLIM::setBiasApproach<Gia_Man_t_, eSLIM::DelayInprocessor<false>, eSLIM::AreaDelayMinimizer, eSLIM::SubcircuitNoFBValidator, eSLIM::BackwardSearch>' requested here
  551 |       return setBiasApproach<Circuitrepresentation, Inprocessor, Minimizer, Validator, BackwardSearch>(cir, params);
      |              ^
src/opt/eslim/eSLIM.cpp:577:20: note: in instantiation of function template specialization 'eSLIM::setSearchDirection<Gia_Man_t_, eSLIM::DelayInprocessor<false>, eSLIM::AreaDelayMinimizer, eSLIM::SubcircuitNoFBValidator>' requested here
  577 |             return setSearchDirection<Circuitrepresentation, DelayInprocessor<false>, AreaDelayMinimizer, SubcircuitNoFBValidator>(cir, params);
      |                    ^
src/opt/eslim/eSLIM.cpp:601:17: note: in instantiation of function template specialization 'eSLIM::setMinimizer<Gia_Man_t_>' requested here
  601 |   return eSLIM::setMinimizer(cir, params);
      |                 ^
src/opt/eslim/eSLIM.cpp:610:10: note: in instantiation of function template specialization 'runeSLIM<Gia_Man_t_>' requested here
  610 |   return runeSLIM(pGia, params);
      |          ^
src/opt/eslim/eSLIM.cpp:357:13: warning: format specifies type 'unsigned long' but the argument has type 'ABC_UINT64_T' (aka 'unsigned long long') [-Wformat]
  356 |       printf("Synthesis: #SAT-calls: %lu, Total SAT-time: %.2f sec, Max SAT-time: %.4f sec, Avg. SAT-time: %.4f sec\n",  
      |                                      ~~~
      |                                      %llu
  357 |             log.nof_sat_calls_synthesis, log.cummulative_sat_runtime_synthesis / 1000, log.max_sat_runtime_synthesis / 1000,
      |             ^~~~~~~~~~~~~~~~~~~~~~~~~~~
src/opt/eslim/eSLIM.cpp:354:13: warning: format specifies type 'unsigned long' but the argument has type 'ABC_UINT64_T' (aka 'unsigned long long') [-Wformat]
  353 |       printf("Relation generation: #SAT-calls: %lu, Total SAT-time: %.2f sec, Max SAT-time: %.4f sec, Avg. SAT-time: %.4f sec\n",  
      |                                                ~~~
      |                                                %llu
  354 |             log.nof_sat_calls_relation_generation, log.cummulative_sat_runtime_relation_generation, log.max_sat_runtime_relation_generation, 
      |             ^~~~~~~~~~~~~~~~~~~~~~~~~~~~~~~~~~~~~
src/opt/eslim/eSLIM.cpp:296:5: note: in instantiation of member function 'eSLIM::eSLIMRun<eSLIM::WindowMan<eSLIM::AreaDelayMinimizer, eSLIM::RandomizedBFSSelection<eSLIM::SubcircuitNoFBValidator, eSLIM::TabooRootSelector, eSLIM::BackwardSearch>>, eSLIM::DelayInprocessor<false>>::printLog' requested here
  296 |     printLog();
      |     ^
src/opt/eslim/eSLIM.cpp:215:15: note: in instantiation of member function 'eSLIM::eSLIMRun<eSLIM::WindowMan<eSLIM::AreaDelayMinimizer, eSLIM::RandomizedBFSSelection<eSLIM::SubcircuitNoFBValidator, eSLIM::TabooRootSelector, eSLIM::BackwardSearch>>, eSLIM::DelayInprocessor<false>>::run' requested here
  215 |     eslim_run.run();
      |               ^
src/opt/eslim/eSLIM.cpp:513:45: note: in instantiation of member function 'eSLIM::eSLIMRun<eSLIM::WindowMan<eSLIM::AreaDelayMinimizer, eSLIM::RandomizedBFSSelection<eSLIM::SubcircuitNoFBValidator, eSLIM::TabooRootSelector, eSLIM::BackwardSearch>>, eSLIM::DelayInprocessor<false>>::runeSLIM' requested here
  513 |     return eSLIMRun<Approach, Inprocessor>::runeSLIM(cir, params); 
      |                                             ^
src/opt/eslim/eSLIM.cpp:519:14: note: in instantiation of function template specialization 'eSLIM::runeSLIM<Gia_Man_t_, eSLIM::DelayInprocessor<false>, eSLIM::AreaDelayMinimizer, eSLIM::WindowMan<eSLIM::AreaDelayMinimizer, eSLIM::RandomizedBFSSelection<eSLIM::SubcircuitNoFBValidator, eSLIM::TabooRootSelector, eSLIM::BackwardSearch>>>' requested here
  519 |       return runeSLIM<Circuitrepresentation, Inprocessor, Minimizer, WindowMan<Minimizer, RandomizedBFSSelection<Validator, RootSelector, SearchDirection, BiasSelector>>>(cir, params);
      |              ^
src/opt/eslim/eSLIM.cpp:529:14: note: in instantiation of function template specialization 'eSLIM::toggleWindowing<Gia_Man_t_, eSLIM::DelayInprocessor<false>, eSLIM::AreaDelayMinimizer, eSLIM::SubcircuitNoFBValidator, eSLIM::BackwardSearch, eSLIM::NoBiasSelector, eSLIM::TabooRootSelector>' requested here
  529 |       return toggleWindowing<Circuitrepresentation, Inprocessor, Minimizer, Validator, SearchDirection, BiasSelector, TabooRootSelector>(cir, params);
      |              ^
src/opt/eslim/eSLIM.cpp:540:14: note: in instantiation of function template specialization 'eSLIM::setTabooApproach<Gia_Man_t_, eSLIM::DelayInprocessor<false>, eSLIM::AreaDelayMinimizer, eSLIM::SubcircuitNoFBValidator, eSLIM::BackwardSearch, eSLIM::NoBiasSelector>' requested here
  540 |       return setTabooApproach<Circuitrepresentation, Inprocessor, Minimizer, Validator, SearchDirection, NoBiasSelector>(cir, params);
      |              ^
src/opt/eslim/eSLIM.cpp:551:14: note: in instantiation of function template specialization 'eSLIM::setBiasApproach<Gia_Man_t_, eSLIM::DelayInprocessor<false>, eSLIM::AreaDelayMinimizer, eSLIM::SubcircuitNoFBValidator, eSLIM::BackwardSearch>' requested here
  551 |       return setBiasApproach<Circuitrepresentation, Inprocessor, Minimizer, Validator, BackwardSearch>(cir, params);
      |              ^
src/opt/eslim/eSLIM.cpp:577:20: note: in instantiation of function template specialization 'eSLIM::setSearchDirection<Gia_Man_t_, eSLIM::DelayInprocessor<false>, eSLIM::AreaDelayMinimizer, eSLIM::SubcircuitNoFBValidator>' requested here
  577 |             return setSearchDirection<Circuitrepresentation, DelayInprocessor<false>, AreaDelayMinimizer, SubcircuitNoFBValidator>(cir, params);
      |                    ^
src/opt/eslim/eSLIM.cpp:601:17: note: in instantiation of function template specialization 'eSLIM::setMinimizer<Gia_Man_t_>' requested here
  601 |   return eSLIM::setMinimizer(cir, params);
      |                 ^
src/opt/eslim/eSLIM.cpp:610:10: note: in instantiation of function template specialization 'runeSLIM<Gia_Man_t_>' requested here
  610 |   return runeSLIM(pGia, params);
      |          ^
src/opt/eslim/eSLIM.cpp:357:13: warning: format specifies type 'unsigned long' but the argument has type 'ABC_UINT64_T' (aka 'unsigned long long') [-Wformat]
  356 |       printf("Synthesis: #SAT-calls: %lu, Total SAT-time: %.2f sec, Max SAT-time: %.4f sec, Avg. SAT-time: %.4f sec\n",  
      |                                      ~~~
      |                                      %llu
  357 |             log.nof_sat_calls_synthesis, log.cummulative_sat_runtime_synthesis / 1000, log.max_sat_runtime_synthesis / 1000,
      |             ^~~~~~~~~~~~~~~~~~~~~~~~~~~
src/opt/eslim/eSLIM.cpp:354:13: warning: format specifies type 'unsigned long' but the argument has type 'ABC_UINT64_T' (aka 'unsigned long long') [-Wformat]
  353 |       printf("Relation generation: #SAT-calls: %lu, Total SAT-time: %.2f sec, Max SAT-time: %.4f sec, Avg. SAT-time: %.4f sec\n",  
      |                                                ~~~
      |                                                %llu
  354 |             log.nof_sat_calls_relation_generation, log.cummulative_sat_runtime_relation_generation, log.max_sat_runtime_relation_generation, 
      |             ^~~~~~~~~~~~~~~~~~~~~~~~~~~~~~~~~~~~~
src/opt/eslim/eSLIM.cpp:296:5: note: in instantiation of member function 'eSLIM::eSLIMRun<eSLIM::eSLIM_Man<eSLIM::AreaDelayMinimizer, eSLIM::RandomizedBFSSelection<eSLIM::SubcircuitNoFBValidator, eSLIM::TabooRootSelector, eSLIM::BackwardSearch>>, eSLIM::DelayInprocessor<false>>::printLog' requested here
  296 |     printLog();
      |     ^
src/opt/eslim/eSLIM.cpp:215:15: note: in instantiation of member function 'eSLIM::eSLIMRun<eSLIM::eSLIM_Man<eSLIM::AreaDelayMinimizer, eSLIM::RandomizedBFSSelection<eSLIM::SubcircuitNoFBValidator, eSLIM::TabooRootSelector, eSLIM::BackwardSearch>>, eSLIM::DelayInprocessor<false>>::run' requested here
  215 |     eslim_run.run();
      |               ^
src/opt/eslim/eSLIM.cpp:513:45: note: in instantiation of member function 'eSLIM::eSLIMRun<eSLIM::eSLIM_Man<eSLIM::AreaDelayMinimizer, eSLIM::RandomizedBFSSelection<eSLIM::SubcircuitNoFBValidator, eSLIM::TabooRootSelector, eSLIM::BackwardSearch>>, eSLIM::DelayInprocessor<false>>::runeSLIM' requested here
  513 |     return eSLIMRun<Approach, Inprocessor>::runeSLIM(cir, params); 
      |                                             ^
src/opt/eslim/eSLIM.cpp:521:14: note: in instantiation of function template specialization 'eSLIM::runeSLIM<Gia_Man_t_, eSLIM::DelayInprocessor<false>, eSLIM::AreaDelayMinimizer, eSLIM::eSLIM_Man<eSLIM::AreaDelayMinimizer, eSLIM::RandomizedBFSSelection<eSLIM::SubcircuitNoFBValidator, eSLIM::TabooRootSelector, eSLIM::BackwardSearch>>>' requested here
  521 |       return runeSLIM<Circuitrepresentation, Inprocessor, Minimizer, eSLIM_Man<Minimizer, RandomizedBFSSelection<Validator, RootSelector, SearchDirection, BiasSelector>>>(cir, params);
      |              ^
src/opt/eslim/eSLIM.cpp:529:14: note: in instantiation of function template specialization 'eSLIM::toggleWindowing<Gia_Man_t_, eSLIM::DelayInprocessor<false>, eSLIM::AreaDelayMinimizer, eSLIM::SubcircuitNoFBValidator, eSLIM::BackwardSearch, eSLIM::NoBiasSelector, eSLIM::TabooRootSelector>' requested here
  529 |       return toggleWindowing<Circuitrepresentation, Inprocessor, Minimizer, Validator, SearchDirection, BiasSelector, TabooRootSelector>(cir, params);
      |              ^
src/opt/eslim/eSLIM.cpp:540:14: note: in instantiation of function template specialization 'eSLIM::setTabooApproach<Gia_Man_t_, eSLIM::DelayInprocessor<false>, eSLIM::AreaDelayMinimizer, eSLIM::SubcircuitNoFBValidator, eSLIM::BackwardSearch, eSLIM::NoBiasSelector>' requested here
  540 |       return setTabooApproach<Circuitrepresentation, Inprocessor, Minimizer, Validator, SearchDirection, NoBiasSelector>(cir, params);
      |              ^
src/opt/eslim/eSLIM.cpp:551:14: note: in instantiation of function template specialization 'eSLIM::setBiasApproach<Gia_Man_t_, eSLIM::DelayInprocessor<false>, eSLIM::AreaDelayMinimizer, eSLIM::SubcircuitNoFBValidator, eSLIM::BackwardSearch>' requested here
  551 |       return setBiasApproach<Circuitrepresentation, Inprocessor, Minimizer, Validator, BackwardSearch>(cir, params);
      |              ^
src/opt/eslim/eSLIM.cpp:577:20: note: in instantiation of function template specialization 'eSLIM::setSearchDirection<Gia_Man_t_, eSLIM::DelayInprocessor<false>, eSLIM::AreaDelayMinimizer, eSLIM::SubcircuitNoFBValidator>' requested here
  577 |             return setSearchDirection<Circuitrepresentation, DelayInprocessor<false>, AreaDelayMinimizer, SubcircuitNoFBValidator>(cir, params);
      |                    ^
src/opt/eslim/eSLIM.cpp:601:17: note: in instantiation of function template specialization 'eSLIM::setMinimizer<Gia_Man_t_>' requested here
  601 |   return eSLIM::setMinimizer(cir, params);
      |                 ^
src/opt/eslim/eSLIM.cpp:610:10: note: in instantiation of function template specialization 'runeSLIM<Gia_Man_t_>' requested here
  610 |   return runeSLIM(pGia, params);
      |          ^
src/opt/eslim/eSLIM.cpp:357:13: warning: format specifies type 'unsigned long' but the argument has type 'ABC_UINT64_T' (aka 'unsigned long long') [-Wformat]
  356 |       printf("Synthesis: #SAT-calls: %lu, Total SAT-time: %.2f sec, Max SAT-time: %.4f sec, Avg. SAT-time: %.4f sec\n",  
      |                                      ~~~
      |                                      %llu
  357 |             log.nof_sat_calls_synthesis, log.cummulative_sat_runtime_synthesis / 1000, log.max_sat_runtime_synthesis / 1000,
      |             ^~~~~~~~~~~~~~~~~~~~~~~~~~~
src/opt/eslim/eSLIM.cpp:354:13: warning: format specifies type 'unsigned long' but the argument has type 'ABC_UINT64_T' (aka 'unsigned long long') [-Wformat]
  353 |       printf("Relation generation: #SAT-calls: %lu, Total SAT-time: %.2f sec, Max SAT-time: %.4f sec, Avg. SAT-time: %.4f sec\n",  
      |                                                ~~~
      |                                                %llu
  354 |             log.nof_sat_calls_relation_generation, log.cummulative_sat_runtime_relation_generation, log.max_sat_runtime_relation_generation, 
      |             ^~~~~~~~~~~~~~~~~~~~~~~~~~~~~~~~~~~~~
src/opt/eslim/eSLIM.cpp:296:5: note: in instantiation of member function 'eSLIM::eSLIMRun<eSLIM::WindowMan<eSLIM::AreaDelayMinimizer, eSLIM::RandomizedBFSSelection<eSLIM::SubcircuitNoFBValidator, eSLIM::BaseRootSelector, eSLIM::BackwardSearch>>, eSLIM::DelayInprocessor<false>>::printLog' requested here
  296 |     printLog();
      |     ^
src/opt/eslim/eSLIM.cpp:215:15: note: in instantiation of member function 'eSLIM::eSLIMRun<eSLIM::WindowMan<eSLIM::AreaDelayMinimizer, eSLIM::RandomizedBFSSelection<eSLIM::SubcircuitNoFBValidator, eSLIM::BaseRootSelector, eSLIM::BackwardSearch>>, eSLIM::DelayInprocessor<false>>::run' requested here
  215 |     eslim_run.run();
      |               ^
src/opt/eslim/eSLIM.cpp:513:45: note: in instantiation of member function 'eSLIM::eSLIMRun<eSLIM::WindowMan<eSLIM::AreaDelayMinimizer, eSLIM::RandomizedBFSSelection<eSLIM::SubcircuitNoFBValidator, eSLIM::BaseRootSelector, eSLIM::BackwardSearch>>, eSLIM::DelayInprocessor<false>>::runeSLIM' requested here
  513 |     return eSLIMRun<Approach, Inprocessor>::runeSLIM(cir, params); 
      |                                             ^
src/opt/eslim/eSLIM.cpp:519:14: note: in instantiation of function template specialization 'eSLIM::runeSLIM<Gia_Man_t_, eSLIM::DelayInprocessor<false>, eSLIM::AreaDelayMinimizer, eSLIM::WindowMan<eSLIM::AreaDelayMinimizer, eSLIM::RandomizedBFSSelection<eSLIM::SubcircuitNoFBValidator, eSLIM::BaseRootSelector, eSLIM::BackwardSearch>>>' requested here
  519 |       return runeSLIM<Circuitrepresentation, Inprocessor, Minimizer, WindowMan<Minimizer, RandomizedBFSSelection<Validator, RootSelector, SearchDirection, BiasSelector>>>(cir, params);
      |              ^
src/opt/eslim/eSLIM.cpp:531:14: note: in instantiation of function template specialization 'eSLIM::toggleWindowing<Gia_Man_t_, eSLIM::DelayInprocessor<false>, eSLIM::AreaDelayMinimizer, eSLIM::SubcircuitNoFBValidator, eSLIM::BackwardSearch, eSLIM::NoBiasSelector, eSLIM::BaseRootSelector>' requested here
  531 |       return toggleWindowing<Circuitrepresentation, Inprocessor, Minimizer, Validator, SearchDirection, BiasSelector, BaseRootSelector>(cir, params);
      |              ^
src/opt/eslim/eSLIM.cpp:540:14: note: in instantiation of function template specialization 'eSLIM::setTabooApproach<Gia_Man_t_, eSLIM::DelayInprocessor<false>, eSLIM::AreaDelayMinimizer, eSLIM::SubcircuitNoFBValidator, eSLIM::BackwardSearch, eSLIM::NoBiasSelector>' requested here
  540 |       return setTabooApproach<Circuitrepresentation, Inprocessor, Minimizer, Validator, SearchDirection, NoBiasSelector>(cir, params);
      |              ^
src/opt/eslim/eSLIM.cpp:551:14: note: in instantiation of function template specialization 'eSLIM::setBiasApproach<Gia_Man_t_, eSLIM::DelayInprocessor<false>, eSLIM::AreaDelayMinimizer, eSLIM::SubcircuitNoFBValidator, eSLIM::BackwardSearch>' requested here
  551 |       return setBiasApproach<Circuitrepresentation, Inprocessor, Minimizer, Validator, BackwardSearch>(cir, params);
      |              ^
src/opt/eslim/eSLIM.cpp:577:20: note: in instantiation of function template specialization 'eSLIM::setSearchDirection<Gia_Man_t_, eSLIM::DelayInprocessor<false>, eSLIM::AreaDelayMinimizer, eSLIM::SubcircuitNoFBValidator>' requested here
  577 |             return setSearchDirection<Circuitrepresentation, DelayInprocessor<false>, AreaDelayMinimizer, SubcircuitNoFBValidator>(cir, params);
      |                    ^
src/opt/eslim/eSLIM.cpp:601:17: note: in instantiation of function template specialization 'eSLIM::setMinimizer<Gia_Man_t_>' requested here
  601 |   return eSLIM::setMinimizer(cir, params);
      |                 ^
src/opt/eslim/eSLIM.cpp:610:10: note: in instantiation of function template specialization 'runeSLIM<Gia_Man_t_>' requested here
  610 |   return runeSLIM(pGia, params);
      |          ^
src/opt/eslim/eSLIM.cpp:357:13: warning: format specifies type 'unsigned long' but the argument has type 'ABC_UINT64_T' (aka 'unsigned long long') [-Wformat]
  356 |       printf("Synthesis: #SAT-calls: %lu, Total SAT-time: %.2f sec, Max SAT-time: %.4f sec, Avg. SAT-time: %.4f sec\n",  
      |                                      ~~~
      |                                      %llu
  357 |             log.nof_sat_calls_synthesis, log.cummulative_sat_runtime_synthesis / 1000, log.max_sat_runtime_synthesis / 1000,
      |             ^~~~~~~~~~~~~~~~~~~~~~~~~~~
src/opt/eslim/eSLIM.cpp:354:13: warning: format specifies type 'unsigned long' but the argument has type 'ABC_UINT64_T' (aka 'unsigned long long') [-Wformat]
  353 |       printf("Relation generation: #SAT-calls: %lu, Total SAT-time: %.2f sec, Max SAT-time: %.4f sec, Avg. SAT-time: %.4f sec\n",  
      |                                                ~~~
      |                                                %llu
  354 |             log.nof_sat_calls_relation_generation, log.cummulative_sat_runtime_relation_generation, log.max_sat_runtime_relation_generation, 
      |             ^~~~~~~~~~~~~~~~~~~~~~~~~~~~~~~~~~~~~
src/opt/eslim/eSLIM.cpp:296:5: note: in instantiation of member function 'eSLIM::eSLIMRun<eSLIM::eSLIM_Man<eSLIM::AreaDelayMinimizer, eSLIM::RandomizedBFSSelection<eSLIM::SubcircuitNoFBValidator, eSLIM::BaseRootSelector, eSLIM::BackwardSearch>>, eSLIM::DelayInprocessor<false>>::printLog' requested here
  296 |     printLog();
      |     ^
src/opt/eslim/eSLIM.cpp:215:15: note: in instantiation of member function 'eSLIM::eSLIMRun<eSLIM::eSLIM_Man<eSLIM::AreaDelayMinimizer, eSLIM::RandomizedBFSSelection<eSLIM::SubcircuitNoFBValidator, eSLIM::BaseRootSelector, eSLIM::BackwardSearch>>, eSLIM::DelayInprocessor<false>>::run' requested here
  215 |     eslim_run.run();
      |               ^
src/opt/eslim/eSLIM.cpp:513:45: note: in instantiation of member function 'eSLIM::eSLIMRun<eSLIM::eSLIM_Man<eSLIM::AreaDelayMinimizer, eSLIM::RandomizedBFSSelection<eSLIM::SubcircuitNoFBValidator, eSLIM::BaseRootSelector, eSLIM::BackwardSearch>>, eSLIM::DelayInprocessor<false>>::runeSLIM' requested here
  513 |     return eSLIMRun<Approach, Inprocessor>::runeSLIM(cir, params); 
      |                                             ^
src/opt/eslim/eSLIM.cpp:521:14: note: in instantiation of function template specialization 'eSLIM::runeSLIM<Gia_Man_t_, eSLIM::DelayInprocessor<false>, eSLIM::AreaDelayMinimizer, eSLIM::eSLIM_Man<eSLIM::AreaDelayMinimizer, eSLIM::RandomizedBFSSelection<eSLIM::SubcircuitNoFBValidator, eSLIM::BaseRootSelector, eSLIM::BackwardSearch>>>' requested here
  521 |       return runeSLIM<Circuitrepresentation, Inprocessor, Minimizer, eSLIM_Man<Minimizer, RandomizedBFSSelection<Validator, RootSelector, SearchDirection, BiasSelector>>>(cir, params);
      |              ^
src/opt/eslim/eSLIM.cpp:531:14: note: in instantiation of function template specialization 'eSLIM::toggleWindowing<Gia_Man_t_, eSLIM::DelayInprocessor<false>, eSLIM::AreaDelayMinimizer, eSLIM::SubcircuitNoFBValidator, eSLIM::BackwardSearch, eSLIM::NoBiasSelector, eSLIM::BaseRootSelector>' requested here
  531 |       return toggleWindowing<Circuitrepresentation, Inprocessor, Minimizer, Validator, SearchDirection, BiasSelector, BaseRootSelector>(cir, params);
      |              ^
src/opt/eslim/eSLIM.cpp:540:14: note: in instantiation of function template specialization 'eSLIM::setTabooApproach<Gia_Man_t_, eSLIM::DelayInprocessor<false>, eSLIM::AreaDelayMinimizer, eSLIM::SubcircuitNoFBValidator, eSLIM::BackwardSearch, eSLIM::NoBiasSelector>' requested here
  540 |       return setTabooApproach<Circuitrepresentation, Inprocessor, Minimizer, Validator, SearchDirection, NoBiasSelector>(cir, params);
      |              ^
src/opt/eslim/eSLIM.cpp:551:14: note: in instantiation of function template specialization 'eSLIM::setBiasApproach<Gia_Man_t_, eSLIM::DelayInprocessor<false>, eSLIM::AreaDelayMinimizer, eSLIM::SubcircuitNoFBValidator, eSLIM::BackwardSearch>' requested here
  551 |       return setBiasApproach<Circuitrepresentation, Inprocessor, Minimizer, Validator, BackwardSearch>(cir, params);
      |              ^
src/opt/eslim/eSLIM.cpp:577:20: note: in instantiation of function template specialization 'eSLIM::setSearchDirection<Gia_Man_t_, eSLIM::DelayInprocessor<false>, eSLIM::AreaDelayMinimizer, eSLIM::SubcircuitNoFBValidator>' requested here
  577 |             return setSearchDirection<Circuitrepresentation, DelayInprocessor<false>, AreaDelayMinimizer, SubcircuitNoFBValidator>(cir, params);
      |                    ^
src/opt/eslim/eSLIM.cpp:601:17: note: in instantiation of function template specialization 'eSLIM::setMinimizer<Gia_Man_t_>' requested here
  601 |   return eSLIM::setMinimizer(cir, params);
      |                 ^
src/opt/eslim/eSLIM.cpp:610:10: note: in instantiation of function template specialization 'runeSLIM<Gia_Man_t_>' requested here
  610 |   return runeSLIM(pGia, params);
      |          ^
src/opt/eslim/eSLIM.cpp:357:13: warning: format specifies type 'unsigned long' but the argument has type 'ABC_UINT64_T' (aka 'unsigned long long') [-Wformat]
  356 |       printf("Synthesis: #SAT-calls: %lu, Total SAT-time: %.2f sec, Max SAT-time: %.4f sec, Avg. SAT-time: %.4f sec\n",  
      |                                      ~~~
      |                                      %llu
  357 |             log.nof_sat_calls_synthesis, log.cummulative_sat_runtime_synthesis / 1000, log.max_sat_runtime_synthesis / 1000,
      |             ^~~~~~~~~~~~~~~~~~~~~~~~~~~
src/opt/eslim/eSLIM.cpp:354:13: warning: format specifies type 'unsigned long' but the argument has type 'ABC_UINT64_T' (aka 'unsigned long long') [-Wformat]
  353 |       printf("Relation generation: #SAT-calls: %lu, Total SAT-time: %.2f sec, Max SAT-time: %.4f sec, Avg. SAT-time: %.4f sec\n",  
      |                                                ~~~
      |                                                %llu
  354 |             log.nof_sat_calls_relation_generation, log.cummulative_sat_runtime_relation_generation, log.max_sat_runtime_relation_generation, 
      |             ^~~~~~~~~~~~~~~~~~~~~~~~~~~~~~~~~~~~~
src/opt/eslim/eSLIM.cpp:296:5: note: in instantiation of member function 'eSLIM::eSLIMRun<eSLIM::WindowMan<eSLIM::AreaDelayMinimizer, eSLIM::RandomizedBFSSelection<eSLIM::SubcircuitNoFBValidator, eSLIM::CriticalPathSelector, eSLIM::ForwardSearch, eSLIM::CriticalPathBiasSelector>>, eSLIM::EmptyInprocessor>::printLog' requested here
  296 |     printLog();
      |     ^
src/opt/eslim/eSLIM.cpp:215:15: note: in instantiation of member function 'eSLIM::eSLIMRun<eSLIM::WindowMan<eSLIM::AreaDelayMinimizer, eSLIM::RandomizedBFSSelection<eSLIM::SubcircuitNoFBValidator, eSLIM::CriticalPathSelector, eSLIM::ForwardSearch, eSLIM::CriticalPathBiasSelector>>, eSLIM::EmptyInprocessor>::run' requested here
  215 |     eslim_run.run();
      |               ^
src/opt/eslim/eSLIM.cpp:513:45: note: in instantiation of member function 'eSLIM::eSLIMRun<eSLIM::WindowMan<eSLIM::AreaDelayMinimizer, eSLIM::RandomizedBFSSelection<eSLIM::SubcircuitNoFBValidator, eSLIM::CriticalPathSelector, eSLIM::ForwardSearch, eSLIM::CriticalPathBiasSelector>>, eSLIM::EmptyInprocessor>::runeSLIM' requested here
  513 |     return eSLIMRun<Approach, Inprocessor>::runeSLIM(cir, params); 
      |                                             ^
src/opt/eslim/eSLIM.cpp:519:14: note: in instantiation of function template specialization 'eSLIM::runeSLIM<Gia_Man_t_, eSLIM::EmptyInprocessor, eSLIM::AreaDelayMinimizer, eSLIM::WindowMan<eSLIM::AreaDelayMinimizer, eSLIM::RandomizedBFSSelection<eSLIM::SubcircuitNoFBValidator, eSLIM::CriticalPathSelector, eSLIM::ForwardSearch, eSLIM::CriticalPathBiasSelector>>>' requested here
  519 |       return runeSLIM<Circuitrepresentation, Inprocessor, Minimizer, WindowMan<Minimizer, RandomizedBFSSelection<Validator, RootSelector, SearchDirection, BiasSelector>>>(cir, params);
      |              ^
src/opt/eslim/eSLIM.cpp:538:14: note: in instantiation of function template specialization 'eSLIM::toggleWindowing<Gia_Man_t_, eSLIM::EmptyInprocessor, eSLIM::AreaDelayMinimizer, eSLIM::SubcircuitNoFBValidator, eSLIM::ForwardSearch, eSLIM::CriticalPathBiasSelector, eSLIM::CriticalPathSelector>' requested here
  538 |       return toggleWindowing<Circuitrepresentation, Inprocessor, Minimizer, Validator, SearchDirection, CriticalPathBiasSelector, CriticalPathSelector>(cir, params);
      |              ^
src/opt/eslim/eSLIM.cpp:549:14: note: in instantiation of function template specialization 'eSLIM::setBiasApproach<Gia_Man_t_, eSLIM::EmptyInprocessor, eSLIM::AreaDelayMinimizer, eSLIM::SubcircuitNoFBValidator, eSLIM::ForwardSearch>' requested here
  549 |       return setBiasApproach<Circuitrepresentation, Inprocessor, Minimizer, Validator, ForwardSearch>(cir, params);
      |              ^
src/opt/eslim/eSLIM.cpp:580:16: note: in instantiation of function template specialization 'eSLIM::setSearchDirection<Gia_Man_t_, eSLIM::EmptyInprocessor, eSLIM::AreaDelayMinimizer, eSLIM::SubcircuitNoFBValidator>' requested here
  580 |         return setSearchDirection<Circuitrepresentation, EmptyInprocessor, AreaDelayMinimizer, SubcircuitNoFBValidator>(cir, params);
      |                ^
src/opt/eslim/eSLIM.cpp:601:17: note: in instantiation of function template specialization 'eSLIM::setMinimizer<Gia_Man_t_>' requested here
  601 |   return eSLIM::setMinimizer(cir, params);
      |                 ^
src/opt/eslim/eSLIM.cpp:610:10: note: in instantiation of function template specialization 'runeSLIM<Gia_Man_t_>' requested here
  610 |   return runeSLIM(pGia, params);
      |          ^
src/opt/eslim/eSLIM.cpp:357:13: warning: format specifies type 'unsigned long' but the argument has type 'ABC_UINT64_T' (aka 'unsigned long long') [-Wformat]
  356 |       printf("Synthesis: #SAT-calls: %lu, Total SAT-time: %.2f sec, Max SAT-time: %.4f sec, Avg. SAT-time: %.4f sec\n",  
      |                                      ~~~
      |                                      %llu
  357 |             log.nof_sat_calls_synthesis, log.cummulative_sat_runtime_synthesis / 1000, log.max_sat_runtime_synthesis / 1000,
      |             ^~~~~~~~~~~~~~~~~~~~~~~~~~~
src/opt/eslim/eSLIM.cpp:354:13: warning: format specifies type 'unsigned long' but the argument has type 'ABC_UINT64_T' (aka 'unsigned long long') [-Wformat]
  353 |       printf("Relation generation: #SAT-calls: %lu, Total SAT-time: %.2f sec, Max SAT-time: %.4f sec, Avg. SAT-time: %.4f sec\n",  
      |                                                ~~~
      |                                                %llu
  354 |             log.nof_sat_calls_relation_generation, log.cummulative_sat_runtime_relation_generation, log.max_sat_runtime_relation_generation, 
      |             ^~~~~~~~~~~~~~~~~~~~~~~~~~~~~~~~~~~~~
src/opt/eslim/eSLIM.cpp:296:5: note: in instantiation of member function 'eSLIM::eSLIMRun<eSLIM::eSLIM_Man<eSLIM::AreaDelayMinimizer, eSLIM::RandomizedBFSSelection<eSLIM::SubcircuitNoFBValidator, eSLIM::CriticalPathSelector, eSLIM::ForwardSearch, eSLIM::CriticalPathBiasSelector>>, eSLIM::EmptyInprocessor>::printLog' requested here
  296 |     printLog();
      |     ^
src/opt/eslim/eSLIM.cpp:215:15: note: in instantiation of member function 'eSLIM::eSLIMRun<eSLIM::eSLIM_Man<eSLIM::AreaDelayMinimizer, eSLIM::RandomizedBFSSelection<eSLIM::SubcircuitNoFBValidator, eSLIM::CriticalPathSelector, eSLIM::ForwardSearch, eSLIM::CriticalPathBiasSelector>>, eSLIM::EmptyInprocessor>::run' requested here
  215 |     eslim_run.run();
      |               ^
src/opt/eslim/eSLIM.cpp:513:45: note: in instantiation of member function 'eSLIM::eSLIMRun<eSLIM::eSLIM_Man<eSLIM::AreaDelayMinimizer, eSLIM::RandomizedBFSSelection<eSLIM::SubcircuitNoFBValidator, eSLIM::CriticalPathSelector, eSLIM::ForwardSearch, eSLIM::CriticalPathBiasSelector>>, eSLIM::EmptyInprocessor>::runeSLIM' requested here
  513 |     return eSLIMRun<Approach, Inprocessor>::runeSLIM(cir, params); 
      |                                             ^
src/opt/eslim/eSLIM.cpp:521:14: note: in instantiation of function template specialization 'eSLIM::runeSLIM<Gia_Man_t_, eSLIM::EmptyInprocessor, eSLIM::AreaDelayMinimizer, eSLIM::eSLIM_Man<eSLIM::AreaDelayMinimizer, eSLIM::RandomizedBFSSelection<eSLIM::SubcircuitNoFBValidator, eSLIM::CriticalPathSelector, eSLIM::ForwardSearch, eSLIM::CriticalPathBiasSelector>>>' requested here
  521 |       return runeSLIM<Circuitrepresentation, Inprocessor, Minimizer, eSLIM_Man<Minimizer, RandomizedBFSSelection<Validator, RootSelector, SearchDirection, BiasSelector>>>(cir, params);
      |              ^
src/opt/eslim/eSLIM.cpp:538:14: note: in instantiation of function template specialization 'eSLIM::toggleWindowing<Gia_Man_t_, eSLIM::EmptyInprocessor, eSLIM::AreaDelayMinimizer, eSLIM::SubcircuitNoFBValidator, eSLIM::ForwardSearch, eSLIM::CriticalPathBiasSelector, eSLIM::CriticalPathSelector>' requested here
  538 |       return toggleWindowing<Circuitrepresentation, Inprocessor, Minimizer, Validator, SearchDirection, CriticalPathBiasSelector, CriticalPathSelector>(cir, params);
      |              ^
src/opt/eslim/eSLIM.cpp:549:14: note: in instantiation of function template specialization 'eSLIM::setBiasApproach<Gia_Man_t_, eSLIM::EmptyInprocessor, eSLIM::AreaDelayMinimizer, eSLIM::SubcircuitNoFBValidator, eSLIM::ForwardSearch>' requested here
  549 |       return setBiasApproach<Circuitrepresentation, Inprocessor, Minimizer, Validator, ForwardSearch>(cir, params);
      |              ^
src/opt/eslim/eSLIM.cpp:580:16: note: in instantiation of function template specialization 'eSLIM::setSearchDirection<Gia_Man_t_, eSLIM::EmptyInprocessor, eSLIM::AreaDelayMinimizer, eSLIM::SubcircuitNoFBValidator>' requested here
  580 |         return setSearchDirection<Circuitrepresentation, EmptyInprocessor, AreaDelayMinimizer, SubcircuitNoFBValidator>(cir, params);
      |                ^
src/opt/eslim/eSLIM.cpp:601:17: note: in instantiation of function template specialization 'eSLIM::setMinimizer<Gia_Man_t_>' requested here
  601 |   return eSLIM::setMinimizer(cir, params);
      |                 ^
src/opt/eslim/eSLIM.cpp:610:10: note: in instantiation of function template specialization 'runeSLIM<Gia_Man_t_>' requested here
  610 |   return runeSLIM(pGia, params);
      |          ^
src/opt/eslim/eSLIM.cpp:357:13: warning: format specifies type 'unsigned long' but the argument has type 'ABC_UINT64_T' (aka 'unsigned long long') [-Wformat]
  356 |       printf("Synthesis: #SAT-calls: %lu, Total SAT-time: %.2f sec, Max SAT-time: %.4f sec, Avg. SAT-time: %.4f sec\n",  
      |                                      ~~~
      |                                      %llu
  357 |             log.nof_sat_calls_synthesis, log.cummulative_sat_runtime_synthesis / 1000, log.max_sat_runtime_synthesis / 1000,
      |             ^~~~~~~~~~~~~~~~~~~~~~~~~~~
src/opt/eslim/eSLIM.cpp:354:13: warning: format specifies type 'unsigned long' but the argument has type 'ABC_UINT64_T' (aka 'unsigned long long') [-Wformat]
  353 |       printf("Relation generation: #SAT-calls: %lu, Total SAT-time: %.2f sec, Max SAT-time: %.4f sec, Avg. SAT-time: %.4f sec\n",  
      |                                                ~~~
      |                                                %llu
  354 |             log.nof_sat_calls_relation_generation, log.cummulative_sat_runtime_relation_generation, log.max_sat_runtime_relation_generation, 
      |             ^~~~~~~~~~~~~~~~~~~~~~~~~~~~~~~~~~~~~
src/opt/eslim/eSLIM.cpp:296:5: note: in instantiation of member function 'eSLIM::eSLIMRun<eSLIM::WindowMan<eSLIM::AreaDelayMinimizer, eSLIM::RandomizedBFSSelection<eSLIM::SubcircuitNoFBValidator, eSLIM::TabooRootSelector, eSLIM::ForwardSearch>>, eSLIM::EmptyInprocessor>::printLog' requested here
  296 |     printLog();
      |     ^
src/opt/eslim/eSLIM.cpp:215:15: note: in instantiation of member function 'eSLIM::eSLIMRun<eSLIM::WindowMan<eSLIM::AreaDelayMinimizer, eSLIM::RandomizedBFSSelection<eSLIM::SubcircuitNoFBValidator, eSLIM::TabooRootSelector, eSLIM::ForwardSearch>>, eSLIM::EmptyInprocessor>::run' requested here
  215 |     eslim_run.run();
      |               ^
src/opt/eslim/eSLIM.cpp:513:45: note: in instantiation of member function 'eSLIM::eSLIMRun<eSLIM::WindowMan<eSLIM::AreaDelayMinimizer, eSLIM::RandomizedBFSSelection<eSLIM::SubcircuitNoFBValidator, eSLIM::TabooRootSelector, eSLIM::ForwardSearch>>, eSLIM::EmptyInprocessor>::runeSLIM' requested here
  513 |     return eSLIMRun<Approach, Inprocessor>::runeSLIM(cir, params); 
      |                                             ^
src/opt/eslim/eSLIM.cpp:519:14: note: in instantiation of function template specialization 'eSLIM::runeSLIM<Gia_Man_t_, eSLIM::EmptyInprocessor, eSLIM::AreaDelayMinimizer, eSLIM::WindowMan<eSLIM::AreaDelayMinimizer, eSLIM::RandomizedBFSSelection<eSLIM::SubcircuitNoFBValidator, eSLIM::TabooRootSelector, eSLIM::ForwardSearch>>>' requested here
  519 |       return runeSLIM<Circuitrepresentation, Inprocessor, Minimizer, WindowMan<Minimizer, RandomizedBFSSelection<Validator, RootSelector, SearchDirection, BiasSelector>>>(cir, params);
      |              ^
src/opt/eslim/eSLIM.cpp:529:14: note: in instantiation of function template specialization 'eSLIM::toggleWindowing<Gia_Man_t_, eSLIM::EmptyInprocessor, eSLIM::AreaDelayMinimizer, eSLIM::SubcircuitNoFBValidator, eSLIM::ForwardSearch, eSLIM::NoBiasSelector, eSLIM::TabooRootSelector>' requested here
  529 |       return toggleWindowing<Circuitrepresentation, Inprocessor, Minimizer, Validator, SearchDirection, BiasSelector, TabooRootSelector>(cir, params);
      |              ^
src/opt/eslim/eSLIM.cpp:540:14: note: in instantiation of function template specialization 'eSLIM::setTabooApproach<Gia_Man_t_, eSLIM::EmptyInprocessor, eSLIM::AreaDelayMinimizer, eSLIM::SubcircuitNoFBValidator, eSLIM::ForwardSearch, eSLIM::NoBiasSelector>' requested here
  540 |       return setTabooApproach<Circuitrepresentation, Inprocessor, Minimizer, Validator, SearchDirection, NoBiasSelector>(cir, params);
      |              ^
src/opt/eslim/eSLIM.cpp:549:14: note: in instantiation of function template specialization 'eSLIM::setBiasApproach<Gia_Man_t_, eSLIM::EmptyInprocessor, eSLIM::AreaDelayMinimizer, eSLIM::SubcircuitNoFBValidator, eSLIM::ForwardSearch>' requested here
  549 |       return setBiasApproach<Circuitrepresentation, Inprocessor, Minimizer, Validator, ForwardSearch>(cir, params);
      |              ^
src/opt/eslim/eSLIM.cpp:580:16: note: in instantiation of function template specialization 'eSLIM::setSearchDirection<Gia_Man_t_, eSLIM::EmptyInprocessor, eSLIM::AreaDelayMinimizer, eSLIM::SubcircuitNoFBValidator>' requested here
  580 |         return setSearchDirection<Circuitrepresentation, EmptyInprocessor, AreaDelayMinimizer, SubcircuitNoFBValidator>(cir, params);
      |                ^
src/opt/eslim/eSLIM.cpp:601:17: note: in instantiation of function template specialization 'eSLIM::setMinimizer<Gia_Man_t_>' requested here
  601 |   return eSLIM::setMinimizer(cir, params);
      |                 ^
src/opt/eslim/eSLIM.cpp:610:10: note: in instantiation of function template specialization 'runeSLIM<Gia_Man_t_>' requested here
  610 |   return runeSLIM(pGia, params);
      |          ^
src/opt/eslim/eSLIM.cpp:357:13: warning: format specifies type 'unsigned long' but the argument has type 'ABC_UINT64_T' (aka 'unsigned long long') [-Wformat]
  356 |       printf("Synthesis: #SAT-calls: %lu, Total SAT-time: %.2f sec, Max SAT-time: %.4f sec, Avg. SAT-time: %.4f sec\n",  
      |                                      ~~~
      |                                      %llu
  357 |             log.nof_sat_calls_synthesis, log.cummulative_sat_runtime_synthesis / 1000, log.max_sat_runtime_synthesis / 1000,
      |             ^~~~~~~~~~~~~~~~~~~~~~~~~~~
src/opt/eslim/eSLIM.cpp:354:13: warning: format specifies type 'unsigned long' but the argument has type 'ABC_UINT64_T' (aka 'unsigned long long') [-Wformat]
  353 |       printf("Relation generation: #SAT-calls: %lu, Total SAT-time: %.2f sec, Max SAT-time: %.4f sec, Avg. SAT-time: %.4f sec\n",  
      |                                                ~~~
      |                                                %llu
  354 |             log.nof_sat_calls_relation_generation, log.cummulative_sat_runtime_relation_generation, log.max_sat_runtime_relation_generation, 
      |             ^~~~~~~~~~~~~~~~~~~~~~~~~~~~~~~~~~~~~
src/opt/eslim/eSLIM.cpp:296:5: note: in instantiation of member function 'eSLIM::eSLIMRun<eSLIM::eSLIM_Man<eSLIM::AreaDelayMinimizer, eSLIM::RandomizedBFSSelection<eSLIM::SubcircuitNoFBValidator, eSLIM::TabooRootSelector, eSLIM::ForwardSearch>>, eSLIM::EmptyInprocessor>::printLog' requested here
  296 |     printLog();
      |     ^
src/opt/eslim/eSLIM.cpp:215:15: note: in instantiation of member function 'eSLIM::eSLIMRun<eSLIM::eSLIM_Man<eSLIM::AreaDelayMinimizer, eSLIM::RandomizedBFSSelection<eSLIM::SubcircuitNoFBValidator, eSLIM::TabooRootSelector, eSLIM::ForwardSearch>>, eSLIM::EmptyInprocessor>::run' requested here
  215 |     eslim_run.run();
      |               ^
src/opt/eslim/eSLIM.cpp:513:45: note: in instantiation of member function 'eSLIM::eSLIMRun<eSLIM::eSLIM_Man<eSLIM::AreaDelayMinimizer, eSLIM::RandomizedBFSSelection<eSLIM::SubcircuitNoFBValidator, eSLIM::TabooRootSelector, eSLIM::ForwardSearch>>, eSLIM::EmptyInprocessor>::runeSLIM' requested here
  513 |     return eSLIMRun<Approach, Inprocessor>::runeSLIM(cir, params); 
      |                                             ^
src/opt/eslim/eSLIM.cpp:521:14: note: in instantiation of function template specialization 'eSLIM::runeSLIM<Gia_Man_t_, eSLIM::EmptyInprocessor, eSLIM::AreaDelayMinimizer, eSLIM::eSLIM_Man<eSLIM::AreaDelayMinimizer, eSLIM::RandomizedBFSSelection<eSLIM::SubcircuitNoFBValidator, eSLIM::TabooRootSelector, eSLIM::ForwardSearch>>>' requested here
  521 |       return runeSLIM<Circuitrepresentation, Inprocessor, Minimizer, eSLIM_Man<Minimizer, RandomizedBFSSelection<Validator, RootSelector, SearchDirection, BiasSelector>>>(cir, params);
      |              ^
src/opt/eslim/eSLIM.cpp:529:14: note: in instantiation of function template specialization 'eSLIM::toggleWindowing<Gia_Man_t_, eSLIM::EmptyInprocessor, eSLIM::AreaDelayMinimizer, eSLIM::SubcircuitNoFBValidator, eSLIM::ForwardSearch, eSLIM::NoBiasSelector, eSLIM::TabooRootSelector>' requested here
  529 |       return toggleWindowing<Circuitrepresentation, Inprocessor, Minimizer, Validator, SearchDirection, BiasSelector, TabooRootSelector>(cir, params);
      |              ^
src/opt/eslim/eSLIM.cpp:540:14: note: in instantiation of function template specialization 'eSLIM::setTabooApproach<Gia_Man_t_, eSLIM::EmptyInprocessor, eSLIM::AreaDelayMinimizer, eSLIM::SubcircuitNoFBValidator, eSLIM::ForwardSearch, eSLIM::NoBiasSelector>' requested here
  540 |       return setTabooApproach<Circuitrepresentation, Inprocessor, Minimizer, Validator, SearchDirection, NoBiasSelector>(cir, params);
      |              ^
src/opt/eslim/eSLIM.cpp:549:14: note: in instantiation of function template specialization 'eSLIM::setBiasApproach<Gia_Man_t_, eSLIM::EmptyInprocessor, eSLIM::AreaDelayMinimizer, eSLIM::SubcircuitNoFBValidator, eSLIM::ForwardSearch>' requested here
  549 |       return setBiasApproach<Circuitrepresentation, Inprocessor, Minimizer, Validator, ForwardSearch>(cir, params);
      |              ^
src/opt/eslim/eSLIM.cpp:580:16: note: in instantiation of function template specialization 'eSLIM::setSearchDirection<Gia_Man_t_, eSLIM::EmptyInprocessor, eSLIM::AreaDelayMinimizer, eSLIM::SubcircuitNoFBValidator>' requested here
  580 |         return setSearchDirection<Circuitrepresentation, EmptyInprocessor, AreaDelayMinimizer, SubcircuitNoFBValidator>(cir, params);
      |                ^
src/opt/eslim/eSLIM.cpp:601:17: note: in instantiation of function template specialization 'eSLIM::setMinimizer<Gia_Man_t_>' requested here
  601 |   return eSLIM::setMinimizer(cir, params);
      |                 ^
src/opt/eslim/eSLIM.cpp:610:10: note: in instantiation of function template specialization 'runeSLIM<Gia_Man_t_>' requested here
  610 |   return runeSLIM(pGia, params);
      |          ^
src/opt/eslim/eSLIM.cpp:357:13: warning: format specifies type 'unsigned long' but the argument has type 'ABC_UINT64_T' (aka 'unsigned long long') [-Wformat]
  356 |       printf("Synthesis: #SAT-calls: %lu, Total SAT-time: %.2f sec, Max SAT-time: %.4f sec, Avg. SAT-time: %.4f sec\n",  
      |                                      ~~~
      |                                      %llu
  357 |             log.nof_sat_calls_synthesis, log.cummulative_sat_runtime_synthesis / 1000, log.max_sat_runtime_synthesis / 1000,
      |             ^~~~~~~~~~~~~~~~~~~~~~~~~~~
src/opt/eslim/eSLIM.cpp:354:13: warning: format specifies type 'unsigned long' but the argument has type 'ABC_UINT64_T' (aka 'unsigned long long') [-Wformat]
  353 |       printf("Relation generation: #SAT-calls: %lu, Total SAT-time: %.2f sec, Max SAT-time: %.4f sec, Avg. SAT-time: %.4f sec\n",  
      |                                                ~~~
      |                                                %llu
  354 |             log.nof_sat_calls_relation_generation, log.cummulative_sat_runtime_relation_generation, log.max_sat_runtime_relation_generation, 
      |             ^~~~~~~~~~~~~~~~~~~~~~~~~~~~~~~~~~~~~
src/opt/eslim/eSLIM.cpp:296:5: note: in instantiation of member function 'eSLIM::eSLIMRun<eSLIM::WindowMan<eSLIM::AreaDelayMinimizer, eSLIM::RandomizedBFSSelection<eSLIM::SubcircuitNoFBValidator, eSLIM::BaseRootSelector, eSLIM::ForwardSearch>>, eSLIM::EmptyInprocessor>::printLog' requested here
  296 |     printLog();
      |     ^
src/opt/eslim/eSLIM.cpp:215:15: note: in instantiation of member function 'eSLIM::eSLIMRun<eSLIM::WindowMan<eSLIM::AreaDelayMinimizer, eSLIM::RandomizedBFSSelection<eSLIM::SubcircuitNoFBValidator, eSLIM::BaseRootSelector, eSLIM::ForwardSearch>>, eSLIM::EmptyInprocessor>::run' requested here
  215 |     eslim_run.run();
      |               ^
src/opt/eslim/eSLIM.cpp:513:45: note: in instantiation of member function 'eSLIM::eSLIMRun<eSLIM::WindowMan<eSLIM::AreaDelayMinimizer, eSLIM::RandomizedBFSSelection<eSLIM::SubcircuitNoFBValidator, eSLIM::BaseRootSelector, eSLIM::ForwardSearch>>, eSLIM::EmptyInprocessor>::runeSLIM' requested here
  513 |     return eSLIMRun<Approach, Inprocessor>::runeSLIM(cir, params); 
      |                                             ^
src/opt/eslim/eSLIM.cpp:519:14: note: in instantiation of function template specialization 'eSLIM::runeSLIM<Gia_Man_t_, eSLIM::EmptyInprocessor, eSLIM::AreaDelayMinimizer, eSLIM::WindowMan<eSLIM::AreaDelayMinimizer, eSLIM::RandomizedBFSSelection<eSLIM::SubcircuitNoFBValidator, eSLIM::BaseRootSelector, eSLIM::ForwardSearch>>>' requested here
  519 |       return runeSLIM<Circuitrepresentation, Inprocessor, Minimizer, WindowMan<Minimizer, RandomizedBFSSelection<Validator, RootSelector, SearchDirection, BiasSelector>>>(cir, params);
      |              ^
src/opt/eslim/eSLIM.cpp:531:14: note: in instantiation of function template specialization 'eSLIM::toggleWindowing<Gia_Man_t_, eSLIM::EmptyInprocessor, eSLIM::AreaDelayMinimizer, eSLIM::SubcircuitNoFBValidator, eSLIM::ForwardSearch, eSLIM::NoBiasSelector, eSLIM::BaseRootSelector>' requested here
  531 |       return toggleWindowing<Circuitrepresentation, Inprocessor, Minimizer, Validator, SearchDirection, BiasSelector, BaseRootSelector>(cir, params);
      |              ^
src/opt/eslim/eSLIM.cpp:540:14: note: in instantiation of function template specialization 'eSLIM::setTabooApproach<Gia_Man_t_, eSLIM::EmptyInprocessor, eSLIM::AreaDelayMinimizer, eSLIM::SubcircuitNoFBValidator, eSLIM::ForwardSearch, eSLIM::NoBiasSelector>' requested here
  540 |       return setTabooApproach<Circuitrepresentation, Inprocessor, Minimizer, Validator, SearchDirection, NoBiasSelector>(cir, params);
      |              ^
src/opt/eslim/eSLIM.cpp:549:14: note: in instantiation of function template specialization 'eSLIM::setBiasApproach<Gia_Man_t_, eSLIM::EmptyInprocessor, eSLIM::AreaDelayMinimizer, eSLIM::SubcircuitNoFBValidator, eSLIM::ForwardSearch>' requested here
  549 |       return setBiasApproach<Circuitrepresentation, Inprocessor, Minimizer, Validator, ForwardSearch>(cir, params);
      |              ^
src/opt/eslim/eSLIM.cpp:580:16: note: in instantiation of function template specialization 'eSLIM::setSearchDirection<Gia_Man_t_, eSLIM::EmptyInprocessor, eSLIM::AreaDelayMinimizer, eSLIM::SubcircuitNoFBValidator>' requested here
  580 |         return setSearchDirection<Circuitrepresentation, EmptyInprocessor, AreaDelayMinimizer, SubcircuitNoFBValidator>(cir, params);
      |                ^
src/opt/eslim/eSLIM.cpp:601:17: note: in instantiation of function template specialization 'eSLIM::setMinimizer<Gia_Man_t_>' requested here
  601 |   return eSLIM::setMinimizer(cir, params);
      |                 ^
src/opt/eslim/eSLIM.cpp:610:10: note: in instantiation of function template specialization 'runeSLIM<Gia_Man_t_>' requested here
  610 |   return runeSLIM(pGia, params);
      |          ^
src/opt/eslim/eSLIM.cpp:357:13: warning: format specifies type 'unsigned long' but the argument has type 'ABC_UINT64_T' (aka 'unsigned long long') [-Wformat]
  356 |       printf("Synthesis: #SAT-calls: %lu, Total SAT-time: %.2f sec, Max SAT-time: %.4f sec, Avg. SAT-time: %.4f sec\n",  
      |                                      ~~~
      |                                      %llu
  357 |             log.nof_sat_calls_synthesis, log.cummulative_sat_runtime_synthesis / 1000, log.max_sat_runtime_synthesis / 1000,
      |             ^~~~~~~~~~~~~~~~~~~~~~~~~~~
src/opt/eslim/eSLIM.cpp:354:13: warning: format specifies type 'unsigned long' but the argument has type 'ABC_UINT64_T' (aka 'unsigned long long') [-Wformat]
  353 |       printf("Relation generation: #SAT-calls: %lu, Total SAT-time: %.2f sec, Max SAT-time: %.4f sec, Avg. SAT-time: %.4f sec\n",  
      |                                                ~~~
      |                                                %llu
  354 |             log.nof_sat_calls_relation_generation, log.cummulative_sat_runtime_relation_generation, log.max_sat_runtime_relation_generation, 
      |             ^~~~~~~~~~~~~~~~~~~~~~~~~~~~~~~~~~~~~
src/opt/eslim/eSLIM.cpp:296:5: note: in instantiation of member function 'eSLIM::eSLIMRun<eSLIM::eSLIM_Man<eSLIM::AreaDelayMinimizer, eSLIM::RandomizedBFSSelection<eSLIM::SubcircuitNoFBValidator, eSLIM::BaseRootSelector, eSLIM::ForwardSearch>>, eSLIM::EmptyInprocessor>::printLog' requested here
  296 |     printLog();
      |     ^
src/opt/eslim/eSLIM.cpp:215:15: note: in instantiation of member function 'eSLIM::eSLIMRun<eSLIM::eSLIM_Man<eSLIM::AreaDelayMinimizer, eSLIM::RandomizedBFSSelection<eSLIM::SubcircuitNoFBValidator, eSLIM::BaseRootSelector, eSLIM::ForwardSearch>>, eSLIM::EmptyInprocessor>::run' requested here
  215 |     eslim_run.run();
      |               ^
src/opt/eslim/eSLIM.cpp:513:45: note: in instantiation of member function 'eSLIM::eSLIMRun<eSLIM::eSLIM_Man<eSLIM::AreaDelayMinimizer, eSLIM::RandomizedBFSSelection<eSLIM::SubcircuitNoFBValidator, eSLIM::BaseRootSelector, eSLIM::ForwardSearch>>, eSLIM::EmptyInprocessor>::runeSLIM' requested here
  513 |     return eSLIMRun<Approach, Inprocessor>::runeSLIM(cir, params); 
      |                                             ^
src/opt/eslim/eSLIM.cpp:521:14: note: in instantiation of function template specialization 'eSLIM::runeSLIM<Gia_Man_t_, eSLIM::EmptyInprocessor, eSLIM::AreaDelayMinimizer, eSLIM::eSLIM_Man<eSLIM::AreaDelayMinimizer, eSLIM::RandomizedBFSSelection<eSLIM::SubcircuitNoFBValidator, eSLIM::BaseRootSelector, eSLIM::ForwardSearch>>>' requested here
  521 |       return runeSLIM<Circuitrepresentation, Inprocessor, Minimizer, eSLIM_Man<Minimizer, RandomizedBFSSelection<Validator, RootSelector, SearchDirection, BiasSelector>>>(cir, params);
      |              ^
src/opt/eslim/eSLIM.cpp:531:14: note: in instantiation of function template specialization 'eSLIM::toggleWindowing<Gia_Man_t_, eSLIM::EmptyInprocessor, eSLIM::AreaDelayMinimizer, eSLIM::SubcircuitNoFBValidator, eSLIM::ForwardSearch, eSLIM::NoBiasSelector, eSLIM::BaseRootSelector>' requested here
  531 |       return toggleWindowing<Circuitrepresentation, Inprocessor, Minimizer, Validator, SearchDirection, BiasSelector, BaseRootSelector>(cir, params);
      |              ^
src/opt/eslim/eSLIM.cpp:540:14: note: in instantiation of function template specialization 'eSLIM::setTabooApproach<Gia_Man_t_, eSLIM::EmptyInprocessor, eSLIM::AreaDelayMinimizer, eSLIM::SubcircuitNoFBValidator, eSLIM::ForwardSearch, eSLIM::NoBiasSelector>' requested here
  540 |       return setTabooApproach<Circuitrepresentation, Inprocessor, Minimizer, Validator, SearchDirection, NoBiasSelector>(cir, params);
      |              ^
src/opt/eslim/eSLIM.cpp:549:14: note: in instantiation of function template specialization 'eSLIM::setBiasApproach<Gia_Man_t_, eSLIM::EmptyInprocessor, eSLIM::AreaDelayMinimizer, eSLIM::SubcircuitNoFBValidator, eSLIM::ForwardSearch>' requested here
  549 |       return setBiasApproach<Circuitrepresentation, Inprocessor, Minimizer, Validator, ForwardSearch>(cir, params);
      |              ^
src/opt/eslim/eSLIM.cpp:580:16: note: in instantiation of function template specialization 'eSLIM::setSearchDirection<Gia_Man_t_, eSLIM::EmptyInprocessor, eSLIM::AreaDelayMinimizer, eSLIM::SubcircuitNoFBValidator>' requested here
  580 |         return setSearchDirection<Circuitrepresentation, EmptyInprocessor, AreaDelayMinimizer, SubcircuitNoFBValidator>(cir, params);
      |                ^
src/opt/eslim/eSLIM.cpp:601:17: note: in instantiation of function template specialization 'eSLIM::setMinimizer<Gia_Man_t_>' requested here
  601 |   return eSLIM::setMinimizer(cir, params);
      |                 ^
src/opt/eslim/eSLIM.cpp:610:10: note: in instantiation of function template specialization 'runeSLIM<Gia_Man_t_>' requested here
  610 |   return runeSLIM(pGia, params);
      |          ^
src/opt/eslim/eSLIM.cpp:357:13: warning: format specifies type 'unsigned long' but the argument has type 'ABC_UINT64_T' (aka 'unsigned long long') [-Wformat]
  356 |       printf("Synthesis: #SAT-calls: %lu, Total SAT-time: %.2f sec, Max SAT-time: %.4f sec, Avg. SAT-time: %.4f sec\n",  
      |                                      ~~~
      |                                      %llu
  357 |             log.nof_sat_calls_synthesis, log.cummulative_sat_runtime_synthesis / 1000, log.max_sat_runtime_synthesis / 1000,
      |             ^~~~~~~~~~~~~~~~~~~~~~~~~~~
src/opt/eslim/eSLIM.cpp:354:13: warning: format specifies type 'unsigned long' but the argument has type 'ABC_UINT64_T' (aka 'unsigned long long') [-Wformat]
  353 |       printf("Relation generation: #SAT-calls: %lu, Total SAT-time: %.2f sec, Max SAT-time: %.4f sec, Avg. SAT-time: %.4f sec\n",  
      |                                                ~~~
      |                                                %llu
  354 |             log.nof_sat_calls_relation_generation, log.cummulative_sat_runtime_relation_generation, log.max_sat_runtime_relation_generation, 
      |             ^~~~~~~~~~~~~~~~~~~~~~~~~~~~~~~~~~~~~
src/opt/eslim/eSLIM.cpp:296:5: note: in instantiation of member function 'eSLIM::eSLIMRun<eSLIM::WindowMan<eSLIM::AreaDelayMinimizer, eSLIM::RandomizedBFSSelection<eSLIM::SubcircuitNoFBValidator, eSLIM::CriticalPathSelector, eSLIM::BackwardSearch, eSLIM::CriticalPathBiasSelector>>, eSLIM::EmptyInprocessor>::printLog' requested here
  296 |     printLog();
      |     ^
src/opt/eslim/eSLIM.cpp:215:15: note: in instantiation of member function 'eSLIM::eSLIMRun<eSLIM::WindowMan<eSLIM::AreaDelayMinimizer, eSLIM::RandomizedBFSSelection<eSLIM::SubcircuitNoFBValidator, eSLIM::CriticalPathSelector, eSLIM::BackwardSearch, eSLIM::CriticalPathBiasSelector>>, eSLIM::EmptyInprocessor>::run' requested here
  215 |     eslim_run.run();
      |               ^
src/opt/eslim/eSLIM.cpp:513:45: note: in instantiation of member function 'eSLIM::eSLIMRun<eSLIM::WindowMan<eSLIM::AreaDelayMinimizer, eSLIM::RandomizedBFSSelection<eSLIM::SubcircuitNoFBValidator, eSLIM::CriticalPathSelector, eSLIM::BackwardSearch, eSLIM::CriticalPathBiasSelector>>, eSLIM::EmptyInprocessor>::runeSLIM' requested here
  513 |     return eSLIMRun<Approach, Inprocessor>::runeSLIM(cir, params); 
      |                                             ^
src/opt/eslim/eSLIM.cpp:519:14: note: in instantiation of function template specialization 'eSLIM::runeSLIM<Gia_Man_t_, eSLIM::EmptyInprocessor, eSLIM::AreaDelayMinimizer, eSLIM::WindowMan<eSLIM::AreaDelayMinimizer, eSLIM::RandomizedBFSSelection<eSLIM::SubcircuitNoFBValidator, eSLIM::CriticalPathSelector, eSLIM::BackwardSearch, eSLIM::CriticalPathBiasSelector>>>' requested here
  519 |       return runeSLIM<Circuitrepresentation, Inprocessor, Minimizer, WindowMan<Minimizer, RandomizedBFSSelection<Validator, RootSelector, SearchDirection, BiasSelector>>>(cir, params);
      |              ^
src/opt/eslim/eSLIM.cpp:538:14: note: in instantiation of function template specialization 'eSLIM::toggleWindowing<Gia_Man_t_, eSLIM::EmptyInprocessor, eSLIM::AreaDelayMinimizer, eSLIM::SubcircuitNoFBValidator, eSLIM::BackwardSearch, eSLIM::CriticalPathBiasSelector, eSLIM::CriticalPathSelector>' requested here
  538 |       return toggleWindowing<Circuitrepresentation, Inprocessor, Minimizer, Validator, SearchDirection, CriticalPathBiasSelector, CriticalPathSelector>(cir, params);
      |              ^
src/opt/eslim/eSLIM.cpp:551:14: note: in instantiation of function template specialization 'eSLIM::setBiasApproach<Gia_Man_t_, eSLIM::EmptyInprocessor, eSLIM::AreaDelayMinimizer, eSLIM::SubcircuitNoFBValidator, eSLIM::BackwardSearch>' requested here
  551 |       return setBiasApproach<Circuitrepresentation, Inprocessor, Minimizer, Validator, BackwardSearch>(cir, params);
      |              ^
src/opt/eslim/eSLIM.cpp:580:16: note: in instantiation of function template specialization 'eSLIM::setSearchDirection<Gia_Man_t_, eSLIM::EmptyInprocessor, eSLIM::AreaDelayMinimizer, eSLIM::SubcircuitNoFBValidator>' requested here
  580 |         return setSearchDirection<Circuitrepresentation, EmptyInprocessor, AreaDelayMinimizer, SubcircuitNoFBValidator>(cir, params);
      |                ^
src/opt/eslim/eSLIM.cpp:601:17: note: in instantiation of function template specialization 'eSLIM::setMinimizer<Gia_Man_t_>' requested here
  601 |   return eSLIM::setMinimizer(cir, params);
      |                 ^
src/opt/eslim/eSLIM.cpp:610:10: note: in instantiation of function template specialization 'runeSLIM<Gia_Man_t_>' requested here
  610 |   return runeSLIM(pGia, params);
      |          ^
src/opt/eslim/eSLIM.cpp:357:13: warning: format specifies type 'unsigned long' but the argument has type 'ABC_UINT64_T' (aka 'unsigned long long') [-Wformat]
  356 |       printf("Synthesis: #SAT-calls: %lu, Total SAT-time: %.2f sec, Max SAT-time: %.4f sec, Avg. SAT-time: %.4f sec\n",  
      |                                      ~~~
      |                                      %llu
  357 |             log.nof_sat_calls_synthesis, log.cummulative_sat_runtime_synthesis / 1000, log.max_sat_runtime_synthesis / 1000,
      |             ^~~~~~~~~~~~~~~~~~~~~~~~~~~
src/opt/eslim/eSLIM.cpp:354:13: warning: format specifies type 'unsigned long' but the argument has type 'ABC_UINT64_T' (aka 'unsigned long long') [-Wformat]
  353 |       printf("Relation generation: #SAT-calls: %lu, Total SAT-time: %.2f sec, Max SAT-time: %.4f sec, Avg. SAT-time: %.4f sec\n",  
      |                                                ~~~
      |                                                %llu
  354 |             log.nof_sat_calls_relation_generation, log.cummulative_sat_runtime_relation_generation, log.max_sat_runtime_relation_generation, 
      |             ^~~~~~~~~~~~~~~~~~~~~~~~~~~~~~~~~~~~~
src/opt/eslim/eSLIM.cpp:296:5: note: in instantiation of member function 'eSLIM::eSLIMRun<eSLIM::eSLIM_Man<eSLIM::AreaDelayMinimizer, eSLIM::RandomizedBFSSelection<eSLIM::SubcircuitNoFBValidator, eSLIM::CriticalPathSelector, eSLIM::BackwardSearch, eSLIM::CriticalPathBiasSelector>>, eSLIM::EmptyInprocessor>::printLog' requested here
  296 |     printLog();
      |     ^
src/opt/eslim/eSLIM.cpp:215:15: note: in instantiation of member function 'eSLIM::eSLIMRun<eSLIM::eSLIM_Man<eSLIM::AreaDelayMinimizer, eSLIM::RandomizedBFSSelection<eSLIM::SubcircuitNoFBValidator, eSLIM::CriticalPathSelector, eSLIM::BackwardSearch, eSLIM::CriticalPathBiasSelector>>, eSLIM::EmptyInprocessor>::run' requested here
  215 |     eslim_run.run();
      |               ^
src/opt/eslim/eSLIM.cpp:513:45: note: in instantiation of member function 'eSLIM::eSLIMRun<eSLIM::eSLIM_Man<eSLIM::AreaDelayMinimizer, eSLIM::RandomizedBFSSelection<eSLIM::SubcircuitNoFBValidator, eSLIM::CriticalPathSelector, eSLIM::BackwardSearch, eSLIM::CriticalPathBiasSelector>>, eSLIM::EmptyInprocessor>::runeSLIM' requested here
  513 |     return eSLIMRun<Approach, Inprocessor>::runeSLIM(cir, params); 
      |                                             ^
src/opt/eslim/eSLIM.cpp:521:14: note: in instantiation of function template specialization 'eSLIM::runeSLIM<Gia_Man_t_, eSLIM::EmptyInprocessor, eSLIM::AreaDelayMinimizer, eSLIM::eSLIM_Man<eSLIM::AreaDelayMinimizer, eSLIM::RandomizedBFSSelection<eSLIM::SubcircuitNoFBValidator, eSLIM::CriticalPathSelector, eSLIM::BackwardSearch, eSLIM::CriticalPathBiasSelector>>>' requested here
  521 |       return runeSLIM<Circuitrepresentation, Inprocessor, Minimizer, eSLIM_Man<Minimizer, RandomizedBFSSelection<Validator, RootSelector, SearchDirection, BiasSelector>>>(cir, params);
      |              ^
src/opt/eslim/eSLIM.cpp:538:14: note: in instantiation of function template specialization 'eSLIM::toggleWindowing<Gia_Man_t_, eSLIM::EmptyInprocessor, eSLIM::AreaDelayMinimizer, eSLIM::SubcircuitNoFBValidator, eSLIM::BackwardSearch, eSLIM::CriticalPathBiasSelector, eSLIM::CriticalPathSelector>' requested here
  538 |       return toggleWindowing<Circuitrepresentation, Inprocessor, Minimizer, Validator, SearchDirection, CriticalPathBiasSelector, CriticalPathSelector>(cir, params);
      |              ^
src/opt/eslim/eSLIM.cpp:551:14: note: in instantiation of function template specialization 'eSLIM::setBiasApproach<Gia_Man_t_, eSLIM::EmptyInprocessor, eSLIM::AreaDelayMinimizer, eSLIM::SubcircuitNoFBValidator, eSLIM::BackwardSearch>' requested here
  551 |       return setBiasApproach<Circuitrepresentation, Inprocessor, Minimizer, Validator, BackwardSearch>(cir, params);
      |              ^
src/opt/eslim/eSLIM.cpp:580:16: note: in instantiation of function template specialization 'eSLIM::setSearchDirection<Gia_Man_t_, eSLIM::EmptyInprocessor, eSLIM::AreaDelayMinimizer, eSLIM::SubcircuitNoFBValidator>' requested here
  580 |         return setSearchDirection<Circuitrepresentation, EmptyInprocessor, AreaDelayMinimizer, SubcircuitNoFBValidator>(cir, params);
      |                ^
src/opt/eslim/eSLIM.cpp:601:17: note: in instantiation of function template specialization 'eSLIM::setMinimizer<Gia_Man_t_>' requested here
  601 |   return eSLIM::setMinimizer(cir, params);
      |                 ^
src/opt/eslim/eSLIM.cpp:610:10: note: in instantiation of function template specialization 'runeSLIM<Gia_Man_t_>' requested here
  610 |   return runeSLIM(pGia, params);
      |          ^
src/opt/eslim/eSLIM.cpp:357:13: warning: format specifies type 'unsigned long' but the argument has type 'ABC_UINT64_T' (aka 'unsigned long long') [-Wformat]
  356 |       printf("Synthesis: #SAT-calls: %lu, Total SAT-time: %.2f sec, Max SAT-time: %.4f sec, Avg. SAT-time: %.4f sec\n",  
      |                                      ~~~
      |                                      %llu
  357 |             log.nof_sat_calls_synthesis, log.cummulative_sat_runtime_synthesis / 1000, log.max_sat_runtime_synthesis / 1000,
      |             ^~~~~~~~~~~~~~~~~~~~~~~~~~~
src/opt/eslim/eSLIM.cpp:354:13: warning: format specifies type 'unsigned long' but the argument has type 'ABC_UINT64_T' (aka 'unsigned long long') [-Wformat]
  353 |       printf("Relation generation: #SAT-calls: %lu, Total SAT-time: %.2f sec, Max SAT-time: %.4f sec, Avg. SAT-time: %.4f sec\n",  
      |                                                ~~~
      |                                                %llu
  354 |             log.nof_sat_calls_relation_generation, log.cummulative_sat_runtime_relation_generation, log.max_sat_runtime_relation_generation, 
      |             ^~~~~~~~~~~~~~~~~~~~~~~~~~~~~~~~~~~~~
src/opt/eslim/eSLIM.cpp:296:5: note: in instantiation of member function 'eSLIM::eSLIMRun<eSLIM::WindowMan<eSLIM::AreaDelayMinimizer, eSLIM::RandomizedBFSSelection<eSLIM::SubcircuitNoFBValidator, eSLIM::TabooRootSelector, eSLIM::BackwardSearch>>, eSLIM::EmptyInprocessor>::printLog' requested here
  296 |     printLog();
      |     ^
src/opt/eslim/eSLIM.cpp:215:15: note: in instantiation of member function 'eSLIM::eSLIMRun<eSLIM::WindowMan<eSLIM::AreaDelayMinimizer, eSLIM::RandomizedBFSSelection<eSLIM::SubcircuitNoFBValidator, eSLIM::TabooRootSelector, eSLIM::BackwardSearch>>, eSLIM::EmptyInprocessor>::run' requested here
  215 |     eslim_run.run();
      |               ^
src/opt/eslim/eSLIM.cpp:513:45: note: in instantiation of member function 'eSLIM::eSLIMRun<eSLIM::WindowMan<eSLIM::AreaDelayMinimizer, eSLIM::RandomizedBFSSelection<eSLIM::SubcircuitNoFBValidator, eSLIM::TabooRootSelector, eSLIM::BackwardSearch>>, eSLIM::EmptyInprocessor>::runeSLIM' requested here
  513 |     return eSLIMRun<Approach, Inprocessor>::runeSLIM(cir, params); 
      |                                             ^
src/opt/eslim/eSLIM.cpp:519:14: note: in instantiation of function template specialization 'eSLIM::runeSLIM<Gia_Man_t_, eSLIM::EmptyInprocessor, eSLIM::AreaDelayMinimizer, eSLIM::WindowMan<eSLIM::AreaDelayMinimizer, eSLIM::RandomizedBFSSelection<eSLIM::SubcircuitNoFBValidator, eSLIM::TabooRootSelector, eSLIM::BackwardSearch>>>' requested here
  519 |       return runeSLIM<Circuitrepresentation, Inprocessor, Minimizer, WindowMan<Minimizer, RandomizedBFSSelection<Validator, RootSelector, SearchDirection, BiasSelector>>>(cir, params);
      |              ^
src/opt/eslim/eSLIM.cpp:529:14: note: in instantiation of function template specialization 'eSLIM::toggleWindowing<Gia_Man_t_, eSLIM::EmptyInprocessor, eSLIM::AreaDelayMinimizer, eSLIM::SubcircuitNoFBValidator, eSLIM::BackwardSearch, eSLIM::NoBiasSelector, eSLIM::TabooRootSelector>' requested here
  529 |       return toggleWindowing<Circuitrepresentation, Inprocessor, Minimizer, Validator, SearchDirection, BiasSelector, TabooRootSelector>(cir, params);
      |              ^
src/opt/eslim/eSLIM.cpp:540:14: note: in instantiation of function template specialization 'eSLIM::setTabooApproach<Gia_Man_t_, eSLIM::EmptyInprocessor, eSLIM::AreaDelayMinimizer, eSLIM::SubcircuitNoFBValidator, eSLIM::BackwardSearch, eSLIM::NoBiasSelector>' requested here
  540 |       return setTabooApproach<Circuitrepresentation, Inprocessor, Minimizer, Validator, SearchDirection, NoBiasSelector>(cir, params);
      |              ^
src/opt/eslim/eSLIM.cpp:551:14: note: in instantiation of function template specialization 'eSLIM::setBiasApproach<Gia_Man_t_, eSLIM::EmptyInprocessor, eSLIM::AreaDelayMinimizer, eSLIM::SubcircuitNoFBValidator, eSLIM::BackwardSearch>' requested here
  551 |       return setBiasApproach<Circuitrepresentation, Inprocessor, Minimizer, Validator, BackwardSearch>(cir, params);
      |              ^
src/opt/eslim/eSLIM.cpp:580:16: note: in instantiation of function template specialization 'eSLIM::setSearchDirection<Gia_Man_t_, eSLIM::EmptyInprocessor, eSLIM::AreaDelayMinimizer, eSLIM::SubcircuitNoFBValidator>' requested here
  580 |         return setSearchDirection<Circuitrepresentation, EmptyInprocessor, AreaDelayMinimizer, SubcircuitNoFBValidator>(cir, params);
      |                ^
src/opt/eslim/eSLIM.cpp:601:17: note: in instantiation of function template specialization 'eSLIM::setMinimizer<Gia_Man_t_>' requested here
  601 |   return eSLIM::setMinimizer(cir, params);
      |                 ^
src/opt/eslim/eSLIM.cpp:610:10: note: in instantiation of function template specialization 'runeSLIM<Gia_Man_t_>' requested here
  610 |   return runeSLIM(pGia, params);
      |          ^
src/opt/eslim/eSLIM.cpp:357:13: warning: format specifies type 'unsigned long' but the argument has type 'ABC_UINT64_T' (aka 'unsigned long long') [-Wformat]
  356 |       printf("Synthesis: #SAT-calls: %lu, Total SAT-time: %.2f sec, Max SAT-time: %.4f sec, Avg. SAT-time: %.4f sec\n",  
      |                                      ~~~
      |                                      %llu
  357 |             log.nof_sat_calls_synthesis, log.cummulative_sat_runtime_synthesis / 1000, log.max_sat_runtime_synthesis / 1000,
      |             ^~~~~~~~~~~~~~~~~~~~~~~~~~~
src/opt/eslim/eSLIM.cpp:354:13: warning: format specifies type 'unsigned long' but the argument has type 'ABC_UINT64_T' (aka 'unsigned long long') [-Wformat]
  353 |       printf("Relation generation: #SAT-calls: %lu, Total SAT-time: %.2f sec, Max SAT-time: %.4f sec, Avg. SAT-time: %.4f sec\n",  
      |                                                ~~~
      |                                                %llu
  354 |             log.nof_sat_calls_relation_generation, log.cummulative_sat_runtime_relation_generation, log.max_sat_runtime_relation_generation, 
      |             ^~~~~~~~~~~~~~~~~~~~~~~~~~~~~~~~~~~~~
src/opt/eslim/eSLIM.cpp:296:5: note: in instantiation of member function 'eSLIM::eSLIMRun<eSLIM::eSLIM_Man<eSLIM::AreaDelayMinimizer, eSLIM::RandomizedBFSSelection<eSLIM::SubcircuitNoFBValidator, eSLIM::TabooRootSelector, eSLIM::BackwardSearch>>, eSLIM::EmptyInprocessor>::printLog' requested here
  296 |     printLog();
      |     ^
src/opt/eslim/eSLIM.cpp:215:15: note: in instantiation of member function 'eSLIM::eSLIMRun<eSLIM::eSLIM_Man<eSLIM::AreaDelayMinimizer, eSLIM::RandomizedBFSSelection<eSLIM::SubcircuitNoFBValidator, eSLIM::TabooRootSelector, eSLIM::BackwardSearch>>, eSLIM::EmptyInprocessor>::run' requested here
  215 |     eslim_run.run();
      |               ^
src/opt/eslim/eSLIM.cpp:513:45: note: in instantiation of member function 'eSLIM::eSLIMRun<eSLIM::eSLIM_Man<eSLIM::AreaDelayMinimizer, eSLIM::RandomizedBFSSelection<eSLIM::SubcircuitNoFBValidator, eSLIM::TabooRootSelector, eSLIM::BackwardSearch>>, eSLIM::EmptyInprocessor>::runeSLIM' requested here
  513 |     return eSLIMRun<Approach, Inprocessor>::runeSLIM(cir, params); 
      |                                             ^
src/opt/eslim/eSLIM.cpp:521:14: note: in instantiation of function template specialization 'eSLIM::runeSLIM<Gia_Man_t_, eSLIM::EmptyInprocessor, eSLIM::AreaDelayMinimizer, eSLIM::eSLIM_Man<eSLIM::AreaDelayMinimizer, eSLIM::RandomizedBFSSelection<eSLIM::SubcircuitNoFBValidator, eSLIM::TabooRootSelector, eSLIM::BackwardSearch>>>' requested here
  521 |       return runeSLIM<Circuitrepresentation, Inprocessor, Minimizer, eSLIM_Man<Minimizer, RandomizedBFSSelection<Validator, RootSelector, SearchDirection, BiasSelector>>>(cir, params);
      |              ^
src/opt/eslim/eSLIM.cpp:529:14: note: in instantiation of function template specialization 'eSLIM::toggleWindowing<Gia_Man_t_, eSLIM::EmptyInprocessor, eSLIM::AreaDelayMinimizer, eSLIM::SubcircuitNoFBValidator, eSLIM::BackwardSearch, eSLIM::NoBiasSelector, eSLIM::TabooRootSelector>' requested here
  529 |       return toggleWindowing<Circuitrepresentation, Inprocessor, Minimizer, Validator, SearchDirection, BiasSelector, TabooRootSelector>(cir, params);
      |              ^
src/opt/eslim/eSLIM.cpp:540:14: note: in instantiation of function template specialization 'eSLIM::setTabooApproach<Gia_Man_t_, eSLIM::EmptyInprocessor, eSLIM::AreaDelayMinimizer, eSLIM::SubcircuitNoFBValidator, eSLIM::BackwardSearch, eSLIM::NoBiasSelector>' requested here
  540 |       return setTabooApproach<Circuitrepresentation, Inprocessor, Minimizer, Validator, SearchDirection, NoBiasSelector>(cir, params);
      |              ^
src/opt/eslim/eSLIM.cpp:551:14: note: in instantiation of function template specialization 'eSLIM::setBiasApproach<Gia_Man_t_, eSLIM::EmptyInprocessor, eSLIM::AreaDelayMinimizer, eSLIM::SubcircuitNoFBValidator, eSLIM::BackwardSearch>' requested here
  551 |       return setBiasApproach<Circuitrepresentation, Inprocessor, Minimizer, Validator, BackwardSearch>(cir, params);
      |              ^
src/opt/eslim/eSLIM.cpp:580:16: note: in instantiation of function template specialization 'eSLIM::setSearchDirection<Gia_Man_t_, eSLIM::EmptyInprocessor, eSLIM::AreaDelayMinimizer, eSLIM::SubcircuitNoFBValidator>' requested here
  580 |         return setSearchDirection<Circuitrepresentation, EmptyInprocessor, AreaDelayMinimizer, SubcircuitNoFBValidator>(cir, params);
      |                ^
src/opt/eslim/eSLIM.cpp:601:17: note: in instantiation of function template specialization 'eSLIM::setMinimizer<Gia_Man_t_>' requested here
  601 |   return eSLIM::setMinimizer(cir, params);
      |                 ^
src/opt/eslim/eSLIM.cpp:610:10: note: in instantiation of function template specialization 'runeSLIM<Gia_Man_t_>' requested here
  610 |   return runeSLIM(pGia, params);
      |          ^
src/opt/eslim/eSLIM.cpp:357:13: warning: format specifies type 'unsigned long' but the argument has type 'ABC_UINT64_T' (aka 'unsigned long long') [-Wformat]
  356 |       printf("Synthesis: #SAT-calls: %lu, Total SAT-time: %.2f sec, Max SAT-time: %.4f sec, Avg. SAT-time: %.4f sec\n",  
      |                                      ~~~
      |                                      %llu
  357 |             log.nof_sat_calls_synthesis, log.cummulative_sat_runtime_synthesis / 1000, log.max_sat_runtime_synthesis / 1000,
      |             ^~~~~~~~~~~~~~~~~~~~~~~~~~~
src/opt/eslim/eSLIM.cpp:354:13: warning: format specifies type 'unsigned long' but the argument has type 'ABC_UINT64_T' (aka 'unsigned long long') [-Wformat]
  353 |       printf("Relation generation: #SAT-calls: %lu, Total SAT-time: %.2f sec, Max SAT-time: %.4f sec, Avg. SAT-time: %.4f sec\n",  
      |                                                ~~~
      |                                                %llu
  354 |             log.nof_sat_calls_relation_generation, log.cummulative_sat_runtime_relation_generation, log.max_sat_runtime_relation_generation, 
      |             ^~~~~~~~~~~~~~~~~~~~~~~~~~~~~~~~~~~~~
src/opt/eslim/eSLIM.cpp:296:5: note: in instantiation of member function 'eSLIM::eSLIMRun<eSLIM::WindowMan<eSLIM::AreaDelayMinimizer, eSLIM::RandomizedBFSSelection<eSLIM::SubcircuitNoFBValidator, eSLIM::BaseRootSelector, eSLIM::BackwardSearch>>, eSLIM::EmptyInprocessor>::printLog' requested here
  296 |     printLog();
      |     ^
src/opt/eslim/eSLIM.cpp:215:15: note: in instantiation of member function 'eSLIM::eSLIMRun<eSLIM::WindowMan<eSLIM::AreaDelayMinimizer, eSLIM::RandomizedBFSSelection<eSLIM::SubcircuitNoFBValidator, eSLIM::BaseRootSelector, eSLIM::BackwardSearch>>, eSLIM::EmptyInprocessor>::run' requested here
  215 |     eslim_run.run();
      |               ^
src/opt/eslim/eSLIM.cpp:513:45: note: in instantiation of member function 'eSLIM::eSLIMRun<eSLIM::WindowMan<eSLIM::AreaDelayMinimizer, eSLIM::RandomizedBFSSelection<eSLIM::SubcircuitNoFBValidator, eSLIM::BaseRootSelector, eSLIM::BackwardSearch>>, eSLIM::EmptyInprocessor>::runeSLIM' requested here
  513 |     return eSLIMRun<Approach, Inprocessor>::runeSLIM(cir, params); 
      |                                             ^
src/opt/eslim/eSLIM.cpp:519:14: note: in instantiation of function template specialization 'eSLIM::runeSLIM<Gia_Man_t_, eSLIM::EmptyInprocessor, eSLIM::AreaDelayMinimizer, eSLIM::WindowMan<eSLIM::AreaDelayMinimizer, eSLIM::RandomizedBFSSelection<eSLIM::SubcircuitNoFBValidator, eSLIM::BaseRootSelector, eSLIM::BackwardSearch>>>' requested here
  519 |       return runeSLIM<Circuitrepresentation, Inprocessor, Minimizer, WindowMan<Minimizer, RandomizedBFSSelection<Validator, RootSelector, SearchDirection, BiasSelector>>>(cir, params);
      |              ^
src/opt/eslim/eSLIM.cpp:531:14: note: in instantiation of function template specialization 'eSLIM::toggleWindowing<Gia_Man_t_, eSLIM::EmptyInprocessor, eSLIM::AreaDelayMinimizer, eSLIM::SubcircuitNoFBValidator, eSLIM::BackwardSearch, eSLIM::NoBiasSelector, eSLIM::BaseRootSelector>' requested here
  531 |       return toggleWindowing<Circuitrepresentation, Inprocessor, Minimizer, Validator, SearchDirection, BiasSelector, BaseRootSelector>(cir, params);
      |              ^
src/opt/eslim/eSLIM.cpp:540:14: note: in instantiation of function template specialization 'eSLIM::setTabooApproach<Gia_Man_t_, eSLIM::EmptyInprocessor, eSLIM::AreaDelayMinimizer, eSLIM::SubcircuitNoFBValidator, eSLIM::BackwardSearch, eSLIM::NoBiasSelector>' requested here
  540 |       return setTabooApproach<Circuitrepresentation, Inprocessor, Minimizer, Validator, SearchDirection, NoBiasSelector>(cir, params);
      |              ^
src/opt/eslim/eSLIM.cpp:551:14: note: in instantiation of function template specialization 'eSLIM::setBiasApproach<Gia_Man_t_, eSLIM::EmptyInprocessor, eSLIM::AreaDelayMinimizer, eSLIM::SubcircuitNoFBValidator, eSLIM::BackwardSearch>' requested here
  551 |       return setBiasApproach<Circuitrepresentation, Inprocessor, Minimizer, Validator, BackwardSearch>(cir, params);
      |              ^
src/opt/eslim/eSLIM.cpp:580:16: note: in instantiation of function template specialization 'eSLIM::setSearchDirection<Gia_Man_t_, eSLIM::EmptyInprocessor, eSLIM::AreaDelayMinimizer, eSLIM::SubcircuitNoFBValidator>' requested here
  580 |         return setSearchDirection<Circuitrepresentation, EmptyInprocessor, AreaDelayMinimizer, SubcircuitNoFBValidator>(cir, params);
      |                ^
src/opt/eslim/eSLIM.cpp:601:17: note: in instantiation of function template specialization 'eSLIM::setMinimizer<Gia_Man_t_>' requested here
  601 |   return eSLIM::setMinimizer(cir, params);
      |                 ^
src/opt/eslim/eSLIM.cpp:610:10: note: in instantiation of function template specialization 'runeSLIM<Gia_Man_t_>' requested here
  610 |   return runeSLIM(pGia, params);
      |          ^
src/opt/eslim/eSLIM.cpp:357:13: warning: format specifies type 'unsigned long' but the argument has type 'ABC_UINT64_T' (aka 'unsigned long long') [-Wformat]
  356 |       printf("Synthesis: #SAT-calls: %lu, Total SAT-time: %.2f sec, Max SAT-time: %.4f sec, Avg. SAT-time: %.4f sec\n",  
      |                                      ~~~
      |                                      %llu
  357 |             log.nof_sat_calls_synthesis, log.cummulative_sat_runtime_synthesis / 1000, log.max_sat_runtime_synthesis / 1000,
      |             ^~~~~~~~~~~~~~~~~~~~~~~~~~~
src/opt/eslim/eSLIM.cpp:354:13: warning: format specifies type 'unsigned long' but the argument has type 'ABC_UINT64_T' (aka 'unsigned long long') [-Wformat]
  353 |       printf("Relation generation: #SAT-calls: %lu, Total SAT-time: %.2f sec, Max SAT-time: %.4f sec, Avg. SAT-time: %.4f sec\n",  
      |                                                ~~~
      |                                                %llu
  354 |             log.nof_sat_calls_relation_generation, log.cummulative_sat_runtime_relation_generation, log.max_sat_runtime_relation_generation, 
      |             ^~~~~~~~~~~~~~~~~~~~~~~~~~~~~~~~~~~~~
src/opt/eslim/eSLIM.cpp:296:5: note: in instantiation of member function 'eSLIM::eSLIMRun<eSLIM::eSLIM_Man<eSLIM::AreaDelayMinimizer, eSLIM::RandomizedBFSSelection<eSLIM::SubcircuitNoFBValidator, eSLIM::BaseRootSelector, eSLIM::BackwardSearch>>, eSLIM::EmptyInprocessor>::printLog' requested here
  296 |     printLog();
      |     ^
src/opt/eslim/eSLIM.cpp:215:15: note: in instantiation of member function 'eSLIM::eSLIMRun<eSLIM::eSLIM_Man<eSLIM::AreaDelayMinimizer, eSLIM::RandomizedBFSSelection<eSLIM::SubcircuitNoFBValidator, eSLIM::BaseRootSelector, eSLIM::BackwardSearch>>, eSLIM::EmptyInprocessor>::run' requested here
  215 |     eslim_run.run();
      |               ^
src/opt/eslim/eSLIM.cpp:513:45: note: in instantiation of member function 'eSLIM::eSLIMRun<eSLIM::eSLIM_Man<eSLIM::AreaDelayMinimizer, eSLIM::RandomizedBFSSelection<eSLIM::SubcircuitNoFBValidator, eSLIM::BaseRootSelector, eSLIM::BackwardSearch>>, eSLIM::EmptyInprocessor>::runeSLIM' requested here
  513 |     return eSLIMRun<Approach, Inprocessor>::runeSLIM(cir, params); 
      |                                             ^
src/opt/eslim/eSLIM.cpp:521:14: note: in instantiation of function template specialization 'eSLIM::runeSLIM<Gia_Man_t_, eSLIM::EmptyInprocessor, eSLIM::AreaDelayMinimizer, eSLIM::eSLIM_Man<eSLIM::AreaDelayMinimizer, eSLIM::RandomizedBFSSelection<eSLIM::SubcircuitNoFBValidator, eSLIM::BaseRootSelector, eSLIM::BackwardSearch>>>' requested here
  521 |       return runeSLIM<Circuitrepresentation, Inprocessor, Minimizer, eSLIM_Man<Minimizer, RandomizedBFSSelection<Validator, RootSelector, SearchDirection, BiasSelector>>>(cir, params);
      |              ^
src/opt/eslim/eSLIM.cpp:531:14: note: in instantiation of function template specialization 'eSLIM::toggleWindowing<Gia_Man_t_, eSLIM::EmptyInprocessor, eSLIM::AreaDelayMinimizer, eSLIM::SubcircuitNoFBValidator, eSLIM::BackwardSearch, eSLIM::NoBiasSelector, eSLIM::BaseRootSelector>' requested here
  531 |       return toggleWindowing<Circuitrepresentation, Inprocessor, Minimizer, Validator, SearchDirection, BiasSelector, BaseRootSelector>(cir, params);
      |              ^
src/opt/eslim/eSLIM.cpp:540:14: note: in instantiation of function template specialization 'eSLIM::setTabooApproach<Gia_Man_t_, eSLIM::EmptyInprocessor, eSLIM::AreaDelayMinimizer, eSLIM::SubcircuitNoFBValidator, eSLIM::BackwardSearch, eSLIM::NoBiasSelector>' requested here
  540 |       return setTabooApproach<Circuitrepresentation, Inprocessor, Minimizer, Validator, SearchDirection, NoBiasSelector>(cir, params);
      |              ^
src/opt/eslim/eSLIM.cpp:551:14: note: in instantiation of function template specialization 'eSLIM::setBiasApproach<Gia_Man_t_, eSLIM::EmptyInprocessor, eSLIM::AreaDelayMinimizer, eSLIM::SubcircuitNoFBValidator, eSLIM::BackwardSearch>' requested here
  551 |       return setBiasApproach<Circuitrepresentation, Inprocessor, Minimizer, Validator, BackwardSearch>(cir, params);
      |              ^
src/opt/eslim/eSLIM.cpp:580:16: note: in instantiation of function template specialization 'eSLIM::setSearchDirection<Gia_Man_t_, eSLIM::EmptyInprocessor, eSLIM::AreaDelayMinimizer, eSLIM::SubcircuitNoFBValidator>' requested here
  580 |         return setSearchDirection<Circuitrepresentation, EmptyInprocessor, AreaDelayMinimizer, SubcircuitNoFBValidator>(cir, params);
      |                ^
src/opt/eslim/eSLIM.cpp:601:17: note: in instantiation of function template specialization 'eSLIM::setMinimizer<Gia_Man_t_>' requested here
  601 |   return eSLIM::setMinimizer(cir, params);
      |                 ^
src/opt/eslim/eSLIM.cpp:610:10: note: in instantiation of function template specialization 'runeSLIM<Gia_Man_t_>' requested here
  610 |   return runeSLIM(pGia, params);
      |          ^
src/opt/eslim/eSLIM.cpp:357:13: warning: format specifies type 'unsigned long' but the argument has type 'ABC_UINT64_T' (aka 'unsigned long long') [-Wformat]
  356 |       printf("Synthesis: #SAT-calls: %lu, Total SAT-time: %.2f sec, Max SAT-time: %.4f sec, Avg. SAT-time: %.4f sec\n",  
      |                                      ~~~
      |                                      %llu
  357 |             log.nof_sat_calls_synthesis, log.cummulative_sat_runtime_synthesis / 1000, log.max_sat_runtime_synthesis / 1000,
      |             ^~~~~~~~~~~~~~~~~~~~~~~~~~~
src/opt/eslim/eSLIM.cpp:354:13: warning: format specifies type 'unsigned long' but the argument has type 'ABC_UINT64_T' (aka 'unsigned long long') [-Wformat]
  353 |       printf("Relation generation: #SAT-calls: %lu, Total SAT-time: %.2f sec, Max SAT-time: %.4f sec, Avg. SAT-time: %.4f sec\n",  
      |                                                ~~~
      |                                                %llu
  354 |             log.nof_sat_calls_relation_generation, log.cummulative_sat_runtime_relation_generation, log.max_sat_runtime_relation_generation, 
      |             ^~~~~~~~~~~~~~~~~~~~~~~~~~~~~~~~~~~~~
src/opt/eslim/eSLIM.cpp:296:5: note: in instantiation of member function 'eSLIM::eSLIMRun<eSLIM::WindowMan<eSLIM::DelayMinimizer, eSLIM::RandomizedBFSSelection<eSLIM::SubcircuitNoFBValidator, eSLIM::CriticalPathSelector, eSLIM::ForwardSearch, eSLIM::CriticalPathBiasSelector>>, eSLIM::DelayInprocessor<false>>::printLog' requested here
  296 |     printLog();
      |     ^
src/opt/eslim/eSLIM.cpp:215:15: note: in instantiation of member function 'eSLIM::eSLIMRun<eSLIM::WindowMan<eSLIM::DelayMinimizer, eSLIM::RandomizedBFSSelection<eSLIM::SubcircuitNoFBValidator, eSLIM::CriticalPathSelector, eSLIM::ForwardSearch, eSLIM::CriticalPathBiasSelector>>, eSLIM::DelayInprocessor<false>>::run' requested here
  215 |     eslim_run.run();
      |               ^
src/opt/eslim/eSLIM.cpp:513:45: note: in instantiation of member function 'eSLIM::eSLIMRun<eSLIM::WindowMan<eSLIM::DelayMinimizer, eSLIM::RandomizedBFSSelection<eSLIM::SubcircuitNoFBValidator, eSLIM::CriticalPathSelector, eSLIM::ForwardSearch, eSLIM::CriticalPathBiasSelector>>, eSLIM::DelayInprocessor<false>>::runeSLIM' requested here
  513 |     return eSLIMRun<Approach, Inprocessor>::runeSLIM(cir, params); 
      |                                             ^
src/opt/eslim/eSLIM.cpp:519:14: note: in instantiation of function template specialization 'eSLIM::runeSLIM<Gia_Man_t_, eSLIM::DelayInprocessor<false>, eSLIM::DelayMinimizer, eSLIM::WindowMan<eSLIM::DelayMinimizer, eSLIM::RandomizedBFSSelection<eSLIM::SubcircuitNoFBValidator, eSLIM::CriticalPathSelector, eSLIM::ForwardSearch, eSLIM::CriticalPathBiasSelector>>>' requested here
  519 |       return runeSLIM<Circuitrepresentation, Inprocessor, Minimizer, WindowMan<Minimizer, RandomizedBFSSelection<Validator, RootSelector, SearchDirection, BiasSelector>>>(cir, params);
      |              ^
src/opt/eslim/eSLIM.cpp:538:14: note: in instantiation of function template specialization 'eSLIM::toggleWindowing<Gia_Man_t_, eSLIM::DelayInprocessor<false>, eSLIM::DelayMinimizer, eSLIM::SubcircuitNoFBValidator, eSLIM::ForwardSearch, eSLIM::CriticalPathBiasSelector, eSLIM::CriticalPathSelector>' requested here
  538 |       return toggleWindowing<Circuitrepresentation, Inprocessor, Minimizer, Validator, SearchDirection, CriticalPathBiasSelector, CriticalPathSelector>(cir, params);
      |              ^
src/opt/eslim/eSLIM.cpp:549:14: note: in instantiation of function template specialization 'eSLIM::setBiasApproach<Gia_Man_t_, eSLIM::DelayInprocessor<false>, eSLIM::DelayMinimizer, eSLIM::SubcircuitNoFBValidator, eSLIM::ForwardSearch>' requested here
  549 |       return setBiasApproach<Circuitrepresentation, Inprocessor, Minimizer, Validator, ForwardSearch>(cir, params);
      |              ^
src/opt/eslim/eSLIM.cpp:584:20: note: in instantiation of function template specialization 'eSLIM::setSearchDirection<Gia_Man_t_, eSLIM::DelayInprocessor<false>, eSLIM::DelayMinimizer, eSLIM::SubcircuitNoFBValidator>' requested here
  584 |             return setSearchDirection<Circuitrepresentation, DelayInprocessor<false>, DelayMinimizer, SubcircuitNoFBValidator>(cir, params);
      |                    ^
src/opt/eslim/eSLIM.cpp:601:17: note: in instantiation of function template specialization 'eSLIM::setMinimizer<Gia_Man_t_>' requested here
  601 |   return eSLIM::setMinimizer(cir, params);
      |                 ^
src/opt/eslim/eSLIM.cpp:610:10: note: in instantiation of function template specialization 'runeSLIM<Gia_Man_t_>' requested here
  610 |   return runeSLIM(pGia, params);
      |          ^
src/opt/eslim/eSLIM.cpp:357:13: warning: format specifies type 'unsigned long' but the argument has type 'ABC_UINT64_T' (aka 'unsigned long long') [-Wformat]
  356 |       printf("Synthesis: #SAT-calls: %lu, Total SAT-time: %.2f sec, Max SAT-time: %.4f sec, Avg. SAT-time: %.4f sec\n",  
      |                                      ~~~
      |                                      %llu
  357 |             log.nof_sat_calls_synthesis, log.cummulative_sat_runtime_synthesis / 1000, log.max_sat_runtime_synthesis / 1000,
      |             ^~~~~~~~~~~~~~~~~~~~~~~~~~~
src/opt/eslim/eSLIM.cpp:354:13: warning: format specifies type 'unsigned long' but the argument has type 'ABC_UINT64_T' (aka 'unsigned long long') [-Wformat]
  353 |       printf("Relation generation: #SAT-calls: %lu, Total SAT-time: %.2f sec, Max SAT-time: %.4f sec, Avg. SAT-time: %.4f sec\n",  
      |                                                ~~~
      |                                                %llu
  354 |             log.nof_sat_calls_relation_generation, log.cummulative_sat_runtime_relation_generation, log.max_sat_runtime_relation_generation, 
      |             ^~~~~~~~~~~~~~~~~~~~~~~~~~~~~~~~~~~~~
src/opt/eslim/eSLIM.cpp:296:5: note: in instantiation of member function 'eSLIM::eSLIMRun<eSLIM::eSLIM_Man<eSLIM::DelayMinimizer, eSLIM::RandomizedBFSSelection<eSLIM::SubcircuitNoFBValidator, eSLIM::CriticalPathSelector, eSLIM::ForwardSearch, eSLIM::CriticalPathBiasSelector>>, eSLIM::DelayInprocessor<false>>::printLog' requested here
  296 |     printLog();
      |     ^
src/opt/eslim/eSLIM.cpp:215:15: note: in instantiation of member function 'eSLIM::eSLIMRun<eSLIM::eSLIM_Man<eSLIM::DelayMinimizer, eSLIM::RandomizedBFSSelection<eSLIM::SubcircuitNoFBValidator, eSLIM::CriticalPathSelector, eSLIM::ForwardSearch, eSLIM::CriticalPathBiasSelector>>, eSLIM::DelayInprocessor<false>>::run' requested here
  215 |     eslim_run.run();
      |               ^
src/opt/eslim/eSLIM.cpp:513:45: note: in instantiation of member function 'eSLIM::eSLIMRun<eSLIM::eSLIM_Man<eSLIM::DelayMinimizer, eSLIM::RandomizedBFSSelection<eSLIM::SubcircuitNoFBValidator, eSLIM::CriticalPathSelector, eSLIM::ForwardSearch, eSLIM::CriticalPathBiasSelector>>, eSLIM::DelayInprocessor<false>>::runeSLIM' requested here
  513 |     return eSLIMRun<Approach, Inprocessor>::runeSLIM(cir, params); 
      |                                             ^
src/opt/eslim/eSLIM.cpp:521:14: note: in instantiation of function template specialization 'eSLIM::runeSLIM<Gia_Man_t_, eSLIM::DelayInprocessor<false>, eSLIM::DelayMinimizer, eSLIM::eSLIM_Man<eSLIM::DelayMinimizer, eSLIM::RandomizedBFSSelection<eSLIM::SubcircuitNoFBValidator, eSLIM::CriticalPathSelector, eSLIM::ForwardSearch, eSLIM::CriticalPathBiasSelector>>>' requested here
  521 |       return runeSLIM<Circuitrepresentation, Inprocessor, Minimizer, eSLIM_Man<Minimizer, RandomizedBFSSelection<Validator, RootSelector, SearchDirection, BiasSelector>>>(cir, params);
      |              ^
src/opt/eslim/eSLIM.cpp:538:14: note: in instantiation of function template specialization 'eSLIM::toggleWindowing<Gia_Man_t_, eSLIM::DelayInprocessor<false>, eSLIM::DelayMinimizer, eSLIM::SubcircuitNoFBValidator, eSLIM::ForwardSearch, eSLIM::CriticalPathBiasSelector, eSLIM::CriticalPathSelector>' requested here
  538 |       return toggleWindowing<Circuitrepresentation, Inprocessor, Minimizer, Validator, SearchDirection, CriticalPathBiasSelector, CriticalPathSelector>(cir, params);
      |              ^
src/opt/eslim/eSLIM.cpp:549:14: note: in instantiation of function template specialization 'eSLIM::setBiasApproach<Gia_Man_t_, eSLIM::DelayInprocessor<false>, eSLIM::DelayMinimizer, eSLIM::SubcircuitNoFBValidator, eSLIM::ForwardSearch>' requested here
  549 |       return setBiasApproach<Circuitrepresentation, Inprocessor, Minimizer, Validator, ForwardSearch>(cir, params);
      |              ^
src/opt/eslim/eSLIM.cpp:584:20: note: in instantiation of function template specialization 'eSLIM::setSearchDirection<Gia_Man_t_, eSLIM::DelayInprocessor<false>, eSLIM::DelayMinimizer, eSLIM::SubcircuitNoFBValidator>' requested here
  584 |             return setSearchDirection<Circuitrepresentation, DelayInprocessor<false>, DelayMinimizer, SubcircuitNoFBValidator>(cir, params);
      |                    ^
src/opt/eslim/eSLIM.cpp:601:17: note: in instantiation of function template specialization 'eSLIM::setMinimizer<Gia_Man_t_>' requested here
  601 |   return eSLIM::setMinimizer(cir, params);
      |                 ^
src/opt/eslim/eSLIM.cpp:610:10: note: in instantiation of function template specialization 'runeSLIM<Gia_Man_t_>' requested here
  610 |   return runeSLIM(pGia, params);
      |          ^
src/opt/eslim/eSLIM.cpp:357:13: warning: format specifies type 'unsigned long' but the argument has type 'ABC_UINT64_T' (aka 'unsigned long long') [-Wformat]
  356 |       printf("Synthesis: #SAT-calls: %lu, Total SAT-time: %.2f sec, Max SAT-time: %.4f sec, Avg. SAT-time: %.4f sec\n",  
      |                                      ~~~
      |                                      %llu
  357 |             log.nof_sat_calls_synthesis, log.cummulative_sat_runtime_synthesis / 1000, log.max_sat_runtime_synthesis / 1000,
      |             ^~~~~~~~~~~~~~~~~~~~~~~~~~~
src/opt/eslim/eSLIM.cpp:354:13: warning: format specifies type 'unsigned long' but the argument has type 'ABC_UINT64_T' (aka 'unsigned long long') [-Wformat]
  353 |       printf("Relation generation: #SAT-calls: %lu, Total SAT-time: %.2f sec, Max SAT-time: %.4f sec, Avg. SAT-time: %.4f sec\n",  
      |                                                ~~~
      |                                                %llu
  354 |             log.nof_sat_calls_relation_generation, log.cummulative_sat_runtime_relation_generation, log.max_sat_runtime_relation_generation, 
      |             ^~~~~~~~~~~~~~~~~~~~~~~~~~~~~~~~~~~~~
src/opt/eslim/eSLIM.cpp:296:5: note: in instantiation of member function 'eSLIM::eSLIMRun<eSLIM::WindowMan<eSLIM::DelayMinimizer, eSLIM::RandomizedBFSSelection<eSLIM::SubcircuitNoFBValidator, eSLIM::TabooRootSelector, eSLIM::ForwardSearch>>, eSLIM::DelayInprocessor<false>>::printLog' requested here
  296 |     printLog();
      |     ^
src/opt/eslim/eSLIM.cpp:215:15: note: in instantiation of member function 'eSLIM::eSLIMRun<eSLIM::WindowMan<eSLIM::DelayMinimizer, eSLIM::RandomizedBFSSelection<eSLIM::SubcircuitNoFBValidator, eSLIM::TabooRootSelector, eSLIM::ForwardSearch>>, eSLIM::DelayInprocessor<false>>::run' requested here
  215 |     eslim_run.run();
      |               ^
src/opt/eslim/eSLIM.cpp:513:45: note: in instantiation of member function 'eSLIM::eSLIMRun<eSLIM::WindowMan<eSLIM::DelayMinimizer, eSLIM::RandomizedBFSSelection<eSLIM::SubcircuitNoFBValidator, eSLIM::TabooRootSelector, eSLIM::ForwardSearch>>, eSLIM::DelayInprocessor<false>>::runeSLIM' requested here
  513 |     return eSLIMRun<Approach, Inprocessor>::runeSLIM(cir, params); 
      |                                             ^
src/opt/eslim/eSLIM.cpp:519:14: note: in instantiation of function template specialization 'eSLIM::runeSLIM<Gia_Man_t_, eSLIM::DelayInprocessor<false>, eSLIM::DelayMinimizer, eSLIM::WindowMan<eSLIM::DelayMinimizer, eSLIM::RandomizedBFSSelection<eSLIM::SubcircuitNoFBValidator, eSLIM::TabooRootSelector, eSLIM::ForwardSearch>>>' requested here
  519 |       return runeSLIM<Circuitrepresentation, Inprocessor, Minimizer, WindowMan<Minimizer, RandomizedBFSSelection<Validator, RootSelector, SearchDirection, BiasSelector>>>(cir, params);
      |              ^
src/opt/eslim/eSLIM.cpp:529:14: note: in instantiation of function template specialization 'eSLIM::toggleWindowing<Gia_Man_t_, eSLIM::DelayInprocessor<false>, eSLIM::DelayMinimizer, eSLIM::SubcircuitNoFBValidator, eSLIM::ForwardSearch, eSLIM::NoBiasSelector, eSLIM::TabooRootSelector>' requested here
  529 |       return toggleWindowing<Circuitrepresentation, Inprocessor, Minimizer, Validator, SearchDirection, BiasSelector, TabooRootSelector>(cir, params);
      |              ^
src/opt/eslim/eSLIM.cpp:540:14: note: in instantiation of function template specialization 'eSLIM::setTabooApproach<Gia_Man_t_, eSLIM::DelayInprocessor<false>, eSLIM::DelayMinimizer, eSLIM::SubcircuitNoFBValidator, eSLIM::ForwardSearch, eSLIM::NoBiasSelector>' requested here
  540 |       return setTabooApproach<Circuitrepresentation, Inprocessor, Minimizer, Validator, SearchDirection, NoBiasSelector>(cir, params);
      |              ^
src/opt/eslim/eSLIM.cpp:549:14: note: in instantiation of function template specialization 'eSLIM::setBiasApproach<Gia_Man_t_, eSLIM::DelayInprocessor<false>, eSLIM::DelayMinimizer, eSLIM::SubcircuitNoFBValidator, eSLIM::ForwardSearch>' requested here
  549 |       return setBiasApproach<Circuitrepresentation, Inprocessor, Minimizer, Validator, ForwardSearch>(cir, params);
      |              ^
src/opt/eslim/eSLIM.cpp:584:20: note: in instantiation of function template specialization 'eSLIM::setSearchDirection<Gia_Man_t_, eSLIM::DelayInprocessor<false>, eSLIM::DelayMinimizer, eSLIM::SubcircuitNoFBValidator>' requested here
  584 |             return setSearchDirection<Circuitrepresentation, DelayInprocessor<false>, DelayMinimizer, SubcircuitNoFBValidator>(cir, params);
      |                    ^
src/opt/eslim/eSLIM.cpp:601:17: note: in instantiation of function template specialization 'eSLIM::setMinimizer<Gia_Man_t_>' requested here
  601 |   return eSLIM::setMinimizer(cir, params);
      |                 ^
src/opt/eslim/eSLIM.cpp:610:10: note: in instantiation of function template specialization 'runeSLIM<Gia_Man_t_>' requested here
  610 |   return runeSLIM(pGia, params);
      |          ^
src/opt/eslim/eSLIM.cpp:357:13: warning: format specifies type 'unsigned long' but the argument has type 'ABC_UINT64_T' (aka 'unsigned long long') [-Wformat]
  356 |       printf("Synthesis: #SAT-calls: %lu, Total SAT-time: %.2f sec, Max SAT-time: %.4f sec, Avg. SAT-time: %.4f sec\n",  
      |                                      ~~~
      |                                      %llu
  357 |             log.nof_sat_calls_synthesis, log.cummulative_sat_runtime_synthesis / 1000, log.max_sat_runtime_synthesis / 1000,
      |             ^~~~~~~~~~~~~~~~~~~~~~~~~~~
src/opt/eslim/eSLIM.cpp:354:13: warning: format specifies type 'unsigned long' but the argument has type 'ABC_UINT64_T' (aka 'unsigned long long') [-Wformat]
  353 |       printf("Relation generation: #SAT-calls: %lu, Total SAT-time: %.2f sec, Max SAT-time: %.4f sec, Avg. SAT-time: %.4f sec\n",  
      |                                                ~~~
      |                                                %llu
  354 |             log.nof_sat_calls_relation_generation, log.cummulative_sat_runtime_relation_generation, log.max_sat_runtime_relation_generation, 
      |             ^~~~~~~~~~~~~~~~~~~~~~~~~~~~~~~~~~~~~
src/opt/eslim/eSLIM.cpp:296:5: note: in instantiation of member function 'eSLIM::eSLIMRun<eSLIM::eSLIM_Man<eSLIM::DelayMinimizer, eSLIM::RandomizedBFSSelection<eSLIM::SubcircuitNoFBValidator, eSLIM::TabooRootSelector, eSLIM::ForwardSearch>>, eSLIM::DelayInprocessor<false>>::printLog' requested here
  296 |     printLog();
      |     ^
src/opt/eslim/eSLIM.cpp:215:15: note: in instantiation of member function 'eSLIM::eSLIMRun<eSLIM::eSLIM_Man<eSLIM::DelayMinimizer, eSLIM::RandomizedBFSSelection<eSLIM::SubcircuitNoFBValidator, eSLIM::TabooRootSelector, eSLIM::ForwardSearch>>, eSLIM::DelayInprocessor<false>>::run' requested here
  215 |     eslim_run.run();
      |               ^
src/opt/eslim/eSLIM.cpp:513:45: note: in instantiation of member function 'eSLIM::eSLIMRun<eSLIM::eSLIM_Man<eSLIM::DelayMinimizer, eSLIM::RandomizedBFSSelection<eSLIM::SubcircuitNoFBValidator, eSLIM::TabooRootSelector, eSLIM::ForwardSearch>>, eSLIM::DelayInprocessor<false>>::runeSLIM' requested here
  513 |     return eSLIMRun<Approach, Inprocessor>::runeSLIM(cir, params); 
      |                                             ^
src/opt/eslim/eSLIM.cpp:521:14: note: in instantiation of function template specialization 'eSLIM::runeSLIM<Gia_Man_t_, eSLIM::DelayInprocessor<false>, eSLIM::DelayMinimizer, eSLIM::eSLIM_Man<eSLIM::DelayMinimizer, eSLIM::RandomizedBFSSelection<eSLIM::SubcircuitNoFBValidator, eSLIM::TabooRootSelector, eSLIM::ForwardSearch>>>' requested here
  521 |       return runeSLIM<Circuitrepresentation, Inprocessor, Minimizer, eSLIM_Man<Minimizer, RandomizedBFSSelection<Validator, RootSelector, SearchDirection, BiasSelector>>>(cir, params);
      |              ^
src/opt/eslim/eSLIM.cpp:529:14: note: in instantiation of function template specialization 'eSLIM::toggleWindowing<Gia_Man_t_, eSLIM::DelayInprocessor<false>, eSLIM::DelayMinimizer, eSLIM::SubcircuitNoFBValidator, eSLIM::ForwardSearch, eSLIM::NoBiasSelector, eSLIM::TabooRootSelector>' requested here
  529 |       return toggleWindowing<Circuitrepresentation, Inprocessor, Minimizer, Validator, SearchDirection, BiasSelector, TabooRootSelector>(cir, params);
      |              ^
src/opt/eslim/eSLIM.cpp:540:14: note: in instantiation of function template specialization 'eSLIM::setTabooApproach<Gia_Man_t_, eSLIM::DelayInprocessor<false>, eSLIM::DelayMinimizer, eSLIM::SubcircuitNoFBValidator, eSLIM::ForwardSearch, eSLIM::NoBiasSelector>' requested here
  540 |       return setTabooApproach<Circuitrepresentation, Inprocessor, Minimizer, Validator, SearchDirection, NoBiasSelector>(cir, params);
      |              ^
src/opt/eslim/eSLIM.cpp:549:14: note: in instantiation of function template specialization 'eSLIM::setBiasApproach<Gia_Man_t_, eSLIM::DelayInprocessor<false>, eSLIM::DelayMinimizer, eSLIM::SubcircuitNoFBValidator, eSLIM::ForwardSearch>' requested here
  549 |       return setBiasApproach<Circuitrepresentation, Inprocessor, Minimizer, Validator, ForwardSearch>(cir, params);
      |              ^
src/opt/eslim/eSLIM.cpp:584:20: note: in instantiation of function template specialization 'eSLIM::setSearchDirection<Gia_Man_t_, eSLIM::DelayInprocessor<false>, eSLIM::DelayMinimizer, eSLIM::SubcircuitNoFBValidator>' requested here
  584 |             return setSearchDirection<Circuitrepresentation, DelayInprocessor<false>, DelayMinimizer, SubcircuitNoFBValidator>(cir, params);
      |                    ^
src/opt/eslim/eSLIM.cpp:601:17: note: in instantiation of function template specialization 'eSLIM::setMinimizer<Gia_Man_t_>' requested here
  601 |   return eSLIM::setMinimizer(cir, params);
      |                 ^
src/opt/eslim/eSLIM.cpp:610:10: note: in instantiation of function template specialization 'runeSLIM<Gia_Man_t_>' requested here
  610 |   return runeSLIM(pGia, params);
      |          ^
src/opt/eslim/eSLIM.cpp:357:13: warning: format specifies type 'unsigned long' but the argument has type 'ABC_UINT64_T' (aka 'unsigned long long') [-Wformat]
  356 |       printf("Synthesis: #SAT-calls: %lu, Total SAT-time: %.2f sec, Max SAT-time: %.4f sec, Avg. SAT-time: %.4f sec\n",  
      |                                      ~~~
      |                                      %llu
  357 |             log.nof_sat_calls_synthesis, log.cummulative_sat_runtime_synthesis / 1000, log.max_sat_runtime_synthesis / 1000,
      |             ^~~~~~~~~~~~~~~~~~~~~~~~~~~
src/opt/eslim/eSLIM.cpp:354:13: warning: format specifies type 'unsigned long' but the argument has type 'ABC_UINT64_T' (aka 'unsigned long long') [-Wformat]
  353 |       printf("Relation generation: #SAT-calls: %lu, Total SAT-time: %.2f sec, Max SAT-time: %.4f sec, Avg. SAT-time: %.4f sec\n",  
      |                                                ~~~
      |                                                %llu
  354 |             log.nof_sat_calls_relation_generation, log.cummulative_sat_runtime_relation_generation, log.max_sat_runtime_relation_generation, 
      |             ^~~~~~~~~~~~~~~~~~~~~~~~~~~~~~~~~~~~~
src/opt/eslim/eSLIM.cpp:296:5: note: in instantiation of member function 'eSLIM::eSLIMRun<eSLIM::WindowMan<eSLIM::DelayMinimizer, eSLIM::RandomizedBFSSelection<eSLIM::SubcircuitNoFBValidator, eSLIM::BaseRootSelector, eSLIM::ForwardSearch>>, eSLIM::DelayInprocessor<false>>::printLog' requested here
  296 |     printLog();
      |     ^
src/opt/eslim/eSLIM.cpp:215:15: note: in instantiation of member function 'eSLIM::eSLIMRun<eSLIM::WindowMan<eSLIM::DelayMinimizer, eSLIM::RandomizedBFSSelection<eSLIM::SubcircuitNoFBValidator, eSLIM::BaseRootSelector, eSLIM::ForwardSearch>>, eSLIM::DelayInprocessor<false>>::run' requested here
  215 |     eslim_run.run();
      |               ^
src/opt/eslim/eSLIM.cpp:513:45: note: in instantiation of member function 'eSLIM::eSLIMRun<eSLIM::WindowMan<eSLIM::DelayMinimizer, eSLIM::RandomizedBFSSelection<eSLIM::SubcircuitNoFBValidator, eSLIM::BaseRootSelector, eSLIM::ForwardSearch>>, eSLIM::DelayInprocessor<false>>::runeSLIM' requested here
  513 |     return eSLIMRun<Approach, Inprocessor>::runeSLIM(cir, params); 
      |                                             ^
src/opt/eslim/eSLIM.cpp:519:14: note: in instantiation of function template specialization 'eSLIM::runeSLIM<Gia_Man_t_, eSLIM::DelayInprocessor<false>, eSLIM::DelayMinimizer, eSLIM::WindowMan<eSLIM::DelayMinimizer, eSLIM::RandomizedBFSSelection<eSLIM::SubcircuitNoFBValidator, eSLIM::BaseRootSelector, eSLIM::ForwardSearch>>>' requested here
  519 |       return runeSLIM<Circuitrepresentation, Inprocessor, Minimizer, WindowMan<Minimizer, RandomizedBFSSelection<Validator, RootSelector, SearchDirection, BiasSelector>>>(cir, params);
      |              ^
src/opt/eslim/eSLIM.cpp:531:14: note: in instantiation of function template specialization 'eSLIM::toggleWindowing<Gia_Man_t_, eSLIM::DelayInprocessor<false>, eSLIM::DelayMinimizer, eSLIM::SubcircuitNoFBValidator, eSLIM::ForwardSearch, eSLIM::NoBiasSelector, eSLIM::BaseRootSelector>' requested here
  531 |       return toggleWindowing<Circuitrepresentation, Inprocessor, Minimizer, Validator, SearchDirection, BiasSelector, BaseRootSelector>(cir, params);
      |              ^
src/opt/eslim/eSLIM.cpp:540:14: note: in instantiation of function template specialization 'eSLIM::setTabooApproach<Gia_Man_t_, eSLIM::DelayInprocessor<false>, eSLIM::DelayMinimizer, eSLIM::SubcircuitNoFBValidator, eSLIM::ForwardSearch, eSLIM::NoBiasSelector>' requested here
  540 |       return setTabooApproach<Circuitrepresentation, Inprocessor, Minimizer, Validator, SearchDirection, NoBiasSelector>(cir, params);
      |              ^
src/opt/eslim/eSLIM.cpp:549:14: note: in instantiation of function template specialization 'eSLIM::setBiasApproach<Gia_Man_t_, eSLIM::DelayInprocessor<false>, eSLIM::DelayMinimizer, eSLIM::SubcircuitNoFBValidator, eSLIM::ForwardSearch>' requested here
  549 |       return setBiasApproach<Circuitrepresentation, Inprocessor, Minimizer, Validator, ForwardSearch>(cir, params);
      |              ^
src/opt/eslim/eSLIM.cpp:584:20: note: in instantiation of function template specialization 'eSLIM::setSearchDirection<Gia_Man_t_, eSLIM::DelayInprocessor<false>, eSLIM::DelayMinimizer, eSLIM::SubcircuitNoFBValidator>' requested here
  584 |             return setSearchDirection<Circuitrepresentation, DelayInprocessor<false>, DelayMinimizer, SubcircuitNoFBValidator>(cir, params);
      |                    ^
src/opt/eslim/eSLIM.cpp:601:17: note: in instantiation of function template specialization 'eSLIM::setMinimizer<Gia_Man_t_>' requested here
  601 |   return eSLIM::setMinimizer(cir, params);
      |                 ^
src/opt/eslim/eSLIM.cpp:610:10: note: in instantiation of function template specialization 'runeSLIM<Gia_Man_t_>' requested here
  610 |   return runeSLIM(pGia, params);
      |          ^
src/opt/eslim/eSLIM.cpp:357:13: warning: format specifies type 'unsigned long' but the argument has type 'ABC_UINT64_T' (aka 'unsigned long long') [-Wformat]
  356 |       printf("Synthesis: #SAT-calls: %lu, Total SAT-time: %.2f sec, Max SAT-time: %.4f sec, Avg. SAT-time: %.4f sec\n",  
      |                                      ~~~
      |                                      %llu
  357 |             log.nof_sat_calls_synthesis, log.cummulative_sat_runtime_synthesis / 1000, log.max_sat_runtime_synthesis / 1000,
      |             ^~~~~~~~~~~~~~~~~~~~~~~~~~~
src/opt/eslim/eSLIM.cpp:354:13: warning: format specifies type 'unsigned long' but the argument has type 'ABC_UINT64_T' (aka 'unsigned long long') [-Wformat]
  353 |       printf("Relation generation: #SAT-calls: %lu, Total SAT-time: %.2f sec, Max SAT-time: %.4f sec, Avg. SAT-time: %.4f sec\n",  
      |                                                ~~~
      |                                                %llu
  354 |             log.nof_sat_calls_relation_generation, log.cummulative_sat_runtime_relation_generation, log.max_sat_runtime_relation_generation, 
      |             ^~~~~~~~~~~~~~~~~~~~~~~~~~~~~~~~~~~~~
src/opt/eslim/eSLIM.cpp:296:5: note: in instantiation of member function 'eSLIM::eSLIMRun<eSLIM::eSLIM_Man<eSLIM::DelayMinimizer, eSLIM::RandomizedBFSSelection<eSLIM::SubcircuitNoFBValidator, eSLIM::BaseRootSelector, eSLIM::ForwardSearch>>, eSLIM::DelayInprocessor<false>>::printLog' requested here
  296 |     printLog();
      |     ^
src/opt/eslim/eSLIM.cpp:215:15: note: in instantiation of member function 'eSLIM::eSLIMRun<eSLIM::eSLIM_Man<eSLIM::DelayMinimizer, eSLIM::RandomizedBFSSelection<eSLIM::SubcircuitNoFBValidator, eSLIM::BaseRootSelector, eSLIM::ForwardSearch>>, eSLIM::DelayInprocessor<false>>::run' requested here
  215 |     eslim_run.run();
      |               ^
src/opt/eslim/eSLIM.cpp:513:45: note: in instantiation of member function 'eSLIM::eSLIMRun<eSLIM::eSLIM_Man<eSLIM::DelayMinimizer, eSLIM::RandomizedBFSSelection<eSLIM::SubcircuitNoFBValidator, eSLIM::BaseRootSelector, eSLIM::ForwardSearch>>, eSLIM::DelayInprocessor<false>>::runeSLIM' requested here
  513 |     return eSLIMRun<Approach, Inprocessor>::runeSLIM(cir, params); 
      |                                             ^
src/opt/eslim/eSLIM.cpp:521:14: note: in instantiation of function template specialization 'eSLIM::runeSLIM<Gia_Man_t_, eSLIM::DelayInprocessor<false>, eSLIM::DelayMinimizer, eSLIM::eSLIM_Man<eSLIM::DelayMinimizer, eSLIM::RandomizedBFSSelection<eSLIM::SubcircuitNoFBValidator, eSLIM::BaseRootSelector, eSLIM::ForwardSearch>>>' requested here
  521 |       return runeSLIM<Circuitrepresentation, Inprocessor, Minimizer, eSLIM_Man<Minimizer, RandomizedBFSSelection<Validator, RootSelector, SearchDirection, BiasSelector>>>(cir, params);
      |              ^
src/opt/eslim/eSLIM.cpp:531:14: note: in instantiation of function template specialization 'eSLIM::toggleWindowing<Gia_Man_t_, eSLIM::DelayInprocessor<false>, eSLIM::DelayMinimizer, eSLIM::SubcircuitNoFBValidator, eSLIM::ForwardSearch, eSLIM::NoBiasSelector, eSLIM::BaseRootSelector>' requested here
  531 |       return toggleWindowing<Circuitrepresentation, Inprocessor, Minimizer, Validator, SearchDirection, BiasSelector, BaseRootSelector>(cir, params);
      |              ^
src/opt/eslim/eSLIM.cpp:540:14: note: in instantiation of function template specialization 'eSLIM::setTabooApproach<Gia_Man_t_, eSLIM::DelayInprocessor<false>, eSLIM::DelayMinimizer, eSLIM::SubcircuitNoFBValidator, eSLIM::ForwardSearch, eSLIM::NoBiasSelector>' requested here
  540 |       return setTabooApproach<Circuitrepresentation, Inprocessor, Minimizer, Validator, SearchDirection, NoBiasSelector>(cir, params);
      |              ^
src/opt/eslim/eSLIM.cpp:549:14: note: in instantiation of function template specialization 'eSLIM::setBiasApproach<Gia_Man_t_, eSLIM::DelayInprocessor<false>, eSLIM::DelayMinimizer, eSLIM::SubcircuitNoFBValidator, eSLIM::ForwardSearch>' requested here
  549 |       return setBiasApproach<Circuitrepresentation, Inprocessor, Minimizer, Validator, ForwardSearch>(cir, params);
      |              ^
src/opt/eslim/eSLIM.cpp:584:20: note: in instantiation of function template specialization 'eSLIM::setSearchDirection<Gia_Man_t_, eSLIM::DelayInprocessor<false>, eSLIM::DelayMinimizer, eSLIM::SubcircuitNoFBValidator>' requested here
  584 |             return setSearchDirection<Circuitrepresentation, DelayInprocessor<false>, DelayMinimizer, SubcircuitNoFBValidator>(cir, params);
      |                    ^
src/opt/eslim/eSLIM.cpp:601:17: note: in instantiation of function template specialization 'eSLIM::setMinimizer<Gia_Man_t_>' requested here
  601 |   return eSLIM::setMinimizer(cir, params);
      |                 ^
src/opt/eslim/eSLIM.cpp:610:10: note: in instantiation of function template specialization 'runeSLIM<Gia_Man_t_>' requested here
  610 |   return runeSLIM(pGia, params);
      |          ^
src/opt/eslim/eSLIM.cpp:357:13: warning: format specifies type 'unsigned long' but the argument has type 'ABC_UINT64_T' (aka 'unsigned long long') [-Wformat]
  356 |       printf("Synthesis: #SAT-calls: %lu, Total SAT-time: %.2f sec, Max SAT-time: %.4f sec, Avg. SAT-time: %.4f sec\n",  
      |                                      ~~~
      |                                      %llu
  357 |             log.nof_sat_calls_synthesis, log.cummulative_sat_runtime_synthesis / 1000, log.max_sat_runtime_synthesis / 1000,
      |             ^~~~~~~~~~~~~~~~~~~~~~~~~~~
src/opt/eslim/eSLIM.cpp:354:13: warning: format specifies type 'unsigned long' but the argument has type 'ABC_UINT64_T' (aka 'unsigned long long') [-Wformat]
  353 |       printf("Relation generation: #SAT-calls: %lu, Total SAT-time: %.2f sec, Max SAT-time: %.4f sec, Avg. SAT-time: %.4f sec\n",  
      |                                                ~~~
      |                                                %llu
  354 |             log.nof_sat_calls_relation_generation, log.cummulative_sat_runtime_relation_generation, log.max_sat_runtime_relation_generation, 
      |             ^~~~~~~~~~~~~~~~~~~~~~~~~~~~~~~~~~~~~
src/opt/eslim/eSLIM.cpp:296:5: note: in instantiation of member function 'eSLIM::eSLIMRun<eSLIM::WindowMan<eSLIM::DelayMinimizer, eSLIM::RandomizedBFSSelection<eSLIM::SubcircuitNoFBValidator, eSLIM::CriticalPathSelector, eSLIM::BackwardSearch, eSLIM::CriticalPathBiasSelector>>, eSLIM::DelayInprocessor<false>>::printLog' requested here
  296 |     printLog();
      |     ^
src/opt/eslim/eSLIM.cpp:215:15: note: in instantiation of member function 'eSLIM::eSLIMRun<eSLIM::WindowMan<eSLIM::DelayMinimizer, eSLIM::RandomizedBFSSelection<eSLIM::SubcircuitNoFBValidator, eSLIM::CriticalPathSelector, eSLIM::BackwardSearch, eSLIM::CriticalPathBiasSelector>>, eSLIM::DelayInprocessor<false>>::run' requested here
  215 |     eslim_run.run();
      |               ^
src/opt/eslim/eSLIM.cpp:513:45: note: in instantiation of member function 'eSLIM::eSLIMRun<eSLIM::WindowMan<eSLIM::DelayMinimizer, eSLIM::RandomizedBFSSelection<eSLIM::SubcircuitNoFBValidator, eSLIM::CriticalPathSelector, eSLIM::BackwardSearch, eSLIM::CriticalPathBiasSelector>>, eSLIM::DelayInprocessor<false>>::runeSLIM' requested here
  513 |     return eSLIMRun<Approach, Inprocessor>::runeSLIM(cir, params); 
      |                                             ^
src/opt/eslim/eSLIM.cpp:519:14: note: in instantiation of function template specialization 'eSLIM::runeSLIM<Gia_Man_t_, eSLIM::DelayInprocessor<false>, eSLIM::DelayMinimizer, eSLIM::WindowMan<eSLIM::DelayMinimizer, eSLIM::RandomizedBFSSelection<eSLIM::SubcircuitNoFBValidator, eSLIM::CriticalPathSelector, eSLIM::BackwardSearch, eSLIM::CriticalPathBiasSelector>>>' requested here
  519 |       return runeSLIM<Circuitrepresentation, Inprocessor, Minimizer, WindowMan<Minimizer, RandomizedBFSSelection<Validator, RootSelector, SearchDirection, BiasSelector>>>(cir, params);
      |              ^
src/opt/eslim/eSLIM.cpp:538:14: note: in instantiation of function template specialization 'eSLIM::toggleWindowing<Gia_Man_t_, eSLIM::DelayInprocessor<false>, eSLIM::DelayMinimizer, eSLIM::SubcircuitNoFBValidator, eSLIM::BackwardSearch, eSLIM::CriticalPathBiasSelector, eSLIM::CriticalPathSelector>' requested here
  538 |       return toggleWindowing<Circuitrepresentation, Inprocessor, Minimizer, Validator, SearchDirection, CriticalPathBiasSelector, CriticalPathSelector>(cir, params);
      |              ^
src/opt/eslim/eSLIM.cpp:551:14: note: in instantiation of function template specialization 'eSLIM::setBiasApproach<Gia_Man_t_, eSLIM::DelayInprocessor<false>, eSLIM::DelayMinimizer, eSLIM::SubcircuitNoFBValidator, eSLIM::BackwardSearch>' requested here
  551 |       return setBiasApproach<Circuitrepresentation, Inprocessor, Minimizer, Validator, BackwardSearch>(cir, params);
      |              ^
src/opt/eslim/eSLIM.cpp:584:20: note: in instantiation of function template specialization 'eSLIM::setSearchDirection<Gia_Man_t_, eSLIM::DelayInprocessor<false>, eSLIM::DelayMinimizer, eSLIM::SubcircuitNoFBValidator>' requested here
  584 |             return setSearchDirection<Circuitrepresentation, DelayInprocessor<false>, DelayMinimizer, SubcircuitNoFBValidator>(cir, params);
      |                    ^
src/opt/eslim/eSLIM.cpp:601:17: note: in instantiation of function template specialization 'eSLIM::setMinimizer<Gia_Man_t_>' requested here
  601 |   return eSLIM::setMinimizer(cir, params);
      |                 ^
src/opt/eslim/eSLIM.cpp:610:10: note: in instantiation of function template specialization 'runeSLIM<Gia_Man_t_>' requested here
  610 |   return runeSLIM(pGia, params);
      |          ^
src/opt/eslim/eSLIM.cpp:357:13: warning: format specifies type 'unsigned long' but the argument has type 'ABC_UINT64_T' (aka 'unsigned long long') [-Wformat]
  356 |       printf("Synthesis: #SAT-calls: %lu, Total SAT-time: %.2f sec, Max SAT-time: %.4f sec, Avg. SAT-time: %.4f sec\n",  
      |                                      ~~~
      |                                      %llu
  357 |             log.nof_sat_calls_synthesis, log.cummulative_sat_runtime_synthesis / 1000, log.max_sat_runtime_synthesis / 1000,
      |             ^~~~~~~~~~~~~~~~~~~~~~~~~~~
src/opt/eslim/eSLIM.cpp:354:13: warning: format specifies type 'unsigned long' but the argument has type 'ABC_UINT64_T' (aka 'unsigned long long') [-Wformat]
  353 |       printf("Relation generation: #SAT-calls: %lu, Total SAT-time: %.2f sec, Max SAT-time: %.4f sec, Avg. SAT-time: %.4f sec\n",  
      |                                                ~~~
      |                                                %llu
  354 |             log.nof_sat_calls_relation_generation, log.cummulative_sat_runtime_relation_generation, log.max_sat_runtime_relation_generation, 
      |             ^~~~~~~~~~~~~~~~~~~~~~~~~~~~~~~~~~~~~
src/opt/eslim/eSLIM.cpp:296:5: note: in instantiation of member function 'eSLIM::eSLIMRun<eSLIM::eSLIM_Man<eSLIM::DelayMinimizer, eSLIM::RandomizedBFSSelection<eSLIM::SubcircuitNoFBValidator, eSLIM::CriticalPathSelector, eSLIM::BackwardSearch, eSLIM::CriticalPathBiasSelector>>, eSLIM::DelayInprocessor<false>>::printLog' requested here
  296 |     printLog();
      |     ^
src/opt/eslim/eSLIM.cpp:215:15: note: in instantiation of member function 'eSLIM::eSLIMRun<eSLIM::eSLIM_Man<eSLIM::DelayMinimizer, eSLIM::RandomizedBFSSelection<eSLIM::SubcircuitNoFBValidator, eSLIM::CriticalPathSelector, eSLIM::BackwardSearch, eSLIM::CriticalPathBiasSelector>>, eSLIM::DelayInprocessor<false>>::run' requested here
  215 |     eslim_run.run();
      |               ^
src/opt/eslim/eSLIM.cpp:513:45: note: in instantiation of member function 'eSLIM::eSLIMRun<eSLIM::eSLIM_Man<eSLIM::DelayMinimizer, eSLIM::RandomizedBFSSelection<eSLIM::SubcircuitNoFBValidator, eSLIM::CriticalPathSelector, eSLIM::BackwardSearch, eSLIM::CriticalPathBiasSelector>>, eSLIM::DelayInprocessor<false>>::runeSLIM' requested here
  513 |     return eSLIMRun<Approach, Inprocessor>::runeSLIM(cir, params); 
      |                                             ^
src/opt/eslim/eSLIM.cpp:521:14: note: in instantiation of function template specialization 'eSLIM::runeSLIM<Gia_Man_t_, eSLIM::DelayInprocessor<false>, eSLIM::DelayMinimizer, eSLIM::eSLIM_Man<eSLIM::DelayMinimizer, eSLIM::RandomizedBFSSelection<eSLIM::SubcircuitNoFBValidator, eSLIM::CriticalPathSelector, eSLIM::BackwardSearch, eSLIM::CriticalPathBiasSelector>>>' requested here
  521 |       return runeSLIM<Circuitrepresentation, Inprocessor, Minimizer, eSLIM_Man<Minimizer, RandomizedBFSSelection<Validator, RootSelector, SearchDirection, BiasSelector>>>(cir, params);
      |              ^
src/opt/eslim/eSLIM.cpp:538:14: note: in instantiation of function template specialization 'eSLIM::toggleWindowing<Gia_Man_t_, eSLIM::DelayInprocessor<false>, eSLIM::DelayMinimizer, eSLIM::SubcircuitNoFBValidator, eSLIM::BackwardSearch, eSLIM::CriticalPathBiasSelector, eSLIM::CriticalPathSelector>' requested here
  538 |       return toggleWindowing<Circuitrepresentation, Inprocessor, Minimizer, Validator, SearchDirection, CriticalPathBiasSelector, CriticalPathSelector>(cir, params);
      |              ^
src/opt/eslim/eSLIM.cpp:551:14: note: in instantiation of function template specialization 'eSLIM::setBiasApproach<Gia_Man_t_, eSLIM::DelayInprocessor<false>, eSLIM::DelayMinimizer, eSLIM::SubcircuitNoFBValidator, eSLIM::BackwardSearch>' requested here
  551 |       return setBiasApproach<Circuitrepresentation, Inprocessor, Minimizer, Validator, BackwardSearch>(cir, params);
      |              ^
src/opt/eslim/eSLIM.cpp:584:20: note: in instantiation of function template specialization 'eSLIM::setSearchDirection<Gia_Man_t_, eSLIM::DelayInprocessor<false>, eSLIM::DelayMinimizer, eSLIM::SubcircuitNoFBValidator>' requested here
  584 |             return setSearchDirection<Circuitrepresentation, DelayInprocessor<false>, DelayMinimizer, SubcircuitNoFBValidator>(cir, params);
      |                    ^
src/opt/eslim/eSLIM.cpp:601:17: note: in instantiation of function template specialization 'eSLIM::setMinimizer<Gia_Man_t_>' requested here
  601 |   return eSLIM::setMinimizer(cir, params);
      |                 ^
src/opt/eslim/eSLIM.cpp:610:10: note: in instantiation of function template specialization 'runeSLIM<Gia_Man_t_>' requested here
  610 |   return runeSLIM(pGia, params);
      |          ^
src/opt/eslim/eSLIM.cpp:357:13: warning: format specifies type 'unsigned long' but the argument has type 'ABC_UINT64_T' (aka 'unsigned long long') [-Wformat]
  356 |       printf("Synthesis: #SAT-calls: %lu, Total SAT-time: %.2f sec, Max SAT-time: %.4f sec, Avg. SAT-time: %.4f sec\n",  
      |                                      ~~~
      |                                      %llu
  357 |             log.nof_sat_calls_synthesis, log.cummulative_sat_runtime_synthesis / 1000, log.max_sat_runtime_synthesis / 1000,
      |             ^~~~~~~~~~~~~~~~~~~~~~~~~~~
src/opt/eslim/eSLIM.cpp:354:13: warning: format specifies type 'unsigned long' but the argument has type 'ABC_UINT64_T' (aka 'unsigned long long') [-Wformat]
  353 |       printf("Relation generation: #SAT-calls: %lu, Total SAT-time: %.2f sec, Max SAT-time: %.4f sec, Avg. SAT-time: %.4f sec\n",  
      |                                                ~~~
      |                                                %llu
  354 |             log.nof_sat_calls_relation_generation, log.cummulative_sat_runtime_relation_generation, log.max_sat_runtime_relation_generation, 
      |             ^~~~~~~~~~~~~~~~~~~~~~~~~~~~~~~~~~~~~
src/opt/eslim/eSLIM.cpp:296:5: note: in instantiation of member function 'eSLIM::eSLIMRun<eSLIM::WindowMan<eSLIM::DelayMinimizer, eSLIM::RandomizedBFSSelection<eSLIM::SubcircuitNoFBValidator, eSLIM::TabooRootSelector, eSLIM::BackwardSearch>>, eSLIM::DelayInprocessor<false>>::printLog' requested here
  296 |     printLog();
      |     ^
src/opt/eslim/eSLIM.cpp:215:15: note: in instantiation of member function 'eSLIM::eSLIMRun<eSLIM::WindowMan<eSLIM::DelayMinimizer, eSLIM::RandomizedBFSSelection<eSLIM::SubcircuitNoFBValidator, eSLIM::TabooRootSelector, eSLIM::BackwardSearch>>, eSLIM::DelayInprocessor<false>>::run' requested here
  215 |     eslim_run.run();
      |               ^
src/opt/eslim/eSLIM.cpp:513:45: note: in instantiation of member function 'eSLIM::eSLIMRun<eSLIM::WindowMan<eSLIM::DelayMinimizer, eSLIM::RandomizedBFSSelection<eSLIM::SubcircuitNoFBValidator, eSLIM::TabooRootSelector, eSLIM::BackwardSearch>>, eSLIM::DelayInprocessor<false>>::runeSLIM' requested here
  513 |     return eSLIMRun<Approach, Inprocessor>::runeSLIM(cir, params); 
      |                                             ^
src/opt/eslim/eSLIM.cpp:519:14: note: in instantiation of function template specialization 'eSLIM::runeSLIM<Gia_Man_t_, eSLIM::DelayInprocessor<false>, eSLIM::DelayMinimizer, eSLIM::WindowMan<eSLIM::DelayMinimizer, eSLIM::RandomizedBFSSelection<eSLIM::SubcircuitNoFBValidator, eSLIM::TabooRootSelector, eSLIM::BackwardSearch>>>' requested here
  519 |       return runeSLIM<Circuitrepresentation, Inprocessor, Minimizer, WindowMan<Minimizer, RandomizedBFSSelection<Validator, RootSelector, SearchDirection, BiasSelector>>>(cir, params);
      |              ^
src/opt/eslim/eSLIM.cpp:529:14: note: in instantiation of function template specialization 'eSLIM::toggleWindowing<Gia_Man_t_, eSLIM::DelayInprocessor<false>, eSLIM::DelayMinimizer, eSLIM::SubcircuitNoFBValidator, eSLIM::BackwardSearch, eSLIM::NoBiasSelector, eSLIM::TabooRootSelector>' requested here
  529 |       return toggleWindowing<Circuitrepresentation, Inprocessor, Minimizer, Validator, SearchDirection, BiasSelector, TabooRootSelector>(cir, params);
      |              ^
src/opt/eslim/eSLIM.cpp:540:14: note: in instantiation of function template specialization 'eSLIM::setTabooApproach<Gia_Man_t_, eSLIM::DelayInprocessor<false>, eSLIM::DelayMinimizer, eSLIM::SubcircuitNoFBValidator, eSLIM::BackwardSearch, eSLIM::NoBiasSelector>' requested here
  540 |       return setTabooApproach<Circuitrepresentation, Inprocessor, Minimizer, Validator, SearchDirection, NoBiasSelector>(cir, params);
      |              ^
src/opt/eslim/eSLIM.cpp:551:14: note: in instantiation of function template specialization 'eSLIM::setBiasApproach<Gia_Man_t_, eSLIM::DelayInprocessor<false>, eSLIM::DelayMinimizer, eSLIM::SubcircuitNoFBValidator, eSLIM::BackwardSearch>' requested here
  551 |       return setBiasApproach<Circuitrepresentation, Inprocessor, Minimizer, Validator, BackwardSearch>(cir, params);
      |              ^
src/opt/eslim/eSLIM.cpp:584:20: note: in instantiation of function template specialization 'eSLIM::setSearchDirection<Gia_Man_t_, eSLIM::DelayInprocessor<false>, eSLIM::DelayMinimizer, eSLIM::SubcircuitNoFBValidator>' requested here
  584 |             return setSearchDirection<Circuitrepresentation, DelayInprocessor<false>, DelayMinimizer, SubcircuitNoFBValidator>(cir, params);
      |                    ^
src/opt/eslim/eSLIM.cpp:601:17: note: in instantiation of function template specialization 'eSLIM::setMinimizer<Gia_Man_t_>' requested here
  601 |   return eSLIM::setMinimizer(cir, params);
      |                 ^
src/opt/eslim/eSLIM.cpp:610:10: note: in instantiation of function template specialization 'runeSLIM<Gia_Man_t_>' requested here
  610 |   return runeSLIM(pGia, params);
      |          ^
src/opt/eslim/eSLIM.cpp:357:13: warning: format specifies type 'unsigned long' but the argument has type 'ABC_UINT64_T' (aka 'unsigned long long') [-Wformat]
  356 |       printf("Synthesis: #SAT-calls: %lu, Total SAT-time: %.2f sec, Max SAT-time: %.4f sec, Avg. SAT-time: %.4f sec\n",  
      |                                      ~~~
      |                                      %llu
  357 |             log.nof_sat_calls_synthesis, log.cummulative_sat_runtime_synthesis / 1000, log.max_sat_runtime_synthesis / 1000,
      |             ^~~~~~~~~~~~~~~~~~~~~~~~~~~
src/opt/eslim/eSLIM.cpp:354:13: warning: format specifies type 'unsigned long' but the argument has type 'ABC_UINT64_T' (aka 'unsigned long long') [-Wformat]
  353 |       printf("Relation generation: #SAT-calls: %lu, Total SAT-time: %.2f sec, Max SAT-time: %.4f sec, Avg. SAT-time: %.4f sec\n",  
      |                                                ~~~
      |                                                %llu
  354 |             log.nof_sat_calls_relation_generation, log.cummulative_sat_runtime_relation_generation, log.max_sat_runtime_relation_generation, 
      |             ^~~~~~~~~~~~~~~~~~~~~~~~~~~~~~~~~~~~~
src/opt/eslim/eSLIM.cpp:296:5: note: in instantiation of member function 'eSLIM::eSLIMRun<eSLIM::eSLIM_Man<eSLIM::DelayMinimizer, eSLIM::RandomizedBFSSelection<eSLIM::SubcircuitNoFBValidator, eSLIM::TabooRootSelector, eSLIM::BackwardSearch>>, eSLIM::DelayInprocessor<false>>::printLog' requested here
  296 |     printLog();
      |     ^
src/opt/eslim/eSLIM.cpp:215:15: note: in instantiation of member function 'eSLIM::eSLIMRun<eSLIM::eSLIM_Man<eSLIM::DelayMinimizer, eSLIM::RandomizedBFSSelection<eSLIM::SubcircuitNoFBValidator, eSLIM::TabooRootSelector, eSLIM::BackwardSearch>>, eSLIM::DelayInprocessor<false>>::run' requested here
  215 |     eslim_run.run();
      |               ^
src/opt/eslim/eSLIM.cpp:513:45: note: in instantiation of member function 'eSLIM::eSLIMRun<eSLIM::eSLIM_Man<eSLIM::DelayMinimizer, eSLIM::RandomizedBFSSelection<eSLIM::SubcircuitNoFBValidator, eSLIM::TabooRootSelector, eSLIM::BackwardSearch>>, eSLIM::DelayInprocessor<false>>::runeSLIM' requested here
  513 |     return eSLIMRun<Approach, Inprocessor>::runeSLIM(cir, params); 
      |                                             ^
src/opt/eslim/eSLIM.cpp:521:14: note: in instantiation of function template specialization 'eSLIM::runeSLIM<Gia_Man_t_, eSLIM::DelayInprocessor<false>, eSLIM::DelayMinimizer, eSLIM::eSLIM_Man<eSLIM::DelayMinimizer, eSLIM::RandomizedBFSSelection<eSLIM::SubcircuitNoFBValidator, eSLIM::TabooRootSelector, eSLIM::BackwardSearch>>>' requested here
  521 |       return runeSLIM<Circuitrepresentation, Inprocessor, Minimizer, eSLIM_Man<Minimizer, RandomizedBFSSelection<Validator, RootSelector, SearchDirection, BiasSelector>>>(cir, params);
      |              ^
src/opt/eslim/eSLIM.cpp:529:14: note: in instantiation of function template specialization 'eSLIM::toggleWindowing<Gia_Man_t_, eSLIM::DelayInprocessor<false>, eSLIM::DelayMinimizer, eSLIM::SubcircuitNoFBValidator, eSLIM::BackwardSearch, eSLIM::NoBiasSelector, eSLIM::TabooRootSelector>' requested here
  529 |       return toggleWindowing<Circuitrepresentation, Inprocessor, Minimizer, Validator, SearchDirection, BiasSelector, TabooRootSelector>(cir, params);
      |              ^
src/opt/eslim/eSLIM.cpp:540:14: note: in instantiation of function template specialization 'eSLIM::setTabooApproach<Gia_Man_t_, eSLIM::DelayInprocessor<false>, eSLIM::DelayMinimizer, eSLIM::SubcircuitNoFBValidator, eSLIM::BackwardSearch, eSLIM::NoBiasSelector>' requested here
  540 |       return setTabooApproach<Circuitrepresentation, Inprocessor, Minimizer, Validator, SearchDirection, NoBiasSelector>(cir, params);
      |              ^
src/opt/eslim/eSLIM.cpp:551:14: note: in instantiation of function template specialization 'eSLIM::setBiasApproach<Gia_Man_t_, eSLIM::DelayInprocessor<false>, eSLIM::DelayMinimizer, eSLIM::SubcircuitNoFBValidator, eSLIM::BackwardSearch>' requested here
  551 |       return setBiasApproach<Circuitrepresentation, Inprocessor, Minimizer, Validator, BackwardSearch>(cir, params);
      |              ^
src/opt/eslim/eSLIM.cpp:584:20: note: in instantiation of function template specialization 'eSLIM::setSearchDirection<Gia_Man_t_, eSLIM::DelayInprocessor<false>, eSLIM::DelayMinimizer, eSLIM::SubcircuitNoFBValidator>' requested here
  584 |             return setSearchDirection<Circuitrepresentation, DelayInprocessor<false>, DelayMinimizer, SubcircuitNoFBValidator>(cir, params);
      |                    ^
src/opt/eslim/eSLIM.cpp:601:17: note: in instantiation of function template specialization 'eSLIM::setMinimizer<Gia_Man_t_>' requested here
  601 |   return eSLIM::setMinimizer(cir, params);
      |                 ^
src/opt/eslim/eSLIM.cpp:610:10: note: in instantiation of function template specialization 'runeSLIM<Gia_Man_t_>' requested here
  610 |   return runeSLIM(pGia, params);
      |          ^
src/opt/eslim/eSLIM.cpp:357:13: warning: format specifies type 'unsigned long' but the argument has type 'ABC_UINT64_T' (aka 'unsigned long long') [-Wformat]
  356 |       printf("Synthesis: #SAT-calls: %lu, Total SAT-time: %.2f sec, Max SAT-time: %.4f sec, Avg. SAT-time: %.4f sec\n",  
      |                                      ~~~
      |                                      %llu
  357 |             log.nof_sat_calls_synthesis, log.cummulative_sat_runtime_synthesis / 1000, log.max_sat_runtime_synthesis / 1000,
      |             ^~~~~~~~~~~~~~~~~~~~~~~~~~~
src/opt/eslim/eSLIM.cpp:354:13: warning: format specifies type 'unsigned long' but the argument has type 'ABC_UINT64_T' (aka 'unsigned long long') [-Wformat]
  353 |       printf("Relation generation: #SAT-calls: %lu, Total SAT-time: %.2f sec, Max SAT-time: %.4f sec, Avg. SAT-time: %.4f sec\n",  
      |                                                ~~~
      |                                                %llu
  354 |             log.nof_sat_calls_relation_generation, log.cummulative_sat_runtime_relation_generation, log.max_sat_runtime_relation_generation, 
      |             ^~~~~~~~~~~~~~~~~~~~~~~~~~~~~~~~~~~~~
src/opt/eslim/eSLIM.cpp:296:5: note: in instantiation of member function 'eSLIM::eSLIMRun<eSLIM::WindowMan<eSLIM::DelayMinimizer, eSLIM::RandomizedBFSSelection<eSLIM::SubcircuitNoFBValidator, eSLIM::BaseRootSelector, eSLIM::BackwardSearch>>, eSLIM::DelayInprocessor<false>>::printLog' requested here
  296 |     printLog();
      |     ^
src/opt/eslim/eSLIM.cpp:215:15: note: in instantiation of member function 'eSLIM::eSLIMRun<eSLIM::WindowMan<eSLIM::DelayMinimizer, eSLIM::RandomizedBFSSelection<eSLIM::SubcircuitNoFBValidator, eSLIM::BaseRootSelector, eSLIM::BackwardSearch>>, eSLIM::DelayInprocessor<false>>::run' requested here
  215 |     eslim_run.run();
      |               ^
src/opt/eslim/eSLIM.cpp:513:45: note: in instantiation of member function 'eSLIM::eSLIMRun<eSLIM::WindowMan<eSLIM::DelayMinimizer, eSLIM::RandomizedBFSSelection<eSLIM::SubcircuitNoFBValidator, eSLIM::BaseRootSelector, eSLIM::BackwardSearch>>, eSLIM::DelayInprocessor<false>>::runeSLIM' requested here
  513 |     return eSLIMRun<Approach, Inprocessor>::runeSLIM(cir, params); 
      |                                             ^
src/opt/eslim/eSLIM.cpp:519:14: note: in instantiation of function template specialization 'eSLIM::runeSLIM<Gia_Man_t_, eSLIM::DelayInprocessor<false>, eSLIM::DelayMinimizer, eSLIM::WindowMan<eSLIM::DelayMinimizer, eSLIM::RandomizedBFSSelection<eSLIM::SubcircuitNoFBValidator, eSLIM::BaseRootSelector, eSLIM::BackwardSearch>>>' requested here
  519 |       return runeSLIM<Circuitrepresentation, Inprocessor, Minimizer, WindowMan<Minimizer, RandomizedBFSSelection<Validator, RootSelector, SearchDirection, BiasSelector>>>(cir, params);
      |              ^
src/opt/eslim/eSLIM.cpp:531:14: note: in instantiation of function template specialization 'eSLIM::toggleWindowing<Gia_Man_t_, eSLIM::DelayInprocessor<false>, eSLIM::DelayMinimizer, eSLIM::SubcircuitNoFBValidator, eSLIM::BackwardSearch, eSLIM::NoBiasSelector, eSLIM::BaseRootSelector>' requested here
  531 |       return toggleWindowing<Circuitrepresentation, Inprocessor, Minimizer, Validator, SearchDirection, BiasSelector, BaseRootSelector>(cir, params);
      |              ^
src/opt/eslim/eSLIM.cpp:540:14: note: in instantiation of function template specialization 'eSLIM::setTabooApproach<Gia_Man_t_, eSLIM::DelayInprocessor<false>, eSLIM::DelayMinimizer, eSLIM::SubcircuitNoFBValidator, eSLIM::BackwardSearch, eSLIM::NoBiasSelector>' requested here
  540 |       return setTabooApproach<Circuitrepresentation, Inprocessor, Minimizer, Validator, SearchDirection, NoBiasSelector>(cir, params);
      |              ^
src/opt/eslim/eSLIM.cpp:551:14: note: in instantiation of function template specialization 'eSLIM::setBiasApproach<Gia_Man_t_, eSLIM::DelayInprocessor<false>, eSLIM::DelayMinimizer, eSLIM::SubcircuitNoFBValidator, eSLIM::BackwardSearch>' requested here
  551 |       return setBiasApproach<Circuitrepresentation, Inprocessor, Minimizer, Validator, BackwardSearch>(cir, params);
      |              ^
src/opt/eslim/eSLIM.cpp:584:20: note: in instantiation of function template specialization 'eSLIM::setSearchDirection<Gia_Man_t_, eSLIM::DelayInprocessor<false>, eSLIM::DelayMinimizer, eSLIM::SubcircuitNoFBValidator>' requested here
  584 |             return setSearchDirection<Circuitrepresentation, DelayInprocessor<false>, DelayMinimizer, SubcircuitNoFBValidator>(cir, params);
      |                    ^
src/opt/eslim/eSLIM.cpp:601:17: note: in instantiation of function template specialization 'eSLIM::setMinimizer<Gia_Man_t_>' requested here
  601 |   return eSLIM::setMinimizer(cir, params);
      |                 ^
src/opt/eslim/eSLIM.cpp:610:10: note: in instantiation of function template specialization 'runeSLIM<Gia_Man_t_>' requested here
  610 |   return runeSLIM(pGia, params);
      |          ^
src/opt/eslim/eSLIM.cpp:357:13: warning: format specifies type 'unsigned long' but the argument has type 'ABC_UINT64_T' (aka 'unsigned long long') [-Wformat]
  356 |       printf("Synthesis: #SAT-calls: %lu, Total SAT-time: %.2f sec, Max SAT-time: %.4f sec, Avg. SAT-time: %.4f sec\n",  
      |                                      ~~~
      |                                      %llu
  357 |             log.nof_sat_calls_synthesis, log.cummulative_sat_runtime_synthesis / 1000, log.max_sat_runtime_synthesis / 1000,
      |             ^~~~~~~~~~~~~~~~~~~~~~~~~~~
src/opt/eslim/eSLIM.cpp:354:13: warning: format specifies type 'unsigned long' but the argument has type 'ABC_UINT64_T' (aka 'unsigned long long') [-Wformat]
  353 |       printf("Relation generation: #SAT-calls: %lu, Total SAT-time: %.2f sec, Max SAT-time: %.4f sec, Avg. SAT-time: %.4f sec\n",  
      |                                                ~~~
      |                                                %llu
  354 |             log.nof_sat_calls_relation_generation, log.cummulative_sat_runtime_relation_generation, log.max_sat_runtime_relation_generation, 
      |             ^~~~~~~~~~~~~~~~~~~~~~~~~~~~~~~~~~~~~
src/opt/eslim/eSLIM.cpp:296:5: note: in instantiation of member function 'eSLIM::eSLIMRun<eSLIM::eSLIM_Man<eSLIM::DelayMinimizer, eSLIM::RandomizedBFSSelection<eSLIM::SubcircuitNoFBValidator, eSLIM::BaseRootSelector, eSLIM::BackwardSearch>>, eSLIM::DelayInprocessor<false>>::printLog' requested here
  296 |     printLog();
      |     ^
src/opt/eslim/eSLIM.cpp:215:15: note: in instantiation of member function 'eSLIM::eSLIMRun<eSLIM::eSLIM_Man<eSLIM::DelayMinimizer, eSLIM::RandomizedBFSSelection<eSLIM::SubcircuitNoFBValidator, eSLIM::BaseRootSelector, eSLIM::BackwardSearch>>, eSLIM::DelayInprocessor<false>>::run' requested here
  215 |     eslim_run.run();
      |               ^
src/opt/eslim/eSLIM.cpp:513:45: note: in instantiation of member function 'eSLIM::eSLIMRun<eSLIM::eSLIM_Man<eSLIM::DelayMinimizer, eSLIM::RandomizedBFSSelection<eSLIM::SubcircuitNoFBValidator, eSLIM::BaseRootSelector, eSLIM::BackwardSearch>>, eSLIM::DelayInprocessor<false>>::runeSLIM' requested here
  513 |     return eSLIMRun<Approach, Inprocessor>::runeSLIM(cir, params); 
      |                                             ^
src/opt/eslim/eSLIM.cpp:521:14: note: in instantiation of function template specialization 'eSLIM::runeSLIM<Gia_Man_t_, eSLIM::DelayInprocessor<false>, eSLIM::DelayMinimizer, eSLIM::eSLIM_Man<eSLIM::DelayMinimizer, eSLIM::RandomizedBFSSelection<eSLIM::SubcircuitNoFBValidator, eSLIM::BaseRootSelector, eSLIM::BackwardSearch>>>' requested here
  521 |       return runeSLIM<Circuitrepresentation, Inprocessor, Minimizer, eSLIM_Man<Minimizer, RandomizedBFSSelection<Validator, RootSelector, SearchDirection, BiasSelector>>>(cir, params);
      |              ^
src/opt/eslim/eSLIM.cpp:531:14: note: in instantiation of function template specialization 'eSLIM::toggleWindowing<Gia_Man_t_, eSLIM::DelayInprocessor<false>, eSLIM::DelayMinimizer, eSLIM::SubcircuitNoFBValidator, eSLIM::BackwardSearch, eSLIM::NoBiasSelector, eSLIM::BaseRootSelector>' requested here
  531 |       return toggleWindowing<Circuitrepresentation, Inprocessor, Minimizer, Validator, SearchDirection, BiasSelector, BaseRootSelector>(cir, params);
      |              ^
src/opt/eslim/eSLIM.cpp:540:14: note: in instantiation of function template specialization 'eSLIM::setTabooApproach<Gia_Man_t_, eSLIM::DelayInprocessor<false>, eSLIM::DelayMinimizer, eSLIM::SubcircuitNoFBValidator, eSLIM::BackwardSearch, eSLIM::NoBiasSelector>' requested here
  540 |       return setTabooApproach<Circuitrepresentation, Inprocessor, Minimizer, Validator, SearchDirection, NoBiasSelector>(cir, params);
      |              ^
src/opt/eslim/eSLIM.cpp:551:14: note: in instantiation of function template specialization 'eSLIM::setBiasApproach<Gia_Man_t_, eSLIM::DelayInprocessor<false>, eSLIM::DelayMinimizer, eSLIM::SubcircuitNoFBValidator, eSLIM::BackwardSearch>' requested here
  551 |       return setBiasApproach<Circuitrepresentation, Inprocessor, Minimizer, Validator, BackwardSearch>(cir, params);
      |              ^
src/opt/eslim/eSLIM.cpp:584:20: note: in instantiation of function template specialization 'eSLIM::setSearchDirection<Gia_Man_t_, eSLIM::DelayInprocessor<false>, eSLIM::DelayMinimizer, eSLIM::SubcircuitNoFBValidator>' requested here
  584 |             return setSearchDirection<Circuitrepresentation, DelayInprocessor<false>, DelayMinimizer, SubcircuitNoFBValidator>(cir, params);
      |                    ^
src/opt/eslim/eSLIM.cpp:601:17: note: in instantiation of function template specialization 'eSLIM::setMinimizer<Gia_Man_t_>' requested here
  601 |   return eSLIM::setMinimizer(cir, params);
      |                 ^
src/opt/eslim/eSLIM.cpp:610:10: note: in instantiation of function template specialization 'runeSLIM<Gia_Man_t_>' requested here
  610 |   return runeSLIM(pGia, params);
      |          ^
src/opt/eslim/eSLIM.cpp:357:13: warning: format specifies type 'unsigned long' but the argument has type 'ABC_UINT64_T' (aka 'unsigned long long') [-Wformat]
  356 |       printf("Synthesis: #SAT-calls: %lu, Total SAT-time: %.2f sec, Max SAT-time: %.4f sec, Avg. SAT-time: %.4f sec\n",  
      |                                      ~~~
      |                                      %llu
  357 |             log.nof_sat_calls_synthesis, log.cummulative_sat_runtime_synthesis / 1000, log.max_sat_runtime_synthesis / 1000,
      |             ^~~~~~~~~~~~~~~~~~~~~~~~~~~
src/opt/eslim/eSLIM.cpp:354:13: warning: format specifies type 'unsigned long' but the argument has type 'ABC_UINT64_T' (aka 'unsigned long long') [-Wformat]
  353 |       printf("Relation generation: #SAT-calls: %lu, Total SAT-time: %.2f sec, Max SAT-time: %.4f sec, Avg. SAT-time: %.4f sec\n",  
      |                                                ~~~
      |                                                %llu
  354 |             log.nof_sat_calls_relation_generation, log.cummulative_sat_runtime_relation_generation, log.max_sat_runtime_relation_generation, 
      |             ^~~~~~~~~~~~~~~~~~~~~~~~~~~~~~~~~~~~~
src/opt/eslim/eSLIM.cpp:296:5: note: in instantiation of member function 'eSLIM::eSLIMRun<eSLIM::WindowMan<eSLIM::DelayMinimizer, eSLIM::RandomizedBFSSelection<eSLIM::SubcircuitNoFBValidator, eSLIM::CriticalPathSelector, eSLIM::ForwardSearch, eSLIM::CriticalPathBiasSelector>>, eSLIM::EmptyInprocessor>::printLog' requested here
  296 |     printLog();
      |     ^
src/opt/eslim/eSLIM.cpp:215:15: note: in instantiation of member function 'eSLIM::eSLIMRun<eSLIM::WindowMan<eSLIM::DelayMinimizer, eSLIM::RandomizedBFSSelection<eSLIM::SubcircuitNoFBValidator, eSLIM::CriticalPathSelector, eSLIM::ForwardSearch, eSLIM::CriticalPathBiasSelector>>, eSLIM::EmptyInprocessor>::run' requested here
  215 |     eslim_run.run();
      |               ^
src/opt/eslim/eSLIM.cpp:513:45: note: in instantiation of member function 'eSLIM::eSLIMRun<eSLIM::WindowMan<eSLIM::DelayMinimizer, eSLIM::RandomizedBFSSelection<eSLIM::SubcircuitNoFBValidator, eSLIM::CriticalPathSelector, eSLIM::ForwardSearch, eSLIM::CriticalPathBiasSelector>>, eSLIM::EmptyInprocessor>::runeSLIM' requested here
  513 |     return eSLIMRun<Approach, Inprocessor>::runeSLIM(cir, params); 
      |                                             ^
src/opt/eslim/eSLIM.cpp:519:14: note: in instantiation of function template specialization 'eSLIM::runeSLIM<Gia_Man_t_, eSLIM::EmptyInprocessor, eSLIM::DelayMinimizer, eSLIM::WindowMan<eSLIM::DelayMinimizer, eSLIM::RandomizedBFSSelection<eSLIM::SubcircuitNoFBValidator, eSLIM::CriticalPathSelector, eSLIM::ForwardSearch, eSLIM::CriticalPathBiasSelector>>>' requested here
  519 |       return runeSLIM<Circuitrepresentation, Inprocessor, Minimizer, WindowMan<Minimizer, RandomizedBFSSelection<Validator, RootSelector, SearchDirection, BiasSelector>>>(cir, params);
      |              ^
src/opt/eslim/eSLIM.cpp:538:14: note: in instantiation of function template specialization 'eSLIM::toggleWindowing<Gia_Man_t_, eSLIM::EmptyInprocessor, eSLIM::DelayMinimizer, eSLIM::SubcircuitNoFBValidator, eSLIM::ForwardSearch, eSLIM::CriticalPathBiasSelector, eSLIM::CriticalPathSelector>' requested here
  538 |       return toggleWindowing<Circuitrepresentation, Inprocessor, Minimizer, Validator, SearchDirection, CriticalPathBiasSelector, CriticalPathSelector>(cir, params);
      |              ^
src/opt/eslim/eSLIM.cpp:549:14: note: in instantiation of function template specialization 'eSLIM::setBiasApproach<Gia_Man_t_, eSLIM::EmptyInprocessor, eSLIM::DelayMinimizer, eSLIM::SubcircuitNoFBValidator, eSLIM::ForwardSearch>' requested here
  549 |       return setBiasApproach<Circuitrepresentation, Inprocessor, Minimizer, Validator, ForwardSearch>(cir, params);
      |              ^
src/opt/eslim/eSLIM.cpp:587:16: note: in instantiation of function template specialization 'eSLIM::setSearchDirection<Gia_Man_t_, eSLIM::EmptyInprocessor, eSLIM::DelayMinimizer, eSLIM::SubcircuitNoFBValidator>' requested here
  587 |         return setSearchDirection<Circuitrepresentation, EmptyInprocessor, DelayMinimizer, SubcircuitNoFBValidator>(cir, params);
      |                ^
src/opt/eslim/eSLIM.cpp:601:17: note: in instantiation of function template specialization 'eSLIM::setMinimizer<Gia_Man_t_>' requested here
  601 |   return eSLIM::setMinimizer(cir, params);
      |                 ^
src/opt/eslim/eSLIM.cpp:610:10: note: in instantiation of function template specialization 'runeSLIM<Gia_Man_t_>' requested here
  610 |   return runeSLIM(pGia, params);
      |          ^
src/opt/eslim/eSLIM.cpp:357:13: warning: format specifies type 'unsigned long' but the argument has type 'ABC_UINT64_T' (aka 'unsigned long long') [-Wformat]
  356 |       printf("Synthesis: #SAT-calls: %lu, Total SAT-time: %.2f sec, Max SAT-time: %.4f sec, Avg. SAT-time: %.4f sec\n",  
      |                                      ~~~
      |                                      %llu
  357 |             log.nof_sat_calls_synthesis, log.cummulative_sat_runtime_synthesis / 1000, log.max_sat_runtime_synthesis / 1000,
      |             ^~~~~~~~~~~~~~~~~~~~~~~~~~~
src/opt/eslim/eSLIM.cpp:354:13: warning: format specifies type 'unsigned long' but the argument has type 'ABC_UINT64_T' (aka 'unsigned long long') [-Wformat]
  353 |       printf("Relation generation: #SAT-calls: %lu, Total SAT-time: %.2f sec, Max SAT-time: %.4f sec, Avg. SAT-time: %.4f sec\n",  
      |                                                ~~~
      |                                                %llu
  354 |             log.nof_sat_calls_relation_generation, log.cummulative_sat_runtime_relation_generation, log.max_sat_runtime_relation_generation, 
      |             ^~~~~~~~~~~~~~~~~~~~~~~~~~~~~~~~~~~~~
src/opt/eslim/eSLIM.cpp:296:5: note: in instantiation of member function 'eSLIM::eSLIMRun<eSLIM::eSLIM_Man<eSLIM::DelayMinimizer, eSLIM::RandomizedBFSSelection<eSLIM::SubcircuitNoFBValidator, eSLIM::CriticalPathSelector, eSLIM::ForwardSearch, eSLIM::CriticalPathBiasSelector>>, eSLIM::EmptyInprocessor>::printLog' requested here
  296 |     printLog();
      |     ^
src/opt/eslim/eSLIM.cpp:215:15: note: in instantiation of member function 'eSLIM::eSLIMRun<eSLIM::eSLIM_Man<eSLIM::DelayMinimizer, eSLIM::RandomizedBFSSelection<eSLIM::SubcircuitNoFBValidator, eSLIM::CriticalPathSelector, eSLIM::ForwardSearch, eSLIM::CriticalPathBiasSelector>>, eSLIM::EmptyInprocessor>::run' requested here
  215 |     eslim_run.run();
      |               ^
src/opt/eslim/eSLIM.cpp:513:45: note: in instantiation of member function 'eSLIM::eSLIMRun<eSLIM::eSLIM_Man<eSLIM::DelayMinimizer, eSLIM::RandomizedBFSSelection<eSLIM::SubcircuitNoFBValidator, eSLIM::CriticalPathSelector, eSLIM::ForwardSearch, eSLIM::CriticalPathBiasSelector>>, eSLIM::EmptyInprocessor>::runeSLIM' requested here
  513 |     return eSLIMRun<Approach, Inprocessor>::runeSLIM(cir, params); 
      |                                             ^
src/opt/eslim/eSLIM.cpp:521:14: note: in instantiation of function template specialization 'eSLIM::runeSLIM<Gia_Man_t_, eSLIM::EmptyInprocessor, eSLIM::DelayMinimizer, eSLIM::eSLIM_Man<eSLIM::DelayMinimizer, eSLIM::RandomizedBFSSelection<eSLIM::SubcircuitNoFBValidator, eSLIM::CriticalPathSelector, eSLIM::ForwardSearch, eSLIM::CriticalPathBiasSelector>>>' requested here
  521 |       return runeSLIM<Circuitrepresentation, Inprocessor, Minimizer, eSLIM_Man<Minimizer, RandomizedBFSSelection<Validator, RootSelector, SearchDirection, BiasSelector>>>(cir, params);
      |              ^
src/opt/eslim/eSLIM.cpp:538:14: note: in instantiation of function template specialization 'eSLIM::toggleWindowing<Gia_Man_t_, eSLIM::EmptyInprocessor, eSLIM::DelayMinimizer, eSLIM::SubcircuitNoFBValidator, eSLIM::ForwardSearch, eSLIM::CriticalPathBiasSelector, eSLIM::CriticalPathSelector>' requested here
  538 |       return toggleWindowing<Circuitrepresentation, Inprocessor, Minimizer, Validator, SearchDirection, CriticalPathBiasSelector, CriticalPathSelector>(cir, params);
      |              ^
src/opt/eslim/eSLIM.cpp:549:14: note: in instantiation of function template specialization 'eSLIM::setBiasApproach<Gia_Man_t_, eSLIM::EmptyInprocessor, eSLIM::DelayMinimizer, eSLIM::SubcircuitNoFBValidator, eSLIM::ForwardSearch>' requested here
  549 |       return setBiasApproach<Circuitrepresentation, Inprocessor, Minimizer, Validator, ForwardSearch>(cir, params);
      |              ^
src/opt/eslim/eSLIM.cpp:587:16: note: in instantiation of function template specialization 'eSLIM::setSearchDirection<Gia_Man_t_, eSLIM::EmptyInprocessor, eSLIM::DelayMinimizer, eSLIM::SubcircuitNoFBValidator>' requested here
  587 |         return setSearchDirection<Circuitrepresentation, EmptyInprocessor, DelayMinimizer, SubcircuitNoFBValidator>(cir, params);
      |                ^
src/opt/eslim/eSLIM.cpp:601:17: note: in instantiation of function template specialization 'eSLIM::setMinimizer<Gia_Man_t_>' requested here
  601 |   return eSLIM::setMinimizer(cir, params);
      |                 ^
src/opt/eslim/eSLIM.cpp:610:10: note: in instantiation of function template specialization 'runeSLIM<Gia_Man_t_>' requested here
  610 |   return runeSLIM(pGia, params);
      |          ^
src/opt/eslim/eSLIM.cpp:357:13: warning: format specifies type 'unsigned long' but the argument has type 'ABC_UINT64_T' (aka 'unsigned long long') [-Wformat]
  356 |       printf("Synthesis: #SAT-calls: %lu, Total SAT-time: %.2f sec, Max SAT-time: %.4f sec, Avg. SAT-time: %.4f sec\n",  
      |                                      ~~~
      |                                      %llu
  357 |             log.nof_sat_calls_synthesis, log.cummulative_sat_runtime_synthesis / 1000, log.max_sat_runtime_synthesis / 1000,
      |             ^~~~~~~~~~~~~~~~~~~~~~~~~~~
src/opt/eslim/eSLIM.cpp:354:13: warning: format specifies type 'unsigned long' but the argument has type 'ABC_UINT64_T' (aka 'unsigned long long') [-Wformat]
  353 |       printf("Relation generation: #SAT-calls: %lu, Total SAT-time: %.2f sec, Max SAT-time: %.4f sec, Avg. SAT-time: %.4f sec\n",  
      |                                                ~~~
      |                                                %llu
  354 |             log.nof_sat_calls_relation_generation, log.cummulative_sat_runtime_relation_generation, log.max_sat_runtime_relation_generation, 
      |             ^~~~~~~~~~~~~~~~~~~~~~~~~~~~~~~~~~~~~
src/opt/eslim/eSLIM.cpp:296:5: note: in instantiation of member function 'eSLIM::eSLIMRun<eSLIM::WindowMan<eSLIM::DelayMinimizer, eSLIM::RandomizedBFSSelection<eSLIM::SubcircuitNoFBValidator, eSLIM::TabooRootSelector, eSLIM::ForwardSearch>>, eSLIM::EmptyInprocessor>::printLog' requested here
  296 |     printLog();
      |     ^
src/opt/eslim/eSLIM.cpp:215:15: note: in instantiation of member function 'eSLIM::eSLIMRun<eSLIM::WindowMan<eSLIM::DelayMinimizer, eSLIM::RandomizedBFSSelection<eSLIM::SubcircuitNoFBValidator, eSLIM::TabooRootSelector, eSLIM::ForwardSearch>>, eSLIM::EmptyInprocessor>::run' requested here
  215 |     eslim_run.run();
      |               ^
src/opt/eslim/eSLIM.cpp:513:45: note: in instantiation of member function 'eSLIM::eSLIMRun<eSLIM::WindowMan<eSLIM::DelayMinimizer, eSLIM::RandomizedBFSSelection<eSLIM::SubcircuitNoFBValidator, eSLIM::TabooRootSelector, eSLIM::ForwardSearch>>, eSLIM::EmptyInprocessor>::runeSLIM' requested here
  513 |     return eSLIMRun<Approach, Inprocessor>::runeSLIM(cir, params); 
      |                                             ^
src/opt/eslim/eSLIM.cpp:519:14: note: in instantiation of function template specialization 'eSLIM::runeSLIM<Gia_Man_t_, eSLIM::EmptyInprocessor, eSLIM::DelayMinimizer, eSLIM::WindowMan<eSLIM::DelayMinimizer, eSLIM::RandomizedBFSSelection<eSLIM::SubcircuitNoFBValidator, eSLIM::TabooRootSelector, eSLIM::ForwardSearch>>>' requested here
  519 |       return runeSLIM<Circuitrepresentation, Inprocessor, Minimizer, WindowMan<Minimizer, RandomizedBFSSelection<Validator, RootSelector, SearchDirection, BiasSelector>>>(cir, params);
      |              ^
src/opt/eslim/eSLIM.cpp:529:14: note: in instantiation of function template specialization 'eSLIM::toggleWindowing<Gia_Man_t_, eSLIM::EmptyInprocessor, eSLIM::DelayMinimizer, eSLIM::SubcircuitNoFBValidator, eSLIM::ForwardSearch, eSLIM::NoBiasSelector, eSLIM::TabooRootSelector>' requested here
  529 |       return toggleWindowing<Circuitrepresentation, Inprocessor, Minimizer, Validator, SearchDirection, BiasSelector, TabooRootSelector>(cir, params);
      |              ^
src/opt/eslim/eSLIM.cpp:540:14: note: in instantiation of function template specialization 'eSLIM::setTabooApproach<Gia_Man_t_, eSLIM::EmptyInprocessor, eSLIM::DelayMinimizer, eSLIM::SubcircuitNoFBValidator, eSLIM::ForwardSearch, eSLIM::NoBiasSelector>' requested here
  540 |       return setTabooApproach<Circuitrepresentation, Inprocessor, Minimizer, Validator, SearchDirection, NoBiasSelector>(cir, params);
      |              ^
src/opt/eslim/eSLIM.cpp:549:14: note: in instantiation of function template specialization 'eSLIM::setBiasApproach<Gia_Man_t_, eSLIM::EmptyInprocessor, eSLIM::DelayMinimizer, eSLIM::SubcircuitNoFBValidator, eSLIM::ForwardSearch>' requested here
  549 |       return setBiasApproach<Circuitrepresentation, Inprocessor, Minimizer, Validator, ForwardSearch>(cir, params);
      |              ^
src/opt/eslim/eSLIM.cpp:587:16: note: in instantiation of function template specialization 'eSLIM::setSearchDirection<Gia_Man_t_, eSLIM::EmptyInprocessor, eSLIM::DelayMinimizer, eSLIM::SubcircuitNoFBValidator>' requested here
  587 |         return setSearchDirection<Circuitrepresentation, EmptyInprocessor, DelayMinimizer, SubcircuitNoFBValidator>(cir, params);
      |                ^
src/opt/eslim/eSLIM.cpp:601:17: note: in instantiation of function template specialization 'eSLIM::setMinimizer<Gia_Man_t_>' requested here
  601 |   return eSLIM::setMinimizer(cir, params);
      |                 ^
src/opt/eslim/eSLIM.cpp:610:10: note: in instantiation of function template specialization 'runeSLIM<Gia_Man_t_>' requested here
  610 |   return runeSLIM(pGia, params);
      |          ^
src/opt/eslim/eSLIM.cpp:357:13: warning: format specifies type 'unsigned long' but the argument has type 'ABC_UINT64_T' (aka 'unsigned long long') [-Wformat]
  356 |       printf("Synthesis: #SAT-calls: %lu, Total SAT-time: %.2f sec, Max SAT-time: %.4f sec, Avg. SAT-time: %.4f sec\n",  
      |                                      ~~~
      |                                      %llu
  357 |             log.nof_sat_calls_synthesis, log.cummulative_sat_runtime_synthesis / 1000, log.max_sat_runtime_synthesis / 1000,
      |             ^~~~~~~~~~~~~~~~~~~~~~~~~~~
src/opt/eslim/eSLIM.cpp:354:13: warning: format specifies type 'unsigned long' but the argument has type 'ABC_UINT64_T' (aka 'unsigned long long') [-Wformat]
  353 |       printf("Relation generation: #SAT-calls: %lu, Total SAT-time: %.2f sec, Max SAT-time: %.4f sec, Avg. SAT-time: %.4f sec\n",  
      |                                                ~~~
      |                                                %llu
  354 |             log.nof_sat_calls_relation_generation, log.cummulative_sat_runtime_relation_generation, log.max_sat_runtime_relation_generation, 
      |             ^~~~~~~~~~~~~~~~~~~~~~~~~~~~~~~~~~~~~
src/opt/eslim/eSLIM.cpp:296:5: note: in instantiation of member function 'eSLIM::eSLIMRun<eSLIM::eSLIM_Man<eSLIM::DelayMinimizer, eSLIM::RandomizedBFSSelection<eSLIM::SubcircuitNoFBValidator, eSLIM::TabooRootSelector, eSLIM::ForwardSearch>>, eSLIM::EmptyInprocessor>::printLog' requested here
  296 |     printLog();
      |     ^
src/opt/eslim/eSLIM.cpp:215:15: note: in instantiation of member function 'eSLIM::eSLIMRun<eSLIM::eSLIM_Man<eSLIM::DelayMinimizer, eSLIM::RandomizedBFSSelection<eSLIM::SubcircuitNoFBValidator, eSLIM::TabooRootSelector, eSLIM::ForwardSearch>>, eSLIM::EmptyInprocessor>::run' requested here
  215 |     eslim_run.run();
      |               ^
src/opt/eslim/eSLIM.cpp:513:45: note: in instantiation of member function 'eSLIM::eSLIMRun<eSLIM::eSLIM_Man<eSLIM::DelayMinimizer, eSLIM::RandomizedBFSSelection<eSLIM::SubcircuitNoFBValidator, eSLIM::TabooRootSelector, eSLIM::ForwardSearch>>, eSLIM::EmptyInprocessor>::runeSLIM' requested here
  513 |     return eSLIMRun<Approach, Inprocessor>::runeSLIM(cir, params); 
      |                                             ^
src/opt/eslim/eSLIM.cpp:521:14: note: in instantiation of function template specialization 'eSLIM::runeSLIM<Gia_Man_t_, eSLIM::EmptyInprocessor, eSLIM::DelayMinimizer, eSLIM::eSLIM_Man<eSLIM::DelayMinimizer, eSLIM::RandomizedBFSSelection<eSLIM::SubcircuitNoFBValidator, eSLIM::TabooRootSelector, eSLIM::ForwardSearch>>>' requested here
  521 |       return runeSLIM<Circuitrepresentation, Inprocessor, Minimizer, eSLIM_Man<Minimizer, RandomizedBFSSelection<Validator, RootSelector, SearchDirection, BiasSelector>>>(cir, params);
      |              ^
src/opt/eslim/eSLIM.cpp:529:14: note: in instantiation of function template specialization 'eSLIM::toggleWindowing<Gia_Man_t_, eSLIM::EmptyInprocessor, eSLIM::DelayMinimizer, eSLIM::SubcircuitNoFBValidator, eSLIM::ForwardSearch, eSLIM::NoBiasSelector, eSLIM::TabooRootSelector>' requested here
  529 |       return toggleWindowing<Circuitrepresentation, Inprocessor, Minimizer, Validator, SearchDirection, BiasSelector, TabooRootSelector>(cir, params);
      |              ^
src/opt/eslim/eSLIM.cpp:540:14: note: in instantiation of function template specialization 'eSLIM::setTabooApproach<Gia_Man_t_, eSLIM::EmptyInprocessor, eSLIM::DelayMinimizer, eSLIM::SubcircuitNoFBValidator, eSLIM::ForwardSearch, eSLIM::NoBiasSelector>' requested here
  540 |       return setTabooApproach<Circuitrepresentation, Inprocessor, Minimizer, Validator, SearchDirection, NoBiasSelector>(cir, params);
      |              ^
src/opt/eslim/eSLIM.cpp:549:14: note: in instantiation of function template specialization 'eSLIM::setBiasApproach<Gia_Man_t_, eSLIM::EmptyInprocessor, eSLIM::DelayMinimizer, eSLIM::SubcircuitNoFBValidator, eSLIM::ForwardSearch>' requested here
  549 |       return setBiasApproach<Circuitrepresentation, Inprocessor, Minimizer, Validator, ForwardSearch>(cir, params);
      |              ^
src/opt/eslim/eSLIM.cpp:587:16: note: in instantiation of function template specialization 'eSLIM::setSearchDirection<Gia_Man_t_, eSLIM::EmptyInprocessor, eSLIM::DelayMinimizer, eSLIM::SubcircuitNoFBValidator>' requested here
  587 |         return setSearchDirection<Circuitrepresentation, EmptyInprocessor, DelayMinimizer, SubcircuitNoFBValidator>(cir, params);
      |                ^
src/opt/eslim/eSLIM.cpp:601:17: note: in instantiation of function template specialization 'eSLIM::setMinimizer<Gia_Man_t_>' requested here
  601 |   return eSLIM::setMinimizer(cir, params);
      |                 ^
src/opt/eslim/eSLIM.cpp:610:10: note: in instantiation of function template specialization 'runeSLIM<Gia_Man_t_>' requested here
  610 |   return runeSLIM(pGia, params);
      |          ^
src/opt/eslim/eSLIM.cpp:357:13: warning: format specifies type 'unsigned long' but the argument has type 'ABC_UINT64_T' (aka 'unsigned long long') [-Wformat]
  356 |       printf("Synthesis: #SAT-calls: %lu, Total SAT-time: %.2f sec, Max SAT-time: %.4f sec, Avg. SAT-time: %.4f sec\n",  
      |                                      ~~~
      |                                      %llu
  357 |             log.nof_sat_calls_synthesis, log.cummulative_sat_runtime_synthesis / 1000, log.max_sat_runtime_synthesis / 1000,
      |             ^~~~~~~~~~~~~~~~~~~~~~~~~~~
src/opt/eslim/eSLIM.cpp:354:13: warning: format specifies type 'unsigned long' but the argument has type 'ABC_UINT64_T' (aka 'unsigned long long') [-Wformat]
  353 |       printf("Relation generation: #SAT-calls: %lu, Total SAT-time: %.2f sec, Max SAT-time: %.4f sec, Avg. SAT-time: %.4f sec\n",  
      |                                                ~~~
      |                                                %llu
  354 |             log.nof_sat_calls_relation_generation, log.cummulative_sat_runtime_relation_generation, log.max_sat_runtime_relation_generation, 
      |             ^~~~~~~~~~~~~~~~~~~~~~~~~~~~~~~~~~~~~
src/opt/eslim/eSLIM.cpp:296:5: note: in instantiation of member function 'eSLIM::eSLIMRun<eSLIM::WindowMan<eSLIM::DelayMinimizer, eSLIM::RandomizedBFSSelection<eSLIM::SubcircuitNoFBValidator, eSLIM::BaseRootSelector, eSLIM::ForwardSearch>>, eSLIM::EmptyInprocessor>::printLog' requested here
  296 |     printLog();
      |     ^
src/opt/eslim/eSLIM.cpp:215:15: note: in instantiation of member function 'eSLIM::eSLIMRun<eSLIM::WindowMan<eSLIM::DelayMinimizer, eSLIM::RandomizedBFSSelection<eSLIM::SubcircuitNoFBValidator, eSLIM::BaseRootSelector, eSLIM::ForwardSearch>>, eSLIM::EmptyInprocessor>::run' requested here
  215 |     eslim_run.run();
      |               ^
src/opt/eslim/eSLIM.cpp:513:45: note: in instantiation of member function 'eSLIM::eSLIMRun<eSLIM::WindowMan<eSLIM::DelayMinimizer, eSLIM::RandomizedBFSSelection<eSLIM::SubcircuitNoFBValidator, eSLIM::BaseRootSelector, eSLIM::ForwardSearch>>, eSLIM::EmptyInprocessor>::runeSLIM' requested here
  513 |     return eSLIMRun<Approach, Inprocessor>::runeSLIM(cir, params); 
      |                                             ^
src/opt/eslim/eSLIM.cpp:519:14: note: in instantiation of function template specialization 'eSLIM::runeSLIM<Gia_Man_t_, eSLIM::EmptyInprocessor, eSLIM::DelayMinimizer, eSLIM::WindowMan<eSLIM::DelayMinimizer, eSLIM::RandomizedBFSSelection<eSLIM::SubcircuitNoFBValidator, eSLIM::BaseRootSelector, eSLIM::ForwardSearch>>>' requested here
  519 |       return runeSLIM<Circuitrepresentation, Inprocessor, Minimizer, WindowMan<Minimizer, RandomizedBFSSelection<Validator, RootSelector, SearchDirection, BiasSelector>>>(cir, params);
      |              ^
src/opt/eslim/eSLIM.cpp:531:14: note: in instantiation of function template specialization 'eSLIM::toggleWindowing<Gia_Man_t_, eSLIM::EmptyInprocessor, eSLIM::DelayMinimizer, eSLIM::SubcircuitNoFBValidator, eSLIM::ForwardSearch, eSLIM::NoBiasSelector, eSLIM::BaseRootSelector>' requested here
  531 |       return toggleWindowing<Circuitrepresentation, Inprocessor, Minimizer, Validator, SearchDirection, BiasSelector, BaseRootSelector>(cir, params);
      |              ^
src/opt/eslim/eSLIM.cpp:540:14: note: in instantiation of function template specialization 'eSLIM::setTabooApproach<Gia_Man_t_, eSLIM::EmptyInprocessor, eSLIM::DelayMinimizer, eSLIM::SubcircuitNoFBValidator, eSLIM::ForwardSearch, eSLIM::NoBiasSelector>' requested here
  540 |       return setTabooApproach<Circuitrepresentation, Inprocessor, Minimizer, Validator, SearchDirection, NoBiasSelector>(cir, params);
      |              ^
src/opt/eslim/eSLIM.cpp:549:14: note: in instantiation of function template specialization 'eSLIM::setBiasApproach<Gia_Man_t_, eSLIM::EmptyInprocessor, eSLIM::DelayMinimizer, eSLIM::SubcircuitNoFBValidator, eSLIM::ForwardSearch>' requested here
  549 |       return setBiasApproach<Circuitrepresentation, Inprocessor, Minimizer, Validator, ForwardSearch>(cir, params);
      |              ^
src/opt/eslim/eSLIM.cpp:587:16: note: in instantiation of function template specialization 'eSLIM::setSearchDirection<Gia_Man_t_, eSLIM::EmptyInprocessor, eSLIM::DelayMinimizer, eSLIM::SubcircuitNoFBValidator>' requested here
  587 |         return setSearchDirection<Circuitrepresentation, EmptyInprocessor, DelayMinimizer, SubcircuitNoFBValidator>(cir, params);
      |                ^
src/opt/eslim/eSLIM.cpp:601:17: note: in instantiation of function template specialization 'eSLIM::setMinimizer<Gia_Man_t_>' requested here
  601 |   return eSLIM::setMinimizer(cir, params);
      |                 ^
src/opt/eslim/eSLIM.cpp:610:10: note: in instantiation of function template specialization 'runeSLIM<Gia_Man_t_>' requested here
  610 |   return runeSLIM(pGia, params);
      |          ^
src/opt/eslim/eSLIM.cpp:357:13: warning: format specifies type 'unsigned long' but the argument has type 'ABC_UINT64_T' (aka 'unsigned long long') [-Wformat]
  356 |       printf("Synthesis: #SAT-calls: %lu, Total SAT-time: %.2f sec, Max SAT-time: %.4f sec, Avg. SAT-time: %.4f sec\n",  
      |                                      ~~~
      |                                      %llu
  357 |             log.nof_sat_calls_synthesis, log.cummulative_sat_runtime_synthesis / 1000, log.max_sat_runtime_synthesis / 1000,
      |             ^~~~~~~~~~~~~~~~~~~~~~~~~~~
src/opt/eslim/eSLIM.cpp:354:13: warning: format specifies type 'unsigned long' but the argument has type 'ABC_UINT64_T' (aka 'unsigned long long') [-Wformat]
  353 |       printf("Relation generation: #SAT-calls: %lu, Total SAT-time: %.2f sec, Max SAT-time: %.4f sec, Avg. SAT-time: %.4f sec\n",  
      |                                                ~~~
      |                                                %llu
  354 |             log.nof_sat_calls_relation_generation, log.cummulative_sat_runtime_relation_generation, log.max_sat_runtime_relation_generation, 
      |             ^~~~~~~~~~~~~~~~~~~~~~~~~~~~~~~~~~~~~
src/opt/eslim/eSLIM.cpp:296:5: note: in instantiation of member function 'eSLIM::eSLIMRun<eSLIM::eSLIM_Man<eSLIM::DelayMinimizer, eSLIM::RandomizedBFSSelection<eSLIM::SubcircuitNoFBValidator, eSLIM::BaseRootSelector, eSLIM::ForwardSearch>>, eSLIM::EmptyInprocessor>::printLog' requested here
  296 |     printLog();
      |     ^
src/opt/eslim/eSLIM.cpp:215:15: note: in instantiation of member function 'eSLIM::eSLIMRun<eSLIM::eSLIM_Man<eSLIM::DelayMinimizer, eSLIM::RandomizedBFSSelection<eSLIM::SubcircuitNoFBValidator, eSLIM::BaseRootSelector, eSLIM::ForwardSearch>>, eSLIM::EmptyInprocessor>::run' requested here
  215 |     eslim_run.run();
      |               ^
src/opt/eslim/eSLIM.cpp:513:45: note: in instantiation of member function 'eSLIM::eSLIMRun<eSLIM::eSLIM_Man<eSLIM::DelayMinimizer, eSLIM::RandomizedBFSSelection<eSLIM::SubcircuitNoFBValidator, eSLIM::BaseRootSelector, eSLIM::ForwardSearch>>, eSLIM::EmptyInprocessor>::runeSLIM' requested here
  513 |     return eSLIMRun<Approach, Inprocessor>::runeSLIM(cir, params); 
      |                                             ^
src/opt/eslim/eSLIM.cpp:521:14: note: in instantiation of function template specialization 'eSLIM::runeSLIM<Gia_Man_t_, eSLIM::EmptyInprocessor, eSLIM::DelayMinimizer, eSLIM::eSLIM_Man<eSLIM::DelayMinimizer, eSLIM::RandomizedBFSSelection<eSLIM::SubcircuitNoFBValidator, eSLIM::BaseRootSelector, eSLIM::ForwardSearch>>>' requested here
  521 |       return runeSLIM<Circuitrepresentation, Inprocessor, Minimizer, eSLIM_Man<Minimizer, RandomizedBFSSelection<Validator, RootSelector, SearchDirection, BiasSelector>>>(cir, params);
      |              ^
src/opt/eslim/eSLIM.cpp:531:14: note: in instantiation of function template specialization 'eSLIM::toggleWindowing<Gia_Man_t_, eSLIM::EmptyInprocessor, eSLIM::DelayMinimizer, eSLIM::SubcircuitNoFBValidator, eSLIM::ForwardSearch, eSLIM::NoBiasSelector, eSLIM::BaseRootSelector>' requested here
  531 |       return toggleWindowing<Circuitrepresentation, Inprocessor, Minimizer, Validator, SearchDirection, BiasSelector, BaseRootSelector>(cir, params);
      |              ^
src/opt/eslim/eSLIM.cpp:540:14: note: in instantiation of function template specialization 'eSLIM::setTabooApproach<Gia_Man_t_, eSLIM::EmptyInprocessor, eSLIM::DelayMinimizer, eSLIM::SubcircuitNoFBValidator, eSLIM::ForwardSearch, eSLIM::NoBiasSelector>' requested here
  540 |       return setTabooApproach<Circuitrepresentation, Inprocessor, Minimizer, Validator, SearchDirection, NoBiasSelector>(cir, params);
      |              ^
src/opt/eslim/eSLIM.cpp:549:14: note: in instantiation of function template specialization 'eSLIM::setBiasApproach<Gia_Man_t_, eSLIM::EmptyInprocessor, eSLIM::DelayMinimizer, eSLIM::SubcircuitNoFBValidator, eSLIM::ForwardSearch>' requested here
  549 |       return setBiasApproach<Circuitrepresentation, Inprocessor, Minimizer, Validator, ForwardSearch>(cir, params);
      |              ^
src/opt/eslim/eSLIM.cpp:587:16: note: in instantiation of function template specialization 'eSLIM::setSearchDirection<Gia_Man_t_, eSLIM::EmptyInprocessor, eSLIM::DelayMinimizer, eSLIM::SubcircuitNoFBValidator>' requested here
  587 |         return setSearchDirection<Circuitrepresentation, EmptyInprocessor, DelayMinimizer, SubcircuitNoFBValidator>(cir, params);
      |                ^
src/opt/eslim/eSLIM.cpp:601:17: note: in instantiation of function template specialization 'eSLIM::setMinimizer<Gia_Man_t_>' requested here
  601 |   return eSLIM::setMinimizer(cir, params);
      |                 ^
src/opt/eslim/eSLIM.cpp:610:10: note: in instantiation of function template specialization 'runeSLIM<Gia_Man_t_>' requested here
  610 |   return runeSLIM(pGia, params);
      |          ^
src/opt/eslim/eSLIM.cpp:357:13: warning: format specifies type 'unsigned long' but the argument has type 'ABC_UINT64_T' (aka 'unsigned long long') [-Wformat]
  356 |       printf("Synthesis: #SAT-calls: %lu, Total SAT-time: %.2f sec, Max SAT-time: %.4f sec, Avg. SAT-time: %.4f sec\n",  
      |                                      ~~~
      |                                      %llu
  357 |             log.nof_sat_calls_synthesis, log.cummulative_sat_runtime_synthesis / 1000, log.max_sat_runtime_synthesis / 1000,
      |             ^~~~~~~~~~~~~~~~~~~~~~~~~~~
src/opt/eslim/eSLIM.cpp:354:13: warning: format specifies type 'unsigned long' but the argument has type 'ABC_UINT64_T' (aka 'unsigned long long') [-Wformat]
  353 |       printf("Relation generation: #SAT-calls: %lu, Total SAT-time: %.2f sec, Max SAT-time: %.4f sec, Avg. SAT-time: %.4f sec\n",  
      |                                                ~~~
      |                                                %llu
  354 |             log.nof_sat_calls_relation_generation, log.cummulative_sat_runtime_relation_generation, log.max_sat_runtime_relation_generation, 
      |             ^~~~~~~~~~~~~~~~~~~~~~~~~~~~~~~~~~~~~
src/opt/eslim/eSLIM.cpp:296:5: note: in instantiation of member function 'eSLIM::eSLIMRun<eSLIM::WindowMan<eSLIM::DelayMinimizer, eSLIM::RandomizedBFSSelection<eSLIM::SubcircuitNoFBValidator, eSLIM::CriticalPathSelector, eSLIM::BackwardSearch, eSLIM::CriticalPathBiasSelector>>, eSLIM::EmptyInprocessor>::printLog' requested here
  296 |     printLog();
      |     ^
src/opt/eslim/eSLIM.cpp:215:15: note: in instantiation of member function 'eSLIM::eSLIMRun<eSLIM::WindowMan<eSLIM::DelayMinimizer, eSLIM::RandomizedBFSSelection<eSLIM::SubcircuitNoFBValidator, eSLIM::CriticalPathSelector, eSLIM::BackwardSearch, eSLIM::CriticalPathBiasSelector>>, eSLIM::EmptyInprocessor>::run' requested here
  215 |     eslim_run.run();
      |               ^
src/opt/eslim/eSLIM.cpp:513:45: note: in instantiation of member function 'eSLIM::eSLIMRun<eSLIM::WindowMan<eSLIM::DelayMinimizer, eSLIM::RandomizedBFSSelection<eSLIM::SubcircuitNoFBValidator, eSLIM::CriticalPathSelector, eSLIM::BackwardSearch, eSLIM::CriticalPathBiasSelector>>, eSLIM::EmptyInprocessor>::runeSLIM' requested here
  513 |     return eSLIMRun<Approach, Inprocessor>::runeSLIM(cir, params); 
      |                                             ^
src/opt/eslim/eSLIM.cpp:519:14: note: in instantiation of function template specialization 'eSLIM::runeSLIM<Gia_Man_t_, eSLIM::EmptyInprocessor, eSLIM::DelayMinimizer, eSLIM::WindowMan<eSLIM::DelayMinimizer, eSLIM::RandomizedBFSSelection<eSLIM::SubcircuitNoFBValidator, eSLIM::CriticalPathSelector, eSLIM::BackwardSearch, eSLIM::CriticalPathBiasSelector>>>' requested here
  519 |       return runeSLIM<Circuitrepresentation, Inprocessor, Minimizer, WindowMan<Minimizer, RandomizedBFSSelection<Validator, RootSelector, SearchDirection, BiasSelector>>>(cir, params);
      |              ^
src/opt/eslim/eSLIM.cpp:538:14: note: in instantiation of function template specialization 'eSLIM::toggleWindowing<Gia_Man_t_, eSLIM::EmptyInprocessor, eSLIM::DelayMinimizer, eSLIM::SubcircuitNoFBValidator, eSLIM::BackwardSearch, eSLIM::CriticalPathBiasSelector, eSLIM::CriticalPathSelector>' requested here
  538 |       return toggleWindowing<Circuitrepresentation, Inprocessor, Minimizer, Validator, SearchDirection, CriticalPathBiasSelector, CriticalPathSelector>(cir, params);
      |              ^
src/opt/eslim/eSLIM.cpp:551:14: note: in instantiation of function template specialization 'eSLIM::setBiasApproach<Gia_Man_t_, eSLIM::EmptyInprocessor, eSLIM::DelayMinimizer, eSLIM::SubcircuitNoFBValidator, eSLIM::BackwardSearch>' requested here
  551 |       return setBiasApproach<Circuitrepresentation, Inprocessor, Minimizer, Validator, BackwardSearch>(cir, params);
      |              ^
src/opt/eslim/eSLIM.cpp:587:16: note: in instantiation of function template specialization 'eSLIM::setSearchDirection<Gia_Man_t_, eSLIM::EmptyInprocessor, eSLIM::DelayMinimizer, eSLIM::SubcircuitNoFBValidator>' requested here
  587 |         return setSearchDirection<Circuitrepresentation, EmptyInprocessor, DelayMinimizer, SubcircuitNoFBValidator>(cir, params);
      |                ^
src/opt/eslim/eSLIM.cpp:601:17: note: in instantiation of function template specialization 'eSLIM::setMinimizer<Gia_Man_t_>' requested here
  601 |   return eSLIM::setMinimizer(cir, params);
      |                 ^
src/opt/eslim/eSLIM.cpp:610:10: note: in instantiation of function template specialization 'runeSLIM<Gia_Man_t_>' requested here
  610 |   return runeSLIM(pGia, params);
      |          ^
src/opt/eslim/eSLIM.cpp:357:13: warning: format specifies type 'unsigned long' but the argument has type 'ABC_UINT64_T' (aka 'unsigned long long') [-Wformat]
  356 |       printf("Synthesis: #SAT-calls: %lu, Total SAT-time: %.2f sec, Max SAT-time: %.4f sec, Avg. SAT-time: %.4f sec\n",  
      |                                      ~~~
      |                                      %llu
  357 |             log.nof_sat_calls_synthesis, log.cummulative_sat_runtime_synthesis / 1000, log.max_sat_runtime_synthesis / 1000,
      |             ^~~~~~~~~~~~~~~~~~~~~~~~~~~
src/opt/eslim/eSLIM.cpp:354:13: warning: format specifies type 'unsigned long' but the argument has type 'ABC_UINT64_T' (aka 'unsigned long long') [-Wformat]
  353 |       printf("Relation generation: #SAT-calls: %lu, Total SAT-time: %.2f sec, Max SAT-time: %.4f sec, Avg. SAT-time: %.4f sec\n",  
      |                                                ~~~
      |                                                %llu
  354 |             log.nof_sat_calls_relation_generation, log.cummulative_sat_runtime_relation_generation, log.max_sat_runtime_relation_generation, 
      |             ^~~~~~~~~~~~~~~~~~~~~~~~~~~~~~~~~~~~~
src/opt/eslim/eSLIM.cpp:296:5: note: in instantiation of member function 'eSLIM::eSLIMRun<eSLIM::eSLIM_Man<eSLIM::DelayMinimizer, eSLIM::RandomizedBFSSelection<eSLIM::SubcircuitNoFBValidator, eSLIM::CriticalPathSelector, eSLIM::BackwardSearch, eSLIM::CriticalPathBiasSelector>>, eSLIM::EmptyInprocessor>::printLog' requested here
  296 |     printLog();
      |     ^
src/opt/eslim/eSLIM.cpp:215:15: note: in instantiation of member function 'eSLIM::eSLIMRun<eSLIM::eSLIM_Man<eSLIM::DelayMinimizer, eSLIM::RandomizedBFSSelection<eSLIM::SubcircuitNoFBValidator, eSLIM::CriticalPathSelector, eSLIM::BackwardSearch, eSLIM::CriticalPathBiasSelector>>, eSLIM::EmptyInprocessor>::run' requested here
  215 |     eslim_run.run();
      |               ^
src/opt/eslim/eSLIM.cpp:513:45: note: in instantiation of member function 'eSLIM::eSLIMRun<eSLIM::eSLIM_Man<eSLIM::DelayMinimizer, eSLIM::RandomizedBFSSelection<eSLIM::SubcircuitNoFBValidator, eSLIM::CriticalPathSelector, eSLIM::BackwardSearch, eSLIM::CriticalPathBiasSelector>>, eSLIM::EmptyInprocessor>::runeSLIM' requested here
  513 |     return eSLIMRun<Approach, Inprocessor>::runeSLIM(cir, params); 
      |                                             ^
src/opt/eslim/eSLIM.cpp:521:14: note: in instantiation of function template specialization 'eSLIM::runeSLIM<Gia_Man_t_, eSLIM::EmptyInprocessor, eSLIM::DelayMinimizer, eSLIM::eSLIM_Man<eSLIM::DelayMinimizer, eSLIM::RandomizedBFSSelection<eSLIM::SubcircuitNoFBValidator, eSLIM::CriticalPathSelector, eSLIM::BackwardSearch, eSLIM::CriticalPathBiasSelector>>>' requested here
  521 |       return runeSLIM<Circuitrepresentation, Inprocessor, Minimizer, eSLIM_Man<Minimizer, RandomizedBFSSelection<Validator, RootSelector, SearchDirection, BiasSelector>>>(cir, params);
      |              ^
src/opt/eslim/eSLIM.cpp:538:14: note: in instantiation of function template specialization 'eSLIM::toggleWindowing<Gia_Man_t_, eSLIM::EmptyInprocessor, eSLIM::DelayMinimizer, eSLIM::SubcircuitNoFBValidator, eSLIM::BackwardSearch, eSLIM::CriticalPathBiasSelector, eSLIM::CriticalPathSelector>' requested here
  538 |       return toggleWindowing<Circuitrepresentation, Inprocessor, Minimizer, Validator, SearchDirection, CriticalPathBiasSelector, CriticalPathSelector>(cir, params);
      |              ^
src/opt/eslim/eSLIM.cpp:551:14: note: in instantiation of function template specialization 'eSLIM::setBiasApproach<Gia_Man_t_, eSLIM::EmptyInprocessor, eSLIM::DelayMinimizer, eSLIM::SubcircuitNoFBValidator, eSLIM::BackwardSearch>' requested here
  551 |       return setBiasApproach<Circuitrepresentation, Inprocessor, Minimizer, Validator, BackwardSearch>(cir, params);
      |              ^
src/opt/eslim/eSLIM.cpp:587:16: note: in instantiation of function template specialization 'eSLIM::setSearchDirection<Gia_Man_t_, eSLIM::EmptyInprocessor, eSLIM::DelayMinimizer, eSLIM::SubcircuitNoFBValidator>' requested here
  587 |         return setSearchDirection<Circuitrepresentation, EmptyInprocessor, DelayMinimizer, SubcircuitNoFBValidator>(cir, params);
      |                ^
src/opt/eslim/eSLIM.cpp:601:17: note: in instantiation of function template specialization 'eSLIM::setMinimizer<Gia_Man_t_>' requested here
  601 |   return eSLIM::setMinimizer(cir, params);
      |                 ^
src/opt/eslim/eSLIM.cpp:610:10: note: in instantiation of function template specialization 'runeSLIM<Gia_Man_t_>' requested here
  610 |   return runeSLIM(pGia, params);
      |          ^
src/opt/eslim/eSLIM.cpp:357:13: warning: format specifies type 'unsigned long' but the argument has type 'ABC_UINT64_T' (aka 'unsigned long long') [-Wformat]
  356 |       printf("Synthesis: #SAT-calls: %lu, Total SAT-time: %.2f sec, Max SAT-time: %.4f sec, Avg. SAT-time: %.4f sec\n",  
      |                                      ~~~
      |                                      %llu
  357 |             log.nof_sat_calls_synthesis, log.cummulative_sat_runtime_synthesis / 1000, log.max_sat_runtime_synthesis / 1000,
      |             ^~~~~~~~~~~~~~~~~~~~~~~~~~~
src/opt/eslim/eSLIM.cpp:354:13: warning: format specifies type 'unsigned long' but the argument has type 'ABC_UINT64_T' (aka 'unsigned long long') [-Wformat]
  353 |       printf("Relation generation: #SAT-calls: %lu, Total SAT-time: %.2f sec, Max SAT-time: %.4f sec, Avg. SAT-time: %.4f sec\n",  
      |                                                ~~~
      |                                                %llu
  354 |             log.nof_sat_calls_relation_generation, log.cummulative_sat_runtime_relation_generation, log.max_sat_runtime_relation_generation, 
      |             ^~~~~~~~~~~~~~~~~~~~~~~~~~~~~~~~~~~~~
src/opt/eslim/eSLIM.cpp:296:5: note: in instantiation of member function 'eSLIM::eSLIMRun<eSLIM::WindowMan<eSLIM::DelayMinimizer, eSLIM::RandomizedBFSSelection<eSLIM::SubcircuitNoFBValidator, eSLIM::TabooRootSelector, eSLIM::BackwardSearch>>, eSLIM::EmptyInprocessor>::printLog' requested here
  296 |     printLog();
      |     ^
src/opt/eslim/eSLIM.cpp:215:15: note: in instantiation of member function 'eSLIM::eSLIMRun<eSLIM::WindowMan<eSLIM::DelayMinimizer, eSLIM::RandomizedBFSSelection<eSLIM::SubcircuitNoFBValidator, eSLIM::TabooRootSelector, eSLIM::BackwardSearch>>, eSLIM::EmptyInprocessor>::run' requested here
  215 |     eslim_run.run();
      |               ^
src/opt/eslim/eSLIM.cpp:513:45: note: in instantiation of member function 'eSLIM::eSLIMRun<eSLIM::WindowMan<eSLIM::DelayMinimizer, eSLIM::RandomizedBFSSelection<eSLIM::SubcircuitNoFBValidator, eSLIM::TabooRootSelector, eSLIM::BackwardSearch>>, eSLIM::EmptyInprocessor>::runeSLIM' requested here
  513 |     return eSLIMRun<Approach, Inprocessor>::runeSLIM(cir, params); 
      |                                             ^
src/opt/eslim/eSLIM.cpp:519:14: note: in instantiation of function template specialization 'eSLIM::runeSLIM<Gia_Man_t_, eSLIM::EmptyInprocessor, eSLIM::DelayMinimizer, eSLIM::WindowMan<eSLIM::DelayMinimizer, eSLIM::RandomizedBFSSelection<eSLIM::SubcircuitNoFBValidator, eSLIM::TabooRootSelector, eSLIM::BackwardSearch>>>' requested here
  519 |       return runeSLIM<Circuitrepresentation, Inprocessor, Minimizer, WindowMan<Minimizer, RandomizedBFSSelection<Validator, RootSelector, SearchDirection, BiasSelector>>>(cir, params);
      |              ^
src/opt/eslim/eSLIM.cpp:529:14: note: in instantiation of function template specialization 'eSLIM::toggleWindowing<Gia_Man_t_, eSLIM::EmptyInprocessor, eSLIM::DelayMinimizer, eSLIM::SubcircuitNoFBValidator, eSLIM::BackwardSearch, eSLIM::NoBiasSelector, eSLIM::TabooRootSelector>' requested here
  529 |       return toggleWindowing<Circuitrepresentation, Inprocessor, Minimizer, Validator, SearchDirection, BiasSelector, TabooRootSelector>(cir, params);
      |              ^
src/opt/eslim/eSLIM.cpp:540:14: note: in instantiation of function template specialization 'eSLIM::setTabooApproach<Gia_Man_t_, eSLIM::EmptyInprocessor, eSLIM::DelayMinimizer, eSLIM::SubcircuitNoFBValidator, eSLIM::BackwardSearch, eSLIM::NoBiasSelector>' requested here
  540 |       return setTabooApproach<Circuitrepresentation, Inprocessor, Minimizer, Validator, SearchDirection, NoBiasSelector>(cir, params);
      |              ^
src/opt/eslim/eSLIM.cpp:551:14: note: in instantiation of function template specialization 'eSLIM::setBiasApproach<Gia_Man_t_, eSLIM::EmptyInprocessor, eSLIM::DelayMinimizer, eSLIM::SubcircuitNoFBValidator, eSLIM::BackwardSearch>' requested here
  551 |       return setBiasApproach<Circuitrepresentation, Inprocessor, Minimizer, Validator, BackwardSearch>(cir, params);
      |              ^
src/opt/eslim/eSLIM.cpp:587:16: note: in instantiation of function template specialization 'eSLIM::setSearchDirection<Gia_Man_t_, eSLIM::EmptyInprocessor, eSLIM::DelayMinimizer, eSLIM::SubcircuitNoFBValidator>' requested here
  587 |         return setSearchDirection<Circuitrepresentation, EmptyInprocessor, DelayMinimizer, SubcircuitNoFBValidator>(cir, params);
      |                ^
src/opt/eslim/eSLIM.cpp:601:17: note: in instantiation of function template specialization 'eSLIM::setMinimizer<Gia_Man_t_>' requested here
  601 |   return eSLIM::setMinimizer(cir, params);
      |                 ^
src/opt/eslim/eSLIM.cpp:610:10: note: in instantiation of function template specialization 'runeSLIM<Gia_Man_t_>' requested here
  610 |   return runeSLIM(pGia, params);
      |          ^
src/opt/eslim/eSLIM.cpp:357:13: warning: format specifies type 'unsigned long' but the argument has type 'ABC_UINT64_T' (aka 'unsigned long long') [-Wformat]
  356 |       printf("Synthesis: #SAT-calls: %lu, Total SAT-time: %.2f sec, Max SAT-time: %.4f sec, Avg. SAT-time: %.4f sec\n",  
      |                                      ~~~
      |                                      %llu
  357 |             log.nof_sat_calls_synthesis, log.cummulative_sat_runtime_synthesis / 1000, log.max_sat_runtime_synthesis / 1000,
      |             ^~~~~~~~~~~~~~~~~~~~~~~~~~~
src/opt/eslim/eSLIM.cpp:354:13: warning: format specifies type 'unsigned long' but the argument has type 'ABC_UINT64_T' (aka 'unsigned long long') [-Wformat]
  353 |       printf("Relation generation: #SAT-calls: %lu, Total SAT-time: %.2f sec, Max SAT-time: %.4f sec, Avg. SAT-time: %.4f sec\n",  
      |                                                ~~~
      |                                                %llu
  354 |             log.nof_sat_calls_relation_generation, log.cummulative_sat_runtime_relation_generation, log.max_sat_runtime_relation_generation, 
      |             ^~~~~~~~~~~~~~~~~~~~~~~~~~~~~~~~~~~~~
src/opt/eslim/eSLIM.cpp:296:5: note: in instantiation of member function 'eSLIM::eSLIMRun<eSLIM::eSLIM_Man<eSLIM::DelayMinimizer, eSLIM::RandomizedBFSSelection<eSLIM::SubcircuitNoFBValidator, eSLIM::TabooRootSelector, eSLIM::BackwardSearch>>, eSLIM::EmptyInprocessor>::printLog' requested here
  296 |     printLog();
      |     ^
src/opt/eslim/eSLIM.cpp:215:15: note: in instantiation of member function 'eSLIM::eSLIMRun<eSLIM::eSLIM_Man<eSLIM::DelayMinimizer, eSLIM::RandomizedBFSSelection<eSLIM::SubcircuitNoFBValidator, eSLIM::TabooRootSelector, eSLIM::BackwardSearch>>, eSLIM::EmptyInprocessor>::run' requested here
  215 |     eslim_run.run();
      |               ^
src/opt/eslim/eSLIM.cpp:513:45: note: in instantiation of member function 'eSLIM::eSLIMRun<eSLIM::eSLIM_Man<eSLIM::DelayMinimizer, eSLIM::RandomizedBFSSelection<eSLIM::SubcircuitNoFBValidator, eSLIM::TabooRootSelector, eSLIM::BackwardSearch>>, eSLIM::EmptyInprocessor>::runeSLIM' requested here
  513 |     return eSLIMRun<Approach, Inprocessor>::runeSLIM(cir, params); 
      |                                             ^
src/opt/eslim/eSLIM.cpp:521:14: note: in instantiation of function template specialization 'eSLIM::runeSLIM<Gia_Man_t_, eSLIM::EmptyInprocessor, eSLIM::DelayMinimizer, eSLIM::eSLIM_Man<eSLIM::DelayMinimizer, eSLIM::RandomizedBFSSelection<eSLIM::SubcircuitNoFBValidator, eSLIM::TabooRootSelector, eSLIM::BackwardSearch>>>' requested here
  521 |       return runeSLIM<Circuitrepresentation, Inprocessor, Minimizer, eSLIM_Man<Minimizer, RandomizedBFSSelection<Validator, RootSelector, SearchDirection, BiasSelector>>>(cir, params);
      |              ^
src/opt/eslim/eSLIM.cpp:529:14: note: in instantiation of function template specialization 'eSLIM::toggleWindowing<Gia_Man_t_, eSLIM::EmptyInprocessor, eSLIM::DelayMinimizer, eSLIM::SubcircuitNoFBValidator, eSLIM::BackwardSearch, eSLIM::NoBiasSelector, eSLIM::TabooRootSelector>' requested here
  529 |       return toggleWindowing<Circuitrepresentation, Inprocessor, Minimizer, Validator, SearchDirection, BiasSelector, TabooRootSelector>(cir, params);
      |              ^
src/opt/eslim/eSLIM.cpp:540:14: note: in instantiation of function template specialization 'eSLIM::setTabooApproach<Gia_Man_t_, eSLIM::EmptyInprocessor, eSLIM::DelayMinimizer, eSLIM::SubcircuitNoFBValidator, eSLIM::BackwardSearch, eSLIM::NoBiasSelector>' requested here
  540 |       return setTabooApproach<Circuitrepresentation, Inprocessor, Minimizer, Validator, SearchDirection, NoBiasSelector>(cir, params);
      |              ^
src/opt/eslim/eSLIM.cpp:551:14: note: in instantiation of function template specialization 'eSLIM::setBiasApproach<Gia_Man_t_, eSLIM::EmptyInprocessor, eSLIM::DelayMinimizer, eSLIM::SubcircuitNoFBValidator, eSLIM::BackwardSearch>' requested here
  551 |       return setBiasApproach<Circuitrepresentation, Inprocessor, Minimizer, Validator, BackwardSearch>(cir, params);
      |              ^
src/opt/eslim/eSLIM.cpp:587:16: note: in instantiation of function template specialization 'eSLIM::setSearchDirection<Gia_Man_t_, eSLIM::EmptyInprocessor, eSLIM::DelayMinimizer, eSLIM::SubcircuitNoFBValidator>' requested here
  587 |         return setSearchDirection<Circuitrepresentation, EmptyInprocessor, DelayMinimizer, SubcircuitNoFBValidator>(cir, params);
      |                ^
src/opt/eslim/eSLIM.cpp:601:17: note: in instantiation of function template specialization 'eSLIM::setMinimizer<Gia_Man_t_>' requested here
  601 |   return eSLIM::setMinimizer(cir, params);
      |                 ^
src/opt/eslim/eSLIM.cpp:610:10: note: in instantiation of function template specialization 'runeSLIM<Gia_Man_t_>' requested here
  610 |   return runeSLIM(pGia, params);
      |          ^
src/opt/eslim/eSLIM.cpp:357:13: warning: format specifies type 'unsigned long' but the argument has type 'ABC_UINT64_T' (aka 'unsigned long long') [-Wformat]
  356 |       printf("Synthesis: #SAT-calls: %lu, Total SAT-time: %.2f sec, Max SAT-time: %.4f sec, Avg. SAT-time: %.4f sec\n",  
      |                                      ~~~
      |                                      %llu
  357 |             log.nof_sat_calls_synthesis, log.cummulative_sat_runtime_synthesis / 1000, log.max_sat_runtime_synthesis / 1000,
      |             ^~~~~~~~~~~~~~~~~~~~~~~~~~~
src/opt/eslim/eSLIM.cpp:354:13: warning: format specifies type 'unsigned long' but the argument has type 'ABC_UINT64_T' (aka 'unsigned long long') [-Wformat]
  353 |       printf("Relation generation: #SAT-calls: %lu, Total SAT-time: %.2f sec, Max SAT-time: %.4f sec, Avg. SAT-time: %.4f sec\n",  
      |                                                ~~~
      |                                                %llu
  354 |             log.nof_sat_calls_relation_generation, log.cummulative_sat_runtime_relation_generation, log.max_sat_runtime_relation_generation, 
      |             ^~~~~~~~~~~~~~~~~~~~~~~~~~~~~~~~~~~~~
src/opt/eslim/eSLIM.cpp:296:5: note: in instantiation of member function 'eSLIM::eSLIMRun<eSLIM::WindowMan<eSLIM::DelayMinimizer, eSLIM::RandomizedBFSSelection<eSLIM::SubcircuitNoFBValidator, eSLIM::BaseRootSelector, eSLIM::BackwardSearch>>, eSLIM::EmptyInprocessor>::printLog' requested here
  296 |     printLog();
      |     ^
src/opt/eslim/eSLIM.cpp:215:15: note: in instantiation of member function 'eSLIM::eSLIMRun<eSLIM::WindowMan<eSLIM::DelayMinimizer, eSLIM::RandomizedBFSSelection<eSLIM::SubcircuitNoFBValidator, eSLIM::BaseRootSelector, eSLIM::BackwardSearch>>, eSLIM::EmptyInprocessor>::run' requested here
  215 |     eslim_run.run();
      |               ^
src/opt/eslim/eSLIM.cpp:513:45: note: in instantiation of member function 'eSLIM::eSLIMRun<eSLIM::WindowMan<eSLIM::DelayMinimizer, eSLIM::RandomizedBFSSelection<eSLIM::SubcircuitNoFBValidator, eSLIM::BaseRootSelector, eSLIM::BackwardSearch>>, eSLIM::EmptyInprocessor>::runeSLIM' requested here
  513 |     return eSLIMRun<Approach, Inprocessor>::runeSLIM(cir, params); 
      |                                             ^
src/opt/eslim/eSLIM.cpp:519:14: note: in instantiation of function template specialization 'eSLIM::runeSLIM<Gia_Man_t_, eSLIM::EmptyInprocessor, eSLIM::DelayMinimizer, eSLIM::WindowMan<eSLIM::DelayMinimizer, eSLIM::RandomizedBFSSelection<eSLIM::SubcircuitNoFBValidator, eSLIM::BaseRootSelector, eSLIM::BackwardSearch>>>' requested here
  519 |       return runeSLIM<Circuitrepresentation, Inprocessor, Minimizer, WindowMan<Minimizer, RandomizedBFSSelection<Validator, RootSelector, SearchDirection, BiasSelector>>>(cir, params);
      |              ^
src/opt/eslim/eSLIM.cpp:531:14: note: in instantiation of function template specialization 'eSLIM::toggleWindowing<Gia_Man_t_, eSLIM::EmptyInprocessor, eSLIM::DelayMinimizer, eSLIM::SubcircuitNoFBValidator, eSLIM::BackwardSearch, eSLIM::NoBiasSelector, eSLIM::BaseRootSelector>' requested here
  531 |       return toggleWindowing<Circuitrepresentation, Inprocessor, Minimizer, Validator, SearchDirection, BiasSelector, BaseRootSelector>(cir, params);
      |              ^
src/opt/eslim/eSLIM.cpp:540:14: note: in instantiation of function template specialization 'eSLIM::setTabooApproach<Gia_Man_t_, eSLIM::EmptyInprocessor, eSLIM::DelayMinimizer, eSLIM::SubcircuitNoFBValidator, eSLIM::BackwardSearch, eSLIM::NoBiasSelector>' requested here
  540 |       return setTabooApproach<Circuitrepresentation, Inprocessor, Minimizer, Validator, SearchDirection, NoBiasSelector>(cir, params);
      |              ^
src/opt/eslim/eSLIM.cpp:551:14: note: in instantiation of function template specialization 'eSLIM::setBiasApproach<Gia_Man_t_, eSLIM::EmptyInprocessor, eSLIM::DelayMinimizer, eSLIM::SubcircuitNoFBValidator, eSLIM::BackwardSearch>' requested here
  551 |       return setBiasApproach<Circuitrepresentation, Inprocessor, Minimizer, Validator, BackwardSearch>(cir, params);
      |              ^
src/opt/eslim/eSLIM.cpp:587:16: note: in instantiation of function template specialization 'eSLIM::setSearchDirection<Gia_Man_t_, eSLIM::EmptyInprocessor, eSLIM::DelayMinimizer, eSLIM::SubcircuitNoFBValidator>' requested here
  587 |         return setSearchDirection<Circuitrepresentation, EmptyInprocessor, DelayMinimizer, SubcircuitNoFBValidator>(cir, params);
      |                ^
src/opt/eslim/eSLIM.cpp:601:17: note: in instantiation of function template specialization 'eSLIM::setMinimizer<Gia_Man_t_>' requested here
  601 |   return eSLIM::setMinimizer(cir, params);
      |                 ^
src/opt/eslim/eSLIM.cpp:610:10: note: in instantiation of function template specialization 'runeSLIM<Gia_Man_t_>' requested here
  610 |   return runeSLIM(pGia, params);
      |          ^
src/opt/eslim/eSLIM.cpp:357:13: warning: format specifies type 'unsigned long' but the argument has type 'ABC_UINT64_T' (aka 'unsigned long long') [-Wformat]
  356 |       printf("Synthesis: #SAT-calls: %lu, Total SAT-time: %.2f sec, Max SAT-time: %.4f sec, Avg. SAT-time: %.4f sec\n",  
      |                                      ~~~
      |                                      %llu
  357 |             log.nof_sat_calls_synthesis, log.cummulative_sat_runtime_synthesis / 1000, log.max_sat_runtime_synthesis / 1000,
      |             ^~~~~~~~~~~~~~~~~~~~~~~~~~~
src/opt/eslim/eSLIM.cpp:354:13: warning: format specifies type 'unsigned long' but the argument has type 'ABC_UINT64_T' (aka 'unsigned long long') [-Wformat]
  353 |       printf("Relation generation: #SAT-calls: %lu, Total SAT-time: %.2f sec, Max SAT-time: %.4f sec, Avg. SAT-time: %.4f sec\n",  
      |                                                ~~~
      |                                                %llu
  354 |             log.nof_sat_calls_relation_generation, log.cummulative_sat_runtime_relation_generation, log.max_sat_runtime_relation_generation, 
      |             ^~~~~~~~~~~~~~~~~~~~~~~~~~~~~~~~~~~~~
src/opt/eslim/eSLIM.cpp:296:5: note: in instantiation of member function 'eSLIM::eSLIMRun<eSLIM::eSLIM_Man<eSLIM::DelayMinimizer, eSLIM::RandomizedBFSSelection<eSLIM::SubcircuitNoFBValidator, eSLIM::BaseRootSelector, eSLIM::BackwardSearch>>, eSLIM::EmptyInprocessor>::printLog' requested here
  296 |     printLog();
      |     ^
src/opt/eslim/eSLIM.cpp:215:15: note: in instantiation of member function 'eSLIM::eSLIMRun<eSLIM::eSLIM_Man<eSLIM::DelayMinimizer, eSLIM::RandomizedBFSSelection<eSLIM::SubcircuitNoFBValidator, eSLIM::BaseRootSelector, eSLIM::BackwardSearch>>, eSLIM::EmptyInprocessor>::run' requested here
  215 |     eslim_run.run();
      |               ^
src/opt/eslim/eSLIM.cpp:513:45: note: in instantiation of member function 'eSLIM::eSLIMRun<eSLIM::eSLIM_Man<eSLIM::DelayMinimizer, eSLIM::RandomizedBFSSelection<eSLIM::SubcircuitNoFBValidator, eSLIM::BaseRootSelector, eSLIM::BackwardSearch>>, eSLIM::EmptyInprocessor>::runeSLIM' requested here
  513 |     return eSLIMRun<Approach, Inprocessor>::runeSLIM(cir, params); 
      |                                             ^
src/opt/eslim/eSLIM.cpp:521:14: note: in instantiation of function template specialization 'eSLIM::runeSLIM<Gia_Man_t_, eSLIM::EmptyInprocessor, eSLIM::DelayMinimizer, eSLIM::eSLIM_Man<eSLIM::DelayMinimizer, eSLIM::RandomizedBFSSelection<eSLIM::SubcircuitNoFBValidator, eSLIM::BaseRootSelector, eSLIM::BackwardSearch>>>' requested here
  521 |       return runeSLIM<Circuitrepresentation, Inprocessor, Minimizer, eSLIM_Man<Minimizer, RandomizedBFSSelection<Validator, RootSelector, SearchDirection, BiasSelector>>>(cir, params);
      |              ^
src/opt/eslim/eSLIM.cpp:531:14: note: in instantiation of function template specialization 'eSLIM::toggleWindowing<Gia_Man_t_, eSLIM::EmptyInprocessor, eSLIM::DelayMinimizer, eSLIM::SubcircuitNoFBValidator, eSLIM::BackwardSearch, eSLIM::NoBiasSelector, eSLIM::BaseRootSelector>' requested here
  531 |       return toggleWindowing<Circuitrepresentation, Inprocessor, Minimizer, Validator, SearchDirection, BiasSelector, BaseRootSelector>(cir, params);
      |              ^
src/opt/eslim/eSLIM.cpp:540:14: note: in instantiation of function template specialization 'eSLIM::setTabooApproach<Gia_Man_t_, eSLIM::EmptyInprocessor, eSLIM::DelayMinimizer, eSLIM::SubcircuitNoFBValidator, eSLIM::BackwardSearch, eSLIM::NoBiasSelector>' requested here
  540 |       return setTabooApproach<Circuitrepresentation, Inprocessor, Minimizer, Validator, SearchDirection, NoBiasSelector>(cir, params);
      |              ^
src/opt/eslim/eSLIM.cpp:551:14: note: in instantiation of function template specialization 'eSLIM::setBiasApproach<Gia_Man_t_, eSLIM::EmptyInprocessor, eSLIM::DelayMinimizer, eSLIM::SubcircuitNoFBValidator, eSLIM::BackwardSearch>' requested here
  551 |       return setBiasApproach<Circuitrepresentation, Inprocessor, Minimizer, Validator, BackwardSearch>(cir, params);
      |              ^
src/opt/eslim/eSLIM.cpp:587:16: note: in instantiation of function template specialization 'eSLIM::setSearchDirection<Gia_Man_t_, eSLIM::EmptyInprocessor, eSLIM::DelayMinimizer, eSLIM::SubcircuitNoFBValidator>' requested here
  587 |         return setSearchDirection<Circuitrepresentation, EmptyInprocessor, DelayMinimizer, SubcircuitNoFBValidator>(cir, params);
      |                ^
src/opt/eslim/eSLIM.cpp:601:17: note: in instantiation of function template specialization 'eSLIM::setMinimizer<Gia_Man_t_>' requested here
  601 |   return eSLIM::setMinimizer(cir, params);
      |                 ^
src/opt/eslim/eSLIM.cpp:610:10: note: in instantiation of function template specialization 'runeSLIM<Gia_Man_t_>' requested here
  610 |   return runeSLIM(pGia, params);
      |          ^
src/opt/eslim/eSLIM.cpp:357:13: warning: format specifies type 'unsigned long' but the argument has type 'ABC_UINT64_T' (aka 'unsigned long long') [-Wformat]
  356 |       printf("Synthesis: #SAT-calls: %lu, Total SAT-time: %.2f sec, Max SAT-time: %.4f sec, Avg. SAT-time: %.4f sec\n",  
      |                                      ~~~
      |                                      %llu
  357 |             log.nof_sat_calls_synthesis, log.cummulative_sat_runtime_synthesis / 1000, log.max_sat_runtime_synthesis / 1000,
      |             ^~~~~~~~~~~~~~~~~~~~~~~~~~~
src/opt/eslim/eSLIM.cpp:354:13: warning: format specifies type 'unsigned long' but the argument has type 'ABC_UINT64_T' (aka 'unsigned long long') [-Wformat]
  353 |       printf("Relation generation: #SAT-calls: %lu, Total SAT-time: %.2f sec, Max SAT-time: %.4f sec, Avg. SAT-time: %.4f sec\n",  
      |                                                ~~~
      |                                                %llu
  354 |             log.nof_sat_calls_relation_generation, log.cummulative_sat_runtime_relation_generation, log.max_sat_runtime_relation_generation, 
      |             ^~~~~~~~~~~~~~~~~~~~~~~~~~~~~~~~~~~~~
src/opt/eslim/eSLIM.cpp:296:5: note: in instantiation of member function 'eSLIM::eSLIMRun<eSLIM::WindowMan<eSLIM::AreaMinimizer, eSLIM::RandomizedBFSSelection<eSLIM::SubcircuitValidator, eSLIM::CriticalPathSelector, eSLIM::ForwardSearch, eSLIM::CriticalPathBiasSelector>>, eSLIM::MfsInprocessor>::printLog' requested here
  296 |     printLog();
      |     ^
src/opt/eslim/eSLIM.cpp:228:15: note: in instantiation of member function 'eSLIM::eSLIMRun<eSLIM::WindowMan<eSLIM::AreaMinimizer, eSLIM::RandomizedBFSSelection<eSLIM::SubcircuitValidator, eSLIM::CriticalPathSelector, eSLIM::ForwardSearch, eSLIM::CriticalPathBiasSelector>>, eSLIM::MfsInprocessor>::run' requested here
  228 |     eslim_run.run();
      |               ^
src/opt/eslim/eSLIM.cpp:513:45: note: in instantiation of member function 'eSLIM::eSLIMRun<eSLIM::WindowMan<eSLIM::AreaMinimizer, eSLIM::RandomizedBFSSelection<eSLIM::SubcircuitValidator, eSLIM::CriticalPathSelector, eSLIM::ForwardSearch, eSLIM::CriticalPathBiasSelector>>, eSLIM::MfsInprocessor>::runeSLIM' requested here
  513 |     return eSLIMRun<Approach, Inprocessor>::runeSLIM(cir, params); 
      |                                             ^
src/opt/eslim/eSLIM.cpp:519:14: note: in instantiation of function template specialization 'eSLIM::runeSLIM<Abc_Ntk_t_, eSLIM::MfsInprocessor, eSLIM::AreaMinimizer, eSLIM::WindowMan<eSLIM::AreaMinimizer, eSLIM::RandomizedBFSSelection<eSLIM::SubcircuitValidator, eSLIM::CriticalPathSelector, eSLIM::ForwardSearch, eSLIM::CriticalPathBiasSelector>>>' requested here
  519 |       return runeSLIM<Circuitrepresentation, Inprocessor, Minimizer, WindowMan<Minimizer, RandomizedBFSSelection<Validator, RootSelector, SearchDirection, BiasSelector>>>(cir, params);
      |              ^
src/opt/eslim/eSLIM.cpp:538:14: note: in instantiation of function template specialization 'eSLIM::toggleWindowing<Abc_Ntk_t_, eSLIM::MfsInprocessor, eSLIM::AreaMinimizer, eSLIM::SubcircuitValidator, eSLIM::ForwardSearch, eSLIM::CriticalPathBiasSelector, eSLIM::CriticalPathSelector>' requested here
  538 |       return toggleWindowing<Circuitrepresentation, Inprocessor, Minimizer, Validator, SearchDirection, CriticalPathBiasSelector, CriticalPathSelector>(cir, params);
      |              ^
src/opt/eslim/eSLIM.cpp:549:14: note: in instantiation of function template specialization 'eSLIM::setBiasApproach<Abc_Ntk_t_, eSLIM::MfsInprocessor, eSLIM::AreaMinimizer, eSLIM::SubcircuitValidator, eSLIM::ForwardSearch>' requested here
  549 |       return setBiasApproach<Circuitrepresentation, Inprocessor, Minimizer, Validator, ForwardSearch>(cir, params);
      |              ^
src/opt/eslim/eSLIM.cpp:563:20: note: in instantiation of function template specialization 'eSLIM::setSearchDirection<Abc_Ntk_t_, eSLIM::MfsInprocessor, eSLIM::AreaMinimizer, eSLIM::SubcircuitValidator>' requested here
  563 |             return setSearchDirection<Circuitrepresentation, MfsInprocessor, AreaMinimizer, SubcircuitValidator>(cir, params);
      |                    ^
src/opt/eslim/eSLIM.cpp:601:17: note: in instantiation of function template specialization 'eSLIM::setMinimizer<Abc_Ntk_t_>' requested here
  601 |   return eSLIM::setMinimizer(cir, params);
      |                 ^
src/opt/eslim/eSLIM.cpp:614:10: note: in instantiation of function template specialization 'runeSLIM<Abc_Ntk_t_>' requested here
  614 |   return runeSLIM(ntk, params);
      |          ^
src/opt/eslim/eSLIM.cpp:357:13: warning: format specifies type 'unsigned long' but the argument has type 'ABC_UINT64_T' (aka 'unsigned long long') [-Wformat]
  356 |       printf("Synthesis: #SAT-calls: %lu, Total SAT-time: %.2f sec, Max SAT-time: %.4f sec, Avg. SAT-time: %.4f sec\n",  
      |                                      ~~~
      |                                      %llu
  357 |             log.nof_sat_calls_synthesis, log.cummulative_sat_runtime_synthesis / 1000, log.max_sat_runtime_synthesis / 1000,
      |             ^~~~~~~~~~~~~~~~~~~~~~~~~~~
src/opt/eslim/eSLIM.cpp:354:13: warning: format specifies type 'unsigned long' but the argument has type 'ABC_UINT64_T' (aka 'unsigned long long') [-Wformat]
  353 |       printf("Relation generation: #SAT-calls: %lu, Total SAT-time: %.2f sec, Max SAT-time: %.4f sec, Avg. SAT-time: %.4f sec\n",  
      |                                                ~~~
      |                                                %llu
  354 |             log.nof_sat_calls_relation_generation, log.cummulative_sat_runtime_relation_generation, log.max_sat_runtime_relation_generation, 
      |             ^~~~~~~~~~~~~~~~~~~~~~~~~~~~~~~~~~~~~
src/opt/eslim/eSLIM.cpp:296:5: note: in instantiation of member function 'eSLIM::eSLIMRun<eSLIM::eSLIM_Man<eSLIM::AreaMinimizer, eSLIM::RandomizedBFSSelection<eSLIM::SubcircuitValidator, eSLIM::CriticalPathSelector, eSLIM::ForwardSearch, eSLIM::CriticalPathBiasSelector>>, eSLIM::MfsInprocessor>::printLog' requested here
  296 |     printLog();
      |     ^
src/opt/eslim/eSLIM.cpp:228:15: note: in instantiation of member function 'eSLIM::eSLIMRun<eSLIM::eSLIM_Man<eSLIM::AreaMinimizer, eSLIM::RandomizedBFSSelection<eSLIM::SubcircuitValidator, eSLIM::CriticalPathSelector, eSLIM::ForwardSearch, eSLIM::CriticalPathBiasSelector>>, eSLIM::MfsInprocessor>::run' requested here
  228 |     eslim_run.run();
      |               ^
src/opt/eslim/eSLIM.cpp:513:45: note: in instantiation of member function 'eSLIM::eSLIMRun<eSLIM::eSLIM_Man<eSLIM::AreaMinimizer, eSLIM::RandomizedBFSSelection<eSLIM::SubcircuitValidator, eSLIM::CriticalPathSelector, eSLIM::ForwardSearch, eSLIM::CriticalPathBiasSelector>>, eSLIM::MfsInprocessor>::runeSLIM' requested here
  513 |     return eSLIMRun<Approach, Inprocessor>::runeSLIM(cir, params); 
      |                                             ^
src/opt/eslim/eSLIM.cpp:521:14: note: in instantiation of function template specialization 'eSLIM::runeSLIM<Abc_Ntk_t_, eSLIM::MfsInprocessor, eSLIM::AreaMinimizer, eSLIM::eSLIM_Man<eSLIM::AreaMinimizer, eSLIM::RandomizedBFSSelection<eSLIM::SubcircuitValidator, eSLIM::CriticalPathSelector, eSLIM::ForwardSearch, eSLIM::CriticalPathBiasSelector>>>' requested here
  521 |       return runeSLIM<Circuitrepresentation, Inprocessor, Minimizer, eSLIM_Man<Minimizer, RandomizedBFSSelection<Validator, RootSelector, SearchDirection, BiasSelector>>>(cir, params);
      |              ^
src/opt/eslim/eSLIM.cpp:538:14: note: in instantiation of function template specialization 'eSLIM::toggleWindowing<Abc_Ntk_t_, eSLIM::MfsInprocessor, eSLIM::AreaMinimizer, eSLIM::SubcircuitValidator, eSLIM::ForwardSearch, eSLIM::CriticalPathBiasSelector, eSLIM::CriticalPathSelector>' requested here
  538 |       return toggleWindowing<Circuitrepresentation, Inprocessor, Minimizer, Validator, SearchDirection, CriticalPathBiasSelector, CriticalPathSelector>(cir, params);
      |              ^
src/opt/eslim/eSLIM.cpp:549:14: note: in instantiation of function template specialization 'eSLIM::setBiasApproach<Abc_Ntk_t_, eSLIM::MfsInprocessor, eSLIM::AreaMinimizer, eSLIM::SubcircuitValidator, eSLIM::ForwardSearch>' requested here
  549 |       return setBiasApproach<Circuitrepresentation, Inprocessor, Minimizer, Validator, ForwardSearch>(cir, params);
      |              ^
src/opt/eslim/eSLIM.cpp:563:20: note: in instantiation of function template specialization 'eSLIM::setSearchDirection<Abc_Ntk_t_, eSLIM::MfsInprocessor, eSLIM::AreaMinimizer, eSLIM::SubcircuitValidator>' requested here
  563 |             return setSearchDirection<Circuitrepresentation, MfsInprocessor, AreaMinimizer, SubcircuitValidator>(cir, params);
      |                    ^
src/opt/eslim/eSLIM.cpp:601:17: note: in instantiation of function template specialization 'eSLIM::setMinimizer<Abc_Ntk_t_>' requested here
  601 |   return eSLIM::setMinimizer(cir, params);
      |                 ^
src/opt/eslim/eSLIM.cpp:614:10: note: in instantiation of function template specialization 'runeSLIM<Abc_Ntk_t_>' requested here
  614 |   return runeSLIM(ntk, params);
      |          ^
src/opt/eslim/eSLIM.cpp:357:13: warning: format specifies type 'unsigned long' but the argument has type 'ABC_UINT64_T' (aka 'unsigned long long') [-Wformat]
  356 |       printf("Synthesis: #SAT-calls: %lu, Total SAT-time: %.2f sec, Max SAT-time: %.4f sec, Avg. SAT-time: %.4f sec\n",  
      |                                      ~~~
      |                                      %llu
  357 |             log.nof_sat_calls_synthesis, log.cummulative_sat_runtime_synthesis / 1000, log.max_sat_runtime_synthesis / 1000,
      |             ^~~~~~~~~~~~~~~~~~~~~~~~~~~
src/opt/eslim/eSLIM.cpp:354:13: warning: format specifies type 'unsigned long' but the argument has type 'ABC_UINT64_T' (aka 'unsigned long long') [-Wformat]
  353 |       printf("Relation generation: #SAT-calls: %lu, Total SAT-time: %.2f sec, Max SAT-time: %.4f sec, Avg. SAT-time: %.4f sec\n",  
      |                                                ~~~
      |                                                %llu
  354 |             log.nof_sat_calls_relation_generation, log.cummulative_sat_runtime_relation_generation, log.max_sat_runtime_relation_generation, 
      |             ^~~~~~~~~~~~~~~~~~~~~~~~~~~~~~~~~~~~~
src/opt/eslim/eSLIM.cpp:296:5: note: in instantiation of member function 'eSLIM::eSLIMRun<eSLIM::WindowMan<eSLIM::AreaMinimizer, eSLIM::RandomizedBFSSelection<eSLIM::SubcircuitValidator, eSLIM::TabooRootSelector, eSLIM::ForwardSearch>>, eSLIM::MfsInprocessor>::printLog' requested here
  296 |     printLog();
      |     ^
src/opt/eslim/eSLIM.cpp:228:15: note: in instantiation of member function 'eSLIM::eSLIMRun<eSLIM::WindowMan<eSLIM::AreaMinimizer, eSLIM::RandomizedBFSSelection<eSLIM::SubcircuitValidator, eSLIM::TabooRootSelector, eSLIM::ForwardSearch>>, eSLIM::MfsInprocessor>::run' requested here
  228 |     eslim_run.run();
      |               ^
src/opt/eslim/eSLIM.cpp:513:45: note: in instantiation of member function 'eSLIM::eSLIMRun<eSLIM::WindowMan<eSLIM::AreaMinimizer, eSLIM::RandomizedBFSSelection<eSLIM::SubcircuitValidator, eSLIM::TabooRootSelector, eSLIM::ForwardSearch>>, eSLIM::MfsInprocessor>::runeSLIM' requested here
  513 |     return eSLIMRun<Approach, Inprocessor>::runeSLIM(cir, params); 
      |                                             ^
src/opt/eslim/eSLIM.cpp:519:14: note: in instantiation of function template specialization 'eSLIM::runeSLIM<Abc_Ntk_t_, eSLIM::MfsInprocessor, eSLIM::AreaMinimizer, eSLIM::WindowMan<eSLIM::AreaMinimizer, eSLIM::RandomizedBFSSelection<eSLIM::SubcircuitValidator, eSLIM::TabooRootSelector, eSLIM::ForwardSearch>>>' requested here
  519 |       return runeSLIM<Circuitrepresentation, Inprocessor, Minimizer, WindowMan<Minimizer, RandomizedBFSSelection<Validator, RootSelector, SearchDirection, BiasSelector>>>(cir, params);
      |              ^
src/opt/eslim/eSLIM.cpp:529:14: note: in instantiation of function template specialization 'eSLIM::toggleWindowing<Abc_Ntk_t_, eSLIM::MfsInprocessor, eSLIM::AreaMinimizer, eSLIM::SubcircuitValidator, eSLIM::ForwardSearch, eSLIM::NoBiasSelector, eSLIM::TabooRootSelector>' requested here
  529 |       return toggleWindowing<Circuitrepresentation, Inprocessor, Minimizer, Validator, SearchDirection, BiasSelector, TabooRootSelector>(cir, params);
      |              ^
src/opt/eslim/eSLIM.cpp:540:14: note: in instantiation of function template specialization 'eSLIM::setTabooApproach<Abc_Ntk_t_, eSLIM::MfsInprocessor, eSLIM::AreaMinimizer, eSLIM::SubcircuitValidator, eSLIM::ForwardSearch, eSLIM::NoBiasSelector>' requested here
  540 |       return setTabooApproach<Circuitrepresentation, Inprocessor, Minimizer, Validator, SearchDirection, NoBiasSelector>(cir, params);
      |              ^
src/opt/eslim/eSLIM.cpp:549:14: note: in instantiation of function template specialization 'eSLIM::setBiasApproach<Abc_Ntk_t_, eSLIM::MfsInprocessor, eSLIM::AreaMinimizer, eSLIM::SubcircuitValidator, eSLIM::ForwardSearch>' requested here
  549 |       return setBiasApproach<Circuitrepresentation, Inprocessor, Minimizer, Validator, ForwardSearch>(cir, params);
      |              ^
src/opt/eslim/eSLIM.cpp:563:20: note: in instantiation of function template specialization 'eSLIM::setSearchDirection<Abc_Ntk_t_, eSLIM::MfsInprocessor, eSLIM::AreaMinimizer, eSLIM::SubcircuitValidator>' requested here
  563 |             return setSearchDirection<Circuitrepresentation, MfsInprocessor, AreaMinimizer, SubcircuitValidator>(cir, params);
      |                    ^
src/opt/eslim/eSLIM.cpp:601:17: note: in instantiation of function template specialization 'eSLIM::setMinimizer<Abc_Ntk_t_>' requested here
  601 |   return eSLIM::setMinimizer(cir, params);
      |                 ^
src/opt/eslim/eSLIM.cpp:614:10: note: in instantiation of function template specialization 'runeSLIM<Abc_Ntk_t_>' requested here
  614 |   return runeSLIM(ntk, params);
      |          ^
src/opt/eslim/eSLIM.cpp:357:13: warning: format specifies type 'unsigned long' but the argument has type 'ABC_UINT64_T' (aka 'unsigned long long') [-Wformat]
  356 |       printf("Synthesis: #SAT-calls: %lu, Total SAT-time: %.2f sec, Max SAT-time: %.4f sec, Avg. SAT-time: %.4f sec\n",  
      |                                      ~~~
      |                                      %llu
  357 |             log.nof_sat_calls_synthesis, log.cummulative_sat_runtime_synthesis / 1000, log.max_sat_runtime_synthesis / 1000,
      |             ^~~~~~~~~~~~~~~~~~~~~~~~~~~
src/opt/eslim/eSLIM.cpp:354:13: warning: format specifies type 'unsigned long' but the argument has type 'ABC_UINT64_T' (aka 'unsigned long long') [-Wformat]
  353 |       printf("Relation generation: #SAT-calls: %lu, Total SAT-time: %.2f sec, Max SAT-time: %.4f sec, Avg. SAT-time: %.4f sec\n",  
      |                                                ~~~
      |                                                %llu
  354 |             log.nof_sat_calls_relation_generation, log.cummulative_sat_runtime_relation_generation, log.max_sat_runtime_relation_generation, 
      |             ^~~~~~~~~~~~~~~~~~~~~~~~~~~~~~~~~~~~~
src/opt/eslim/eSLIM.cpp:296:5: note: in instantiation of member function 'eSLIM::eSLIMRun<eSLIM::eSLIM_Man<eSLIM::AreaMinimizer, eSLIM::RandomizedBFSSelection<eSLIM::SubcircuitValidator, eSLIM::TabooRootSelector, eSLIM::ForwardSearch>>, eSLIM::MfsInprocessor>::printLog' requested here
  296 |     printLog();
      |     ^
src/opt/eslim/eSLIM.cpp:228:15: note: in instantiation of member function 'eSLIM::eSLIMRun<eSLIM::eSLIM_Man<eSLIM::AreaMinimizer, eSLIM::RandomizedBFSSelection<eSLIM::SubcircuitValidator, eSLIM::TabooRootSelector, eSLIM::ForwardSearch>>, eSLIM::MfsInprocessor>::run' requested here
  228 |     eslim_run.run();
      |               ^
src/opt/eslim/eSLIM.cpp:513:45: note: in instantiation of member function 'eSLIM::eSLIMRun<eSLIM::eSLIM_Man<eSLIM::AreaMinimizer, eSLIM::RandomizedBFSSelection<eSLIM::SubcircuitValidator, eSLIM::TabooRootSelector, eSLIM::ForwardSearch>>, eSLIM::MfsInprocessor>::runeSLIM' requested here
  513 |     return eSLIMRun<Approach, Inprocessor>::runeSLIM(cir, params); 
      |                                             ^
src/opt/eslim/eSLIM.cpp:521:14: note: in instantiation of function template specialization 'eSLIM::runeSLIM<Abc_Ntk_t_, eSLIM::MfsInprocessor, eSLIM::AreaMinimizer, eSLIM::eSLIM_Man<eSLIM::AreaMinimizer, eSLIM::RandomizedBFSSelection<eSLIM::SubcircuitValidator, eSLIM::TabooRootSelector, eSLIM::ForwardSearch>>>' requested here
  521 |       return runeSLIM<Circuitrepresentation, Inprocessor, Minimizer, eSLIM_Man<Minimizer, RandomizedBFSSelection<Validator, RootSelector, SearchDirection, BiasSelector>>>(cir, params);
      |              ^
src/opt/eslim/eSLIM.cpp:529:14: note: in instantiation of function template specialization 'eSLIM::toggleWindowing<Abc_Ntk_t_, eSLIM::MfsInprocessor, eSLIM::AreaMinimizer, eSLIM::SubcircuitValidator, eSLIM::ForwardSearch, eSLIM::NoBiasSelector, eSLIM::TabooRootSelector>' requested here
  529 |       return toggleWindowing<Circuitrepresentation, Inprocessor, Minimizer, Validator, SearchDirection, BiasSelector, TabooRootSelector>(cir, params);
      |              ^
src/opt/eslim/eSLIM.cpp:540:14: note: in instantiation of function template specialization 'eSLIM::setTabooApproach<Abc_Ntk_t_, eSLIM::MfsInprocessor, eSLIM::AreaMinimizer, eSLIM::SubcircuitValidator, eSLIM::ForwardSearch, eSLIM::NoBiasSelector>' requested here
  540 |       return setTabooApproach<Circuitrepresentation, Inprocessor, Minimizer, Validator, SearchDirection, NoBiasSelector>(cir, params);
      |              ^
src/opt/eslim/eSLIM.cpp:549:14: note: in instantiation of function template specialization 'eSLIM::setBiasApproach<Abc_Ntk_t_, eSLIM::MfsInprocessor, eSLIM::AreaMinimizer, eSLIM::SubcircuitValidator, eSLIM::ForwardSearch>' requested here
  549 |       return setBiasApproach<Circuitrepresentation, Inprocessor, Minimizer, Validator, ForwardSearch>(cir, params);
      |              ^
src/opt/eslim/eSLIM.cpp:563:20: note: in instantiation of function template specialization 'eSLIM::setSearchDirection<Abc_Ntk_t_, eSLIM::MfsInprocessor, eSLIM::AreaMinimizer, eSLIM::SubcircuitValidator>' requested here
  563 |             return setSearchDirection<Circuitrepresentation, MfsInprocessor, AreaMinimizer, SubcircuitValidator>(cir, params);
      |                    ^
src/opt/eslim/eSLIM.cpp:601:17: note: in instantiation of function template specialization 'eSLIM::setMinimizer<Abc_Ntk_t_>' requested here
  601 |   return eSLIM::setMinimizer(cir, params);
      |                 ^
src/opt/eslim/eSLIM.cpp:614:10: note: in instantiation of function template specialization 'runeSLIM<Abc_Ntk_t_>' requested here
  614 |   return runeSLIM(ntk, params);
      |          ^
src/opt/eslim/eSLIM.cpp:357:13: warning: format specifies type 'unsigned long' but the argument has type 'ABC_UINT64_T' (aka 'unsigned long long') [-Wformat]
  356 |       printf("Synthesis: #SAT-calls: %lu, Total SAT-time: %.2f sec, Max SAT-time: %.4f sec, Avg. SAT-time: %.4f sec\n",  
      |                                      ~~~
      |                                      %llu
  357 |             log.nof_sat_calls_synthesis, log.cummulative_sat_runtime_synthesis / 1000, log.max_sat_runtime_synthesis / 1000,
      |             ^~~~~~~~~~~~~~~~~~~~~~~~~~~
src/opt/eslim/eSLIM.cpp:354:13: warning: format specifies type 'unsigned long' but the argument has type 'ABC_UINT64_T' (aka 'unsigned long long') [-Wformat]
  353 |       printf("Relation generation: #SAT-calls: %lu, Total SAT-time: %.2f sec, Max SAT-time: %.4f sec, Avg. SAT-time: %.4f sec\n",  
      |                                                ~~~
      |                                                %llu
  354 |             log.nof_sat_calls_relation_generation, log.cummulative_sat_runtime_relation_generation, log.max_sat_runtime_relation_generation, 
      |             ^~~~~~~~~~~~~~~~~~~~~~~~~~~~~~~~~~~~~
src/opt/eslim/eSLIM.cpp:296:5: note: in instantiation of member function 'eSLIM::eSLIMRun<eSLIM::WindowMan<eSLIM::AreaMinimizer, eSLIM::RandomizedBFSSelection<eSLIM::SubcircuitValidator, eSLIM::BaseRootSelector, eSLIM::ForwardSearch>>, eSLIM::MfsInprocessor>::printLog' requested here
  296 |     printLog();
      |     ^
src/opt/eslim/eSLIM.cpp:228:15: note: in instantiation of member function 'eSLIM::eSLIMRun<eSLIM::WindowMan<eSLIM::AreaMinimizer, eSLIM::RandomizedBFSSelection<eSLIM::SubcircuitValidator, eSLIM::BaseRootSelector, eSLIM::ForwardSearch>>, eSLIM::MfsInprocessor>::run' requested here
  228 |     eslim_run.run();
      |               ^
src/opt/eslim/eSLIM.cpp:513:45: note: in instantiation of member function 'eSLIM::eSLIMRun<eSLIM::WindowMan<eSLIM::AreaMinimizer, eSLIM::RandomizedBFSSelection<eSLIM::SubcircuitValidator, eSLIM::BaseRootSelector, eSLIM::ForwardSearch>>, eSLIM::MfsInprocessor>::runeSLIM' requested here
  513 |     return eSLIMRun<Approach, Inprocessor>::runeSLIM(cir, params); 
      |                                             ^
src/opt/eslim/eSLIM.cpp:519:14: note: in instantiation of function template specialization 'eSLIM::runeSLIM<Abc_Ntk_t_, eSLIM::MfsInprocessor, eSLIM::AreaMinimizer, eSLIM::WindowMan<eSLIM::AreaMinimizer, eSLIM::RandomizedBFSSelection<eSLIM::SubcircuitValidator, eSLIM::BaseRootSelector, eSLIM::ForwardSearch>>>' requested here
  519 |       return runeSLIM<Circuitrepresentation, Inprocessor, Minimizer, WindowMan<Minimizer, RandomizedBFSSelection<Validator, RootSelector, SearchDirection, BiasSelector>>>(cir, params);
      |              ^
src/opt/eslim/eSLIM.cpp:531:14: note: in instantiation of function template specialization 'eSLIM::toggleWindowing<Abc_Ntk_t_, eSLIM::MfsInprocessor, eSLIM::AreaMinimizer, eSLIM::SubcircuitValidator, eSLIM::ForwardSearch, eSLIM::NoBiasSelector, eSLIM::BaseRootSelector>' requested here
  531 |       return toggleWindowing<Circuitrepresentation, Inprocessor, Minimizer, Validator, SearchDirection, BiasSelector, BaseRootSelector>(cir, params);
      |              ^
src/opt/eslim/eSLIM.cpp:540:14: note: in instantiation of function template specialization 'eSLIM::setTabooApproach<Abc_Ntk_t_, eSLIM::MfsInprocessor, eSLIM::AreaMinimizer, eSLIM::SubcircuitValidator, eSLIM::ForwardSearch, eSLIM::NoBiasSelector>' requested here
  540 |       return setTabooApproach<Circuitrepresentation, Inprocessor, Minimizer, Validator, SearchDirection, NoBiasSelector>(cir, params);
      |              ^
src/opt/eslim/eSLIM.cpp:549:14: note: in instantiation of function template specialization 'eSLIM::setBiasApproach<Abc_Ntk_t_, eSLIM::MfsInprocessor, eSLIM::AreaMinimizer, eSLIM::SubcircuitValidator, eSLIM::ForwardSearch>' requested here
  549 |       return setBiasApproach<Circuitrepresentation, Inprocessor, Minimizer, Validator, ForwardSearch>(cir, params);
      |              ^
src/opt/eslim/eSLIM.cpp:563:20: note: in instantiation of function template specialization 'eSLIM::setSearchDirection<Abc_Ntk_t_, eSLIM::MfsInprocessor, eSLIM::AreaMinimizer, eSLIM::SubcircuitValidator>' requested here
  563 |             return setSearchDirection<Circuitrepresentation, MfsInprocessor, AreaMinimizer, SubcircuitValidator>(cir, params);
      |                    ^
src/opt/eslim/eSLIM.cpp:601:17: note: in instantiation of function template specialization 'eSLIM::setMinimizer<Abc_Ntk_t_>' requested here
  601 |   return eSLIM::setMinimizer(cir, params);
      |                 ^
src/opt/eslim/eSLIM.cpp:614:10: note: in instantiation of function template specialization 'runeSLIM<Abc_Ntk_t_>' requested here
  614 |   return runeSLIM(ntk, params);
      |          ^
src/opt/eslim/eSLIM.cpp:357:13: warning: format specifies type 'unsigned long' but the argument has type 'ABC_UINT64_T' (aka 'unsigned long long') [-Wformat]
  356 |       printf("Synthesis: #SAT-calls: %lu, Total SAT-time: %.2f sec, Max SAT-time: %.4f sec, Avg. SAT-time: %.4f sec\n",  
      |                                      ~~~
      |                                      %llu
  357 |             log.nof_sat_calls_synthesis, log.cummulative_sat_runtime_synthesis / 1000, log.max_sat_runtime_synthesis / 1000,
      |             ^~~~~~~~~~~~~~~~~~~~~~~~~~~
src/opt/eslim/eSLIM.cpp:354:13: warning: format specifies type 'unsigned long' but the argument has type 'ABC_UINT64_T' (aka 'unsigned long long') [-Wformat]
  353 |       printf("Relation generation: #SAT-calls: %lu, Total SAT-time: %.2f sec, Max SAT-time: %.4f sec, Avg. SAT-time: %.4f sec\n",  
      |                                                ~~~
      |                                                %llu
  354 |             log.nof_sat_calls_relation_generation, log.cummulative_sat_runtime_relation_generation, log.max_sat_runtime_relation_generation, 
      |             ^~~~~~~~~~~~~~~~~~~~~~~~~~~~~~~~~~~~~
src/opt/eslim/eSLIM.cpp:296:5: note: in instantiation of member function 'eSLIM::eSLIMRun<eSLIM::eSLIM_Man<eSLIM::AreaMinimizer, eSLIM::RandomizedBFSSelection<eSLIM::SubcircuitValidator, eSLIM::BaseRootSelector, eSLIM::ForwardSearch>>, eSLIM::MfsInprocessor>::printLog' requested here
  296 |     printLog();
      |     ^
src/opt/eslim/eSLIM.cpp:228:15: note: in instantiation of member function 'eSLIM::eSLIMRun<eSLIM::eSLIM_Man<eSLIM::AreaMinimizer, eSLIM::RandomizedBFSSelection<eSLIM::SubcircuitValidator, eSLIM::BaseRootSelector, eSLIM::ForwardSearch>>, eSLIM::MfsInprocessor>::run' requested here
  228 |     eslim_run.run();
      |               ^
src/opt/eslim/eSLIM.cpp:513:45: note: in instantiation of member function 'eSLIM::eSLIMRun<eSLIM::eSLIM_Man<eSLIM::AreaMinimizer, eSLIM::RandomizedBFSSelection<eSLIM::SubcircuitValidator, eSLIM::BaseRootSelector, eSLIM::ForwardSearch>>, eSLIM::MfsInprocessor>::runeSLIM' requested here
  513 |     return eSLIMRun<Approach, Inprocessor>::runeSLIM(cir, params); 
      |                                             ^
src/opt/eslim/eSLIM.cpp:521:14: note: in instantiation of function template specialization 'eSLIM::runeSLIM<Abc_Ntk_t_, eSLIM::MfsInprocessor, eSLIM::AreaMinimizer, eSLIM::eSLIM_Man<eSLIM::AreaMinimizer, eSLIM::RandomizedBFSSelection<eSLIM::SubcircuitValidator, eSLIM::BaseRootSelector, eSLIM::ForwardSearch>>>' requested here
  521 |       return runeSLIM<Circuitrepresentation, Inprocessor, Minimizer, eSLIM_Man<Minimizer, RandomizedBFSSelection<Validator, RootSelector, SearchDirection, BiasSelector>>>(cir, params);
      |              ^
src/opt/eslim/eSLIM.cpp:531:14: note: in instantiation of function template specialization 'eSLIM::toggleWindowing<Abc_Ntk_t_, eSLIM::MfsInprocessor, eSLIM::AreaMinimizer, eSLIM::SubcircuitValidator, eSLIM::ForwardSearch, eSLIM::NoBiasSelector, eSLIM::BaseRootSelector>' requested here
  531 |       return toggleWindowing<Circuitrepresentation, Inprocessor, Minimizer, Validator, SearchDirection, BiasSelector, BaseRootSelector>(cir, params);
      |              ^
src/opt/eslim/eSLIM.cpp:540:14: note: in instantiation of function template specialization 'eSLIM::setTabooApproach<Abc_Ntk_t_, eSLIM::MfsInprocessor, eSLIM::AreaMinimizer, eSLIM::SubcircuitValidator, eSLIM::ForwardSearch, eSLIM::NoBiasSelector>' requested here
  540 |       return setTabooApproach<Circuitrepresentation, Inprocessor, Minimizer, Validator, SearchDirection, NoBiasSelector>(cir, params);
      |              ^
src/opt/eslim/eSLIM.cpp:549:14: note: in instantiation of function template specialization 'eSLIM::setBiasApproach<Abc_Ntk_t_, eSLIM::MfsInprocessor, eSLIM::AreaMinimizer, eSLIM::SubcircuitValidator, eSLIM::ForwardSearch>' requested here
  549 |       return setBiasApproach<Circuitrepresentation, Inprocessor, Minimizer, Validator, ForwardSearch>(cir, params);
      |              ^
src/opt/eslim/eSLIM.cpp:563:20: note: in instantiation of function template specialization 'eSLIM::setSearchDirection<Abc_Ntk_t_, eSLIM::MfsInprocessor, eSLIM::AreaMinimizer, eSLIM::SubcircuitValidator>' requested here
  563 |             return setSearchDirection<Circuitrepresentation, MfsInprocessor, AreaMinimizer, SubcircuitValidator>(cir, params);
      |                    ^
src/opt/eslim/eSLIM.cpp:601:17: note: in instantiation of function template specialization 'eSLIM::setMinimizer<Abc_Ntk_t_>' requested here
  601 |   return eSLIM::setMinimizer(cir, params);
      |                 ^
src/opt/eslim/eSLIM.cpp:614:10: note: in instantiation of function template specialization 'runeSLIM<Abc_Ntk_t_>' requested here
  614 |   return runeSLIM(ntk, params);
      |          ^
src/opt/eslim/eSLIM.cpp:357:13: warning: format specifies type 'unsigned long' but the argument has type 'ABC_UINT64_T' (aka 'unsigned long long') [-Wformat]
  356 |       printf("Synthesis: #SAT-calls: %lu, Total SAT-time: %.2f sec, Max SAT-time: %.4f sec, Avg. SAT-time: %.4f sec\n",  
      |                                      ~~~
      |                                      %llu
  357 |             log.nof_sat_calls_synthesis, log.cummulative_sat_runtime_synthesis / 1000, log.max_sat_runtime_synthesis / 1000,
      |             ^~~~~~~~~~~~~~~~~~~~~~~~~~~
src/opt/eslim/eSLIM.cpp:354:13: warning: format specifies type 'unsigned long' but the argument has type 'ABC_UINT64_T' (aka 'unsigned long long') [-Wformat]
  353 |       printf("Relation generation: #SAT-calls: %lu, Total SAT-time: %.2f sec, Max SAT-time: %.4f sec, Avg. SAT-time: %.4f sec\n",  
      |                                                ~~~
      |                                                %llu
  354 |             log.nof_sat_calls_relation_generation, log.cummulative_sat_runtime_relation_generation, log.max_sat_runtime_relation_generation, 
      |             ^~~~~~~~~~~~~~~~~~~~~~~~~~~~~~~~~~~~~
src/opt/eslim/eSLIM.cpp:296:5: note: in instantiation of member function 'eSLIM::eSLIMRun<eSLIM::WindowMan<eSLIM::AreaMinimizer, eSLIM::RandomizedBFSSelection<eSLIM::SubcircuitValidator, eSLIM::CriticalPathSelector, eSLIM::BackwardSearch, eSLIM::CriticalPathBiasSelector>>, eSLIM::MfsInprocessor>::printLog' requested here
  296 |     printLog();
      |     ^
src/opt/eslim/eSLIM.cpp:228:15: note: in instantiation of member function 'eSLIM::eSLIMRun<eSLIM::WindowMan<eSLIM::AreaMinimizer, eSLIM::RandomizedBFSSelection<eSLIM::SubcircuitValidator, eSLIM::CriticalPathSelector, eSLIM::BackwardSearch, eSLIM::CriticalPathBiasSelector>>, eSLIM::MfsInprocessor>::run' requested here
  228 |     eslim_run.run();
      |               ^
src/opt/eslim/eSLIM.cpp:513:45: note: in instantiation of member function 'eSLIM::eSLIMRun<eSLIM::WindowMan<eSLIM::AreaMinimizer, eSLIM::RandomizedBFSSelection<eSLIM::SubcircuitValidator, eSLIM::CriticalPathSelector, eSLIM::BackwardSearch, eSLIM::CriticalPathBiasSelector>>, eSLIM::MfsInprocessor>::runeSLIM' requested here
  513 |     return eSLIMRun<Approach, Inprocessor>::runeSLIM(cir, params); 
      |                                             ^
src/opt/eslim/eSLIM.cpp:519:14: note: in instantiation of function template specialization 'eSLIM::runeSLIM<Abc_Ntk_t_, eSLIM::MfsInprocessor, eSLIM::AreaMinimizer, eSLIM::WindowMan<eSLIM::AreaMinimizer, eSLIM::RandomizedBFSSelection<eSLIM::SubcircuitValidator, eSLIM::CriticalPathSelector, eSLIM::BackwardSearch, eSLIM::CriticalPathBiasSelector>>>' requested here
  519 |       return runeSLIM<Circuitrepresentation, Inprocessor, Minimizer, WindowMan<Minimizer, RandomizedBFSSelection<Validator, RootSelector, SearchDirection, BiasSelector>>>(cir, params);
      |              ^
src/opt/eslim/eSLIM.cpp:538:14: note: in instantiation of function template specialization 'eSLIM::toggleWindowing<Abc_Ntk_t_, eSLIM::MfsInprocessor, eSLIM::AreaMinimizer, eSLIM::SubcircuitValidator, eSLIM::BackwardSearch, eSLIM::CriticalPathBiasSelector, eSLIM::CriticalPathSelector>' requested here
  538 |       return toggleWindowing<Circuitrepresentation, Inprocessor, Minimizer, Validator, SearchDirection, CriticalPathBiasSelector, CriticalPathSelector>(cir, params);
      |              ^
src/opt/eslim/eSLIM.cpp:551:14: note: in instantiation of function template specialization 'eSLIM::setBiasApproach<Abc_Ntk_t_, eSLIM::MfsInprocessor, eSLIM::AreaMinimizer, eSLIM::SubcircuitValidator, eSLIM::BackwardSearch>' requested here
  551 |       return setBiasApproach<Circuitrepresentation, Inprocessor, Minimizer, Validator, BackwardSearch>(cir, params);
      |              ^
src/opt/eslim/eSLIM.cpp:563:20: note: in instantiation of function template specialization 'eSLIM::setSearchDirection<Abc_Ntk_t_, eSLIM::MfsInprocessor, eSLIM::AreaMinimizer, eSLIM::SubcircuitValidator>' requested here
  563 |             return setSearchDirection<Circuitrepresentation, MfsInprocessor, AreaMinimizer, SubcircuitValidator>(cir, params);
      |                    ^
src/opt/eslim/eSLIM.cpp:601:17: note: in instantiation of function template specialization 'eSLIM::setMinimizer<Abc_Ntk_t_>' requested here
  601 |   return eSLIM::setMinimizer(cir, params);
      |                 ^
src/opt/eslim/eSLIM.cpp:614:10: note: in instantiation of function template specialization 'runeSLIM<Abc_Ntk_t_>' requested here
  614 |   return runeSLIM(ntk, params);
      |          ^
src/opt/eslim/eSLIM.cpp:357:13: warning: format specifies type 'unsigned long' but the argument has type 'ABC_UINT64_T' (aka 'unsigned long long') [-Wformat]
  356 |       printf("Synthesis: #SAT-calls: %lu, Total SAT-time: %.2f sec, Max SAT-time: %.4f sec, Avg. SAT-time: %.4f sec\n",  
      |                                      ~~~
      |                                      %llu
  357 |             log.nof_sat_calls_synthesis, log.cummulative_sat_runtime_synthesis / 1000, log.max_sat_runtime_synthesis / 1000,
      |             ^~~~~~~~~~~~~~~~~~~~~~~~~~~
src/opt/eslim/eSLIM.cpp:354:13: warning: format specifies type 'unsigned long' but the argument has type 'ABC_UINT64_T' (aka 'unsigned long long') [-Wformat]
  353 |       printf("Relation generation: #SAT-calls: %lu, Total SAT-time: %.2f sec, Max SAT-time: %.4f sec, Avg. SAT-time: %.4f sec\n",  
      |                                                ~~~
      |                                                %llu
  354 |             log.nof_sat_calls_relation_generation, log.cummulative_sat_runtime_relation_generation, log.max_sat_runtime_relation_generation, 
      |             ^~~~~~~~~~~~~~~~~~~~~~~~~~~~~~~~~~~~~
src/opt/eslim/eSLIM.cpp:296:5: note: in instantiation of member function 'eSLIM::eSLIMRun<eSLIM::eSLIM_Man<eSLIM::AreaMinimizer, eSLIM::RandomizedBFSSelection<eSLIM::SubcircuitValidator, eSLIM::CriticalPathSelector, eSLIM::BackwardSearch, eSLIM::CriticalPathBiasSelector>>, eSLIM::MfsInprocessor>::printLog' requested here
  296 |     printLog();
      |     ^
src/opt/eslim/eSLIM.cpp:228:15: note: in instantiation of member function 'eSLIM::eSLIMRun<eSLIM::eSLIM_Man<eSLIM::AreaMinimizer, eSLIM::RandomizedBFSSelection<eSLIM::SubcircuitValidator, eSLIM::CriticalPathSelector, eSLIM::BackwardSearch, eSLIM::CriticalPathBiasSelector>>, eSLIM::MfsInprocessor>::run' requested here
  228 |     eslim_run.run();
      |               ^
src/opt/eslim/eSLIM.cpp:513:45: note: in instantiation of member function 'eSLIM::eSLIMRun<eSLIM::eSLIM_Man<eSLIM::AreaMinimizer, eSLIM::RandomizedBFSSelection<eSLIM::SubcircuitValidator, eSLIM::CriticalPathSelector, eSLIM::BackwardSearch, eSLIM::CriticalPathBiasSelector>>, eSLIM::MfsInprocessor>::runeSLIM' requested here
  513 |     return eSLIMRun<Approach, Inprocessor>::runeSLIM(cir, params); 
      |                                             ^
src/opt/eslim/eSLIM.cpp:521:14: note: in instantiation of function template specialization 'eSLIM::runeSLIM<Abc_Ntk_t_, eSLIM::MfsInprocessor, eSLIM::AreaMinimizer, eSLIM::eSLIM_Man<eSLIM::AreaMinimizer, eSLIM::RandomizedBFSSelection<eSLIM::SubcircuitValidator, eSLIM::CriticalPathSelector, eSLIM::BackwardSearch, eSLIM::CriticalPathBiasSelector>>>' requested here
  521 |       return runeSLIM<Circuitrepresentation, Inprocessor, Minimizer, eSLIM_Man<Minimizer, RandomizedBFSSelection<Validator, RootSelector, SearchDirection, BiasSelector>>>(cir, params);
      |              ^
src/opt/eslim/eSLIM.cpp:538:14: note: in instantiation of function template specialization 'eSLIM::toggleWindowing<Abc_Ntk_t_, eSLIM::MfsInprocessor, eSLIM::AreaMinimizer, eSLIM::SubcircuitValidator, eSLIM::BackwardSearch, eSLIM::CriticalPathBiasSelector, eSLIM::CriticalPathSelector>' requested here
  538 |       return toggleWindowing<Circuitrepresentation, Inprocessor, Minimizer, Validator, SearchDirection, CriticalPathBiasSelector, CriticalPathSelector>(cir, params);
      |              ^
src/opt/eslim/eSLIM.cpp:551:14: note: in instantiation of function template specialization 'eSLIM::setBiasApproach<Abc_Ntk_t_, eSLIM::MfsInprocessor, eSLIM::AreaMinimizer, eSLIM::SubcircuitValidator, eSLIM::BackwardSearch>' requested here
  551 |       return setBiasApproach<Circuitrepresentation, Inprocessor, Minimizer, Validator, BackwardSearch>(cir, params);
      |              ^
src/opt/eslim/eSLIM.cpp:563:20: note: in instantiation of function template specialization 'eSLIM::setSearchDirection<Abc_Ntk_t_, eSLIM::MfsInprocessor, eSLIM::AreaMinimizer, eSLIM::SubcircuitValidator>' requested here
  563 |             return setSearchDirection<Circuitrepresentation, MfsInprocessor, AreaMinimizer, SubcircuitValidator>(cir, params);
      |                    ^
src/opt/eslim/eSLIM.cpp:601:17: note: in instantiation of function template specialization 'eSLIM::setMinimizer<Abc_Ntk_t_>' requested here
  601 |   return eSLIM::setMinimizer(cir, params);
      |                 ^
src/opt/eslim/eSLIM.cpp:614:10: note: in instantiation of function template specialization 'runeSLIM<Abc_Ntk_t_>' requested here
  614 |   return runeSLIM(ntk, params);
      |          ^
src/opt/eslim/eSLIM.cpp:357:13: warning: format specifies type 'unsigned long' but the argument has type 'ABC_UINT64_T' (aka 'unsigned long long') [-Wformat]
  356 |       printf("Synthesis: #SAT-calls: %lu, Total SAT-time: %.2f sec, Max SAT-time: %.4f sec, Avg. SAT-time: %.4f sec\n",  
      |                                      ~~~
      |                                      %llu
  357 |             log.nof_sat_calls_synthesis, log.cummulative_sat_runtime_synthesis / 1000, log.max_sat_runtime_synthesis / 1000,
      |             ^~~~~~~~~~~~~~~~~~~~~~~~~~~
src/opt/eslim/eSLIM.cpp:354:13: warning: format specifies type 'unsigned long' but the argument has type 'ABC_UINT64_T' (aka 'unsigned long long') [-Wformat]
  353 |       printf("Relation generation: #SAT-calls: %lu, Total SAT-time: %.2f sec, Max SAT-time: %.4f sec, Avg. SAT-time: %.4f sec\n",  
      |                                                ~~~
      |                                                %llu
  354 |             log.nof_sat_calls_relation_generation, log.cummulative_sat_runtime_relation_generation, log.max_sat_runtime_relation_generation, 
      |             ^~~~~~~~~~~~~~~~~~~~~~~~~~~~~~~~~~~~~
src/opt/eslim/eSLIM.cpp:296:5: note: in instantiation of member function 'eSLIM::eSLIMRun<eSLIM::WindowMan<eSLIM::AreaMinimizer, eSLIM::RandomizedBFSSelection<eSLIM::SubcircuitValidator, eSLIM::TabooRootSelector, eSLIM::BackwardSearch>>, eSLIM::MfsInprocessor>::printLog' requested here
  296 |     printLog();
      |     ^
src/opt/eslim/eSLIM.cpp:228:15: note: in instantiation of member function 'eSLIM::eSLIMRun<eSLIM::WindowMan<eSLIM::AreaMinimizer, eSLIM::RandomizedBFSSelection<eSLIM::SubcircuitValidator, eSLIM::TabooRootSelector, eSLIM::BackwardSearch>>, eSLIM::MfsInprocessor>::run' requested here
  228 |     eslim_run.run();
      |               ^
src/opt/eslim/eSLIM.cpp:513:45: note: in instantiation of member function 'eSLIM::eSLIMRun<eSLIM::WindowMan<eSLIM::AreaMinimizer, eSLIM::RandomizedBFSSelection<eSLIM::SubcircuitValidator, eSLIM::TabooRootSelector, eSLIM::BackwardSearch>>, eSLIM::MfsInprocessor>::runeSLIM' requested here
  513 |     return eSLIMRun<Approach, Inprocessor>::runeSLIM(cir, params); 
      |                                             ^
src/opt/eslim/eSLIM.cpp:519:14: note: in instantiation of function template specialization 'eSLIM::runeSLIM<Abc_Ntk_t_, eSLIM::MfsInprocessor, eSLIM::AreaMinimizer, eSLIM::WindowMan<eSLIM::AreaMinimizer, eSLIM::RandomizedBFSSelection<eSLIM::SubcircuitValidator, eSLIM::TabooRootSelector, eSLIM::BackwardSearch>>>' requested here
  519 |       return runeSLIM<Circuitrepresentation, Inprocessor, Minimizer, WindowMan<Minimizer, RandomizedBFSSelection<Validator, RootSelector, SearchDirection, BiasSelector>>>(cir, params);
      |              ^
src/opt/eslim/eSLIM.cpp:529:14: note: in instantiation of function template specialization 'eSLIM::toggleWindowing<Abc_Ntk_t_, eSLIM::MfsInprocessor, eSLIM::AreaMinimizer, eSLIM::SubcircuitValidator, eSLIM::BackwardSearch, eSLIM::NoBiasSelector, eSLIM::TabooRootSelector>' requested here
  529 |       return toggleWindowing<Circuitrepresentation, Inprocessor, Minimizer, Validator, SearchDirection, BiasSelector, TabooRootSelector>(cir, params);
      |              ^
src/opt/eslim/eSLIM.cpp:540:14: note: in instantiation of function template specialization 'eSLIM::setTabooApproach<Abc_Ntk_t_, eSLIM::MfsInprocessor, eSLIM::AreaMinimizer, eSLIM::SubcircuitValidator, eSLIM::BackwardSearch, eSLIM::NoBiasSelector>' requested here
  540 |       return setTabooApproach<Circuitrepresentation, Inprocessor, Minimizer, Validator, SearchDirection, NoBiasSelector>(cir, params);
      |              ^
src/opt/eslim/eSLIM.cpp:551:14: note: in instantiation of function template specialization 'eSLIM::setBiasApproach<Abc_Ntk_t_, eSLIM::MfsInprocessor, eSLIM::AreaMinimizer, eSLIM::SubcircuitValidator, eSLIM::BackwardSearch>' requested here
  551 |       return setBiasApproach<Circuitrepresentation, Inprocessor, Minimizer, Validator, BackwardSearch>(cir, params);
      |              ^
src/opt/eslim/eSLIM.cpp:563:20: note: in instantiation of function template specialization 'eSLIM::setSearchDirection<Abc_Ntk_t_, eSLIM::MfsInprocessor, eSLIM::AreaMinimizer, eSLIM::SubcircuitValidator>' requested here
  563 |             return setSearchDirection<Circuitrepresentation, MfsInprocessor, AreaMinimizer, SubcircuitValidator>(cir, params);
      |                    ^
src/opt/eslim/eSLIM.cpp:601:17: note: in instantiation of function template specialization 'eSLIM::setMinimizer<Abc_Ntk_t_>' requested here
  601 |   return eSLIM::setMinimizer(cir, params);
      |                 ^
src/opt/eslim/eSLIM.cpp:614:10: note: in instantiation of function template specialization 'runeSLIM<Abc_Ntk_t_>' requested here
  614 |   return runeSLIM(ntk, params);
      |          ^
src/opt/eslim/eSLIM.cpp:357:13: warning: format specifies type 'unsigned long' but the argument has type 'ABC_UINT64_T' (aka 'unsigned long long') [-Wformat]
  356 |       printf("Synthesis: #SAT-calls: %lu, Total SAT-time: %.2f sec, Max SAT-time: %.4f sec, Avg. SAT-time: %.4f sec\n",  
      |                                      ~~~
      |                                      %llu
  357 |             log.nof_sat_calls_synthesis, log.cummulative_sat_runtime_synthesis / 1000, log.max_sat_runtime_synthesis / 1000,
      |             ^~~~~~~~~~~~~~~~~~~~~~~~~~~
src/opt/eslim/eSLIM.cpp:354:13: warning: format specifies type 'unsigned long' but the argument has type 'ABC_UINT64_T' (aka 'unsigned long long') [-Wformat]
  353 |       printf("Relation generation: #SAT-calls: %lu, Total SAT-time: %.2f sec, Max SAT-time: %.4f sec, Avg. SAT-time: %.4f sec\n",  
      |                                                ~~~
      |                                                %llu
  354 |             log.nof_sat_calls_relation_generation, log.cummulative_sat_runtime_relation_generation, log.max_sat_runtime_relation_generation, 
      |             ^~~~~~~~~~~~~~~~~~~~~~~~~~~~~~~~~~~~~
src/opt/eslim/eSLIM.cpp:296:5: note: in instantiation of member function 'eSLIM::eSLIMRun<eSLIM::eSLIM_Man<eSLIM::AreaMinimizer, eSLIM::RandomizedBFSSelection<eSLIM::SubcircuitValidator, eSLIM::TabooRootSelector, eSLIM::BackwardSearch>>, eSLIM::MfsInprocessor>::printLog' requested here
  296 |     printLog();
      |     ^
src/opt/eslim/eSLIM.cpp:228:15: note: in instantiation of member function 'eSLIM::eSLIMRun<eSLIM::eSLIM_Man<eSLIM::AreaMinimizer, eSLIM::RandomizedBFSSelection<eSLIM::SubcircuitValidator, eSLIM::TabooRootSelector, eSLIM::BackwardSearch>>, eSLIM::MfsInprocessor>::run' requested here
  228 |     eslim_run.run();
      |               ^
src/opt/eslim/eSLIM.cpp:513:45: note: in instantiation of member function 'eSLIM::eSLIMRun<eSLIM::eSLIM_Man<eSLIM::AreaMinimizer, eSLIM::RandomizedBFSSelection<eSLIM::SubcircuitValidator, eSLIM::TabooRootSelector, eSLIM::BackwardSearch>>, eSLIM::MfsInprocessor>::runeSLIM' requested here
  513 |     return eSLIMRun<Approach, Inprocessor>::runeSLIM(cir, params); 
      |                                             ^
src/opt/eslim/eSLIM.cpp:521:14: note: in instantiation of function template specialization 'eSLIM::runeSLIM<Abc_Ntk_t_, eSLIM::MfsInprocessor, eSLIM::AreaMinimizer, eSLIM::eSLIM_Man<eSLIM::AreaMinimizer, eSLIM::RandomizedBFSSelection<eSLIM::SubcircuitValidator, eSLIM::TabooRootSelector, eSLIM::BackwardSearch>>>' requested here
  521 |       return runeSLIM<Circuitrepresentation, Inprocessor, Minimizer, eSLIM_Man<Minimizer, RandomizedBFSSelection<Validator, RootSelector, SearchDirection, BiasSelector>>>(cir, params);
      |              ^
src/opt/eslim/eSLIM.cpp:529:14: note: in instantiation of function template specialization 'eSLIM::toggleWindowing<Abc_Ntk_t_, eSLIM::MfsInprocessor, eSLIM::AreaMinimizer, eSLIM::SubcircuitValidator, eSLIM::BackwardSearch, eSLIM::NoBiasSelector, eSLIM::TabooRootSelector>' requested here
  529 |       return toggleWindowing<Circuitrepresentation, Inprocessor, Minimizer, Validator, SearchDirection, BiasSelector, TabooRootSelector>(cir, params);
      |              ^
src/opt/eslim/eSLIM.cpp:540:14: note: in instantiation of function template specialization 'eSLIM::setTabooApproach<Abc_Ntk_t_, eSLIM::MfsInprocessor, eSLIM::AreaMinimizer, eSLIM::SubcircuitValidator, eSLIM::BackwardSearch, eSLIM::NoBiasSelector>' requested here
  540 |       return setTabooApproach<Circuitrepresentation, Inprocessor, Minimizer, Validator, SearchDirection, NoBiasSelector>(cir, params);
      |              ^
src/opt/eslim/eSLIM.cpp:551:14: note: in instantiation of function template specialization 'eSLIM::setBiasApproach<Abc_Ntk_t_, eSLIM::MfsInprocessor, eSLIM::AreaMinimizer, eSLIM::SubcircuitValidator, eSLIM::BackwardSearch>' requested here
  551 |       return setBiasApproach<Circuitrepresentation, Inprocessor, Minimizer, Validator, BackwardSearch>(cir, params);
      |              ^
src/opt/eslim/eSLIM.cpp:563:20: note: in instantiation of function template specialization 'eSLIM::setSearchDirection<Abc_Ntk_t_, eSLIM::MfsInprocessor, eSLIM::AreaMinimizer, eSLIM::SubcircuitValidator>' requested here
  563 |             return setSearchDirection<Circuitrepresentation, MfsInprocessor, AreaMinimizer, SubcircuitValidator>(cir, params);
      |                    ^
src/opt/eslim/eSLIM.cpp:601:17: note: in instantiation of function template specialization 'eSLIM::setMinimizer<Abc_Ntk_t_>' requested here
  601 |   return eSLIM::setMinimizer(cir, params);
      |                 ^
src/opt/eslim/eSLIM.cpp:614:10: note: in instantiation of function template specialization 'runeSLIM<Abc_Ntk_t_>' requested here
  614 |   return runeSLIM(ntk, params);
      |          ^
src/opt/eslim/eSLIM.cpp:357:13: warning: format specifies type 'unsigned long' but the argument has type 'ABC_UINT64_T' (aka 'unsigned long long') [-Wformat]
  356 |       printf("Synthesis: #SAT-calls: %lu, Total SAT-time: %.2f sec, Max SAT-time: %.4f sec, Avg. SAT-time: %.4f sec\n",  
      |                                      ~~~
      |                                      %llu
  357 |             log.nof_sat_calls_synthesis, log.cummulative_sat_runtime_synthesis / 1000, log.max_sat_runtime_synthesis / 1000,
      |             ^~~~~~~~~~~~~~~~~~~~~~~~~~~
src/opt/eslim/eSLIM.cpp:354:13: warning: format specifies type 'unsigned long' but the argument has type 'ABC_UINT64_T' (aka 'unsigned long long') [-Wformat]
  353 |       printf("Relation generation: #SAT-calls: %lu, Total SAT-time: %.2f sec, Max SAT-time: %.4f sec, Avg. SAT-time: %.4f sec\n",  
      |                                                ~~~
      |                                                %llu
  354 |             log.nof_sat_calls_relation_generation, log.cummulative_sat_runtime_relation_generation, log.max_sat_runtime_relation_generation, 
      |             ^~~~~~~~~~~~~~~~~~~~~~~~~~~~~~~~~~~~~
src/opt/eslim/eSLIM.cpp:296:5: note: in instantiation of member function 'eSLIM::eSLIMRun<eSLIM::WindowMan<eSLIM::AreaMinimizer, eSLIM::RandomizedBFSSelection<eSLIM::SubcircuitValidator, eSLIM::BaseRootSelector, eSLIM::BackwardSearch>>, eSLIM::MfsInprocessor>::printLog' requested here
  296 |     printLog();
      |     ^
src/opt/eslim/eSLIM.cpp:228:15: note: in instantiation of member function 'eSLIM::eSLIMRun<eSLIM::WindowMan<eSLIM::AreaMinimizer, eSLIM::RandomizedBFSSelection<eSLIM::SubcircuitValidator, eSLIM::BaseRootSelector, eSLIM::BackwardSearch>>, eSLIM::MfsInprocessor>::run' requested here
  228 |     eslim_run.run();
      |               ^
src/opt/eslim/eSLIM.cpp:513:45: note: in instantiation of member function 'eSLIM::eSLIMRun<eSLIM::WindowMan<eSLIM::AreaMinimizer, eSLIM::RandomizedBFSSelection<eSLIM::SubcircuitValidator, eSLIM::BaseRootSelector, eSLIM::BackwardSearch>>, eSLIM::MfsInprocessor>::runeSLIM' requested here
  513 |     return eSLIMRun<Approach, Inprocessor>::runeSLIM(cir, params); 
      |                                             ^
src/opt/eslim/eSLIM.cpp:519:14: note: in instantiation of function template specialization 'eSLIM::runeSLIM<Abc_Ntk_t_, eSLIM::MfsInprocessor, eSLIM::AreaMinimizer, eSLIM::WindowMan<eSLIM::AreaMinimizer, eSLIM::RandomizedBFSSelection<eSLIM::SubcircuitValidator, eSLIM::BaseRootSelector, eSLIM::BackwardSearch>>>' requested here
  519 |       return runeSLIM<Circuitrepresentation, Inprocessor, Minimizer, WindowMan<Minimizer, RandomizedBFSSelection<Validator, RootSelector, SearchDirection, BiasSelector>>>(cir, params);
      |              ^
src/opt/eslim/eSLIM.cpp:531:14: note: in instantiation of function template specialization 'eSLIM::toggleWindowing<Abc_Ntk_t_, eSLIM::MfsInprocessor, eSLIM::AreaMinimizer, eSLIM::SubcircuitValidator, eSLIM::BackwardSearch, eSLIM::NoBiasSelector, eSLIM::BaseRootSelector>' requested here
  531 |       return toggleWindowing<Circuitrepresentation, Inprocessor, Minimizer, Validator, SearchDirection, BiasSelector, BaseRootSelector>(cir, params);
      |              ^
src/opt/eslim/eSLIM.cpp:540:14: note: in instantiation of function template specialization 'eSLIM::setTabooApproach<Abc_Ntk_t_, eSLIM::MfsInprocessor, eSLIM::AreaMinimizer, eSLIM::SubcircuitValidator, eSLIM::BackwardSearch, eSLIM::NoBiasSelector>' requested here
  540 |       return setTabooApproach<Circuitrepresentation, Inprocessor, Minimizer, Validator, SearchDirection, NoBiasSelector>(cir, params);
      |              ^
src/opt/eslim/eSLIM.cpp:551:14: note: in instantiation of function template specialization 'eSLIM::setBiasApproach<Abc_Ntk_t_, eSLIM::MfsInprocessor, eSLIM::AreaMinimizer, eSLIM::SubcircuitValidator, eSLIM::BackwardSearch>' requested here
  551 |       return setBiasApproach<Circuitrepresentation, Inprocessor, Minimizer, Validator, BackwardSearch>(cir, params);
      |              ^
src/opt/eslim/eSLIM.cpp:563:20: note: in instantiation of function template specialization 'eSLIM::setSearchDirection<Abc_Ntk_t_, eSLIM::MfsInprocessor, eSLIM::AreaMinimizer, eSLIM::SubcircuitValidator>' requested here
  563 |             return setSearchDirection<Circuitrepresentation, MfsInprocessor, AreaMinimizer, SubcircuitValidator>(cir, params);
      |                    ^
src/opt/eslim/eSLIM.cpp:601:17: note: in instantiation of function template specialization 'eSLIM::setMinimizer<Abc_Ntk_t_>' requested here
  601 |   return eSLIM::setMinimizer(cir, params);
      |                 ^
src/opt/eslim/eSLIM.cpp:614:10: note: in instantiation of function template specialization 'runeSLIM<Abc_Ntk_t_>' requested here
  614 |   return runeSLIM(ntk, params);
      |          ^
src/opt/eslim/eSLIM.cpp:357:13: warning: format specifies type 'unsigned long' but the argument has type 'ABC_UINT64_T' (aka 'unsigned long long') [-Wformat]
  356 |       printf("Synthesis: #SAT-calls: %lu, Total SAT-time: %.2f sec, Max SAT-time: %.4f sec, Avg. SAT-time: %.4f sec\n",  
      |                                      ~~~
      |                                      %llu
  357 |             log.nof_sat_calls_synthesis, log.cummulative_sat_runtime_synthesis / 1000, log.max_sat_runtime_synthesis / 1000,
      |             ^~~~~~~~~~~~~~~~~~~~~~~~~~~
src/opt/eslim/eSLIM.cpp:354:13: warning: format specifies type 'unsigned long' but the argument has type 'ABC_UINT64_T' (aka 'unsigned long long') [-Wformat]
  353 |       printf("Relation generation: #SAT-calls: %lu, Total SAT-time: %.2f sec, Max SAT-time: %.4f sec, Avg. SAT-time: %.4f sec\n",  
      |                                                ~~~
      |                                                %llu
  354 |             log.nof_sat_calls_relation_generation, log.cummulative_sat_runtime_relation_generation, log.max_sat_runtime_relation_generation, 
      |             ^~~~~~~~~~~~~~~~~~~~~~~~~~~~~~~~~~~~~
src/opt/eslim/eSLIM.cpp:296:5: note: in instantiation of member function 'eSLIM::eSLIMRun<eSLIM::eSLIM_Man<eSLIM::AreaMinimizer, eSLIM::RandomizedBFSSelection<eSLIM::SubcircuitValidator, eSLIM::BaseRootSelector, eSLIM::BackwardSearch>>, eSLIM::MfsInprocessor>::printLog' requested here
  296 |     printLog();
      |     ^
src/opt/eslim/eSLIM.cpp:228:15: note: in instantiation of member function 'eSLIM::eSLIMRun<eSLIM::eSLIM_Man<eSLIM::AreaMinimizer, eSLIM::RandomizedBFSSelection<eSLIM::SubcircuitValidator, eSLIM::BaseRootSelector, eSLIM::BackwardSearch>>, eSLIM::MfsInprocessor>::run' requested here
  228 |     eslim_run.run();
      |               ^
src/opt/eslim/eSLIM.cpp:513:45: note: in instantiation of member function 'eSLIM::eSLIMRun<eSLIM::eSLIM_Man<eSLIM::AreaMinimizer, eSLIM::RandomizedBFSSelection<eSLIM::SubcircuitValidator, eSLIM::BaseRootSelector, eSLIM::BackwardSearch>>, eSLIM::MfsInprocessor>::runeSLIM' requested here
  513 |     return eSLIMRun<Approach, Inprocessor>::runeSLIM(cir, params); 
      |                                             ^
src/opt/eslim/eSLIM.cpp:521:14: note: in instantiation of function template specialization 'eSLIM::runeSLIM<Abc_Ntk_t_, eSLIM::MfsInprocessor, eSLIM::AreaMinimizer, eSLIM::eSLIM_Man<eSLIM::AreaMinimizer, eSLIM::RandomizedBFSSelection<eSLIM::SubcircuitValidator, eSLIM::BaseRootSelector, eSLIM::BackwardSearch>>>' requested here
  521 |       return runeSLIM<Circuitrepresentation, Inprocessor, Minimizer, eSLIM_Man<Minimizer, RandomizedBFSSelection<Validator, RootSelector, SearchDirection, BiasSelector>>>(cir, params);
      |              ^
src/opt/eslim/eSLIM.cpp:531:14: note: in instantiation of function template specialization 'eSLIM::toggleWindowing<Abc_Ntk_t_, eSLIM::MfsInprocessor, eSLIM::AreaMinimizer, eSLIM::SubcircuitValidator, eSLIM::BackwardSearch, eSLIM::NoBiasSelector, eSLIM::BaseRootSelector>' requested here
  531 |       return toggleWindowing<Circuitrepresentation, Inprocessor, Minimizer, Validator, SearchDirection, BiasSelector, BaseRootSelector>(cir, params);
      |              ^
src/opt/eslim/eSLIM.cpp:540:14: note: in instantiation of function template specialization 'eSLIM::setTabooApproach<Abc_Ntk_t_, eSLIM::MfsInprocessor, eSLIM::AreaMinimizer, eSLIM::SubcircuitValidator, eSLIM::BackwardSearch, eSLIM::NoBiasSelector>' requested here
  540 |       return setTabooApproach<Circuitrepresentation, Inprocessor, Minimizer, Validator, SearchDirection, NoBiasSelector>(cir, params);
      |              ^
src/opt/eslim/eSLIM.cpp:551:14: note: in instantiation of function template specialization 'eSLIM::setBiasApproach<Abc_Ntk_t_, eSLIM::MfsInprocessor, eSLIM::AreaMinimizer, eSLIM::SubcircuitValidator, eSLIM::BackwardSearch>' requested here
  551 |       return setBiasApproach<Circuitrepresentation, Inprocessor, Minimizer, Validator, BackwardSearch>(cir, params);
      |              ^
src/opt/eslim/eSLIM.cpp:563:20: note: in instantiation of function template specialization 'eSLIM::setSearchDirection<Abc_Ntk_t_, eSLIM::MfsInprocessor, eSLIM::AreaMinimizer, eSLIM::SubcircuitValidator>' requested here
  563 |             return setSearchDirection<Circuitrepresentation, MfsInprocessor, AreaMinimizer, SubcircuitValidator>(cir, params);
      |                    ^
src/opt/eslim/eSLIM.cpp:601:17: note: in instantiation of function template specialization 'eSLIM::setMinimizer<Abc_Ntk_t_>' requested here
  601 |   return eSLIM::setMinimizer(cir, params);
      |                 ^
src/opt/eslim/eSLIM.cpp:614:10: note: in instantiation of function template specialization 'runeSLIM<Abc_Ntk_t_>' requested here
  614 |   return runeSLIM(ntk, params);
      |          ^
src/opt/eslim/eSLIM.cpp:357:13: warning: format specifies type 'unsigned long' but the argument has type 'ABC_UINT64_T' (aka 'unsigned long long') [-Wformat]
  356 |       printf("Synthesis: #SAT-calls: %lu, Total SAT-time: %.2f sec, Max SAT-time: %.4f sec, Avg. SAT-time: %.4f sec\n",  
      |                                      ~~~
      |                                      %llu
  357 |             log.nof_sat_calls_synthesis, log.cummulative_sat_runtime_synthesis / 1000, log.max_sat_runtime_synthesis / 1000,
      |             ^~~~~~~~~~~~~~~~~~~~~~~~~~~
In file included from src/opt/eslim/eslimCirMan.cpp:26:
In file included from src/opt/eslim/eslimCirMan.hpp:30:
In file included from ./src/base/abc/abc.h:35:
./src/aig/hop/hop.h:236:34: warning: argument to 'sizeof' in 'memcpy' call is the same pointer type 'Hop_Obj_t *' (aka 'struct Hop_Obj_t_ *') as the source; expected 'Hop_Obj_t' (aka 'struct Hop_Obj_t_') or an explicit length [-Wsizeof-pointer-memaccess]
  236 |     memcpy(&p->pListFree, pTemp, sizeof(Hop_Obj_t *));
      |                           ~~~~~  ^~~~~~~~~~~~~~~~~~~
./src/aig/hop/hop.h:249:35: warning: argument to 'sizeof' in 'memcpy' call is the same pointer type 'Hop_Obj_t *' (aka 'struct Hop_Obj_t_ *') as the destination; expected 'Hop_Obj_t' (aka 'struct Hop_Obj_t_') or an explicit length [-Wsizeof-pointer-memaccess]
  249 |     memcpy(pEntry, &p->pListFree, sizeof(Hop_Obj_t *));
      |            ~~~~~~                 ^~~~~~~~~~~~~~~~~~~
src/opt/eslim/eslimCirMan.cpp:479:18: warning: variable 'tt' set but not used [-Wunused-but-set-variable]
  479 |     ABC_UINT64_T tt = pe->tt;
      |                  ^
3 warnings generated.
`` Compiling: /src/opt/eslim/relationGeneration.cpp
In file included from src/opt/eslim/relationGeneration.cpp:26:
In file included from src/opt/eslim/relationGeneration.hpp:29:
In file included from src/opt/eslim/eslimCirMan.hpp:30:
In file included from ./src/base/abc/abc.h:35:
./src/aig/hop/hop.h:236:34: warning: argument to 'sizeof' in 'memcpy' call is the same pointer type 'Hop_Obj_t *' (aka 'struct Hop_Obj_t_ *') as the source; expected 'Hop_Obj_t' (aka 'struct Hop_Obj_t_') or an explicit length [-Wsizeof-pointer-memaccess]
  236 |     memcpy(&p->pListFree, pTemp, sizeof(Hop_Obj_t *));
      |                           ~~~~~  ^~~~~~~~~~~~~~~~~~~
./src/aig/hop/hop.h:249:35: warning: argument to 'sizeof' in 'memcpy' call is the same pointer type 'Hop_Obj_t *' (aka 'struct Hop_Obj_t_ *') as the destination; expected 'Hop_Obj_t' (aka 'struct Hop_Obj_t_') or an explicit length [-Wsizeof-pointer-memaccess]
  249 |     memcpy(pEntry, &p->pListFree, sizeof(Hop_Obj_t *));
      |            ~~~~~~                 ^~~~~~~~~~~~~~~~~~~
In file included from src/opt/eslim/relationGeneration.cpp:26:
In file included from src/opt/eslim/relationGeneration.hpp:30:
In file included from src/opt/eslim/cadicalSolver.hpp:29:
./src/sat/cadical/cadical.hpp:1166:9: warning: '__USE_MINGW_ANSI_STDIO' macro redefined [-Wmacro-redefined]
 1166 | #define __USE_MINGW_ANSI_STDIO 1
      |         ^
<LEGACY_LOCAL_PROJECT_ROOT>/stages/stageA/CVC5-ALETHE-SHAREMAP/resume1/toolchain/msys64/clang64/include/_mingw.h:454:9: note: previous definition is here
  454 | #define __USE_MINGW_ANSI_STDIO 0      /* was not defined so it should be 0 */
      |         ^
3 warnings generated.
`` Compiling: /src/opt/eslim/subcircuit.cpp
In file included from src/opt/eslim/subcircuit.cpp:25:
In file included from src/opt/eslim/subcircuit.hpp:31:
In file included from src/opt/eslim/eslimCirMan.hpp:30:
In file included from ./src/base/abc/abc.h:35:
./src/aig/hop/hop.h:236:34: warning: argument to 'sizeof' in 'memcpy' call is the same pointer type 'Hop_Obj_t *' (aka 'struct Hop_Obj_t_ *') as the source; expected 'Hop_Obj_t' (aka 'struct Hop_Obj_t_') or an explicit length [-Wsizeof-pointer-memaccess]
  236 |     memcpy(&p->pListFree, pTemp, sizeof(Hop_Obj_t *));
      |                           ~~~~~  ^~~~~~~~~~~~~~~~~~~
./src/aig/hop/hop.h:249:35: warning: argument to 'sizeof' in 'memcpy' call is the same pointer type 'Hop_Obj_t *' (aka 'struct Hop_Obj_t_ *') as the destination; expected 'Hop_Obj_t' (aka 'struct Hop_Obj_t_') or an explicit length [-Wsizeof-pointer-memaccess]
  249 |     memcpy(pEntry, &p->pListFree, sizeof(Hop_Obj_t *));
      |            ~~~~~~                 ^~~~~~~~~~~~~~~~~~~
2 warnings generated.
`` Compiling: /src/opt/eslim/relationSynthesiser.cpp
In file included from src/opt/eslim/relationSynthesiser.cpp:23:
In file included from src/opt/eslim/relationSynthesiser.hpp:29:
In file included from src/opt/eslim/relationGeneration.hpp:29:
In file included from src/opt/eslim/eslimCirMan.hpp:30:
In file included from ./src/base/abc/abc.h:35:
./src/aig/hop/hop.h:236:34: warning: argument to 'sizeof' in 'memcpy' call is the same pointer type 'Hop_Obj_t *' (aka 'struct Hop_Obj_t_ *') as the source; expected 'Hop_Obj_t' (aka 'struct Hop_Obj_t_') or an explicit length [-Wsizeof-pointer-memaccess]
  236 |     memcpy(&p->pListFree, pTemp, sizeof(Hop_Obj_t *));
      |                           ~~~~~  ^~~~~~~~~~~~~~~~~~~
./src/aig/hop/hop.h:249:35: warning: argument to 'sizeof' in 'memcpy' call is the same pointer type 'Hop_Obj_t *' (aka 'struct Hop_Obj_t_ *') as the destination; expected 'Hop_Obj_t' (aka 'struct Hop_Obj_t_') or an explicit length [-Wsizeof-pointer-memaccess]
  249 |     memcpy(pEntry, &p->pListFree, sizeof(Hop_Obj_t *));
      |            ~~~~~~                 ^~~~~~~~~~~~~~~~~~~
In file included from src/opt/eslim/relationSynthesiser.cpp:23:
In file included from src/opt/eslim/relationSynthesiser.hpp:29:
In file included from src/opt/eslim/relationGeneration.hpp:30:
In file included from src/opt/eslim/cadicalSolver.hpp:29:
./src/sat/cadical/cadical.hpp:1166:9: warning: '__USE_MINGW_ANSI_STDIO' macro redefined [-Wmacro-redefined]
 1166 | #define __USE_MINGW_ANSI_STDIO 1
      |         ^
<LEGACY_LOCAL_PROJECT_ROOT>/stages/stageA/CVC5-ALETHE-SHAREMAP/resume1/toolchain/msys64/clang64/include/_mingw.h:454:9: note: previous definition is here
  454 | #define __USE_MINGW_ANSI_STDIO 0      /* was not defined so it should be 0 */
      |         ^
3 warnings generated.
`` Compiling: /src/opt/eslim/areaEngine.cpp
220 warnings generated.
`` Compiling: /src/opt/eslim/delayEngine.cpp
In file included from src/opt/eslim/areaEngine.cpp:21:
In file included from src/opt/eslim/areaEngine.hpp:26:
In file included from src/opt/eslim/relationSynthesiser.hpp:29:
In file included from src/opt/eslim/relationGeneration.hpp:29:
In file included from src/opt/eslim/eslimCirMan.hpp:30:
In file included from ./src/base/abc/abc.h:35:
./src/aig/hop/hop.h:236:34: warning: argument to 'sizeof' in 'memcpy' call is the same pointer type 'Hop_Obj_t *' (aka 'struct Hop_Obj_t_ *') as the source; expected 'Hop_Obj_t' (aka 'struct Hop_Obj_t_') or an explicit length [-Wsizeof-pointer-memaccess]
  236 |     memcpy(&p->pListFree, pTemp, sizeof(Hop_Obj_t *));
      |                           ~~~~~  ^~~~~~~~~~~~~~~~~~~
./src/aig/hop/hop.h:249:35: warning: argument to 'sizeof' in 'memcpy' call is the same pointer type 'Hop_Obj_t *' (aka 'struct Hop_Obj_t_ *') as the destination; expected 'Hop_Obj_t' (aka 'struct Hop_Obj_t_') or an explicit length [-Wsizeof-pointer-memaccess]
  249 |     memcpy(pEntry, &p->pListFree, sizeof(Hop_Obj_t *));
      |            ~~~~~~                 ^~~~~~~~~~~~~~~~~~~
In file included from src/opt/eslim/areaEngine.cpp:21:
In file included from src/opt/eslim/areaEngine.hpp:26:
In file included from src/opt/eslim/relationSynthesiser.hpp:29:
In file included from src/opt/eslim/relationGeneration.hpp:30:
In file included from src/opt/eslim/cadicalSolver.hpp:29:
./src/sat/cadical/cadical.hpp:1166:9: warning: '__USE_MINGW_ANSI_STDIO' macro redefined [-Wmacro-redefined]
 1166 | #define __USE_MINGW_ANSI_STDIO 1
      |         ^
<LEGACY_LOCAL_PROJECT_ROOT>/stages/stageA/CVC5-ALETHE-SHAREMAP/resume1/toolchain/msys64/clang64/include/_mingw.h:454:9: note: previous definition is here
  454 | #define __USE_MINGW_ANSI_STDIO 0      /* was not defined so it should be 0 */
      |         ^
In file included from src/opt/eslim/delayEngine.cpp:21:
In file included from src/opt/eslim/delayEngine.hpp:28:
In file included from src/opt/eslim/relationSynthesiser.hpp:29:
In file included from src/opt/eslim/relationGeneration.hpp:29:
In file included from src/opt/eslim/eslimCirMan.hpp:30:
In file included from ./src/base/abc/abc.h:35:
./src/aig/hop/hop.h:236:34: warning: argument to 'sizeof' in 'memcpy' call is the same pointer type 'Hop_Obj_t *' (aka 'struct Hop_Obj_t_ *') as the source; expected 'Hop_Obj_t' (aka 'struct Hop_Obj_t_') or an explicit length [-Wsizeof-pointer-memaccess]
  236 |     memcpy(&p->pListFree, pTemp, sizeof(Hop_Obj_t *));
      |                           ~~~~~  ^~~~~~~~~~~~~~~~~~~
./src/aig/hop/hop.h:249:35: warning: argument to 'sizeof' in 'memcpy' call is the same pointer type 'Hop_Obj_t *' (aka 'struct Hop_Obj_t_ *') as the destination; expected 'Hop_Obj_t' (aka 'struct Hop_Obj_t_') or an explicit length [-Wsizeof-pointer-memaccess]
  249 |     memcpy(pEntry, &p->pListFree, sizeof(Hop_Obj_t *));
      |            ~~~~~~                 ^~~~~~~~~~~~~~~~~~~
In file included from src/opt/eslim/delayEngine.cpp:21:
In file included from src/opt/eslim/delayEngine.hpp:28:
In file included from src/opt/eslim/relationSynthesiser.hpp:29:
In file included from src/opt/eslim/relationGeneration.hpp:30:
In file included from src/opt/eslim/cadicalSolver.hpp:29:
./src/sat/cadical/cadical.hpp:1166:9: warning: '__USE_MINGW_ANSI_STDIO' macro redefined [-Wmacro-redefined]
 1166 | #define __USE_MINGW_ANSI_STDIO 1
      |         ^
<LEGACY_LOCAL_PROJECT_ROOT>/stages/stageA/CVC5-ALETHE-SHAREMAP/resume1/toolchain/msys64/clang64/include/_mingw.h:454:9: note: previous definition is here
  454 | #define __USE_MINGW_ANSI_STDIO 0      /* was not defined so it should be 0 */
      |         ^
3 warnings generated.
`` Compiling: /src/opt/ufar/UfarCmd.cpp
3 warnings generated.
`` Compiling: /src/opt/ufar/UfarPth.cpp
In file included from src/opt/ufar/UfarCmd.cpp:22:
In file included from ./src/base/wlc/wlc.h:35:
In file included from ./src/base/main/mainInt.h:29:
In file included from ./src/base/main/main.h:30:
In file included from ./src/base/abc/abc.h:35:
./src/aig/hop/hop.h:236:34: warning: argument to 'sizeof' in 'memcpy' call is the same pointer type 'Hop_Obj_t *' (aka 'struct Hop_Obj_t_ *') as the source; expected 'Hop_Obj_t' (aka 'struct Hop_Obj_t_') or an explicit length [-Wsizeof-pointer-memaccess]
  236 |     memcpy(&p->pListFree, pTemp, sizeof(Hop_Obj_t *));
      |                           ~~~~~  ^~~~~~~~~~~~~~~~~~~
./src/aig/hop/hop.h:249:35: warning: argument to 'sizeof' in 'memcpy' call is the same pointer type 'Hop_Obj_t *' (aka 'struct Hop_Obj_t_ *') as the destination; expected 'Hop_Obj_t' (aka 'struct Hop_Obj_t_') or an explicit length [-Wsizeof-pointer-memaccess]
  249 |     memcpy(pEntry, &p->pListFree, sizeof(Hop_Obj_t *));
      |            ~~~~~~                 ^~~~~~~~~~~~~~~~~~~
In file included from src/opt/ufar/UfarCmd.cpp:22:
In file included from ./src/base/wlc/wlc.h:35:
./src/base/main/mainInt.h:203:32: warning: 'main' should not be 'extern "C"' [-Wmain]
  203 | extern ABC_DLL int             main( int argc, char * argv[] );
      |                                ^
In file included from src/opt/ufar/UfarPth.cpp:15:
In file included from ./src/opt/untk/NtkNtk.h:18:
In file included from ./src/base/wlc/wlc.h:35:
In file included from ./src/base/main/mainInt.h:29:
In file included from ./src/base/main/main.h:30:
In file included from ./src/base/abc/abc.h:35:
./src/aig/hop/hop.h:236:34: warning: argument to 'sizeof' in 'memcpy' call is the same pointer type 'Hop_Obj_t *' (aka 'struct Hop_Obj_t_ *') as the source; expected 'Hop_Obj_t' (aka 'struct Hop_Obj_t_') or an explicit length [-Wsizeof-pointer-memaccess]
  236 |     memcpy(&p->pListFree, pTemp, sizeof(Hop_Obj_t *));
      |                           ~~~~~  ^~~~~~~~~~~~~~~~~~~
./src/aig/hop/hop.h:249:35: warning: argument to 'sizeof' in 'memcpy' call is the same pointer type 'Hop_Obj_t *' (aka 'struct Hop_Obj_t_ *') as the destination; expected 'Hop_Obj_t' (aka 'struct Hop_Obj_t_') or an explicit length [-Wsizeof-pointer-memaccess]
  249 |     memcpy(pEntry, &p->pListFree, sizeof(Hop_Obj_t *));
      |            ~~~~~~                 ^~~~~~~~~~~~~~~~~~~
In file included from src/opt/ufar/UfarPth.cpp:15:
In file included from ./src/opt/untk/NtkNtk.h:18:
In file included from ./src/base/wlc/wlc.h:35:
In file included from ./src/base/main/mainInt.h:29:
In file included from ./src/base/main/main.h:38:
./src/base/main/abcapis.h:50:13: warning: 'ABC_DLLIMPORT' macro redefined [-Wmacro-redefined]
   50 |     #define ABC_DLLIMPORT __declspec(dllimport)
      |             ^
./src/misc/util/abc_global.h:55:9: note: previous definition is here
   55 | #define ABC_DLLIMPORT
      |         ^
In file included from src/opt/ufar/UfarPth.cpp:15:
In file included from ./src/opt/untk/NtkNtk.h:18:
In file included from ./src/base/wlc/wlc.h:35:
In file included from ./src/base/main/mainInt.h:29:
./src/base/main/main.h:120:32: warning: redeclaration of 'Abc_FrameIsBridgeMode' should not add 'dllimport' attribute [-Wdll-attribute-on-redeclaration]
  120 | extern ABC_DLL int             Abc_FrameIsBridgeMode();
      |                                ^
./src/misc/util/abc_global.h:412:24: note: previous declaration is here
  412 |     extern ABC_DLL int Abc_FrameIsBridgeMode();
      |                        ^
In file included from src/opt/ufar/UfarPth.cpp:15:
In file included from ./src/opt/untk/NtkNtk.h:18:
In file included from ./src/base/wlc/wlc.h:35:
./src/base/main/mainInt.h:203:32: warning: 'main' should not be 'extern "C"' [-Wmain]
  203 | extern ABC_DLL int             main( int argc, char * argv[] );
      |                                ^
5 warnings generated.
`` Compiling: /src/opt/ufar/UfarMgr.cpp
3 warnings generated.
`` Compiling: /src/opt/untk/NtkCmd.cpp
In file included from src/opt/ufar/UfarMgr.cpp:22:
In file included from ./src/base/wlc/wlc.h:35:
In file included from ./src/base/main/mainInt.h:29:
In file included from ./src/base/main/main.h:30:
In file included from ./src/base/abc/abc.h:35:
./src/aig/hop/hop.h:236:34: warning: argument to 'sizeof' in 'memcpy' call is the same pointer type 'Hop_Obj_t *' (aka 'struct Hop_Obj_t_ *') as the source; expected 'Hop_Obj_t' (aka 'struct Hop_Obj_t_') or an explicit length [-Wsizeof-pointer-memaccess]
  236 |     memcpy(&p->pListFree, pTemp, sizeof(Hop_Obj_t *));
      |                           ~~~~~  ^~~~~~~~~~~~~~~~~~~
./src/aig/hop/hop.h:249:35: warning: argument to 'sizeof' in 'memcpy' call is the same pointer type 'Hop_Obj_t *' (aka 'struct Hop_Obj_t_ *') as the destination; expected 'Hop_Obj_t' (aka 'struct Hop_Obj_t_') or an explicit length [-Wsizeof-pointer-memaccess]
  249 |     memcpy(pEntry, &p->pListFree, sizeof(Hop_Obj_t *));
      |            ~~~~~~                 ^~~~~~~~~~~~~~~~~~~
In file included from src/opt/untk/NtkCmd.cpp:8:
In file included from ./src/opt/untk/NtkCmd.h:11:
In file included from ./src/base/main/mainInt.h:29:
In file included from ./src/base/main/main.h:30:
In file included from ./src/base/abc/abc.h:35:
./src/aig/hop/hop.h:236:34: warning: argument to 'sizeof' in 'memcpy' call is the same pointer type 'Hop_Obj_t *' (aka 'struct Hop_Obj_t_ *') as the source; expected 'Hop_Obj_t' (aka 'struct Hop_Obj_t_') or an explicit length [-Wsizeof-pointer-memaccess]
  236 |     memcpy(&p->pListFree, pTemp, sizeof(Hop_Obj_t *));
      |                           ~~~~~  ^~~~~~~~~~~~~~~~~~~
./src/aig/hop/hop.h:249:35: warning: argument to 'sizeof' in 'memcpy' call is the same pointer type 'Hop_Obj_t *' (aka 'struct Hop_Obj_t_ *') as the destination; expected 'Hop_Obj_t' (aka 'struct Hop_Obj_t_') or an explicit length [-Wsizeof-pointer-memaccess]
  249 |     memcpy(pEntry, &p->pListFree, sizeof(Hop_Obj_t *));
      |            ~~~~~~                 ^~~~~~~~~~~~~~~~~~~
In file included from src/opt/ufar/UfarMgr.cpp:22:
In file included from ./src/base/wlc/wlc.h:35:
./src/base/main/mainInt.h:203:32: warning: 'main' should not be 'extern "C"' [-Wmain]
  203 | extern ABC_DLL int             main( int argc, char * argv[] );
      |                                ^
src/opt/ufar/UfarMgr.cpp:1715:154: warning: format specifies type 'unsigned long' but the argument has type 'size_type' (aka 'unsigned long long') [-Wformat]
 1715 |         snprintf(buffer, sizeof(buffer), "Iteration[%2u][%3u]: %4u White boxes\t%4lu UIF constraints (time = %.4f)", n_iter_wb, n_iter_uif, nWhiteBoxes, _set_uif_pairs.size(), elapsedTime);
      |                                                                                 ~~~~                                                                     ^~~~~~~~~~~~~~~~~~~~~
      |                                                                                 %4zu
In file included from src/opt/untk/NtkCmd.cpp:8:
In file included from ./src/opt/untk/NtkCmd.h:11:
./src/base/main/mainInt.h:203:32: warning: 'main' should not be 'extern "C"' [-Wmain]
  203 | extern ABC_DLL int             main( int argc, char * argv[] );
      |                                ^
3 warnings generated.
`` Compiling: /src/opt/untk/Netlist.cpp
In file included from src/opt/untk/Netlist.cpp:7:
In file included from ./src/base/wlc/wlc.h:35:
In file included from ./src/base/main/mainInt.h:29:
In file included from ./src/base/main/main.h:30:
In file included from ./src/base/abc/abc.h:35:
./src/aig/hop/hop.h:236:34: warning: argument to 'sizeof' in 'memcpy' call is the same pointer type 'Hop_Obj_t *' (aka 'struct Hop_Obj_t_ *') as the source; expected 'Hop_Obj_t' (aka 'struct Hop_Obj_t_') or an explicit length [-Wsizeof-pointer-memaccess]
  236 |     memcpy(&p->pListFree, pTemp, sizeof(Hop_Obj_t *));
      |                           ~~~~~  ^~~~~~~~~~~~~~~~~~~
./src/aig/hop/hop.h:249:35: warning: argument to 'sizeof' in 'memcpy' call is the same pointer type 'Hop_Obj_t *' (aka 'struct Hop_Obj_t_ *') as the destination; expected 'Hop_Obj_t' (aka 'struct Hop_Obj_t_') or an explicit length [-Wsizeof-pointer-memaccess]
  249 |     memcpy(pEntry, &p->pListFree, sizeof(Hop_Obj_t *));
      |            ~~~~~~                 ^~~~~~~~~~~~~~~~~~~
In file included from src/opt/untk/Netlist.cpp:7:
In file included from ./src/base/wlc/wlc.h:35:
./src/base/main/mainInt.h:203:32: warning: 'main' should not be 'extern "C"' [-Wmain]
  203 | extern ABC_DLL int             main( int argc, char * argv[] );
      |                                ^
3 warnings generated.
`` Compiling: /src/opt/untk/NtkNtk.cpp
In file included from src/opt/untk/NtkNtk.cpp:20:
In file included from ./src/base/wlc/wlc.h:35:
In file included from ./src/base/main/mainInt.h:29:
In file included from ./src/base/main/main.h:30:
In file included from ./src/base/abc/abc.h:35:
./src/aig/hop/hop.h:236:34: warning: argument to 'sizeof' in 'memcpy' call is the same pointer type 'Hop_Obj_t *' (aka 'struct Hop_Obj_t_ *') as the source; expected 'Hop_Obj_t' (aka 'struct Hop_Obj_t_') or an explicit length [-Wsizeof-pointer-memaccess]
  236 |     memcpy(&p->pListFree, pTemp, sizeof(Hop_Obj_t *));
      |                           ~~~~~  ^~~~~~~~~~~~~~~~~~~
./src/aig/hop/hop.h:249:35: warning: argument to 'sizeof' in 'memcpy' call is the same pointer type 'Hop_Obj_t *' (aka 'struct Hop_Obj_t_ *') as the destination; expected 'Hop_Obj_t' (aka 'struct Hop_Obj_t_') or an explicit length [-Wsizeof-pointer-memaccess]
  249 |     memcpy(pEntry, &p->pListFree, sizeof(Hop_Obj_t *));
      |            ~~~~~~                 ^~~~~~~~~~~~~~~~~~~
In file included from src/opt/untk/NtkNtk.cpp:20:
In file included from ./src/base/wlc/wlc.h:35:
./src/base/main/mainInt.h:203:32: warning: 'main' should not be 'extern "C"' [-Wmain]
  203 | extern ABC_DLL int             main( int argc, char * argv[] );
      |                                ^
4 warnings generated.
`` Compiling: /src/opt/util/util.cpp
3 warnings generated.
`` Compiling: /src/sat/glucose/AbcGlucose.cpp
In file included from src/sat/glucose/AbcGlucose.cpp:29:
In file included from ./src/base/abc/abc.h:35:
./src/aig/hop/hop.h:236:34: warning: argument to 'sizeof' in 'memcpy' call is the same pointer type 'Hop_Obj_t *' (aka 'struct Hop_Obj_t_ *') as the source; expected 'Hop_Obj_t' (aka 'struct Hop_Obj_t_') or an explicit length [-Wsizeof-pointer-memaccess]
  236 |     memcpy(&p->pListFree, pTemp, sizeof(Hop_Obj_t *));
      |                           ~~~~~  ^~~~~~~~~~~~~~~~~~~
./src/aig/hop/hop.h:249:35: warning: argument to 'sizeof' in 'memcpy' call is the same pointer type 'Hop_Obj_t *' (aka 'struct Hop_Obj_t_ *') as the destination; expected 'Hop_Obj_t' (aka 'struct Hop_Obj_t_') or an explicit length [-Wsizeof-pointer-memaccess]
  249 |     memcpy(pEntry, &p->pListFree, sizeof(Hop_Obj_t *));
      |            ~~~~~~                 ^~~~~~~~~~~~~~~~~~~
src/sat/glucose/AbcGlucose.cpp:1104:30: warning: variable 'nCubes' set but not used [-Wunused-but-set-variable]
 1104 |     int i, CiId, ObjId, Res, nCubes = 0, nNodes, Count = 0, iNode = Abc_Lit2Var(iLit);
      |                              ^
src/sat/glucose/AbcGlucose.cpp:1104:42: warning: variable 'nNodes' set but not used [-Wunused-but-set-variable]
 1104 |     int i, CiId, ObjId, Res, nCubes = 0, nNodes, Count = 0, iNode = Abc_Lit2Var(iLit);
      |                                          ^
src/sat/glucose/AbcGlucose.cpp:1104:50: warning: variable 'Count' set but not used [-Wunused-but-set-variable]
 1104 |     int i, CiId, ObjId, Res, nCubes = 0, nNodes, Count = 0, iNode = Abc_Lit2Var(iLit);
      |                                                  ^
`` Compiling: /src/sat/glucose/AbcGlucoseCmd.cpp
5 warnings generated.
In file included from src/sat/glucose/AbcGlucoseCmd.cpp:22:
In file included from ./src/base/main/mainInt.h:29:
In file included from ./src/base/main/main.h:30:
In file included from ./src/base/abc/abc.h:35:
./src/aig/hop/hop.h:236:34: warning: argument to 'sizeof' in 'memcpy' call is the same pointer type 'Hop_Obj_t *' (aka 'struct Hop_Obj_t_ *') as the source; expected 'Hop_Obj_t' (aka 'struct Hop_Obj_t_') or an explicit length [-Wsizeof-pointer-memaccess]
  236 |     memcpy(&p->pListFree, pTemp, sizeof(Hop_Obj_t *));
      |                           ~~~~~  ^~~~~~~~~~~~~~~~~~~
./src/aig/hop/hop.h:249:35: warning: argument to 'sizeof' in 'memcpy' call is the same pointer type 'Hop_Obj_t *' (aka 'struct Hop_Obj_t_ *') as the destination; expected 'Hop_Obj_t' (aka 'struct Hop_Obj_t_') or an explicit length [-Wsizeof-pointer-memaccess]
  249 |     memcpy(pEntry, &p->pListFree, sizeof(Hop_Obj_t *));
      |            ~~~~~~                 ^~~~~~~~~~~~~~~~~~~
`` Compiling: /src/sat/glucose/Glucose.cpp
In file included from src/sat/glucose/AbcGlucoseCmd.cpp:22:
./src/base/main/mainInt.h:203:32: warning: 'main' should not be 'extern "C"' [-Wmain]
  203 | extern ABC_DLL int             main( int argc, char * argv[] );
      |                                ^
3 warnings generated.
src/sat/glucose/Glucose.cpp:357:5: warning: misleading indentation; statement is not part of the previous 'if' [-Wmisleading-indentation]
  357 |     for (int i = 0; i < c.size(); i++)
      |     ^
src/sat/glucose/Glucose.cpp:353:3: note: previous statement is here
  353 |   if(incremental)  // Check clauses with many selectors is too time consuming
      |   ^
`` Compiling: /src/sat/glucose/Options.cpp
src/sat/glucose/Glucose.cpp:1042:17: warning: variable 'conflictC' set but not used [-Wunused-but-set-variable]
 1042 |     int         conflictC = 0;
      |                 ^
src/sat/glucose/Glucose.cpp:1189:45: warning: format specifies type 'long' but the argument has type 'int64_t' (aka 'long long') [-Wformat]
 1189 |   printf("c restarts              : %ld\n", starts);
      |                                     ~~~     ^~~~~~
      |                                     %lld
src/sat/glucose/Glucose.cpp:1190:45: warning: format specifies type 'long' but the argument has type 'int64_t' (aka 'long long') [-Wformat]
 1190 |   printf("c nb ReduceDB           : %ld\n", nbReduceDB);
      |                                     ~~~     ^~~~~~~~~~
      |                                     %lld
src/sat/glucose/Glucose.cpp:1191:45: warning: format specifies type 'long' but the argument has type 'int64_t' (aka 'long long') [-Wformat]
 1191 |   printf("c nb removed Clauses    : %ld\n", nbRemovedClauses);
      |                                     ~~~     ^~~~~~~~~~~~~~~~
      |                                     %lld
src/sat/glucose/Glucose.cpp:1192:45: warning: format specifies type 'long' but the argument has type 'int64_t' (aka 'long long') [-Wformat]
 1192 |   printf("c nb learnts DL2        : %ld\n", nbDL2);
      |                                     ~~~     ^~~~~
      |                                     %lld
src/sat/glucose/Glucose.cpp:1193:45: warning: format specifies type 'long' but the argument has type 'int64_t' (aka 'long long') [-Wformat]
 1193 |   printf("c nb learnts size 2     : %ld\n", nbBin);
      |                                     ~~~     ^~~~~
      |                                     %lld
src/sat/glucose/Glucose.cpp:1194:45: warning: format specifies type 'long' but the argument has type 'int64_t' (aka 'long long') [-Wformat]
 1194 |   printf("c nb learnts size 1     : %ld\n", nbUn);
      |                                     ~~~     ^~~~
      |                                     %lld
src/sat/glucose/Glucose.cpp:1196:45: warning: format specifies type 'long' but the argument has type 'int64_t' (aka 'long long') [-Wformat]
 1196 |   printf("c conflicts             : %ld\n", conflicts);
      |                                     ~~~     ^~~~~~~~~
      |                                     %lld
src/sat/glucose/Glucose.cpp:1197:45: warning: format specifies type 'long' but the argument has type 'int64_t' (aka 'long long') [-Wformat]
 1197 |   printf("c decisions             : %ld\n", decisions);
      |                                     ~~~     ^~~~~~~~~
      |                                     %lld
src/sat/glucose/Glucose.cpp:1198:45: warning: format specifies type 'long' but the argument has type 'int64_t' (aka 'long long') [-Wformat]
 1198 |   printf("c propagations          : %ld\n", propagations);
      |                                     ~~~     ^~~~~~~~~~~~
      |                                     %lld
src/sat/glucose/Glucose.cpp:1248:9: warning: variable 'curr_restarts' set but not used [-Wunused-but-set-variable]
 1248 |     int curr_restarts = 0;
      |         ^
`` Compiling: /src/sat/glucose/SimpSolver.cpp
12 warnings generated.
`` Compiling: /src/sat/glucose/System.cpp
`` Compiling: /src/sat/glucose2/AbcGlucose2.cpp
`` Compiling: /src/sat/glucose2/AbcGlucoseCmd2.cpp
In file included from src/sat/glucose2/AbcGlucoseCmd2.cpp:22:
In file included from ./src/base/main/mainInt.h:29:
In file included from ./src/base/main/main.h:30:
In file included from ./src/base/abc/abc.h:35:
./src/aig/hop/hop.h:236:34: warning: argument to 'sizeof' in 'memcpy' call is the same pointer type 'Hop_Obj_t *' (aka 'struct Hop_Obj_t_ *') as the source; expected 'Hop_Obj_t' (aka 'struct Hop_Obj_t_') or an explicit length [-Wsizeof-pointer-memaccess]
  236 |     memcpy(&p->pListFree, pTemp, sizeof(Hop_Obj_t *));
      |                           ~~~~~  ^~~~~~~~~~~~~~~~~~~
./src/aig/hop/hop.h:249:35: warning: argument to 'sizeof' in 'memcpy' call is the same pointer type 'Hop_Obj_t *' (aka 'struct Hop_Obj_t_ *') as the destination; expected 'Hop_Obj_t' (aka 'struct Hop_Obj_t_') or an explicit length [-Wsizeof-pointer-memaccess]
  249 |     memcpy(pEntry, &p->pListFree, sizeof(Hop_Obj_t *));
      |            ~~~~~~                 ^~~~~~~~~~~~~~~~~~~
In file included from src/sat/glucose2/AbcGlucose2.cpp:29:
In file included from ./src/base/abc/abc.h:35:
./src/aig/hop/hop.h:236:34: warning: argument to 'sizeof' in 'memcpy' call is the same pointer type 'Hop_Obj_t *' (aka 'struct Hop_Obj_t_ *') as the source; expected 'Hop_Obj_t' (aka 'struct Hop_Obj_t_') or an explicit length [-Wsizeof-pointer-memaccess]
  236 |     memcpy(&p->pListFree, pTemp, sizeof(Hop_Obj_t *));
      |                           ~~~~~  ^~~~~~~~~~~~~~~~~~~
./src/aig/hop/hop.h:249:35: warning: argument to 'sizeof' in 'memcpy' call is the same pointer type 'Hop_Obj_t *' (aka 'struct Hop_Obj_t_ *') as the destination; expected 'Hop_Obj_t' (aka 'struct Hop_Obj_t_') or an explicit length [-Wsizeof-pointer-memaccess]
  249 |     memcpy(pEntry, &p->pListFree, sizeof(Hop_Obj_t *));
      |            ~~~~~~                 ^~~~~~~~~~~~~~~~~~~
src/sat/glucose2/AbcGlucose2.cpp:1122:30: warning: variable 'nCubes' set but not used [-Wunused-but-set-variable]
 1122 |     int i, CiId, ObjId, Res, nCubes = 0, nNodes, Count = 0, iNode = Abc_Lit2Var(iLit);
      |                              ^
src/sat/glucose2/AbcGlucose2.cpp:1122:42: warning: variable 'nNodes' set but not used [-Wunused-but-set-variable]
 1122 |     int i, CiId, ObjId, Res, nCubes = 0, nNodes, Count = 0, iNode = Abc_Lit2Var(iLit);
      |                                          ^
src/sat/glucose2/AbcGlucose2.cpp:1122:50: warning: variable 'Count' set but not used [-Wunused-but-set-variable]
 1122 |     int i, CiId, ObjId, Res, nCubes = 0, nNodes, Count = 0, iNode = Abc_Lit2Var(iLit);
      |                                                  ^
In file included from src/sat/glucose2/AbcGlucoseCmd2.cpp:22:
./src/base/main/mainInt.h:203:32: warning: 'main' should not be 'extern "C"' [-Wmain]
  203 | extern ABC_DLL int             main( int argc, char * argv[] );
      |                                ^
3 warnings generated.
`` Compiling: /src/sat/glucose2/Glucose2.cpp
5 warnings generated.
`` Compiling: /src/sat/glucose2/Options2.cpp
src/sat/glucose2/Glucose2.cpp:401:5: warning: misleading indentation; statement is not part of the previous 'if' [-Wmisleading-indentation]
  401 |     for (int i = 0; i < c.size(); i++)
      |     ^
src/sat/glucose2/Glucose2.cpp:397:3: note: previous statement is here
  397 |   if(incremental)  // Check clauses with many selectors is too time consuming
      |   ^
src/sat/glucose2/Glucose2.cpp:1205:17: warning: variable 'conflictC' set but not used [-Wunused-but-set-variable]
 1205 |     int         conflictC = 0;
      |                 ^
src/sat/glucose2/Glucose2.cpp:1371:45: warning: format specifies type 'long' but the argument has type 'int64_t' (aka 'long long') [-Wformat]
 1371 |   printf("c restarts              : %ld\n", starts);
      |                                     ~~~     ^~~~~~
      |                                     %lld
src/sat/glucose2/Glucose2.cpp:1372:45: warning: format specifies type 'long' but the argument has type 'int64_t' (aka 'long long') [-Wformat]
 1372 |   printf("c nb ReduceDB           : %ld\n", nbReduceDB);
      |                                     ~~~     ^~~~~~~~~~
      |                                     %lld
src/sat/glucose2/Glucose2.cpp:1373:45: warning: format specifies type 'long' but the argument has type 'int64_t' (aka 'long long') [-Wformat]
 1373 |   printf("c nb removed Clauses    : %ld\n", nbRemovedClauses);
      |                                     ~~~     ^~~~~~~~~~~~~~~~
      |                                     %lld
src/sat/glucose2/Glucose2.cpp:1374:45: warning: format specifies type 'long' but the argument has type 'int64_t' (aka 'long long') [-Wformat]
 1374 |   printf("c nb learnts DL2        : %ld\n", nbDL2);
      |                                     ~~~     ^~~~~
      |                                     %lld
src/sat/glucose2/Glucose2.cpp:1375:45: warning: format specifies type 'long' but the argument has type 'int64_t' (aka 'long long') [-Wformat]
 1375 |   printf("c nb learnts size 2     : %ld\n", nbBin);
      |                                     ~~~     ^~~~~
      |                                     %lld
src/sat/glucose2/Glucose2.cpp:1376:45: warning: format specifies type 'long' but the argument has type 'int64_t' (aka 'long long') [-Wformat]
 1376 |   printf("c nb learnts size 1     : %ld\n", nbUn);
      |                                     ~~~     ^~~~
      |                                     %lld
src/sat/glucose2/Glucose2.cpp:1378:45: warning: format specifies type 'long' but the argument has type 'int64_t' (aka 'long long') [-Wformat]
 1378 |   printf("c conflicts             : %ld\n", conflicts);
      |                                     ~~~     ^~~~~~~~~
      |                                     %lld
src/sat/glucose2/Glucose2.cpp:1379:45: warning: format specifies type 'long' but the argument has type 'int64_t' (aka 'long long') [-Wformat]
 1379 |   printf("c decisions             : %ld\n", decisions);
      |                                     ~~~     ^~~~~~~~~
      |                                     %lld
src/sat/glucose2/Glucose2.cpp:1380:45: warning: format specifies type 'long' but the argument has type 'int64_t' (aka 'long long') [-Wformat]
 1380 |   printf("c propagations          : %ld\n", propagations);
      |                                     ~~~     ^~~~~~~~~~~~
      |                                     %lld
src/sat/glucose2/Glucose2.cpp:1434:9: warning: variable 'curr_restarts' set but not used [-Wunused-but-set-variable]
 1434 |     int curr_restarts = 0;
      |         ^
`` Compiling: /src/sat/glucose2/SimpSolver2.cpp
12 warnings generated.
`` Compiling: /src/sat/glucose2/System2.cpp
`` Compiling: /src/sat/cadical/cadical_analyze.cpp
`` Compiling: /src/sat/cadical/cadical_arena.cpp
In file included from src/sat/cadical/cadical_analyze.cpp:3:
In file included from src/sat/cadical/internal.hpp:10:
src/sat/cadical/inttypes.hpp:21:9: warning: '__USE_MINGW_ANSI_STDIO' macro redefined [-Wmacro-redefined]
   21 | #define __USE_MINGW_ANSI_STDIO 1
      |         ^
<LEGACY_LOCAL_PROJECT_ROOT>/stages/stageA/CVC5-ALETHE-SHAREMAP/resume1/toolchain/msys64/clang64/include/_mingw.h:454In file included from :9: note: src/sat/cadical/cadical_arena.cppprevious definition is here:
3  :
454In file included from  | src/sat/cadical/internal.hpp#:d10e:
fsrc/sat/cadical/inttypes.hppi:n21e: 9_:_ Uwarning: S'__USE_MINGW_ANSI_STDIO' macro redefined [-Wmacro-redefined]E
_MINGW_ANSI_   S21T | D#IdOe f0i n e   _ _ U/S*E _wMaIsN GnWo_tA NdSeIf_iSnTeDdI Os o1 
i      t|          ^s
houl<LEGACY_LOCAL_PROJECT_ROOT>/stages/stageA/CVC5-ALETHE-SHAREMAP/resume1/toolchain/msys64/clang64/include/_mingw.hd: 454b:e9 :0  note: *previous definition is here/

      |           ^454
 | #define __USE_MINGW_ANSI_STDIO 0      /* was not defined so it should be 0 */
      |         ^
In file included from src/sat/cadical/cadical_arena.cpp:3:
In file included from src/sat/cadical/internal.hpp:68:
In file included from src/sat/cadical/drattracer.hpp:6:
src/sat/cadical/file.hpp:108:15: error: use of undeclared identifier 'getc_unlocked'
  108 |     int res = cadical_getc_unlocked (file);
      |               ^~~~~~~~~~~~~~~~~~~~~
In file included from src/sat/cadical/file.hpp:src/sat/cadical/cadical_analyze.cpp23:31: note: :expanded from macro 'cadical_getc_unlocked'3
:
In file included from    src/sat/cadical/internal.hpp23: | 68#:
dIn file included from esrc/sat/cadical/drattracer.hppf:i6n:
esrc/sat/cadical/file.hpp :c108a:d15i:c aerror: luse of undeclared identifier 'getc_unlocked'_
getc_u  n108l | o c k e di ngte trce_su n=l occakdeidc
a      l| _                              ^~~~~~~~~~~~~g
etc_unlocked (file);
      |               ^~~~~~~~~~~~~~~~~~~~~
src/sat/cadical/file.hpp:23:31: note: expanded from macro 'cadical_getc_unlocked'
   23 | #define cadical_getc_unlocked getc_unlocked
      |                               ^~~~~~~~~~~~~
src/sat/cadical/file.hpp:118:9: error: use of undeclared identifier 'putc_unlocked'
  118 |     if (cadical_putc_unlocked (ch, file) == EOF)
      |         ^~~~~~~~~~~~~~~~~~~~~
src/sat/cadical/file.hpp:22:31: note: expanded from macro 'cadical_putc_unlocked'
   src/sat/cadical/file.hpp22: | 118#:d9e:f ierror: nuse of undeclared identifier 'putc_unlocked'e
 cad  i118c | a l _ p ifu t(cc_audnilcoaclk_epdu tpcu_tucn_luonclkoecdk e(dc
h      ,|                                ^~~~~~~~~~~~~f
ile) == EOF)
      |         ^~~~~~~~~~~~~~~~~~~~~
src/sat/cadical/file.hpp:22:31: note: expanded from macro 'cadical_putc_unlocked'
   22 | #define cadical_putc_unlocked putc_unlocked
      |                               ^~~~~~~~~~~~~
src/sat/cadical/file.hpp:128:9: error: use of undeclared identifier 'putc_unlocked'
  128 |     if (cadical_putc_unlocked (ch, file) == Esrc/sat/cadical/file.hppO:F128):
9      :|          ^~~~~~~~~~~~~~~~~~~~~error: 
use of undeclared identifier 'putc_unlocked'
  128src/sat/cadical/file.hpp | : 22 : 31 :i fnote:  expanded from macro 'cadical_putc_unlocked'(
ca   d22i | c#adle_fpiuntec _cuandlioccakle_dp u(tcch_,u nfliolcek)e d= =p uEtOcF_)u
n      l| o        ^~~~~~~~~~~~~~~~~~~~~c
kesrc/sat/cadical/file.hppd:
22      :| 31                              ^~~~~~~~~~~~~:
 note: expanded from macro 'cadical_putc_unlocked'
   22 | #define cadical_putc_unlocked putc_unlocked
      |                               ^~~~~~~~~~~~~
src/sat/cadical/cadical_arena.cpp:10:11: warning: first argument in call to 'memset' is a pointer to non-trivially copyable type 'CaDiCaL::Arena' [-Wnontrivial-memcall]
   10 |   memset (this, 0, sizeof *this);
      |           ^
src/sat/cadical/cadical_arena.cpp:10:11: note: explicitly cast the pointer to silence this warning
   10 |   memset (this, 0, sizeof *this);
      |           ^
      |           (void*)
2 warnings and 3 errors generated.
make: *** [Makefile:198: src/sat/cadical/cadical_arena.o] Error 1
make: *** Waiting for unfinished jobs....
1 warning and 3 errors generated.
make: *** [Makefile:198: src/sat/cadical/cadical_analyze.o] Error 1
real 25.23
user 1.50
sys 2.48
