chunk_start	0	n	128	W	4	D	3	baseline_cost	45603	exact_cost	45602	visited_states	31039	transitions	123562	max_frontier_states	256	baseline_refs	0,0,0,1,2,2,1,2,3,4,0,1,1,3,3,0,0,1,1,0,2,4,0,1,1,3,1,0,0,1,4,0,1,1,0,0,2,3,2,4,0,0,0,0,1,1,1,2,4,0,1,0,1,1,0,1,2,0,0,0,1,1,1,4,0,0,2,2,0,3,0,1,4,1,4,1,2,0,2,0,1,2,1,3,3,3,3,0,0,0,0,0,1,1,1,0,0,2,3,0,2,3,0,0,3,4,0,1,2,1,2,3,0,1,1,2,2,4,3,0,1,1,3,4,4,4,0,0	exact_refs	0,0,0,1,2,2,1,2,3,4,0,1,1,3,3,0,0,1,1,0,2,4,0,1,1,3,1,0,0,1,4,0,1,1,0,0,2,3,2,4,0,0,0,0,1,1,1,2,4,0,1,0,1,1,0,1,2,0,0,0,1,1,1,4,0,0,2,2,0,3,0,1,4,1,4,1,2,0,2,0,1,2,1,3,3,3,3,0,0,0,0,0,1,1,1,0,0,2,3,0,2,3,0,0,3,4,0,1,2,1,2,0,1,2,1,2,2,4,3,0,1,1,3,4,4,4,0,0	action_costs	175;214,218;131,119,139;1549,1505,1519,1524;196,194,183,195,201;835,828,571,801,790;524,423,521,439,510;447,431,307,447,338;3498,3331,3398,3301,3455;504,480,495,504,473;88,82,88,89,94;756,745,738,695,760;439,409,439,443,462;154,156,157,152,164;306,305,294,281,310;121,128,127,127,131;230,234,224,234,220;1196,1131,1191,1134,1204;534,507,512,541,518;29,30,33,36,31;478,482,458,476,468;1943,1958,1947,1929,1892;532,498,504,538,513;475,380,480,456,483;665,588,656,655,667;771,728,693,642,774;949,864,953,894,897;83,88,89,94,91;154,159,164,172,164;53,48,59,58,61;199,200,200,206,189;46,52,52,53,54;421,412,412,425,429;1546,1520,1548,1551,1554;213,210,219,222,218;139,143,150,148,150;299,296,272,294,300;80,87,77,76,88;246,240,239,242,244;695,695,692,694,690;49,55,56,53,55;440,440,460,446,443;85,91,90,87,92;433,438,433,426,428;1057,1037,1054,1046,1055;193,174,182,191,196;165,145,170,163,169;94,93,87,99,109;185,191,190,189,177;9,15,16,15,16;401,395,405,399,396;74,75,80,76,78;409,407,416,416,420;248,235,244,251,256;116,119,122,122,124;324,320,329,326,328;716,721,706,718,716;115,124,125,122,125;1,1,1,1,1;149,X,155,164,157;16,11,X,23,24;16,6,12,X,24;27,15,16,22,X;441,440,436,437,434;159,160,165,166,167;1929,1929,1937,1936,1937;896,895,886,904,904;1194,1161,1128,1189,1186;111,113,124,113,114;517,523,534,499,522;280,288,277,271,292;29,21,35,31,28;243,241,234,245,229;297,282,296,286,296;390,389,386,382,371;377,326,384,380,378;173,169,152,159,162;13,17,19,19,21;108,113,97,113,108;16,11,22,23,18;16,6,12,23,24;975,973,974,980,983;1439,1376,1438,1439,1442;16,17,14,8,9;282,280,269,264,283;602,593,601,537,553;24,21,26,20,24;41,46,47,49,49;16,21,22,23,20;540,545,544,547,542;28,33,34,35,36;25,24,29,32,33;101,99,100,102,109;287,282,283,284,295;63,61,62,63,64;165,170,171,168,165;60,64,66,67,68;619,619,614,626,622;260,257,265,225,268;33,36,42,39,41;118,119,101,107,120;54,60,59,52,63;32,32,37,36,41;1417,1417,1418,1423,1422;629,639,630,615,636;240,229,241,242,227;13,17,16,13,14;777,776,791,780,779;13,19,7,19,18;34,28,42,30,42;28,28,24,38,26;13,11,12,8,22;13,6,12,13,9;13,6,7,13,14;104,96,97,98,104;101,104,96,97,98;1492,1492,1481,1489,1490;13,13,12,17,9;41,36,44,32,48;244,248,250,251,256;245,236,251,252,254;1044,1041,1053,1051,1052;625,634,626,611,633;53,55,56,45,43;128,133,124,139,117;293,282,298,292,260;87,93,93,94,102;25,29,32,32,33
chunk_start	128	n	128	W	4	D	3	baseline_cost	21759	exact_cost	21748	visited_states	30384	transitions	116706	max_frontier_states	256	baseline_refs	0,0,0,1,1,4,0,2,3,0,0,0,0,0,0,3,0,1,3,2,3,3,0,0,1,3,0,0,0,0,0,0,0,0,2,0,2,0,0,3,0,0,2,2,0,1,0,0,0,0,1,1,0,3,0,3,1,0,1,2,1,2,1,2,3,4,0,0,1,1,1,3,0,0,0,0,4,0,0,0,0,0,1,2,0,1,1,3,3,3,0,1,1,0,1,1,1,4,1,1,0,3,4,0,1,1,1,2,3,0,0,0,0,1,2,3,0,0,4,2,0,3,0,1,2,3,2,2	exact_refs	0,0,0,1,1,4,0,2,3,0,0,0,0,0,0,3,0,1,3,2,3,3,0,0,1,3,0,0,0,0,0,0,0,0,2,0,2,0,0,3,0,0,2,2,0,1,0,0,0,0,1,1,2,3,0,3,0,1,1,3,1,2,1,2,3,4,0,0,1,1,1,3,0,0,0,0,4,0,0,0,0,0,1,0,1,1,1,3,3,4,3,0,1,1,1,4,1,4,3,1,0,3,4,0,1,2,1,2,1,0,0,0,0,1,2,3,0,0,4,2,0,3,0,1,2,3,2,2	action_costs	74;842,846;12,17,12;492,491,497,495;306,288,304,321,311;192,199,205,189,185;9,17,18,21,9;202,200,189,205,224;705,698,701,689,704;1,1,1,1,1;186,X,195,196,194;9,11,X,16,18;531,536,535,X,541;9,14,15,16,X;244,249,249,251,252;504,513,510,502,512;175,179,186,182,181;17,15,23,24,25;520,515,521,502,536;283,282,278,283,291;45,38,43,33,43;362,365,368,353,363;78,83,84,83,87;12,15,18,19,20;12,6,16,19,20;305,304,305,299,313;49,54,55,56,57;109,114,115,116,117;91,96,97,98,99;37,42,43,44,45;826,830,830,832,834;1,1,1,1,1;99,X,112,106,107;39,44,X,40,47;500,505,494,X,513;932,941,938,939,X;1900,1915,1834,1907,1899;9,15,15,16,17;17,22,23,24,25;309,314,315,251,317;199,209,205,206,229;569,574,579,576,577;143,145,139,150,151;488,491,481,488,504;27,30,33,30,35;623,615,622,635,617;1,1,1,1,1;57,X,62,61,64;319,319,X,332,324;46,51,46,X,54;13,11,18,13,X;25,19,25,32,27;130,133,129,135,142;190,187,188,184,190;229,237,235,236,237;65,70,74,59,70;13,11,19,19,14;13,6,12,20,20;119,116,117,116,127;13,13,7,8,14;195,192,200,194,195;13,11,7,15,9;182,176,180,178,186;66,69,59,65,61;325,331,334,324,330;142,141,146,149,139;105,107,107,113,109;13,17,12,13,18;12,6,18,13,14;78,76,77,89,84;85,84,84,85,97;12,11,14,8,9;29,34,35,29,37;24,29,30,31,32;24,29,30,31,32;1,1,1,1,1;693,X,699,693,687;114,117,X,121,122;9,14,15,X,17;32,37,38,39,X;1,1,1,1,1;94,X,100,101,102;61,53,X,68,69;158,159,157,X,166;141,139,138,141,X;17,11,14,13,14;242,236,242,245,245;61,54,60,52,69;73,67,68,64,69;80,74,75,71,72;413,416,416,409,419;229,222,233,230,235;17,11,12,13,14;17,6,12,13,14;29,18,19,19,24;287,278,282,283,279;412,401,403,408,409;47,42,43,44,40;17,11,12,13,14;61,51,57,58,61;89,94,95,96,95;29,34,25,21,27;29,19,35,21,17;51,50,51,58,53;39,18,39,40,47;17,11,12,13,14;86,72,78,79,80;17,11,7,13,14;152,147,153,149,155;1,1,1,1,1;90,X,95,97,98;1,1,X,1,1;12,X,18,X,20;225,220,X,232,X;555,555,554,X,561;115,119,121,111,X;87,92,93,94,95;67,75,73,79,75;547,542,552,550,541;70,77,46,77,78;64,67,70,71,72;241,245,247,240,249;12,15,18,19,18;339,337,338,346,347;147,153,143,153,155;12,11,18,8,18;45,36,35,49,39;274,278,272,272,285
chunk_start	256	n	128	W	4	D	3	baseline_cost	23347	exact_cost	23302	visited_states	27691	transitions	99681	max_frontier_states	256	baseline_refs	0,0,0,0,0,0,0,0,0,4,2,0,0,0,1,1,0,0,1,0,0,1,2,3,1,0,0,0,0,0,0,0,0,0,2,0,2,1,2,4,0,1,2,2,4,4,2,4,0,0,1,0,3,2,4,0,1,1,0,0,0,0,1,0,1,1,2,1,4,3,2,0,0,0,0,0,0,3,1,1,0,0,0,0,0,0,0,0,1,1,3,0,1,0,0,0,0,0,0,1,0,0,0,0,1,2,2,1,2,4,0,0,0,0,0,0,0,0,0,1,2,1,0,0,2,1,4,0	exact_refs	0,0,0,0,0,0,0,0,0,4,2,0,0,0,1,1,0,0,1,0,0,1,2,3,1,0,0,0,0,0,0,0,0,0,2,0,4,1,2,2,0,4,2,0,4,2,2,4,0,0,1,0,3,2,4,1,3,1,0,0,0,0,1,0,1,1,3,1,4,3,3,0,0,0,0,0,0,3,1,1,0,0,0,0,0,0,0,0,1,1,3,0,1,0,0,0,0,0,0,1,0,0,0,0,1,2,2,1,2,4,0,0,0,0,0,0,0,0,0,1,2,1,0,0,2,1,4,0	action_costs	162;1,1;71,X,77;1,1,X,1;449,X,456,X,457;80,87,X,87,X;28,28,33,X,36;616,621,616,623,X;284,288,288,286,293;32,31,32,39,30;78,74,72,82,86;76,86,82,92,84;1,1,1,1,1;17,X,23,24,25;17,6,X,24,25;17,6,7,X,25;621,626,627,628,X;331,332,337,338,339;81,79,80,88,89;39,42,41,46,47;12,13,16,15,20;54,53,61,64,63;118,120,114,122,125;9,15,14,8,16;28,27,37,36,30;1,1,1,1,1;1,X,1,1,1;16,X,X,23,24;150,155,X,X,158;38,40,44,X,X;559,564,565,566,X;89,98,95,96,97;1508,1506,1495,1515,1516;55,64,55,62,63;968,976,912,974,957;13,19,16,23,14;1443,1441,1353,1452,1356;1966,1749,1966,1858,1977;1104,1019,937,1105,996;473,491,437,495,470;13,17,22,21,22;598,596,610,559,543;42,50,38,50,55;829,833,801,830,813;41,42,41,50,38;1416,1419,1405,1424,1391;76,85,68,93,82;212,217,229,213,171;1,1,1,1,1;17,X,23,24,25;138,132,X,139,147;268,268,274,X,276;131,132,134,130,X;97,93,89,94,90;145,148,151,152,135;66,61,65,68,73;17,11,14,13,16;54,49,55,58,57;1,1,1,1,1;28,X,30,35,36;335,340,X,342,343;488,491,490,X,495;334,330,341,341,X;17,17,23,24,25;17,6,18,24,25;566,564,565,568,574;236,241,232,233,232;419,407,421,416,417;31,29,30,33,25;58,51,55,50,59;42,41,41,39,46;98,98,100,105,106;688,696,692,695,696;81,86,87,88,89;205,210,211,212,213;17,22,23,24,25;24,29,30,31,32;142,141,148,123,150;116,109,117,123,122;75,70,70,76,83;9,17,18,17,14;211,216,217,218,219;21,26,27,22,29;1,1,1,1,1;1,X,1,1,1;9,X,X,16,17;41,46,X,X,49;190,195,196,X,X;85,84,91,92,X;153,151,152,160,161;80,58,66,55,88;9,15,18,17,18;9,6,16,19,18;1,1,1,1,1;910,X,916,917,915;49,60,X,56,57;1,1,1,X,1;35,X,41,42,X;9,11,X,16,17;343,338,344,X,351;1,1,1,1,X;1,X,1,1,1;1,X,X,1,1;29,X,X,X,37;17,11,X,X,X;427,425,423,X,X;17,17,7,13,X;42,36,48,38,44;115,116,110,118,112;20,25,26,27,14;1,1,1,1,1;1,X,1,1,1;24,X,X,31,32;1,1,X,X,1;9,X,15,X,X;1,1,X,1,X;457,X,463,X,465;1,1,X,1,X;12,X,18,X,20;99,97,X,106,X;76,72,68,X,84;144,132,141,137,X;9,17,14,13,9;1,1,1,1,1;223,X,218,230,227;45,32,X,46,58;221,217,220,X,215;316,321,316,319,X
chunk_start	384	n	128	W	4	D	3	baseline_cost	14251	exact_cost	14239	visited_states	28812	transitions	106620	max_frontier_states	256	baseline_refs	0,0,1,2,3,0,2,0,0,0,1,0,0,0,0,0,0,0,0,4,0,0,0,0,0,0,0,0,0,1,0,1,2,3,2,1,0,0,1,2,1,2,1,0,1,1,3,1,1,0,1,0,1,0,2,1,2,4,0,0,0,2,3,1,0,4,0,1,0,1,4,0,0,1,1,0,2,0,0,0,0,0,2,0,0,0,0,0,1,1,3,1,0,2,0,1,1,1,2,0,0,0,0,2,1,0,2,2,1,2,3,0,1,4,2,1,0,0,0,2,3,0,1,1,0,0,1,1	exact_refs	0,0,1,2,3,0,2,0,0,0,1,0,0,0,0,0,0,0,0,4,0,0,0,0,0,0,0,0,0,1,0,1,2,3,0,1,0,3,1,2,1,2,3,0,1,1,3,1,1,0,1,0,1,0,2,1,2,4,0,0,0,2,3,1,0,4,0,1,0,1,4,0,0,1,1,0,2,0,0,0,0,0,2,0,0,0,0,0,1,1,2,1,0,3,0,1,1,1,2,0,0,0,0,2,1,1,2,0,1,2,3,4,1,4,3,1,0,0,0,2,3,0,1,1,0,0,1,1	action_costs	1055;12,19;24,22,36;51,54,50,64;13,13,12,8,22;238,243,244,245,246;13,18,7,15,14;46,51,52,53,54;60,65,66,67,68;29,34,35,36,33;102,92,108,109,110;20,25,26,27,28;1,1,1,1,1;1,X,1,1,1;1,X,X,1,1;99,X,X,X,107;61,69,X,X,X;705,706,709,X,X;268,278,273,274,X;78,83,84,85,67;1,1,1,1,1;43,X,49,61,51;62,67,X,69,65;1,1,1,X,1;1170,X,1176,1171,X;1,1,X,1,1;78,X,91,X,86;1,1,X,1,X;17,X,23,X,25;17,6,X,24,X;17,22,23,X,25;108,100,114,115,X;98,100,94,105,106;17,15,14,8,25;20,25,12,27,28;28,22,34,29,36;63,68,69,70,71;20,25,12,8,28;203,197,209,204,200;20,11,7,27,14;118,105,109,107,126;20,11,7,13,9;20,6,12,8,14;17,22,23,24,25;101,92,96,97,103;60,47,52,49,50;77,74,79,69,85;3969,3966,3974,3973,3969;59,52,57,60,65;42,47,48,49,44;50,30,56,57,58;57,48,49,58,65;79,53,83,84,78;187,192,193,194,191;154,159,134,161,162;20,11,26,15,28;139,144,135,146,147;25,30,31,32,22;20,25,26,27,28;9,14,15,16,17;1,1,1,1,1;92,X,87,99,100;9,15,X,8,17;9,6,16,X,9;25,30,31,32,X;54,59,60,61,50;68,69,74,75,76;20,13,14,27,28;17,22,23,24,25;46,36,52,53,54;53,48,44,60,32;83,88,89,90,91;32,37,38,39,40;31,27,37,29,39;145,141,142,152,153;121,126,127,128,129;64,60,59,71,72;20,25,26,27,28;1,1,1,1,1;9,X,15,16,17;9,14,X,16,17;43,44,49,X,51;56,55,51,63,X;1,1,1,1,1;1,X,1,1,1;9,X,X,16,17;1,1,X,X,1;12,X,18,X,X;12,6,X,19,X;73,67,68,X,81;9,13,7,8,X;9,6,14,8,9;1,1,1,1,1;9,X,7,8,16;25,30,X,32,33;25,6,31,X,33;25,6,7,32,X;102,85,86,87,110;25,14,7,8,9;21,26,27,28,29;66,71,72,73,74;73,78,79,80,81;1,1,1,1,1;36,X,34,43,44;20,11,X,15,28;34,28,34,X,38;90,90,85,91,X;20,25,14,27,28;39,27,45,36,47;258,257,253,263,262;1090,1086,1086,1082,1098;20,11,14,13,9;20,6,12,15,14;62,52,53,59,49;20,11,7,8,14;20,6,12,8,9;35,40,41,42,43;264,269,270,271,272;73,79,79,80,81;41,44,28,48,49;859,847,860,820,867;9,21,12,13,16;9,6,22,13,14;55,53,54,70,61;94,99,100,101,100;52,57,58,59,60;17,12,23,24,25;17,6,13,24,25
chunk_start	512	n	128	W	4	D	3	baseline_cost	16548	exact_cost	16532	visited_states	29099	transitions	106374	max_frontier_states	256	baseline_refs	0,1,0,0,0,0,1,2,1,2,1,0,0,1,1,1,0,0,0,1,0,1,0,0,1,0,0,0,0,0,1,1,2,0,1,1,0,0,0,0,0,1,0,0,0,0,0,0,0,0,0,1,0,2,0,0,1,0,0,0,0,0,0,0,4,0,2,2,1,2,0,2,2,3,4,1,0,2,2,3,0,1,1,0,1,0,0,1,0,0,0,0,0,0,3,4,2,0,2,0,0,0,0,0,1,0,0,0,0,0,0,0,0,0,0,0,0,0,2,0,0,0,0,0,0,0,0,0	exact_refs	0,1,0,0,0,1,1,3,1,2,1,0,1,1,1,2,0,0,0,1,0,1,0,0,1,0,0,0,0,0,1,1,2,0,1,1,0,0,0,0,0,1,0,0,0,0,0,0,0,0,0,1,0,2,0,0,1,0,0,0,0,0,0,0,4,0,2,2,1,4,1,2,2,3,4,0,0,2,2,3,0,1,1,0,1,0,0,1,0,0,0,0,0,0,3,4,2,0,2,0,0,0,0,0,1,0,0,0,0,0,0,0,0,0,0,0,0,0,2,0,0,0,0,0,0,0,0,0	action_costs	143;17,15;1,1,1;29,X,35,36;9,14,X,16,17;9,6,15,X,17;52,47,48,59,X;12,15,7,8,20;71,69,79,71,72;12,11,7,17,9;64,58,64,60,70;52,57,58,59,60;20,11,26,27,28;20,6,12,27,28;20,6,7,13,28;54,40,41,42,48;335,340,341,342,343;1,1,1,1,1;336,X,342,343,344;301,296,X,308,309;61,66,67,X,69;42,41,48,49,X;138,143,144,141,146;184,189,190,191,192;213,184,219,220,221;1,1,1,1,1;103,X,109,110,111;20,25,X,27,28;102,107,109,X,110;20,25,26,27,X;20,6,26,27,28;36,23,24,43,44;20,11,7,8,28;28,33,34,35,36;20,10,26,27,28;20,6,11,27,28;1521,1526,1527,1523,1529;112,116,118,119,120;9,14,15,16,17;94,99,96,105,102;20,25,26,27,28;38,17,44,45,46;1,1,1,1,1;45,X,51,52,53;1,1,X,1,1;9,X,15,X,15;1,1,X,1,X;9,X,15,X,17;37,42,X,44,X;91,96,97,X,99;212,220,218,219,X;20,15,26,27,28;1,1,1,1,1;113,X,102,117,114;1,1,X,1,1;136,X,145,X,144;20,13,X,27,X;1,1,1,X,1;12,X,18,22,X;39,44,X,46,47;288,293,291,X,296;1,1,1,1,X;20,X,26,27,28;1,1,X,1,1;20,X,26,X,18;490,488,X,497,X;1135,1143,1134,X,1143;541,537,531,544,X;114,93,115,109,115;261,256,254,272,254;20,13,14,19,20;252,257,250,255,262;54,59,49,57,58;32,25,38,20,28;37,25,28,44,23;431,430,431,434,444;264,264,268,269,272;179,186,172,184,185;190,188,185,186,185;293,292,303,287,296;31,31,28,35,34;294,277,296,297,280;727,723,733,741,733;20,29,28,27,28;28,24,34,27,36;21,26,28,28,29;9,11,11,13,17;9,6,12,12,14;1,1,1,1,1;24,X,30,31,32;73,78,X,80,81;167,172,173,X,175;21,26,21,28,X;25,28,31,32,33;1116,1121,1122,1107,1122;150,163,156,157,148;110,114,102,117,118;13,18,19,28,21;245,243,223,253,259;40,45,46,47,48;9,14,15,16,17;1,1,1,1,1;9,X,15,16,17;65,70,X,72,73;156,142,162,X,164;24,29,30,31,X;9,14,15,16,17;25,30,31,32,33;9,14,15,16,17;50,55,56,57,58;1,1,1,1,1;42,X,48,49,50;9,12,X,16,17;32,37,38,X,40;587,589,593,594,X;1,1,1,1,1;74,X,82,81,82;469,470,X,480,477;53,54,49,X,61;241,246,251,248,X;33,35,39,40,41;9,14,15,16,17;1,1,1,1,1;1030,X,1036,1037,1035;72,77,X,79,80;819,824,820,X,827;138,145,144,145,X;94,99,102,101,106
chunk_start	640	n	128	W	4	D	3	baseline_cost	31042	exact_cost	31030	visited_states	28948	transitions	106696	max_frontier_states	256	baseline_refs	0,0,0,1,1,0,1,0,0,3,2,2,2,0,0,0,0,1,1,2,1,0,0,0,0,0,0,2,0,0,2,1,3,0,1,3,2,2,0,0,0,0,0,0,0,0,0,0,0,1,1,1,2,0,0,0,0,0,3,4,4,0,3,0,1,1,3,1,1,0,1,1,2,0,0,0,0,1,2,0,2,1,3,4,1,1,0,0,0,1,0,1,0,0,1,0,2,2,0,2,0,0,0,4,0,0,1,0,0,1,0,0,0,1,2,0,0,0,3,4,0,0,0,0,1,0,0,0	exact_refs	0,0,0,1,1,0,1,0,0,3,2,2,2,0,0,0,1,1,1,3,1,0,0,0,0,0,0,2,0,0,2,1,3,3,1,3,3,2,0,0,0,0,0,0,0,0,0,0,0,1,1,1,2,0,0,0,0,0,3,4,4,0,3,0,1,1,3,1,1,0,1,1,2,0,0,0,1,1,3,0,2,1,3,4,1,1,0,0,0,1,0,1,0,0,1,0,2,2,0,2,0,0,0,4,0,0,1,0,0,1,0,0,0,1,2,0,0,0,3,4,0,0,0,0,1,0,0,0	action_costs	1;63,X;13,18,X;660,655,666,X;259,248,258,266,X;676,675,675,676,684;768,712,760,750,769;427,439,444,427,427;12,19,22,21,20;794,792,781,729,777;9,19,7,21,24;194,185,180,187,190;61,58,52,66,54;1,1,1,1,1;218,X,224,219,226;9,14,X,16,17;9,6,15,X,17;9,6,7,16,X;52,47,48,49,60;12,11,7,8,9;12,6,12,8,9;1687,1692,1693,1694,1695;12,21,18,19,20;50,55,56,57,58;58,63,64,74,66;20,25,26,27,33;336,339,342,343,344;53,59,44,60,61;13,15,18,13,21;285,286,285,287,294;13,19,7,17,20;57,48,56,50,60;106,95,98,88,100;12,15,16,8,22;12,6,16,17,9;52,57,58,39,47;1574,1579,1567,1568,1578;108,115,107,108,109;1,1,1,1,1;1,X,1,1,1;750,X,X,754,751;1,1,X,X,1;9,X,15,X,X;13,14,X,20,X;1,1,1,X,1;24,X,30,31,X;647,652,X,647,655;1,1,1,X,1;12,X,18,19,X;12,6,X,19,20;9,6,7,X,17;36,23,24,25,X;9,10,7,8,9;1,1,1,1,1;25,X,31,32,33;647,650,X,654,655;17,19,23,X,25;111,116,119,118,X;462,467,457,448,470;651,645,655,658,644;323,333,329,330,320;1,1,1,1,1;4118,X,4066,4035,4100;17,19,X,15,25;33,23,34,X,33;1039,1033,1034,1058,X;35,44,31,27,41;87,74,90,88,84;39,30,31,42,33;17,22,23,24,25;17,6,23,24,25;32,23,24,39,40;17,11,7,8,25;1,1,1,1,1;1,X,1,1,1;32,X,X,39,40;114,106,X,X,122;90,85,89,X,X;20,13,12,13,X;1484,1482,1490,1481,1490;20,19,7,15,14;32,22,36,24,32;163,168,169,161,171;906,898,906,903,870;2042,1992,2044,2045,2042;418,415,415,419,426;24,29,30,28,32;1,1,1,1,1;172,X,178,184,193;490,486,X,497,491;65,70,71,X,73;62,55,68,69,X;161,166,167,175,169;9,14,15,16,17;17,15,23,24,25;66,68,64,73,74;58,63,57,65,66;85,90,81,92,93;76,81,82,78,84;725,728,721,732,734;1,1,1,1,1;9,X,15,16,18;66,71,X,67,74;314,319,320,X,291;41,50,47,48,X;42,45,54,49,50;1727,1726,1732,1730,1730;33,47,40,39,48;16,20,31,24,23;328,318,329,329,333;1,1,1,1,1;23,X,29,30,31;9,11,X,16,17;171,164,170,X,179;9,13,7,13,X;138,143,144,145,146;162,167,168,169,170;29,33,35,36,31;1232,1237,1237,1230,1240;1488,1512,1494,1495,1486;53,59,55,60,61;1,1,1,1,1;39,X,45,44,47;120,126,X,127,133;42,41,42,X,50;12,13,12,13,X;264,269,270,271,267;70,75,76,77,78
chunk_start	768	n	128	W	4	D	3	baseline_cost	18389	exact_cost	18383	visited_states	28457	transitions	100969	max_frontier_states	256	baseline_refs	0,0,0,1,1,0,2,0,1,1,0,0,0,2,0,2,0,2,0,0,0,1,0,1,0,3,0,0,0,0,0,1,0,0,0,0,0,1,0,0,0,0,0,0,0,2,0,0,1,1,1,0,0,0,1,0,2,0,0,0,0,0,0,0,3,0,0,1,1,2,3,3,2,3,0,1,2,1,1,4,4,1,0,0,1,0,0,0,1,0,0,0,0,0,0,2,1,0,0,1,0,3,3,1,3,0,1,0,0,2,1,0,0,1,0,0,0,0,0,0,0,0,0,0,2,0,0,3	exact_refs	0,0,0,1,1,0,2,0,1,1,0,0,0,2,0,2,0,2,0,0,0,1,0,1,0,3,0,0,0,0,0,1,0,0,0,0,0,1,0,0,0,0,0,0,0,2,0,1,1,1,2,0,0,0,1,0,2,0,0,0,0,0,0,0,3,0,0,1,1,2,3,3,2,0,1,1,3,1,1,4,4,1,0,0,1,0,0,0,1,0,0,0,0,0,0,2,1,0,0,1,0,3,3,1,3,0,1,0,0,2,1,0,0,1,0,0,0,0,0,0,0,0,0,0,2,0,0,3	action_costs	326;1,1;88,X,94;526,522,X,537;296,292,302,X,307;9,15,15,16,X;393,398,379,409,401;12,17,18,19,20;13,6,19,20,21;85,79,80,89,93;1,1,1,1,1;66,X,72,73,74;27,32,X,34,35;416,416,409,X,421;178,189,182,185,X;816,824,793,821,824;21,28,33,34,27;783,785,780,795,794;1,1,1,1,1;153,X,159,160,157;94,96,X,101,102;195,193,194,X,202;39,44,45,46,X;62,36,68,70,70;1,1,1,1,1;815,X,816,812,821;1,1,X,1,1;9,X,15,X,17;1,1,X,1,X;109,X,115,X,121;324,327,X,331,X;446,439,454,X,454;295,300,298,309,X;65,70,73,72,73;9,15,15,21,17;1,1,1,1,1;9,X,15,16,17;32,22,X,39,40;1,1,1,X,1;971,X,977,978,X;9,17,X,16,17;1,1,1,X,1;87,X,93,94,X;46,51,X,53,54;77,82,83,X,85;53,58,46,60,X;13,18,19,20,21;13,6,19,20,21;13,6,7,20,21;13,6,7,8,21;13,6,7,8,9;9,14,15,16,17;1,1,1,1,1;86,X,92,93,94;309,299,X,316,317;21,26,27,X,29;132,137,120,122,X;215,220,221,222,223;76,81,82,83,84;28,33,34,33,36;9,14,15,16,17;806,811,812,809,820;36,41,42,43,44;1,1,1,1,1;123,X,129,112,131;120,125,X,127,133;155,153,161,X,152;33,11,29,40,X;221,207,213,219,232;104,94,84,90,102;51,34,39,27,33;91,95,98,84,95;106,111,95,96,95;62,56,68,58,59;21,11,12,28,14;201,191,197,194,209;21,11,7,13,14;130,119,125,121,127;79,62,69,75,71;901,897,904,908,880;21,26,12,13,9;21,6,27,13,14;76,81,82,83,84;9,14,15,16,17;218,208,224,225,226;1,1,1,1,1;1,X,1,1,1;29,X,X,36,37;17,11,X,X,25;181,186,187,X,X;1,1,1,1,X;236,X,242,243,244;1,1,X,1,1;403,X,408,X,406;17,22,X,24,X;17,22,14,X,25;610,605,616,609,X;1,1,1,1,1;291,X,288,298,299;83,70,X,90,91;1,1,1,X,1;819,X,819,810,X;283,279,X,276,278;322,321,326,X,324;107,102,103,100,X;119,124,125,126,127;13,11,19,20,21;318,323,324,315,329;1,1,1,1,1;383,X,370,390,391;46,44,X,53,54;1,1,1,X,1;127,X,133,138,X;237,235,X,244,246;161,172,167,X,169;42,42,48,45,X;43,49,50,50,51;50,56,57,58,58;9,11,12,13,14;1,1,1,1,1;192,X,198,199,200;69,78,X,76,77;21,27,34,X,29;133,133,134,141,X;533,536,528,539,542;1,1,1,1,1;24,X,30,31,32;389,393,X,387,397
chunk_start	896	n	128	W	4	D	3	baseline_cost	26279	exact_cost	26264	visited_states	29504	transitions	110118	max_frontier_states	256	baseline_refs	0,0,0,0,0,0,0,0,0,3,4,1,0,2,0,0,0,0,0,1,0,3,3,0,1,2,1,1,2,0,1,0,0,3,1,0,1,0,0,0,1,1,2,0,0,1,2,3,0,0,0,0,1,0,2,1,4,1,0,0,4,0,0,4,0,1,1,3,1,2,1,2,0,0,1,0,3,0,1,2,0,0,0,1,1,0,1,0,0,1,1,0,0,0,0,0,1,1,1,2,3,0,0,1,1,4,0,0,0,1,0,0,1,1,4,4,0,3,1,3,3,2,3,0,1,1,1,2	exact_refs	0,0,0,0,0,0,0,0,0,3,4,1,0,2,0,0,0,0,0,1,0,3,3,0,1,2,1,1,2,4,1,0,0,0,1,0,1,0,0,0,1,1,2,0,0,1,2,3,0,0,0,0,1,0,2,1,4,1,0,0,4,0,0,4,0,1,1,3,1,2,1,2,0,0,1,0,3,0,1,2,0,0,0,1,1,0,1,0,0,1,1,0,0,0,0,1,1,2,1,2,3,0,0,1,1,4,0,0,0,1,1,0,1,1,4,4,0,1,1,3,3,2,0,1,1,2,1,2	action_costs	123;9,11;1,1,1;517,X,523,518;1,1,X,1,1;9,X,22,X,17;161,166,X,161,X;421,423,427,X,425;25,30,31,32,X;99,104,105,97,107;85,66,91,92,64;617,610,623,624,616;36,41,42,43,44;1865,1867,1807,1865,1866;1,1,1,1,1;9,X,15,16,17;1,1,X,1,1;17,X,23,X,25;1452,1457,X,1459,X;433,418,439,X,441;1,1,1,1,X;1931,X,1918,1852,1939;267,283,X,262,283;54,51,64,X,60;571,569,577,574,X;17,17,14,19,25;17,6,18,15,20;222,217,218,217,227;131,137,125,126,138;62,61,66,58,59;922,909,923,926,920;1,1,1,1,1;118,X,122,125,126;414,419,X,412,422;97,42,103,X,92;90,95,96,97,X;105,94,111,112,113;214,219,220,221,217;1,1,1,1,1;20,X,26,27,28;20,6,X,27,28;81,68,69,X,89;20,11,7,8,X;1,1,1,1,1;12,X,18,19,20;144,141,X,151,152;108,108,100,X,116;395,396,397,387,X;9,17,18,19,9;1,1,1,1,1;77,X,83,81,80;84,84,X,91,80;800,776,802,X,808;1,1,1,1,X;211,X,196,216,198;405,399,X,420,413;74,73,74,X,58;330,322,333,325,X;151,156,157,158,159;795,801,801,802,795;78,81,84,76,75;88,93,95,95,88;9,14,15,16,17;492,487,493,499,469;421,426,427,428,429;239,235,245,246,247;132,122,127,139,140;20,11,18,15,28;206,203,209,216,213;20,17,7,13,20;36,26,38,28,34;46,33,29,41,31;400,405,406,407,414;474,476,480,481,482;61,54,57,68,69;1,1,1,1,1;1447,X,1447,1441,1460;17,22,X,24,25;33,23,39,X,41;20,11,7,27,X;29,34,35,36,37;1061,1066,1067,1068,1069;350,350,356,357,358;202,199,217,209,210;95,85,86,102,103;73,72,75,76,79;40,32,33,36,37;42,47,48,49,50;13,18,19,17,21;13,6,19,20,18;13,6,7,20,21;731,736,737,738,739;686,691,692,693,694;1,1,1,1,1;65,X,70,72,73;40,34,X,47,48;64,52,55,X,82;21,11,12,15,X;66,51,57,58,61;37,28,24,30,31;71,70,71,67,73;59,58,65,66,67;90,96,97,97,98;39,33,36,37,47;20,11,14,17,18;105,98,104,99,79;29,34,35,36,37;1,1,1,1,1;28,X,34,28,36;28,6,X,35,29;106,97,98,X,114;13,13,12,13,X;757,751,759,758,759;1977,1924,1972,1946,1979;91,95,93,87,57;29,30,37,38,26;13,11,14,21,22;147,137,143,136,158;112,101,105,111,106;13,13,12,8,14;45,40,48,29,43;36,28,24,32,31;13,10,12,8,16;13,6,11,13,9;13,6,7,12,14;13,6,7,8,13;544,542,543,544,545;13,19,7,8,9
chunk_start	1024	n	128	W	4	D	3	baseline_cost	28877	exact_cost	28859	visited_states	29751	transitions	111324	max_frontier_states	256	baseline_refs	0,0,0,0,0,0,1,1,0,1,4,0,0,4,1,0,0,1,2,0,0,0,0,1,0,0,0,1,0,0,1,0,0,0,0,2,3,2,0,2,0,1,2,1,3,3,0,1,1,1,0,1,1,1,0,1,2,1,1,2,4,1,0,0,0,0,0,0,0,0,0,1,0,2,1,0,1,2,2,0,4,2,1,1,0,1,0,2,3,4,1,3,3,0,0,0,0,0,0,1,1,1,0,1,2,1,2,1,2,0,1,0,3,1,1,0,4,0,0,0,0,1,0,2,0,2,3,0	exact_refs	0,0,0,0,0,0,1,1,0,1,4,0,0,4,1,0,0,1,2,0,0,0,0,1,0,0,0,1,0,0,1,0,0,0,0,2,3,2,0,2,0,1,2,1,3,3,0,0,1,1,1,4,1,1,3,1,0,1,1,2,3,1,0,0,0,0,0,0,0,0,0,1,0,2,1,0,1,2,2,0,4,0,1,1,2,4,0,2,3,4,1,3,3,0,0,0,0,0,0,1,1,1,4,1,2,1,4,1,2,0,1,0,3,1,1,0,4,0,0,0,0,1,0,2,0,2,3,0	action_costs	76;309,314;20,25,26;9,14,15,16;1,1,1,1,1;208,X,214,215,216;395,347,X,402,403;33,19,31,X,41;551,556,557,561,X;161,152,167,169,173;496,508,497,497,494;9,21,15,16,17;1,1,1,1,1;582,X,588,591,577;2432,2423,X,2439,2423;47,50,53,X,55;819,822,820,828,X;1014,983,1020,1004,1007;47,52,39,54,56;25,25,35,32,33;1,1,1,1,1;36,X,42,43,44;471,476,X,474,479;176,171,182,X,175;76,81,82,83,X;21,27,27,30,29;20,25,26,27,28;53,40,59,60,61;21,26,27,28,29;98,103,104,105,106;2766,2745,2772,2770,2774;1,1,1,1,1;28,X,34,35,36;9,14,X,16,17;65,70,71,X,70;29,34,20,36,X;9,10,15,8,17;29,34,20,36,37;221,221,227,223,226;17,19,12,24,14;407,412,412,414,415;152,145,158,159,160;3347,3344,3295,3354,3358;1106,1050,1096,1066,1114;74,79,81,71,82;314,315,318,308,322;17,26,23,25,35;13,11,18,15,24;13,6,12,19,16;13,6,7,13,20;13,6,7,8,14;13,6,7,8,9;13,6,7,8,9;13,6,7,8,9;13,6,7,8,9;149,140,141,142,143;12,15,7,8,9;12,6,16,8,9;84,78,79,89,81;119,120,110,111,121;678,675,684,674,675;407,384,410,415,405;1,1,1,1,1;34,X,40,41,42;21,26,X,28,29;9,11,14,X,17;59,64,65,66,X;1,1,1,1,1;1,X,1,1,1;326,X,X,327,334;9,14,X,X,17;67,61,73,X,X;125,130,131,132,X;39,44,34,46,47;62,54,68,60,70;25,30,31,32,33;823,822,828,830,831;271,273,270,278,274;514,517,502,517,522;228,240,237,236,232;564,570,578,572,561;17,17,16,21,20;17,6,18,17,22;289,280,281,292,292;17,11,7,8,20;17,6,12,8,9;1479,1480,1481,1492,1483;641,664,639,640,647;58,53,58,42,43;17,11,20,23,9;28,22,28,37,40;612,614,611,591,621;17,17,11,8,14;1,1,1,1,1;9,X,15,16,17;1,1,X,1,1;613,X,619,X,621;1,1,X,1,X;20,X,26,X,28;20,6,X,27,X;20,6,7,X,28;20,6,7,8,X;20,6,7,8,9;146,140,141,142,143;20,13,7,8,9;315,306,314,308,309;20,15,7,15,9;20,6,16,8,16;137,133,134,139,136;171,174,166,167,172;187,167,193,183,184;742,755,750,746,743;78,78,54,53,75;20,13,18,19,20;20,6,14,19,20;1,1,1,1,1;373,X,379,380,371;124,124,X,131,132;72,75,78,X,80;39,44,45,46,X;119,114,125,120,120;103,76,100,110,111;708,711,712,709,713;210,221,204,212,218;1,1,1,1,1;36,X,20,43,44;482,482,X,479,492;17,22,23,X,25
chunk_start	1152	n	128	W	4	D	3	baseline_cost	21002	exact_cost	20990	visited_states	30080	transitions	112795	max_frontier_states	256	baseline_refs	0,1,1,1,2,0,0,0,0,0,0,0,1,0,0,0,1,1,0,1,0,2,1,4,0,0,0,1,2,0,0,1,1,3,4,1,1,2,0,0,0,0,0,1,1,1,2,0,0,1,1,2,3,1,0,1,1,3,1,1,0,0,0,0,0,0,1,2,1,2,0,0,1,0,0,1,0,3,1,2,4,1,1,0,1,1,1,0,1,1,2,4,3,4,0,1,2,1,0,1,1,0,1,0,1,1,1,0,0,0,0,0,1,2,3,3,4,1,0,1,2,1,0,1,0,0,0,1	exact_refs	0,1,1,1,2,0,0,0,0,0,0,0,1,0,0,0,1,1,0,1,0,2,1,4,0,0,0,1,2,0,0,1,1,3,4,1,1,2,0,0,0,0,1,1,2,1,2,0,0,1,1,2,3,1,0,1,1,3,1,1,0,0,0,0,0,0,1,2,1,2,0,0,1,0,0,1,2,3,1,2,4,1,2,0,1,1,1,0,1,1,2,4,3,4,0,1,2,1,0,1,1,0,1,0,1,1,1,0,0,0,0,0,1,2,3,3,4,1,0,1,2,1,0,1,0,0,0,1	action_costs	17;17,6;17,6,7;17,6,7,8;423,418,419,420,421;21,26,27,28,29;108,113,114,115,116;32,37,38,39,40;13,18,19,13,21;1,1,1,1,1;549,X,555,556,553;12,19,X,19,20;13,6,20,X,21;1,1,1,1,X;32,X,38,39,40;12,17,X,19,20;12,6,18,X,20;9,6,7,16,X;9,6,7,8,17;9,6,7,8,9;1,1,1,1,1;458,X,457,458,459;826,739,X,824,825;69,64,61,X,60;107,112,113,126,X;105,110,111,112,113;193,198,199,200,220;343,325,349,342,341;615,594,592,622,623;1,1,1,1,1;155,X,161,162,163;332,320,X,326,342;92,65,97,X,81;281,287,279,265,X;21,26,27,28,14;21,6,27,28,29;124,113,114,131,132;654,654,650,651,655;20,19,26,27,28;65,70,71,72,73;1,1,1,1,1;49,X,55,56,57;21,11,X,28,29;21,6,12,X,29;21,6,7,13,X;1758,1752,1753,1754,1760;227,241,222,223,224;1,1,1,1,1;57,X,63,71,65;21,11,X,28,29;37,26,32,X,45;36,23,19,25,X;21,11,12,8,14;21,6,12,13,9;13,18,19,20,21;78,71,84,85,86;87,68,81,94,95;13,15,14,8,21;32,22,32,31,25;1236,1225,1232,1235,1239;91,96,97,98,99;1,1,1,1,1;145,X,151,150,153;1,1,X,1,1;20,X,26,X,28;21,26,X,28,X;84,75,90,X,92;21,13,7,28,X;33,23,31,25,41;43,33,29,37,31;1,1,1,1,1;97,X,103,104,105;21,11,X,28,29;31,36,37,X,39;17,22,23,17,X;515,512,521,522,524;118,122,110,125,126;17,13,20,8,25;35,25,33,44,28;62,60,56,64,71;51,48,47,43,22;33,10,31,30,26;61,37,42,60,59;33,28,29,32,33;28,24,25,26,29;17,11,12,13,14;47,36,42,43,44;37,42,43,44,45;732,728,738,739,740;21,11,12,28,29;762,756,616,763,770;341,341,325,340,320;113,100,101,97,97;54,40,41,43,38;237,236,237,238,249;683,680,683,684,689;219,220,216,216,217;54,49,50,51,52;247,248,249,255,248;21,11,14,13,14;65,55,61,64,63;110,115,116,117,118;20,13,26,27,28;385,390,386,392,393;342,336,348,349,342;24,21,30,31,32;24,6,22,31,32;1,1,1,1,1;54,X,60,61,62;2871,2871,X,2871,2872;66,75,72,X,74;12,17,18,19,X;304,299,310,306,312;147,159,140,154,165;9,15,20,8,17;478,476,477,475,479;491,492,490,497,487;199,197,205,206,203;47,52,53,54,55;364,359,372,382,370;395,390,386,402,403;455,446,461,458,460;9,21,14,19,16;16,14,30,23,28;1,1,1,1,1;314,X,320,321,324;9,17,X,16,17;20,19,31,X,28
chunk_start	1280	n	128	W	4	D	3	baseline_cost	18385	exact_cost	18384	visited_states	28111	transitions	100874	max_frontier_states	256	baseline_refs	0,0,0,0,0,1,1,1,0,0,0,0,1,1,2,3,0,1,1,0,0,0,0,0,0,0,0,1,1,0,0,1,4,3,3,1,0,0,0,0,0,0,0,0,1,1,3,1,0,0,0,0,0,1,1,1,0,0,0,1,1,1,4,1,1,0,1,2,0,0,4,0,0,1,2,1,0,2,2,0,0,0,0,2,3,0,0,0,0,0,2,0,4,0,1,3,4,4,4,2,1,3,0,0,0,1,0,0,0,3,0,0,0,0,0,1,1,0,0,1,0,1,0,0,4,1,1,0	exact_refs	0,0,0,0,0,1,1,1,0,0,0,0,1,1,2,4,1,1,2,0,0,0,0,0,0,0,0,1,1,0,0,1,4,3,3,1,0,0,0,0,0,0,0,0,1,1,3,1,0,0,0,0,0,1,1,1,0,0,0,1,1,1,3,1,2,0,1,2,0,0,4,0,0,1,2,1,0,2,2,0,0,0,0,2,3,0,0,0,0,0,2,0,4,0,1,3,4,4,4,2,1,3,0,0,0,1,0,0,0,3,0,0,0,0,0,1,1,0,0,1,0,1,0,0,4,1,1,0	action_costs	55;102,107;1291,1301,1297;1,1,1,1;12,X,18,19,20;12,6,X,19,20;9,6,7,X,17;35,33,34,35,X;42,48,44,45,46;1,1,1,1,1;46,X,52,53,54;13,13,X,20,21;12,6,14,X,20;15,14,15,23,X;46,43,40,41,49;12,13,11,8,9;9,6,14,12,9;9,6,7,15,13;9,6,7,8,16;1,1,1,1,1;1,X,1,1,1;164,X,X,171,172;1,1,X,X,1;389,X,392,X,X;125,130,X,134,X;19,24,25,X,27;9,10,15,16,X;102,95,100,109,110;404,402,403,408,412;1,1,1,1,1;17,X,23,24,25;28,19,X,35,36;1178,1181,1177,X,1169;45,45,42,38,X;28,26,35,8,22;17,11,14,23,14;17,22,23,24,28;12,17,18,19,20;13,18,19,20,21;1,1,1,1,1;20,X,26,27,28;1,1,X,1,1;17,X,23,X,25;99,104,X,106,X;20,13,26,X,28;351,346,354,358,X;187,190,193,185,195;45,39,51,52,50;13,17,25,20,21;9,10,13,21,17;34,39,35,41,48;75,80,81,82,83;17,22,23,24,25;17,6,23,24,25;17,6,7,24,25;35,33,34,35,39;9,14,15,16,17;1,1,1,1,1;13,X,19,20,21;13,6,X,20,21;13,6,7,X,21;80,68,69,70,X;12,13,7,8,9;12,6,14,8,9;12,6,7,15,9;9,6,7,8,16;475,472,473,474,475;290,297,285,286,287;1,1,1,1,1;107,X,115,113,115;248,253,X,257,245;138,138,144,X,146;221,226,227,228,X;98,89,92,105,106;1208,1196,1192,1214,1207;654,615,650,656,660;21,19,27,28,29;787,786,773,792,794;37,36,24,38,45;1,1,1,1,1;1,X,1,1,1;347,X,X,354,348;9,19,X,X,17;229,224,221,X,X;407,407,406,383,X;1,1,1,1,1;1,X,1,1,1;1,X,X,1,1;792,X,X,X,800;17,21,X,X,X;489,485,470,X,X;1,1,1,1,X;1077,X,1045,1074,955;20,21,X,21,28;20,6,22,X,22;116,114,115,103,X;1451,1428,1451,1452,1268;290,283,286,286,287;94,95,91,93,87;133,131,126,139,134;478,448,478,474,476;357,357,360,348,363;29,34,35,36,37;30,35,36,37,38;61,68,68,65,69;62,57,58,58,70;413,417,419,420,421;36,42,42,43,44;21,26,27,28,29;151,156,157,144,159;17,17,23,24,25;9,14,20,16,17;1,1,1,1,1;1,X,1,1,1;17,X,X,24,25;17,6,X,X,25;17,6,7,X,X;1,1,1,1,X;20,X,26,27,28;41,36,X,48,49;740,745,746,X,748;1031,1004,1037,1038,X;9,14,15,16,17;63,68,69,70,71;286,291,292,288,271;54,40,60,61,62;21,13,18,28,29;9,14,15,16,17
chunk_start	1408	n	128	W	4	D	3	baseline_cost	22555	exact_cost	22549	visited_states	27948	transitions	100837	max_frontier_states	256	baseline_refs	0,0,0,0,0,0,0,0,1,1,0,1,1,1,4,1,1,0,0,2,1,3,3,1,0,3,0,0,0,1,1,0,0,0,0,1,0,0,0,2,0,0,0,1,0,0,1,0,0,0,1,0,2,0,0,1,0,1,1,0,2,0,0,0,0,0,0,0,0,2,1,0,1,3,0,1,0,2,0,1,1,0,0,0,4,0,1,1,1,0,1,1,0,0,0,1,4,0,0,1,0,0,0,0,0,1,1,1,0,1,0,0,0,0,0,0,0,0,0,1,0,0,0,1,0,0,0,0	exact_refs	0,0,0,0,0,0,0,0,1,1,0,1,1,1,3,1,2,0,0,2,1,3,3,1,0,3,0,0,0,1,1,0,0,0,0,1,0,0,0,2,0,0,0,1,0,0,1,0,0,0,1,0,2,0,0,1,0,1,1,0,2,0,0,0,0,0,0,0,0,2,1,0,1,3,0,1,0,2,3,4,1,0,0,0,0,1,1,1,2,0,1,1,0,0,0,1,4,0,0,1,0,0,0,0,0,1,1,1,0,1,0,0,0,0,0,0,0,0,0,1,0,0,0,1,0,0,0,0	action_costs	33;149,154;1,1,1;1,X,1,1;1,X,X,1,1;37,X,X,X,45;17,22,X,X,X;9,11,11,X,X;610,605,611,611,X;647,636,653,654,655;77,82,83,84,85;21,11,27,28,29;21,6,12,28,29;1755,1750,1751,1759,1756;21,17,7,8,14;21,6,18,8,9;21,6,7,19,9;278,283,284,285,277;62,69,68,69,70;3135,3126,3094,3142,3143;408,386,409,412,416;16,17,26,13,22;646,644,651,598,652;214,201,210,217,215;70,75,76,77,78;580,580,572,576,588;1,1,1,1,1;1,X,1,1,1;12,X,X,25,16;9,6,X,X,26;50,40,41,X,X;21,26,27,28,X;1,1,1,1,1;280,X,286,287,288;108,113,X,115,116;446,439,445,X,454;20,25,26,27,X;46,51,52,53,54;49,49,55,56,51;238,237,235,245,254;16,21,21,23,24;1,1,1,1,1;16,X,22,23,24;16,6,X,23,24;25,30,31,X,33;9,14,15,16,X;9,6,15,16,17;1,1,1,1,1;25,X,31,32,33;141,146,X,148,149;665,650,671,X,673;9,14,15,16,X;781,775,761,787,789;80,86,86,87,87;21,26,27,28,29;124,118,130,136,132;9,14,15,16,17;9,6,15,16,17;320,311,312,327,328;1,1,1,1,1;777,X,768,784,785;1,1,X,1,1;296,X,306,X,302;1,1,X,1,X;42,X,48,X,45;1,1,X,1,X;66,X,72,X,74;9,15,X,16,X;194,199,200,X,202;62,67,53,63,X;106,105,112,113,114;54,59,60,61,62;36,23,42,43,44;2069,2074,2072,2052,2071;20,23,26,27,28;126,121,132,133,134;13,18,19,20,21;580,585,575,587,589;202,207,208,198,210;639,635,639,646,638;925,872,919,927,933;21,21,27,28,29;9,14,24,16,17;1,1,1,1,1;53,X,59,60,52;17,13,X,24,25;688,682,690,X,696;463,451,458,461,X;416,399,402,412,412;33,38,39,38,41;33,28,39,40,41;17,11,12,24,25;133,138,139,140,133;1,1,1,1,1;32,X,38,39,40;70,69,X,77,78;39,44,38,X,31;1,1,1,1,X;21,X,27,28,29;21,6,X,28,29;21,26,27,X,29;9,14,15,16,X;42,47,48,49,50;370,377,370,377,378;33,38,39,40,41;17,10,23,24,25;17,6,11,24,25;513,508,509,514,509;25,30,31,32,33;69,68,75,76,77;241,246,247,247,249;1,1,1,1,1;1,X,1,1,1;21,X,X,28,29;9,14,X,X,17;1,1,1,X,X;25,X,31,32,X;1,1,X,1,1;17,X,23,X,25;17,6,X,24,X;1,1,1,X,1;105,X,111,112,X;9,11,X,16,17;9,6,12,X,17;645,650,651,652,X;94,99,100,101,102;17,22,23,24,25;54,59,60,58,62
chunk_start	1536	n	128	W	4	D	3	baseline_cost	18568	exact_cost	18558	visited_states	29321	transitions	108341	max_frontier_states	256	baseline_refs	0,1,0,0,0,0,1,0,0,1,1,1,0,0,0,0,1,0,0,2,0,1,0,0,0,1,1,0,0,1,1,2,3,1,4,4,0,1,1,2,1,0,1,2,1,0,1,1,0,1,1,0,0,1,0,2,2,1,1,0,0,0,0,0,0,3,0,1,0,1,2,3,1,1,0,0,1,2,0,0,1,0,1,0,0,1,2,1,2,0,3,0,1,2,0,0,0,0,0,0,2,0,0,3,0,0,0,0,0,0,3,1,0,1,1,0,0,0,0,0,0,0,0,1,0,0,0,0	exact_refs	0,1,0,0,0,0,1,0,0,1,1,1,0,0,0,0,1,0,0,2,0,1,0,0,0,1,1,0,0,1,1,2,3,1,4,4,0,1,1,2,1,4,1,2,3,0,1,1,0,1,1,0,0,1,0,2,2,1,1,0,0,0,0,0,0,3,0,1,0,1,2,3,1,1,0,0,1,2,0,0,1,0,1,0,0,1,2,1,2,0,3,0,1,2,0,0,0,0,0,0,2,0,0,3,0,0,0,0,0,0,3,1,0,1,1,0,0,0,0,0,0,0,0,1,0,0,0,0	action_costs	17;17,6;535,540,541;73,75,79,80;1,1,1,1,1;198,X,204,207,206;21,11,X,28,29;1,1,1,X,1;120,X,126,127,X;35,31,X,42,36;20,11,16,X,28;31,22,28,33,X;53,58,59,60,61;1,1,1,1,1;58,X,64,65,66;32,37,X,39,40;17,11,23,X,25;28,33,34,35,X;113,113,119,120,121;16,15,12,23,24;17,22,23,24,25;91,81,97,98,99;299,304,305,306,307;36,41,42,43,44;25,30,31,32,33;520,519,526,528,528;55,42,46,62,63;73,78,79,80,81;12,17,18,19,20;12,6,18,19,20;62,53,54,69,70;641,642,634,635,642;9,19,16,8,9;9,6,20,17,9;735,734,735,739,725;972,990,978,979,965;21,26,27,28,29;21,6,27,28,29;388,383,384,383,401;66,44,41,42,74;361,342,348,353,354;21,13,12,15,9;90,77,79,84,79;21,11,7,15,14;121,108,114,110,113;20,25,26,27,28;20,6,26,27,28;78,69,70,85,86;9,14,15,16,17;82,76,88,89,90;822,817,817,823,830;1,1,1,1,1;130,X,140,137,138;173,167,X,177,181;12,17,18,X,20;179,170,144,183,X;9,17,7,19,20;9,6,18,8,20;9,6,7,19,9;1,1,1,1,1;13,X,19,20,21;228,233,X,235,236;451,457,457,X,459;9,19,15,16,X;191,196,194,199,199;452,464,458,448,460;539,550,544,546,546;20,17,26,27,28;20,25,26,27,28;129,116,135,139,137;49,38,34,56,57;20,11,12,8,28;20,6,12,13,9;123,114,115,121,122;74,79,80,81,82;9,15,15,16,17;110,101,111,117,118;9,13,7,17,17;91,96,97,98,99;46,51,52,53,54;722,716,718,729,730;579,582,585,586,587;352,326,357,359,360;1,1,1,1,1;12,X,18,19,20;256,251,X,260,264;9,17,7,X,17;629,624,632,626,X;155,162,150,162,152;20,29,28,27,28;74,79,80,70,82;21,26,27,28,29;37,15,43,44,45;450,445,441,457,458;17,22,23,24,25;29,34,35,36,37;56,61,62,63,64;287,292,293,294,290;813,826,819,814,821;1,1,1,1,1;616,X,610,633,624;9,14,X,16,17;1,1,1,X,1;936,X,942,919,X;9,23,X,16,17;1,1,1,X,1;9,X,15,16,X;21,26,X,28,28;86,91,92,X,94;1,1,1,1,X;81,X,87,78,89;36,16,X,43,44;518,523,524,X,526;21,17,27,28,X;21,6,18,28,29;1,1,1,1,1;1,X,1,1,1;145,X,X,152,153;24,29,X,X,32;1,1,1,X,X;287,X,293,293,X;1,1,X,1,1;277,X,287,X,285;413,402,X,426,X;385,400,391,X,393;9,11,20,16,X;1,1,1,1,1;463,X,469,466,469
chunk_start	1664	n	128	W	4	D	3	baseline_cost	14843	exact_cost	14829	visited_states	29935	transitions	113493	max_frontier_states	256	baseline_refs	0,0,0,0,1,2,1,0,0,0,0,0,1,0,0,0,3,1,1,0,0,1,1,2,3,0,1,0,2,0,1,2,2,1,0,1,2,0,0,1,0,1,1,1,0,1,0,0,1,2,0,2,0,0,0,0,0,1,1,2,0,1,1,1,4,1,2,2,0,0,0,1,1,0,0,0,1,1,2,0,2,3,0,0,1,1,0,0,0,0,0,0,0,1,1,0,0,1,1,2,0,1,2,1,0,1,0,0,1,0,1,2,3,1,3,0,1,3,2,1,0,1,1,3,1,1,0,0	exact_refs	0,0,0,0,1,2,1,0,0,0,0,0,1,0,0,0,3,1,1,0,0,1,1,2,3,4,1,0,3,0,1,2,2,1,0,1,2,0,0,1,1,1,3,1,0,1,0,0,1,2,0,2,0,0,0,0,0,1,1,2,0,1,1,1,3,4,2,2,0,0,0,1,1,0,0,0,1,1,2,0,2,3,0,0,1,1,0,0,0,0,0,0,0,1,1,0,0,1,1,2,0,1,2,1,0,1,0,0,1,0,1,2,3,1,3,3,1,3,0,1,2,1,1,3,1,2,0,0	action_costs	238;1,1;231,X,231;12,17,X,19;23,19,31,X,31;12,11,7,19,X;105,103,109,105,117;959,965,961,967,963;17,35,24,20,26;9,11,24,13,9;449,454,455,455,457;61,66,67,68,69;385,371,391,392,393;862,866,862,860,870;149,151,155,156,158;1,1,1,1,1;707,X,705,663,715;98,95,X,105,108;123,119,130,X,131;490,493,491,505,X;13,19,19,20,21;13,6,20,20,21;28,23,24,38,36;17,20,16,17,31;28,24,25,21,22;41,40,42,43,39;41,8,41,43,44;77,78,79,77,79;73,75,65,66,75;13,11,14,15,16;682,676,677,682,686;178,176,170,176,179;279,284,273,273,280;455,434,453,471,459;9,21,20,21,24;16,15,31,30,31;9,11,7,23,22;1,1,1,1,1;12,X,18,19,20;12,6,X,19,20;9,6,7,X,17;483,480,481,482,X;192,187,187,188,189;21,15,27,28,29;9,14,18,19,9;9,6,15,19,20;139,144,145,146,147;9,15,15,16,17;105,95,105,112,113;9,15,7,17,17;43,48,49,50,51;9,14,7,17,9;1,1,1,1,1;37,X,43,44,45;21,26,X,28,29;1,1,1,X,1;92,X,98,99,X;20,11,X,27,28;32,11,17,X,40;207,206,202,208,X;47,52,53,54,55;17,11,23,24,25;17,6,12,24,25;77,68,69,75,85;17,15,7,8,14;133,120,130,122,123;323,326,320,330,322;54,52,37,43,53;160,165,166,167,168;1,1,1,1,1;21,X,27,28,29;21,6,X,28,29;21,6,7,X,29;1,1,1,1,X;394,X,400,401,402;59,62,X,66,67;37,32,37,X,45;332,330,336,341,X;12,19,11,17,22;16,21,22,23,24;386,391,378,381,384;58,65,64,54,68;1,1,1,1,1;20,X,26,27,28;20,6,X,27,28;505,500,501,X,513;21,26,27,28,X;85,90,89,92,93;9,15,15,16,17;21,26,27,28,29;9,14,15,16,17;1,1,1,1,1;9,X,15,16,17;9,6,X,16,17;9,6,7,X,17;111,116,117,118,X;9,14,7,8,9;9,6,15,8,9;34,33,34,41,36;12,11,7,8,20;33,38,39,40,41;344,336,350,351,352;17,13,12,24,25;17,6,14,13,25;214,219,220,221,222;792,786,798,799,800;1,1,1,1,1;21,X,27,28,29;1332,1326,X,1344,1341;36,41,42,X,44;83,73,95,90,X;235,237,223,246,243;17,19,14,12,25;37,23,37,32,30;96,91,88,59,97;17,13,11,8,22;17,6,14,12,9;185,180,181,168,187;17,17,7,8,16;17,6,18,8,9;17,6,7,19,9;106,96,97,98,110;174,143,165,166,167;17,15,14,8,9;17,6,16,15,9;70,64,65,75,74;17,22,23,24,25;51,56,57,58,59
chunk_start	1792	n	128	W	4	D	3	baseline_cost	13853	exact_cost	13832	visited_states	28258	transitions	102054	max_frontier_states	256	baseline_refs	0,1,0,1,1,0,0,0,0,0,0,0,1,1,0,2,0,0,0,1,1,1,0,0,0,0,0,0,1,2,3,0,3,0,1,0,0,1,1,0,0,1,1,2,1,4,0,1,2,3,0,2,0,0,0,4,0,0,1,2,2,4,0,4,2,1,2,1,2,0,1,1,1,0,1,1,0,2,0,1,1,1,2,0,1,2,3,4,0,2,1,4,0,0,0,1,1,0,0,0,0,1,1,0,0,0,1,1,0,3,0,0,0,0,0,0,3,0,0,0,0,0,1,0,0,0,0,1	exact_refs	0,1,0,1,1,0,0,0,0,0,0,0,1,1,0,2,0,0,0,1,1,1,0,0,0,0,0,0,1,2,3,0,3,0,1,0,0,1,1,0,0,1,1,2,1,4,0,1,2,3,0,2,0,0,0,4,0,0,1,2,2,4,1,4,2,2,4,4,0,1,1,1,4,1,1,3,0,2,0,1,1,1,4,1,1,2,0,1,0,2,1,4,0,0,0,1,1,0,0,0,0,1,1,0,0,0,1,1,0,3,0,0,0,0,0,0,3,0,0,0,0,0,1,0,0,0,0,1	action_costs	37;37,24;54,59,60;179,169,185,186;143,142,145,150,147;1,1,1,1,1;284,X,292,289,292;46,51,X,53,54;1,1,1,X,1;20,X,26,27,X;1,1,X,1,1;12,X,18,X,20;12,6,X,19,X;9,6,7,X,17;67,68,69,70,X;299,302,298,299,300;1,1,1,1,1;158,X,164,165,166;102,100,X,107,110;224,198,228,X,232;321,318,326,324,X;37,21,43,44,45;1,1,1,1,1;1,X,1,1,1;1,X,X,1,1;1262,X,X,X,1270;1,1,X,X,X;21,X,27,X,X;77,76,X,82,X;314,315,309,X,332;21,17,14,8,X;36,41,42,43,44;420,425,426,419,428;32,36,38,39,40;326,321,330,333,334;1,1,1,1,1;104,X,110,111,112;500,495,X,510,508;197,195,203,X,205;1,1,1,1,X;20,X,26,21,28;20,6,X,27,22;395,386,387,X,404;529,535,525,526,X;184,161,188,178,179;54,52,55,54,44;21,26,27,28,29;57,40,63,64,65;21,11,7,28,29;644,639,640,641,652;20,21,26,27,28;422,417,382,429,430;9,19,15,25,17;616,621,625,623,628;1,1,1,1,1;21,X,27,28,14;1,1,X,1,1;21,X,27,X,29;614,605,X,621,X;303,288,286,X,311;51,41,34,42,X;50,29,30,31,27;21,11,12,13,16;129,116,116,123,111;21,11,7,13,14;163,153,154,155,161;21,15,7,13,9;37,22,32,24,22;21,11,7,17,9;21,6,12,8,18;21,6,7,13,9;21,6,7,8,14;21,6,7,8,9;21,6,7,8,9;21,6,7,8,9;21,6,7,8,9;20,25,26,27,28;37,42,20,21,22;21,11,27,8,9;21,6,12,28,9;21,6,7,13,29;266,256,257,258,264;21,13,7,8,9;21,6,14,8,9;37,22,23,31,25;109,100,96,97,105;70,65,66,62,63;21,11,12,13,9;82,87,88,89,90;37,42,23,29,30;37,6,43,24,30;21,11,12,28,9;24,29,30,31,32;53,58,59,60,61;61,62,67,68,69;20,11,14,27,28;167,161,167,170,175;21,26,27,28,29;41,46,47,48,49;1,1,1,1,1;20,X,26,27,28;20,6,X,27,28;20,6,7,X,28;47,52,53,54,X;1,1,1,1,1;58,X,64,65,66;806,804,X,813,814;214,198,217,X,222;25,30,41,32,X;507,503,513,473,515;1,1,1,1,1;54,X,60,61,62;62,67,X,69,70;175,180,181,X,182;9,14,15,16,X;83,84,89,90,91;809,814,806,795,817;1,1,1,1,1;1,X,1,1,1;17,X,X,25,25;1,1,X,X,1;20,X,26,X,X;20,6,X,27,X;33,38,39,X,41;94,99,100,101,X;288,290,289,295,296;13,19,18,20,21;13,6,20,19,21
chunk_start	1920	n	128	W	4	D	3	baseline_cost	15796	exact_cost	15784	visited_states	29997	transitions	112340	max_frontier_states	256	baseline_refs	0,0,1,1,4,2,2,3,0,0,3,0,0,4,0,1,1,0,0,1,1,1,0,0,0,0,0,0,1,0,2,0,0,0,1,2,2,4,0,1,3,2,3,0,0,0,0,1,1,0,1,1,3,1,2,1,2,0,0,0,0,1,0,2,3,1,0,1,0,0,0,0,0,1,2,3,0,0,0,1,0,0,1,0,0,1,1,0,0,0,1,2,1,1,0,0,0,0,0,1,0,1,0,0,0,0,1,0,0,0,0,0,0,1,1,0,1,1,3,1,0,1,1,0,1,1,0,0	exact_refs	0,0,1,1,4,2,2,3,0,0,3,0,0,4,0,1,1,0,0,1,1,1,0,0,0,0,0,0,1,0,2,0,0,0,1,2,2,4,1,1,3,3,4,0,0,0,0,1,1,0,1,1,3,1,2,1,2,0,0,0,0,0,0,2,3,1,1,2,0,0,0,0,0,1,2,3,0,0,0,1,0,0,1,0,0,1,1,0,0,1,1,2,1,2,0,0,0,0,0,1,0,1,0,0,0,0,1,0,0,0,0,0,0,1,1,0,1,1,3,1,0,1,1,0,1,1,0,0	action_costs	57;12,15;12,6,16;102,93,94,93;71,70,70,71,60;492,495,487,488,489;20,21,18,19,28;66,60,76,52,69;36,41,42,43,44;84,89,80,91,91;205,212,211,179,202;9,19,15,16,17;1,1,1,1,1;445,X,451,452,435;36,38,X,43,44;36,27,39,X,44;137,135,136,148,X;1,1,1,1,1;58,X,64,65,66;454,453,X,461,462;57,49,63,X,65;63,59,69,70,X;17,22,23,24,25;105,110,111,112,113;336,343,342,343,344;197,201,203,204,200;231,236,241,238,239;229,237,235,236,237;851,832,853,859,843;79,81,85,86,87;952,958,908,951,954;21,26,27,28,29;46,51,52,53,52;21,26,27,19,29;54,41,60,61,51;50,48,42,57,58;427,429,422,424,435;113,108,109,110,104;21,13,14,15,16;21,6,14,15,16;869,863,864,840,875;149,145,133,134,142;1119,1113,1127,1111,1112;9,14,15,16,17;1,1,1,1,1;21,X,27,28,29;58,63,X,65,66;32,29,38,X,40;36,27,31,43,X;13,10,11,15,21;265,259,264,265,269;1176,1139,1175,1180,1181;12,21,16,8,13;12,6,22,17,9;9,6,7,23,18;37,23,24,25,41;9,10,7,8,9;1,1,1,1,1;52,X,58,59,60;61,66,X,68,69;9,14,15,X,17;371,369,377,380,X;1,1,1,1,1;184,X,176,191,192;280,278,X,269,288;58,37,54,X,43;32,28,31,39,X;21,11,12,15,29;1,1,1,1,1;9,X,15,16,17;54,59,X,61,62;296,300,302,X,304;35,35,41,42,X;176,172,181,183,184;322,321,318,327,330;20,19,16,13,22;553,558,563,554,561;13,18,19,21,21;190,195,201,197,196;43,38,49,50,51;51,56,57,58,61;9,14,15,16,17;9,6,15,16,17;36,41,42,43,44;9,14,15,16,17;9,6,15,16,17;41,33,34,48,49;1,1,1,1,1;586,X,588,593,594;21,15,X,28,29;51,41,51,X,59;21,11,7,17,X;21,6,12,8,18;21,6,7,13,9;78,83,84,85,86;155,157,161,162,163;34,42,39,41,42;1,1,1,1,1;51,X,57,58,59;62,60,X,69,70;35,42,39,X,43;17,11,16,13,X;21,26,27,28,29;9,11,15,16,17;1,1,1,1,1;21,X,27,28,29;21,6,X,28,29;1,1,1,X,1;149,X,155,156,X;318,320,X,325,326;208,215,214,X,216;1,1,1,1,X;17,X,23,24,25;17,6,X,24,25;42,37,38,X,50;193,198,199,200,X;20,15,26,27,28;139,126,131,146,147;21,26,27,15,29;21,6,27,28,16;21,26,27,28,29;21,6,27,28,29;199,182,183,206,207;39,44,45,46,47;364,358,368,371,372;328,325,329,335,336;54,59,55,57,62;12,17,18,19,20
chunk_start	2048	n	128	W	4	D	3	baseline_cost	22995	exact_cost	22977	visited_states	29561	transitions	109718	max_frontier_states	256	baseline_refs	0,0,2,1,2,0,0,2,1,0,0,3,0,0,0,0,0,0,0,1,1,0,0,0,4,4,0,1,0,0,1,1,0,0,0,0,1,1,2,0,0,2,0,0,1,0,0,0,1,2,1,1,0,1,0,0,1,4,2,0,1,1,2,0,1,1,1,0,0,0,0,0,1,2,1,0,1,1,2,2,0,1,1,2,1,0,0,1,0,3,1,0,0,0,1,0,0,1,1,1,0,0,0,0,0,0,0,0,0,0,0,0,0,1,2,1,0,0,0,0,1,0,0,0,1,1,0,1	exact_refs	0,0,2,1,2,0,0,2,1,0,0,3,0,0,0,0,0,0,0,1,1,0,0,0,4,4,0,1,0,0,1,1,0,0,0,0,1,1,2,0,0,2,0,0,1,0,0,0,1,2,1,1,0,1,0,2,1,4,3,0,1,1,2,0,1,1,1,0,0,0,0,0,1,2,1,1,0,1,2,2,3,1,2,3,4,0,0,1,0,3,1,0,0,0,1,0,0,1,1,1,0,0,0,0,0,0,0,0,0,0,0,0,0,1,2,1,0,0,0,0,1,0,0,0,1,1,0,1	action_costs	955;439,448;531,507,503;125,103,118,136;359,344,309,354,322;165,170,171,172,176;20,25,26,27,28;572,570,540,586,580;1590,1560,1596,1580,1602;17,21,23,24,25;9,14,15,23,17;927,926,933,906,936;158,147,164,165,166;49,54,55,56,57;9,14,15,16,17;1,1,1,1,1;117,X,123,124,125;1,1,X,1,1;389,X,395,X,397;50,43,X,57,X;260,238,261,X,268;224,235,230,231,X;1,1,1,1,1;81,X,87,88,89;301,304,X,308,298;1606,1600,1594,X,1591;478,481,484,485,X;851,843,865,857,859;13,19,20,20,21;25,30,31,32,30;25,6,31,32,33;25,6,7,32,33;574,579,580,581,582;20,25,26,27,28;21,26,27,28,29;12,17,18,19,20;12,6,18,19,20;24,23,24,31,32;9,11,7,8,17;304,309,310,311,312;1,1,1,1,1;411,X,404,418,419;362,367,X,373,370;121,126,127,X,127;58,52,64,65,X;21,26,27,28,29;29,34,35,36,37;77,82,83,84,85;21,11,27,28,29;194,199,193,194,202;81,80,87,80,89;59,45,62,66,62;9,14,15,16,17;177,171,177,184,185;850,854,856,857,856;20,25,16,27,28;20,6,26,17,28;31,22,23,38,18;112,103,100,101,128;36,41,32,43,44;37,28,43,30,45;1252,1242,1255,1253,1257;429,433,428,430,437;621,625,633,628,629;21,15,27,28,29;21,6,16,28,29;21,6,7,17,29;9,14,15,16,17;1,1,1,1,1;61,X,67,68,69;91,96,X,98,99;13,18,19,X,21;46,41,52,53,X;13,11,7,20,21;13,6,12,8,21;13,6,7,13,9;13,6,7,8,14;57,44,45,46,47;13,13,7,8,9;47,44,33,46,47;32,12,28,12,30;35,6,13,29,13;45,16,17,24,38;35,12,7,8,15;50,28,35,30,31;235,240,241,242,243;939,943,945,946,947;46,44,52,53,54;24,29,30,31,32;1539,1544,1537,1374,1538;1485,1324,1491,1483,1449;1,1,1,1,1;25,X,31,32,33;25,31,X,34,33;306,302,303,X,321;1,1,1,1,X;12,X,18,19,20;12,6,X,19,20;9,6,7,X,17;9,6,7,8,X;77,82,83,84,85;1,1,1,1,1;66,X,72,73,74;1,1,X,1,1;78,X,84,X,86;79,81,X,86,X;9,15,16,X,17;1,1,1,1,X;70,X,76,77,78;1,1,X,1,1;21,X,27,X,29;1,1,X,1,X;21,X,27,X,29;37,23,X,44,X;21,11,7,X,29;21,6,12,8,X;21,26,27,28,29;485,490,491,492,486;154,159,160,161,162;37,42,43,44,45;50,41,56,57,58;9,14,15,16,17;1,1,1,1,1;61,X,67,68,69;177,172,X,184,185;649,638,645,X,657;88,102,94,95,X;86,65,100,93,94
chunk_start	2176	n	128	W	4	D	3	baseline_cost	18357	exact_cost	18351	visited_states	28598	transitions	104792	max_frontier_states	256	baseline_refs	0,1,0,1,2,0,4,1,2,0,0,2,2,1,2,0,0,3,0,1,1,0,1,1,3,1,1,0,0,0,0,0,1,0,1,1,1,2,0,0,1,2,1,0,0,0,1,2,0,0,0,0,0,0,0,0,1,1,0,0,0,0,0,1,3,2,1,0,1,2,1,1,0,1,1,1,2,3,0,1,1,2,1,0,1,1,1,2,0,1,1,1,0,0,0,3,1,1,0,3,0,1,0,0,1,2,0,0,0,2,0,0,0,1,1,3,1,1,0,0,0,0,0,0,1,2,2,4	exact_refs	0,1,0,1,2,0,4,1,2,0,0,2,2,1,2,0,0,3,0,1,1,0,1,1,2,1,2,0,0,0,0,0,1,0,1,1,1,2,0,0,1,2,1,0,0,0,1,2,0,0,0,0,0,0,0,0,1,1,0,0,0,0,0,1,3,3,1,1,2,0,1,1,1,4,1,1,2,0,1,1,1,3,1,0,1,1,1,4,1,1,3,1,0,0,0,3,1,1,0,3,0,1,0,0,1,2,0,0,0,2,0,0,0,1,1,2,1,2,0,0,0,0,0,0,1,2,2,4	action_costs	175;1423,1415;32,32,38;908,907,920,918;86,91,83,92,94;29,30,37,36,37;20,25,16,23,14;478,473,478,473,475;304,301,296,311,307;53,58,64,60,61;432,431,440,432,440;20,17,12,27,28;683,681,657,688,682;21,13,27,28,29;680,685,648,687,667;1,1,1,1,1;1,X,1,1,1;630,X,X,591,638;17,17,X,X,25;17,6,18,X,X;29,19,20,32,X;12,17,18,19,20;12,6,18,19,20;53,48,49,60,61;9,15,7,8,17;9,6,16,8,9;9,6,7,17,9;1,1,1,1,1;567,X,573,574,575;36,38,X,43,44;1,1,1,X,1;21,X,27,28,X;33,23,X,40,41;35,40,41,X,43;20,11,26,27,X;20,6,12,27,28;32,18,19,25,40;62,57,53,54,60;1,1,1,1,1;387,X,393,394,395;1009,1004,X,1016,1017;54,50,47,X,62;37,27,36,33,X;85,90,91,89,86;65,70,71,72,82;360,365,366,367,368;100,98,106,104,108;21,13,12,28,29;9,14,15,16,17;1,1,1,1,1;1,X,1,1,1;1,X,X,1,1;9,X,X,X,17;1,1,X,X,X;1,X,1,X,X;149,X,X,156,X;21,11,X,X,29;37,19,25,X,X;24,29,30,31,X;21,27,27,28,29;317,322,323,324,325;32,37,38,39,40;13,11,19,20,21;13,6,12,20,21;529,519,520,513,538;13,17,7,8,14;13,6,18,8,9;13,6,7,19,9;82,73,74,75,76;13,15,7,8,9;13,6,16,8,9;13,6,7,17,9;13,6,7,8,18;13,6,7,8,9;13,6,7,8,9;29,23,24,25,26;426,421,417,418,419;13,15,12,8,9;13,6,16,13,9;13,6,7,17,14;346,340,341,342,345;13,15,7,8,9;86,76,86,78,79;13,13,7,17,9;13,6,14,8,18;13,6,7,15,9;62,52,53,54,62;12,12,7,8,9;12,6,13,8,9;12,6,7,14,9;9,6,7,8,15;59,57,58,59,60;54,59,60,61,62;1,1,1,1,1;12,X,18,19,20;612,610,X,609,617;737,512,732,X,725;1038,757,880,1045,X;36,43,42,43,44;311,316,237,231,267;9,19,15,16,17;84,78,92,91,92;1,1,1,1,1;109,X,115,116,117;130,116,X,137,138;50,48,47,X,58;1,1,1,1,X;2160,X,2166,2160,2168;17,22,X,24,25;245,237,233,X,253;9,14,15,16,X;1,1,1,1,1;20,X,26,27,28;20,6,X,27,28;88,76,77,X,96;20,11,7,8,X;20,6,12,8,9;36,23,24,30,26;325,330,331,332,333;12,17,18,19,20;1,1,1,1,1;30,X,36,44,38;1,1,X,1,1;345,X,351,X,353;36,30,X,43,X;877,876,865,X,885;21,19,12,19,X;472,463,467,470,460
chunk_start	2304	n	128	W	4	D	3	baseline_cost	23297	exact_cost	23273	visited_states	29990	transitions	113409	max_frontier_states	256	baseline_refs	0,0,1,3,0,0,1,1,1,0,0,0,1,1,0,1,1,0,3,1,2,0,1,1,2,1,0,1,1,1,0,1,0,0,2,4,1,3,0,4,2,1,0,1,2,2,2,1,3,0,1,0,1,1,1,0,4,0,0,0,0,0,0,0,0,0,0,0,0,1,1,2,2,0,0,0,0,0,0,1,1,3,1,2,2,0,0,0,0,1,1,2,4,1,2,1,0,1,1,2,3,2,0,0,0,0,0,0,1,0,0,0,1,1,0,1,1,0,1,1,1,0,1,1,0,0,0,0	exact_refs	0,0,1,3,0,0,1,1,1,0,0,0,1,1,1,3,1,0,0,1,2,1,4,1,2,1,4,1,2,3,0,1,0,0,2,4,1,3,0,4,2,1,0,1,2,2,2,1,3,0,1,0,1,1,1,0,4,0,0,0,0,0,0,0,0,0,0,0,0,1,1,2,2,0,0,0,0,0,0,1,1,3,1,2,2,0,0,0,0,1,1,2,4,1,2,1,0,1,1,2,3,2,0,0,0,0,0,0,1,0,0,0,1,1,0,1,1,1,3,1,2,0,1,1,0,0,0,0	action_costs	558;177,185;111,109,125;551,564,555,467;104,109,110,111,112;12,17,18,19,20;12,6,18,19,20;9,6,7,16,17;9,6,7,8,17;422,423,424,425,426;69,74,75,76,77;67,72,73,74,75;21,11,27,28,29;21,6,12,28,29;21,6,7,13,29;21,6,7,8,14;82,72,73,74,75;112,117,118,119,120;21,26,14,8,9;37,19,43,28,22;21,11,7,28,16;21,6,12,8,29;21,6,7,13,9;36,19,20,21,27;21,11,7,8,9;493,484,490,486,487;21,15,7,13,9;21,6,16,8,14;21,6,7,17,9;21,6,7,8,18;367,372,373,374,375;806,788,812,813,814;16,23,20,23,24;152,157,158,159,160;87,92,86,98,101;306,305,312,302,278;855,830,855,850,852;139,147,144,137,147;630,630,619,625,636;260,251,268,250,245;37,36,24,34,41;73,68,78,81,76;141,146,147,135,147;21,15,27,28,20;621,615,586,628,629;36,35,23,33,44;674,677,653,674,661;1334,1254,1337,1333,1334;36,31,32,26,32;37,31,42,43,34;36,24,25,36,37;523,519,520,521,524;4488,4378,4479,4489,4482;360,339,344,358,359;88,63,90,77,87;65,70,71,76,73;80,85,86,82,75;21,26,27,28,29;1,1,1,1,1;82,X,88,89,90;9,13,X,16,17;17,18,26,X,25;1,1,1,1,X;1117,X,1120,1124,1124;12,28,X,19,20;130,130,132,X,135;1,1,1,1,X;1,X,1,1,1;12,X,X,21,20;12,6,X,X,22;20,18,19,X,X;9,11,7,8,X;567,565,558,567,568;17,31,19,25,21;154,159,166,161,159;1,1,1,1,1;1,X,1,1,1;161,X,X,168,169;321,323,X,X,327;429,427,435,X,X;508,470,509,504,X;155,159,162,149,158;35,31,34,37,38;87,84,65,92,89;139,138,135,140,139;9,14,15,16,17;1,1,1,1,1;594,X,600,601,594;13,21,X,20,21;13,6,22,X,21;157,151,152,163,X;83,94,82,83,94;13,13,20,8,9;90,88,96,103,91;290,287,285,293,294;275,268,268,272,280;55,63,66,54,55;25,11,34,37,20;13,11,12,19,22;254,248,242,248,254;476,470,471,464,470;462,454,446,461,467;251,262,259,264,252;110,115,116,117,118;916,923,924,910,920;9,21,15,19,24;1,1,1,1,1;50,X,56,57,58;21,13,X,28,29;21,26,27,X,29;1,1,1,1,X;28,X,34,35,36;16,11,X,23,24;16,6,12,X,24;13,18,19,20,X;13,6,19,20,21;13,6,7,20,21;12,6,7,8,20;12,6,7,8,9;12,6,7,8,9;12,6,7,8,9;9,6,7,8,9;9,6,7,8,9;9,6,7,8,9;1,1,1,1,1;9,X,15,16,17;83,88,X,90,91;387,392,393,X,395
chunk_start	2432	n	128	W	4	D	3	baseline_cost	29269	exact_cost	29261	visited_states	29423	transitions	109550	max_frontier_states	256	baseline_refs	0,0,0,0,0,0,2,3,4,0,4,4,1,2,0,1,2,3,0,0,0,0,0,0,1,2,0,3,4,2,0,0,0,0,1,2,0,0,1,2,1,4,3,4,3,1,3,4,4,0,0,1,3,1,3,1,0,3,0,0,0,1,4,0,1,1,1,0,0,0,1,1,1,2,0,1,0,1,2,1,2,0,1,2,3,1,0,2,0,1,0,1,0,0,0,0,0,0,0,0,1,2,1,0,0,1,2,1,1,0,0,2,0,1,1,1,0,0,0,0,1,0,0,1,1,0,0,0	exact_refs	0,0,0,0,0,0,2,3,4,0,4,4,1,2,0,1,2,3,0,0,0,0,0,0,1,2,0,3,4,2,0,0,0,0,1,2,0,0,1,2,1,4,3,4,3,1,0,4,4,3,0,1,3,1,3,1,0,3,0,0,0,1,4,0,1,1,1,0,0,2,1,1,2,3,0,1,0,1,2,1,2,0,1,2,3,1,0,2,0,1,0,1,0,0,0,0,0,0,0,0,1,2,1,0,0,1,2,1,1,0,0,2,0,1,1,1,0,0,0,0,1,0,0,1,1,0,0,0	action_costs	215;20,25;9,14,15;1,1,1,1;1698,X,1704,1705,1708;1,1,X,1,1;881,X,627,X,889;774,710,X,674,X;509,508,522,X,502;12,19,18,25,X;418,416,420,395,357;2032,1999,2032,2018,2011;152,134,158,152,166;1241,1213,1178,1217,1249;12,17,18,19,20;32,22,38,39,40;36,27,24,43,44;9,10,11,8,17;69,74,75,77,77;938,943,944,945,946;9,14,15,16,17;1,1,1,1,1;1,X,1,1,1;20,X,X,27,28;155,146,X,X,163;20,19,7,X,X;840,845,846,847,X;21,21,27,19,29;106,96,112,113,85;383,389,379,394,391;1,1,1,1,1;1,X,1,1,1;91,X,X,98,99;9,14,X,X,17;147,142,153,X,X;9,17,7,16,X;1,1,1,1,1;1152,X,1158,1142,1160;127,116,X,134,137;3285,3263,2903,X,3293;400,359,399,398,X;248,255,203,250,172;411,416,381,349,421;202,191,201,205,166;1167,1148,1148,1159,1159;217,207,218,221,224;86,89,84,79,98;573,569,562,548,544;405,409,414,410,382;158,150,151,151,162;601,604,601,596,602;1097,990,1076,1047,1067;192,185,207,174,191;718,681,725,727,723;499,438,430,397,478;620,552,567,602,621;9,23,24,23,22;199,194,179,156,212;851,829,857,808,815;124,131,130,131,132;21,26,27,28,29;155,148,161,169,166;1284,1270,1290,1289,1174;37,44,43,44,45;21,11,27,28,29;21,6,12,28,29;21,6,7,13,29;249,254,255,256,257;1,1,1,1,1;37,X,27,44,45;21,11,X,15,29;21,6,12,X,16;123,110,111,117,X;21,11,7,8,14;334,339,340,341,342;54,53,60,61,62;21,26,27,28,29;37,23,43,44,45;21,10,7,28,29;46,32,37,34,54;21,12,7,12,9;21,26,27,28,14;209,200,215,216,217;55,53,45,62,63;21,11,16,8,29;264,254,260,265,257;12,17,18,19,20;394,399,383,401,402;261,263,267,265,269;617,616,629,624,630;21,26,27,19,29;21,6,27,28,20;1,1,1,1,1;114,X,120,121,115;9,17,X,16,17;1,1,1,X,1;25,X,31,32,X;77,82,X,84,85;36,41,42,X,44;12,17,18,19,X;275,266,281,282,283;9,19,7,16,17;50,41,55,43,58;1,1,1,1,1;21,X,27,28,29;331,322,X,336,339;21,15,7,X,29;21,6,16,8,X;327,324,325,335,327;9,14,15,16,17;21,26,27,28,29;9,14,7,16,17;21,26,27,28,29;21,6,27,28,29;490,481,482,497,487;388,364,394,395,396;9,19,15,16,17;1,1,1,1,1;243,X,249,250,257;9,19,X,16,17;43,33,41,X,51;1,1,1,1,X;9,X,15,16,17;9,6,X,16,17;9,6,7,X,17;24,29,30,31,X;9,14,15,16,17;60,65,66,67,68
chunk_start	2560	n	128	W	4	D	3	baseline_cost	15030	exact_cost	14996	visited_states	28854	transitions	105532	max_frontier_states	256	baseline_refs	0,0,0,1,4,4,0,4,0,0,0,0,0,0,1,0,0,1,0,0,0,0,0,0,0,1,0,0,0,1,0,4,1,0,0,0,0,0,0,0,3,4,1,0,4,0,0,0,1,1,0,1,1,1,2,3,0,1,1,1,2,0,0,1,1,3,1,3,3,4,0,1,1,1,2,0,0,0,0,0,1,1,2,1,0,1,1,1,4,1,1,0,1,1,1,0,1,1,1,0,0,1,2,0,1,1,2,0,2,0,0,2,1,4,3,0,0,0,1,2,0,0,1,1,1,3,1,0	exact_refs	0,0,0,1,4,4,0,4,0,0,0,0,0,0,1,0,0,1,0,0,0,0,0,0,0,1,0,0,0,1,0,4,1,0,0,0,0,0,0,0,3,4,1,0,4,0,0,0,1,1,1,2,4,1,2,3,0,1,1,1,2,0,1,2,1,4,1,3,3,4,1,2,0,1,2,0,0,0,0,2,1,1,3,1,0,1,1,1,4,1,1,2,4,1,2,0,1,1,1,0,0,1,2,0,1,1,2,0,2,0,0,2,1,4,3,0,0,0,1,2,0,0,1,1,1,3,1,0	action_costs	66;50,55;1246,1249,1252;187,176,185,194;209,207,210,211,204;87,90,91,94,86;1,1,1,1,1;111,X,117,118,110;1,1,X,1,1;1,X,1,X,1;111,X,X,118,X;1,1,X,X,1;124,X,130,X,X;9,15,X,16,X;161,159,169,X,169;1,1,1,1,X;62,X,68,69,65;32,31,X,39,40;1,1,1,X,1;225,X,225,228,X;9,14,X,16,17;1,1,1,X,1;122,X,128,129,X;13,18,X,20,21;9,10,15,X,17;214,212,217,212,X;1,1,1,1,1;416,X,422,423,424;9,14,X,19,17;9,6,15,X,20;1,1,1,1,X;21,X,27,28,20;21,6,X,28,29;1,1,1,X,1;78,X,84,85,X;418,423,X,425,426;430,437,433,X,438;102,107,110,109,X;84,89,90,91,92;25,30,31,32,33;217,222,216,215,225;78,72,84,85,71;149,144,149,156,157;24,29,30,31,32;906,911,918,913,905;1,1,1,1,1;24,X,30,31,32;51,56,X,58,59;21,13,27,X,29;21,6,14,28,X;21,6,7,15,29;21,6,7,8,16;21,6,7,8,9;471,465,466,467,468;36,28,20,21,22;21,11,16,8,9;202,207,208,203,210;66,61,72,73,74;21,11,16,28,29;47,36,42,47,55;964,960,959,965,970;80,86,86,87,88;24,11,30,31,32;62,44,50,69,70;66,32,49,55,74;24,11,12,8,14;40,19,25,26,22;89,78,74,58,72;58,42,43,39,45;24,11,12,13,9;24,6,12,13,14;24,6,7,13,14;1721,1716,1717,1718,1724;681,468,673,674,675;87,81,77,94,95;9,15,24,16,17;1,1,1,1,1;9,X,15,16,17;37,42,X,44,45;9,14,7,X,17;9,6,15,8,X;320,315,316,327,318;12,19,7,8,20;65,59,61,61,62;53,58,59,60,61;20,11,26,27,28;20,6,12,27,28;177,171,172,178,185;20,15,7,8,14;20,6,16,8,9;20,6,7,17,9;20,6,7,8,18;20,6,7,8,9;20,6,7,8,9;20,6,7,8,9;32,37,38,39,40;21,11,27,28,29;287,281,287,294,295;66,44,57,63,74;1,1,1,1,1;112,X,112,119,120;196,194,X,203,196;71,70,65,X,79;86,91,92,93,X;90,80,96,97,81;145,143,146,152,153;558,552,543,552,566;1,1,1,1,1;317,X,312,324,325;138,145,X,145,146;63,68,69,X,69;21,26,16,28,X;37,23,43,34,45;50,41,37,57,28;33,28,29,25,41;9,14,15,16,17;1,1,1,1,1;314,X,320,312,321;32,22,X,39,40;198,203,197,X,206;1,1,1,1,X;16,X,20,23,24;16,6,X,21,24;16,6,7,X,22;32,26,27,28,X;583,579,575,576,577;82,73,82,78,79;347,352,357,354,355
chunk_start	2688	n	128	W	4	D	3	baseline_cost	24062	exact_cost	24050	visited_states	29427	transitions	107333	max_frontier_states	256	baseline_refs	0,1,1,1,3,0,1,0,0,0,2,1,2,0,1,2,0,0,0,1,0,1,1,0,0,0,0,3,1,2,0,1,4,0,0,0,1,0,0,0,0,0,0,1,0,1,1,2,1,0,0,0,0,2,3,0,2,3,1,3,0,1,1,0,1,1,4,4,1,0,0,1,0,0,0,1,1,3,0,2,3,0,4,0,0,0,2,0,0,3,4,2,2,0,0,0,0,1,2,3,4,1,1,0,1,0,1,0,0,0,1,2,2,0,2,2,1,0,3,0,0,0,0,0,1,2,3,1	exact_refs	0,1,1,1,3,0,1,0,0,0,2,1,2,0,1,2,0,0,0,1,0,1,1,0,0,0,0,3,1,2,0,1,4,0,0,0,1,0,0,0,0,0,0,1,0,1,1,2,1,0,0,0,0,2,3,0,2,3,1,3,0,1,1,0,1,1,4,4,1,0,0,1,0,0,0,1,1,3,0,2,3,0,4,0,0,0,2,0,0,3,4,2,2,0,0,0,1,1,2,3,4,1,2,0,1,0,1,0,0,1,2,2,2,0,2,2,1,0,3,0,0,0,0,0,1,2,3,1	action_costs	119;21,11;98,88,94;996,988,991,995;154,161,150,146,152;9,14,15,16,17;9,6,15,16,17;1,1,1,1,1;126,X,132,133,134;258,265,X,265,266;20,19,16,X,28;129,124,138,135,X;225,228,220,234,223;9,14,15,16,17;137,128,143,144,145;9,19,7,16,17;1,1,1,1,1;1,X,1,1,1;21,X,X,28,29;441,431,X,X,449;9,14,15,X,X;9,6,15,16,X;9,6,7,16,17;1,1,1,1,1;564,X,570,571,572;17,30,X,24,25;1,1,1,X,1;1510,X,1517,1371,X;523,520,X,524,544;42,47,39,X,50;9,13,15,16,X;9,6,14,16,17;2198,2203,2204,2205,2197;1,1,1,1,1;192,X,207,199,200;21,26,X,28,29;98,80,104,X,113;1,1,1,1,X;82,X,88,89,86;1,1,X,1,1;20,X,26,X,28;457,462,X,464,X;21,26,27,X,29;300,291,310,307,X;70,75,76,77,78;54,46,60,61,58;104,91,104,111,112;546,542,534,535,544;133,93,119,114,128;1,1,1,1,1;92,X,98,103,100;9,15,X,16,17;9,14,15,X,17;47,52,38,48,X;115,115,121,111,121;1,1,1,1,1;51,X,47,58,59;106,103,X,103,114;443,436,443,X,443;88,90,87,86,X;74,73,71,79,78;21,11,12,21,18;57,44,50,51,60;280,281,275,281,283;281,271,287,281,287;196,191,192,197,191;21,17,20,21,16;471,469,482,472,459;942,925,948,939,945;17,23,23,24,25;13,18,24,20,21;13,6,19,25,21;1,1,1,1,1;426,X,432,433,434;28,33,X,35,36;50,44,52,X,58;203,192,202,210,X;20,17,13,12,20;442,443,437,451,450;119,117,110,122,118;20,15,22,8,20;1,1,1,1,1;488,X,494,495,460;66,71,X,73,74;1239,1205,1182,X,1247;424,431,430,433,X;1332,1323,1232,1342,1307;25,30,31,44,33;1,1,1,1,1;439,X,445,388,448;1548,1503,X,1554,1480;408,400,356,X,416;393,363,348,388,X;158,155,165,174,167;91,96,97,100,107;92,97,98,103,91;21,13,27,28,29;155,146,149,159,163;112,109,101,101,120;173,173,170,166,174;21,15,16,17,9;21,6,16,17,18;83,73,74,84,85;135,140,141,142,143;136,109,140,143,144;9,14,18,16,17;60,55,60,68,68;1,1,1,1,1;12,X,18,19,20;12,6,X,19,20;118,112,113,X,126;9,17,7,8,X;432,430,415,432,433;394,400,400,404,402;507,504,497,514,513;331,329,318,343,339;61,50,67,54,69;24,25,35,31,37;374,374,367,323,382;46,51,52,53,54;24,29,30,31,32;1,1,1,1,1;29,X,35,36,37;21,26,X,28,29;252,244,258,X,260;358,360,350,365,X;21,15,20,8,29;33,23,33,23,26
chunk_start	2816	n	128	W	4	D	3	baseline_cost	11693	exact_cost	11679	visited_states	29247	transitions	107480	max_frontier_states	256	baseline_refs	0,0,1,0,3,0,0,0,2,1,2,1,4,0,2,2,0,1,3,3,0,3,0,0,0,1,0,0,0,1,0,0,1,1,0,1,1,1,0,0,1,2,0,3,1,0,3,2,1,0,0,1,2,1,1,0,0,0,0,0,0,1,0,0,1,1,0,3,0,1,0,1,0,0,0,1,2,3,0,0,0,1,1,0,1,0,0,1,1,1,2,0,0,1,1,2,1,0,1,1,1,3,1,0,0,0,0,4,0,1,2,2,0,0,1,1,0,0,1,0,0,1,1,1,0,1,1,1	exact_refs	0,0,1,0,3,0,0,0,2,1,2,0,4,3,2,4,0,1,3,3,0,3,0,0,0,1,0,0,0,1,0,0,1,1,0,1,1,1,0,0,1,2,0,3,1,0,3,2,1,0,0,1,2,1,1,0,0,0,0,0,0,1,0,0,1,1,0,3,0,1,0,1,0,0,0,1,2,3,0,0,0,1,1,0,1,0,0,1,1,1,2,0,0,1,0,2,1,2,4,1,1,3,1,0,0,0,0,4,0,1,2,2,0,0,1,1,0,0,1,0,0,1,1,4,1,1,3,1	action_costs	21;58,63;21,13,27;1,1,1,1;225,X,231,222,233;1,1,X,1,1;32,X,30,X,40;572,578,X,581,X;16,21,11,X,24;106,100,112,106,X;95,96,90,106,96;407,406,412,406,406;62,65,64,61,55;163,162,170,160,166;16,17,13,21,20;715,713,708,716,710;12,17,18,19,20;73,68,79,80,81;354,357,349,342,362;46,51,46,38,52;9,12,22,17,9;329,324,325,193,331;1,1,1,1,1;33,X,39,40,41;9,14,X,16,17;75,65,81,X,83;1,1,1,1,X;1,X,1,1,1;78,X,X,85,86;135,131,X,X,143;107,107,108,X,X;117,122,123,124,X;240,237,246,247,248;21,13,14,28,29;12,17,20,19,20;9,6,15,21,17;9,6,7,16,22;68,61,62,63,76;1,1,1,1,1;36,X,42,43,44;49,43,X,56,57;113,114,112,X,121;50,55,56,57,X;32,28,38,21,40;173,157,172,175,175;12,19,11,14,20;170,161,163,158,170;9,19,7,21,13;32,22,24,24,26;1,1,1,1,1;12,X,18,19,20;38,33,X,45,46;9,11,7,X,17;9,6,12,8,X;9,6,7,13,9;1,1,1,1,1;41,X,47,48,49;1,1,X,1,1;31,X,37,X,39;464,469,X,471,X;17,17,23,X,25;673,667,678,680,X;202,205,208,209,210;20,25,26,27,28;89,80,95,96,97;274,268,269,283,270;9,14,15,16,17;134,139,146,130,142;20,25,26,27,28;20,6,26,27,28;21,26,27,28,29;21,6,27,28,29;1,1,1,1,1;21,X,27,28,29;12,17,X,19,20;124,118,130,X,132;40,37,27,47,X;41,35,36,33,49;9,12,11,19,9;1,1,1,1,1;21,X,27,28,29;21,6,X,28,29;21,6,7,X,29;670,675,676,677,X;24,13,30,31,32;20,25,26,27,28;176,181,182,180,184;91,83,97,98,103;21,11,16,28,29;380,375,381,385,381;101,98,88,94,99;243,248,253,250,249;54,54,60,61,62;20,13,20,27,28;24,22,30,37,32;20,10,7,15,22;36,23,28,25,33;20,11,7,12,9;20,6,12,8,13;229,223,224,230,226;144,123,136,137,143;133,137,138,128,129;574,566,580,581,582;517,525,523,524,529;1,1,1,1,1;9,X,15,16,17;1,1,X,1,1;227,X,233,X,225;66,66,X,73,X;20,13,20,X,28;168,158,155,161,X;111,114,102,110,117;1,1,1,1,1;105,X,111,112,113;20,17,X,27,28;20,6,18,X,28;1,1,1,1,X;21,X,27,28,29;21,6,X,28,29;89,94,95,X,97;424,424,430,431,X;54,46,46,61,62;37,24,31,26,45;21,11,12,19,14;21,6,12,13,20;21,6,7,13,14;21,6,7,8,14;40,27,28,29,30
chunk_start	2944	n	128	W	4	D	3	baseline_cost	12541	exact_cost	12526	visited_states	29811	transitions	111711	max_frontier_states	256	baseline_refs	0,1,1,1,0,1,1,1,0,1,1,2,0,1,1,3,1,2,2,0,0,0,0,1,1,0,0,0,0,1,1,1,0,0,2,0,0,3,0,3,1,1,0,1,2,1,0,0,0,0,1,2,1,0,1,1,2,0,4,1,2,3,4,0,0,0,0,0,4,1,0,2,0,0,2,1,1,2,0,1,1,1,0,0,2,1,2,0,1,2,1,2,4,4,0,0,0,1,1,0,0,1,0,1,4,1,3,0,0,1,2,1,3,2,0,0,0,1,4,0,2,0,1,0,1,1,2,1	exact_refs	0,1,1,1,4,1,1,2,0,1,1,2,0,1,1,3,1,2,2,0,0,0,0,1,1,0,0,0,0,1,1,1,0,0,2,0,4,3,0,3,4,1,0,1,2,1,0,0,0,0,1,2,0,1,2,1,2,0,4,1,2,3,4,0,0,0,0,0,4,1,0,2,0,0,0,1,1,2,4,1,2,1,0,0,2,1,2,0,1,2,1,2,4,4,0,0,0,1,1,0,0,1,0,1,4,1,3,0,0,1,2,1,3,2,0,0,0,1,4,0,2,0,1,0,1,1,2,1	action_costs	21;21,6;21,6,7;21,6,7,8;21,6,7,8,9;21,6,7,8,9;21,6,7,8,9;21,6,7,8,9;166,171,172,173,174;21,11,27,28,29;240,230,236,247,248;21,15,7,13,29;12,17,18,19,20;12,6,18,19,20;12,6,7,19,20;9,6,7,8,17;57,44,45,46,47;9,13,7,8,9;25,30,13,32,33;1,1,1,1,1;314,X,320,321,322;57,62,X,64,65;9,14,15,X,17;9,6,15,16,X;88,83,84,95,96;1,1,1,1,1;9,X,15,16,17;1,1,X,1,1;40,X,46,X,48;43,31,X,50,X;24,11,12,X,32;49,32,38,39,X;46,51,52,53,54;1,1,1,1,1;336,X,332,343,344;1,1,X,1,1;57,X,58,X,52;211,216,X,210,X;21,26,27,X,29;808,813,810,797,X;40,19,46,47,22;100,94,109,107,98;12,14,11,19,20;107,97,103,103,114;9,17,7,16,13;9,6,18,8,17;1,1,1,1,1;1,X,1,1,1;20,X,X,27,28;29,34,X,X,37;58,49,64,X,X;37,30,29,44,X;36,28,31,30,44;33,23,25,28,27;21,11,11,13,16;636,634,640,640,642;166,173,161,167,167;638,641,645,638,644;21,21,18,21,9;36,23,39,36,39;36,27,24,40,37;46,44,45,42,58;21,13,11,12,9;68,73,74,75,76;198,203,204,205,206;13,18,19,20,15;17,22,23,24,25;360,365,366,367,360;533,533,539,540,529;116,99,122,123,124;137,142,143,144,145;21,26,12,17,29;36,41,42,43,44;515,516,521,520,518;13,19,11,20,21;13,6,20,12,21;62,56,57,61,63;169,169,161,162,168;12,17,16,8,9;12,6,18,17,9;304,299,300,309,311;82,52,73,74,86;102,107,108,109,110;1,1,1,1,1;71,X,63,78,79;226,224,X,233,234;21,15,14,X,29;21,26,27,28,X;73,64,79,80,81;21,15,7,28,29;168,162,172,164,176;51,50,42,52,44;187,188,183,183,182;21,17,14,17,9;1,1,1,1,1;84,X,90,91,92;212,217,X,219,220;21,13,27,X,29;40,26,34,47,X;1,1,1,1,1;81,X,87,88,89;217,209,X,224,225;20,19,26,X,28;20,6,20,27,X;191,182,183,197,177;170,161,164,165,179;20,15,20,8,9;51,56,57,58,59;21,26,27,28,29;70,56,76,77,78;21,13,7,28,29;21,6,14,8,29;150,148,149,143,151;21,17,7,8,16;372,377,378,379,380;74,80,80,81,82;282,287,293,289,290;111,110,117,112,119;475,485,478,485,462;1,1,1,1,1;1741,X,1674,1748,1751;21,23,X,28,29;73,61,79,X,81;46,51,52,53,X;13,11,19,20,21;25,22,28,32,33;13,11,7,13,21;13,6,12,8,14
chunk_start	3072	n	128	W	4	D	3	baseline_cost	28397	exact_cost	28361	visited_states	29858	transitions	111575	max_frontier_states	256	baseline_refs	0,1,2,0,0,0,0,1,1,0,0,0,2,0,0,3,0,2,2,1,1,2,3,0,0,1,0,2,3,2,2,0,1,2,3,2,0,1,1,2,2,0,1,2,0,0,0,0,1,0,1,2,1,0,1,1,2,1,0,0,1,0,0,1,1,1,3,1,2,3,4,0,0,1,2,1,2,3,4,1,2,3,4,0,1,1,0,1,1,0,0,1,0,1,3,2,0,1,0,0,0,0,0,0,3,1,3,0,0,1,0,0,1,1,0,1,4,2,3,1,4,3,0,0,0,0,0,1	exact_refs	0,1,2,0,0,0,0,1,1,0,0,0,2,0,0,3,0,2,2,1,1,2,3,0,0,1,0,2,3,2,2,0,1,2,3,2,2,1,0,4,2,0,1,2,0,0,0,0,1,0,1,2,1,4,1,1,3,1,0,0,1,0,0,1,1,1,3,1,2,3,4,0,0,1,2,1,2,3,4,1,2,3,4,0,1,1,0,1,1,0,0,1,0,1,3,2,0,1,0,0,0,0,0,0,3,1,3,0,0,1,0,0,1,1,3,1,4,2,4,1,4,3,0,0,0,0,0,1	action_costs	13;36,23;13,10,7;1,1,1,1;600,X,606,607,608;45,56,X,52,53;9,11,22,X,17;9,6,12,23,X;9,6,7,13,24;1,1,1,1,1;136,X,142,143,144;45,50,X,52,53;404,403,398,X,412;1,1,1,1,X;61,X,67,61,69;443,440,X,434,451;195,206,196,X,202;409,412,398,413,X;1254,1257,1238,1272,1255;21,17,18,21,22;33,23,35,36,26;50,46,42,54,55;21,11,12,8,20;160,165,158,167,168;194,199,200,201,202;37,34,43,44,45;542,547,548,550,550;69,74,62,69,77;350,348,356,348,351;141,137,134,147,134;1112,1112,1052,1105,1119;20,25,26,27,28;36,23,42,43,44;47,44,41,55,55;20,13,11,8,28;49,32,30,38,35;20,11,7,15,13;20,6,12,8,16;915,913,914,920,916;50,49,33,34,33;794,799,791,801,802;9,23,14,16,17;52,47,56,56,59;9,13,7,25,16;1,1,1,1,1;20,X,26,27,28;1,1,X,1,1;24,X,30,X,32;24,6,X,31,X;24,29,30,X,32;324,310,330,331,X;24,18,7,31,32;54,37,50,39,62;24,12,7,20,9;24,6,13,8,21;37,23,24,31,26;24,10,7,8,15;24,6,11,8,9;1,1,1,1,1;115,X,121,122,123;21,11,X,28,29;66,71,72,X,74;21,26,27,28,X;21,6,27,28,29;21,6,7,28,29;765,763,764,765,769;21,21,7,8,9;37,22,38,24,25;232,232,228,238,230;33,34,29,25,41;256,254,256,257,253;1,1,1,1,1;1748,X,1735,1749,1749;54,48,X,61,62;1976,1973,1560,X,1911;285,213,267,283,X;717,688,677,724,717;1006,981,990,647,998;2006,1699,1918,1937,1253;1066,854,950,889,996;570,496,398,473,558;1658,1549,1459,1132,1400;1281,1137,1215,1186,1133;630,596,582,622,638;806,776,808,718,809;256,245,264,260,265;790,784,779,791,776;534,464,530,543,539;483,410,461,488,495;1,1,1,1,1;47,X,53,54,55;218,205,X,227,224;12,17,18,X,20;46,41,53,53,X;264,268,262,252,272;229,219,218,226,222;21,35,36,31,25;182,168,191,192,187;1,1,1,1,1;21,X,27,28,29;418,423,X,425,426;445,458,451,X,450;822,826,833,829,X;201,207,201,203,209;176,184,195,175,185;247,225,248,254,245;230,235,238,229,229;1,1,1,1,1;9,X,15,16,17;203,196,X,210,209;1,1,1,X,1;33,X,39,40,X;40,27,X,47,48;55,25,46,X,63;24,12,11,12,X;24,6,13,12,13;55,41,42,33,28;131,123,118,119,126;24,16,13,8,9;972,971,982,979,974;54,63,45,56,37;24,12,26,8,19;21,26,27,28,29;1,1,1,1,1;161,X,167,168,169;21,26,X,28,29;12,17,18,X,20;12,6,18,19,X
chunk_start	3200	n	128	W	4	D	3	baseline_cost	22751	exact_cost	22746	visited_states	29350	transitions	108811	max_frontier_states	256	baseline_refs	0,0,0,1,0,0,1,0,2,1,0,4,2,3,1,1,0,0,0,1,0,1,0,0,0,1,0,3,2,1,1,0,0,0,0,1,1,1,0,0,0,0,1,0,1,1,0,1,1,1,0,1,1,2,0,1,0,0,0,0,1,1,2,0,1,1,0,0,0,0,0,1,0,1,1,2,3,0,2,2,1,0,0,1,1,0,0,1,0,1,1,0,0,0,1,0,1,1,0,2,0,0,0,0,1,0,3,4,4,1,0,0,1,2,0,1,2,3,1,4,0,0,0,0,1,0,1,2	exact_refs	0,0,0,1,0,0,1,0,2,1,0,4,2,3,1,1,0,0,0,1,0,1,0,0,0,1,2,3,2,1,2,0,0,0,0,1,1,1,0,0,0,0,1,0,0,1,2,1,2,1,0,1,1,2,0,1,0,0,0,0,1,1,2,0,1,1,0,0,0,0,0,1,0,1,1,2,0,1,2,2,1,0,4,1,2,0,0,1,0,1,1,0,0,0,1,0,1,1,0,2,0,0,0,0,1,0,3,4,4,1,0,0,1,2,0,1,2,3,1,4,0,0,0,0,1,0,1,2	action_costs	116;66,66;9,12,17;27,25,32,37;1,1,1,1,1;93,X,99,100,101;447,443,X,454,455;13,23,19,X,21;320,314,294,326,X;631,613,629,619,636;266,277,274,264,277;12,21,22,23,9;196,191,174,208,205;88,92,80,68,97;572,544,548,571,547;153,137,142,151,161;1,1,1,1,1;58,X,64,65,66;21,26,X,28,29;66,56,72,X,74;81,86,87,88,X;87,79,93,94,95;1,1,1,1,1;37,X,43,44,45;33,38,X,34,41;61,59,67,X,67;616,615,614,623,X;77,83,75,73,85;42,47,34,49,47;84,76,91,91,93;40,33,34,35,44;1,1,1,1,1;1,X,1,1,1;1,X,X,1,1;24,X,X,X,32;24,6,X,X,X;24,6,7,X,X;105,88,89,90,X;98,103,104,105,106;147,151,153,154,155;167,168,173,171,175;117,122,123,124,125;21,13,27,28,29;176,181,182,183,185;65,64,71,72,73;415,411,417,422,423;54,53,48,53,62;36,24,33,28,33;21,11,12,21,16;21,6,12,13,22;182,177,178,184,185;1088,1082,1094,1095,1096;396,385,385,403,404;464,444,419,463,472;69,74,71,77,77;21,11,27,28,29;20,25,26,27,37;24,28,30,31,32;1,1,1,1,1;12,X,18,19,20;12,6,X,19,20;64,51,52,X,72;9,12,7,8,X;25,26,33,28,29;1186,1176,1181,1188,1183;196,194,202,203,204;71,76,77,78,79;9,14,15,16,17;160,165,166,167,171;1,1,1,1,1;304,X,310,311,312;40,28,X,47,48;32,37,38,X,40;20,11,26,27,X;150,144,150,157,158;55,52,50,56,63;20,15,20,8,14;167,160,170,175,163;518,518,510,520,521;24,29,12,31,32;156,146,162,153,164;36,41,42,43,44;24,29,30,31,18;24,6,30,31,32;295,285,286,302,299;1,1,1,1,1;58,X,64,65,66;227,210,X,234,235;9,14,15,X,17;1443,1441,1446,1450,X;1039,956,1038,1039,1047;1,1,1,1,1;1,X,1,1,1;20,X,X,27,28;20,6,X,X,28;24,29,30,X,X;24,6,30,31,X;235,223,224,242,243;1,1,1,1,1;577,X,563,584,585;66,71,X,73,74;9,14,15,X,17;58,63,64,65,X;338,343,344,345,328;787,773,793,794,795;13,23,22,20,21;446,440,435,405,454;747,760,746,743,739;555,555,548,552,495;134,125,148,151,135;59,63,65,69,65;13,15,18,23,24;166,157,167,170,172;13,19,7,17,20;1523,1521,1523,1523,1526;2208,1976,2208,2222,2210;457,422,373,457,471;388,385,397,326,383;130,104,136,139,121;156,157,157,156,155;115,120,121,120,117;9,14,20,19,24;1,1,1,1,1;17,X,23,24,25;17,6,X,24,25;33,38,39,X,41;21,11,27,28,X;134,124,113,141,142
chunk_start	3328	n	128	W	4	D	3	baseline_cost	15547	exact_cost	15507	visited_states	29471	transitions	109077	max_frontier_states	256	baseline_refs	0,1,1,0,1,2,0,1,1,1,2,3,0,0,0,0,0,0,1,1,1,0,0,0,0,4,2,3,1,2,0,1,2,3,2,1,3,1,0,1,1,1,0,0,0,1,1,1,3,1,0,0,0,1,0,0,1,1,0,1,0,0,1,3,3,1,0,4,1,3,1,2,1,0,0,1,0,0,0,1,2,1,4,1,1,0,1,0,2,0,1,1,1,2,3,4,0,1,2,0,0,0,0,0,1,0,0,0,0,1,1,2,1,0,0,1,0,0,3,4,0,2,0,0,1,1,0,3	exact_refs	0,1,1,0,1,2,0,1,1,2,1,3,0,0,0,0,0,0,1,1,1,0,0,0,0,4,2,3,1,2,3,1,2,3,0,1,2,1,1,3,1,2,0,0,0,1,1,1,3,1,0,0,0,1,0,0,1,1,0,1,0,0,1,3,3,4,1,4,1,4,1,2,3,0,0,1,0,0,0,1,2,1,4,1,1,3,1,0,0,1,1,2,1,2,3,4,0,1,2,0,0,0,0,0,1,0,0,0,1,2,1,2,1,0,0,1,0,0,3,4,0,2,0,0,1,1,0,3	action_costs	55;21,11;432,424,430;371,367,377,378;710,679,723,717,718;349,311,310,343,357;126,129,130,131,132;20,11,22,23,24;20,6,12,23,24;252,243,244,248,261;1087,1081,1085,1086,1092;85,96,91,81,82;9,14,15,16,17;1,1,1,1,1;1,X,1,1,1;1,X,X,1,1;77,X,X,X,85;36,41,X,X,X;21,11,27,X,X;21,6,12,28,X;40,26,27,33,48;178,183,184,185,186;37,42,43,44,45;1,1,1,1,1;21,X,27,28,29;613,618,X,618,566;94,99,85,X,102;21,13,27,8,X;33,23,31,40,26;51,45,42,50,57;21,13,11,8,16;69,59,67,65,62;36,28,23,31,29;21,11,13,8,16;805,803,799,803,806;118,92,109,115,117;21,15,18,8,14;21,6,16,19,9;21,6,7,17,20;21,6,7,8,18;21,6,7,8,9;21,6,7,8,9;24,29,30,31,32;1,1,1,1,1;21,X,27,28,29;21,6,X,28,29;21,6,7,X,29;51,41,42,43,X;21,13,7,8,9;21,6,14,8,9;1,1,1,1,1;114,X,120,121,122;9,14,X,16,17;9,6,15,X,17;1,1,1,1,X;182,X,188,189,190;21,17,X,28,29;21,6,18,X,29;21,26,27,28,X;156,151,162,163,160;147,148,153,154,155;40,45,46,47,48;111,106,117,118,119;726,723,727,701,721;70,64,61,60,72;54,42,49,46,45;24,11,12,19,16;745,740,746,747,715;152,137,148,154,155;24,11,18,8,14;176,160,166,177,163;24,11,7,13,20;53,40,46,42,48;1,1,1,1,1;54,X,60,61,62;133,124,X,140,141;36,41,42,X,44;1,1,1,1,X;21,X,27,28,29;69,55,X,76,77;315,315,311,X,323;69,59,65,61,X;33,30,33,30,26;160,156,159,162,159;206,194,203,196,203;21,13,14,13,16;80,71,79,80,79;1,1,1,1,1;21,X,16,28,29;21,6,X,17,29;21,6,7,X,18;21,6,7,8,X;32,23,24,25,26;107,101,98,99,100;50,41,41,38,39;129,122,123,123,120;21,26,27,28,29;111,101,117,118,119;195,190,186,202,203;1,1,1,1,1;262,X,262,269,270;42,47,X,49,46;24,29,30,X,32;9,14,15,16,X;145,139,151,152,149;1,1,1,1,1;125,X,131,132,133;40,45,X,47,48;46,37,52,X,54;20,11,11,27,X;57,44,50,50,65;20,13,7,13,13;20,6,14,8,14;217,222,223,224,225;871,855,877,878,879;1641,1515,1625,1648,1649;37,42,44,44,45;21,26,27,28,29;317,322,323,285,334;459,446,465,466,405;9,21,15,16,17;848,842,785,844,856;1,1,1,1,1;280,X,283,287,288;84,65,X,91,92;46,44,49,X,57;9,14,15,16,X;97,88,103,85,88
chunk_start	3456	n	128	W	4	D	3	baseline_cost	10119	exact_cost	10119	visited_states	27747	transitions	95224	max_frontier_states	256	baseline_refs	0,0,0,1,0,0,0,0,0,3,1,2,3,0,0,4,0,0,0,1,0,0,0,1,2,1,0,1,2,1,0,1,1,1,0,0,1,0,0,0,0,1,0,0,0,0,1,2,3,1,0,0,0,2,1,0,0,0,1,2,0,4,0,0,0,0,0,0,1,2,3,0,0,0,0,1,1,0,0,0,1,0,0,1,2,1,0,0,1,2,3,0,0,1,2,1,3,0,0,0,1,2,0,0,1,2,1,4,1,0,0,1,0,0,0,0,0,1,0,0,2,0,2,0,1,1,2,3	exact_refs	0,0,0,1,0,0,0,0,0,3,1,2,3,0,0,4,0,0,0,1,0,0,0,1,2,1,0,1,2,1,0,1,1,1,0,0,1,0,0,0,0,1,0,0,0,0,1,2,3,1,0,0,0,2,1,0,0,0,1,2,0,4,0,0,0,0,0,0,1,2,3,0,0,0,0,1,1,0,0,0,1,0,0,1,2,1,0,0,1,2,3,0,0,1,2,1,3,0,0,0,1,2,0,0,1,2,1,4,1,0,0,1,0,0,0,0,0,1,0,0,2,0,2,0,1,1,2,3	action_costs	134;79,84;9,14,15;472,466,478,479;1,1,1,1,1;1,X,1,1,1;40,X,X,47,48;9,14,X,X,17;1,1,1,X,X;488,X,494,485,X;801,777,X,808,809;426,404,336,X,434;216,212,233,189,X;1,1,1,1,1;21,X,27,28,29;126,131,X,133,123;36,41,42,X,44;1,1,1,1,X;32,X,38,39,40;17,11,X,24,25;1,1,1,X,1;37,X,43,44,X;21,26,X,28,29;245,238,251,X,253;21,15,7,28,X;53,40,50,42,61;21,26,27,28,29;331,321,337,338,346;21,15,7,28,29;21,6,16,8,29;70,75,76,77,78;21,15,27,28,29;21,6,16,28,29;179,170,171,181,187;200,205,206,207,208;9,17,15,16,17;99,93,105,106,107;1,1,1,1,1;9,X,15,16,17;1,1,X,1,1;32,X,38,X,40;37,24,X,44,X;717,722,723,X,725;88,92,94,95,X;1,1,1,1,1;21,X,27,23,29;33,22,X,40,32;70,70,66,X,78;21,13,12,8,X;36,19,27,26,22;1,1,1,1,1;78,X,84,85,86;16,24,X,23,24;78,83,49,X,86;196,166,195,171,X;70,75,76,77,78;1,1,1,1,1;50,X,56,57,58;184,181,X,191,192;21,15,14,X,29;1,1,1,1,X;37,X,43,44,30;21,26,X,28,29;20,25,26,X,28;25,30,31,32,X;9,11,15,16,17;1,1,1,1,1;12,X,18,19,20;25,23,X,32,33;54,49,45,X,62;9,13,12,8,X;1,1,1,1,1;1,X,1,1,1;20,X,X,27,28;21,26,X,X,29;21,6,27,X,X;119,109,110,126,X;32,37,38,39,40;38,43,44,45,46;9,11,15,16,17;369,366,372,376,377;1,1,1,1,1;21,X,27,28,29;33,23,X,40,41;21,10,7,X,29;21,6,11,8,X;1,1,1,1,1;24,X,30,31,32;351,341,X,358,359;40,24,20,X,48;204,192,193,189,X;1,1,1,1,1;437,X,437,444,442;312,306,X,316,320;71,67,59,X,68;183,179,186,185,X;88,85,84,82,82;1,1,1,1,1;106,X,106,113,114;24,29,X,31,32;77,61,83,X,85;112,100,96,119,X;1,1,1,1,1;21,X,27,17,29;33,23,X,40,35;37,27,24,X,45;81,60,77,74,X;21,15,12,12,9;70,52,62,59,59;1,1,1,1,1;9,X,15,16,17;9,6,X,16,17;1,1,1,X,1;1,X,1,1,X;9,X,X,16,17;1,1,X,X,1;24,X,30,X,X;24,6,X,31,X;21,26,27,X,29;1,1,1,1,X;50,X,43,57,58;247,248,X,249,255;297,292,284,X,305;21,26,27,28,X;21,6,27,28,29;33,23,24,38,37;50,38,34,35,57;762,762,763,759,760
chunk_start	3584	n	128	W	4	D	3	baseline_cost	20726	exact_cost	20721	visited_states	28911	transitions	105991	max_frontier_states	256	baseline_refs	0,0,1,1,2,0,1,1,2,0,0,0,4,0,0,1,0,0,1,0,0,0,2,1,2,3,3,0,1,1,2,0,1,3,0,1,2,3,4,3,3,1,2,0,0,0,0,0,0,2,1,0,1,0,3,0,0,1,2,3,0,0,0,1,0,1,0,3,0,1,3,0,4,1,1,0,0,0,0,0,0,1,1,2,0,0,0,1,1,3,2,2,3,1,0,1,2,0,3,1,0,4,4,3,4,0,0,1,0,0,0,0,1,1,1,0,0,1,1,1,4,3,0,3,0,1,1,1	exact_refs	0,0,1,1,2,0,1,1,2,0,0,0,4,0,0,1,0,0,1,0,0,0,2,1,2,3,3,0,1,1,2,0,1,3,0,1,2,3,4,3,3,1,2,0,0,0,0,0,0,2,1,0,1,0,3,0,0,1,2,3,0,0,0,1,0,1,0,3,0,1,3,0,4,1,1,0,0,0,0,0,0,1,1,2,0,0,0,1,1,3,2,2,3,1,2,0,4,0,3,1,0,4,4,3,4,0,0,1,0,0,0,0,1,1,1,0,0,1,1,1,4,3,0,3,0,1,1,1	action_costs	13;197,202;32,28,38;274,257,270,281;173,172,160,174,170;63,68,69,70,71;21,13,27,28,29;21,6,14,28,29;821,815,816,824,820;9,14,15,16,17;1,1,1,1,1;9,X,15,16,17;792,789,X,799,786;1,1,1,X,1;103,X,105,110,X;298,296,X,300,306;1,1,1,X,1;1105,X,1119,1108,X;187,167,X,187,195;33,36,39,X,41;51,46,55,50,X;37,42,43,44,45;21,26,12,28,29;263,254,269,261,271;70,66,56,77,63;37,23,24,20,45;362,350,363,348,360;21,17,12,13,20;21,6,18,13,14;37,23,24,36,31;21,11,7,8,20;102,107,108,109,110;40,27,46,47,48;512,517,518,508,514;21,26,27,28,29;36,22,42,43,44;33,28,24,40,41;66,61,63,59,74;299,296,294,296,292;21,26,27,13,29;33,38,39,30,41;187,166,193,193,178;110,109,105,117,118;40,45,46,47,48;9,14,15,16,17;1,1,1,1,1;1,X,1,1,1;261,X,X,268,269;1,1,X,X,1;40,X,29,X,X;33,27,X,40,X;13,18,19,X,21;81,76,87,88,X;1,1,1,1,1;54,X,60,50,62;32,37,X,39,40;24,29,30,X,32;37,23,43,44,X;82,72,69,89,90;24,14,11,8,32;1,1,1,1,1;1,X,1,1,1;62,X,X,69,70;20,13,X,X,28;1182,1180,1188,X,X;215,185,209,217,X;12,17,18,19,15;118,113,109,82,126;895,898,894,893,874;628,595,635,625,624;232,242,244,187,230;1,1,1,1,1;665,X,671,674,602;1673,1569,X,1686,1609;761,737,763,X,769;1,1,1,1,X;9,X,15,16,17;1,1,X,1,1;9,X,15,X,17;20,25,X,27,X;32,37,38,X,40;54,44,60,61,X;264,259,259,271,272;21,15,12,12,29;1,1,1,1,1;66,X,72,73,74;20,15,X,27,28;66,57,67,X,74;298,279,297,307,X;20,19,16,8,18;1025,1023,993,1002,1026;64,65,63,68,74;20,15,24,8,22;88,78,88,88,81;20,15,7,17,26;869,863,871,865,872;226,236,218,228,220;311,320,317,311,321;909,909,907,867,909;325,301,319,330,307;20,21,24,21,20;741,746,723,689,687;663,623,662,639,619;40,43,34,28,44;49,36,50,66,35;20,25,26,27,28;184,189,190,191,187;24,16,30,31,32;9,14,15,16,17;1,1,1,1,1;1,X,1,1,1;53,X,X,60,61;24,11,X,X,32;24,6,12,X,X;24,6,7,13,X;17,22,23,24,25;40,45,46,47,48;24,11,30,31,32;24,6,12,31,32;100,82,83,89,108;1179,1172,1171,1172,1166;24,17,12,8,9;21,26,27,28,29;53,58,59,52,61;12,12,18,19,26;12,6,13,19,20;9,6,7,14,17;9,6,7,8,15
chunk_start	3712	n	128	W	4	D	3	baseline_cost	11169	exact_cost	11159	visited_states	29329	transitions	109821	max_frontier_states	256	baseline_refs	0,0,0,0,0,0,1,0,1,0,1,3,4,3,1,3,0,1,1,1,2,3,0,1,1,3,1,3,4,4,1,2,0,1,2,3,4,1,1,4,1,0,0,0,3,0,2,1,0,0,0,0,0,0,0,1,2,1,1,0,0,0,0,0,1,1,2,0,0,0,2,2,1,1,0,0,1,0,0,0,1,1,2,0,1,1,2,1,0,1,1,1,2,0,0,0,0,1,1,3,3,2,1,0,0,2,0,0,2,0,0,0,0,0,1,1,1,3,1,2,0,0,0,1,2,1,0,0	exact_refs	0,0,0,0,0,0,1,1,2,0,1,3,4,3,1,0,1,2,1,1,2,3,0,1,1,3,1,3,4,4,1,2,0,1,2,3,4,1,1,4,1,0,0,0,3,0,2,1,0,0,0,0,0,0,0,1,2,1,1,0,0,0,0,0,1,1,2,0,0,1,2,2,1,2,0,0,1,0,0,0,1,1,2,4,1,1,3,1,0,1,1,1,2,0,0,0,0,1,1,3,3,2,1,0,0,2,0,0,2,0,0,0,0,0,1,1,1,3,1,2,0,0,0,1,2,1,0,0	action_costs	9;63,68;160,165,166;168,173,174,175;1,1,1,1,1;89,X,95,96,97;56,30,X,63,64;40,33,46,X,48;21,10,14,28,X;263,257,262,253,262;469,398,469,458,465;37,33,30,20,25;37,31,42,39,29;385,384,385,363,364;124,103,120,121,107;40,35,38,33,34;37,28,33,36,31;21,11,12,17,20;21,6,12,13,18;37,19,20,26,27;37,28,24,25,31;36,28,29,25,26;273,268,269,270,266;94,77,87,88,89;564,540,557,565,566;21,17,12,17,14;155,141,153,148,146;77,75,69,47,68;334,309,333,327,274;21,17,14,15,9;671,665,679,674,675;37,36,24,36,33;21,11,20,8,20;37,22,28,37,25;71,70,66,72,81;36,32,29,25,31;205,200,205,202,198;755,747,755,760,747;408,302,407,409,414;21,17,20,19,14;21,6,18,21,20;83,88,89,90,93;37,42,43,44,45;174,179,180,181,182;28,33,34,21,36;39,41,45,46,47;17,22,12,24,25;17,6,23,13,25;9,14,15,16,17;1,1,1,1,1;126,X,132,133,134;9,14,X,16,17;1,1,1,X,1;1,X,1,1,X;12,X,X,19,20;121,112,X,X,129;9,15,7,X,X;9,6,16,8,X;30,29,30,40,32;1,1,1,1,1;9,X,15,16,17;1,1,X,1,1;1,X,1,X,1;21,X,X,28,X;21,6,X,X,29;99,89,90,X,X;136,133,127,128,X;1,1,1,1,1;154,X,160,161,162;40,35,X,47,48;242,240,230,X,251;103,96,94,100,X;37,24,27,25,31;21,11,12,15,13;103,108,109,110,111;17,22,23,24,25;107,98,113,114,115;82,87,88,89,90;37,42,43,44,45;9,14,16,16,17;9,6,15,17,17;24,23,24,31,35;66,62,58,59,74;12,13,12,8,9;12,6,14,13,9;20,18,19,27,26;13,11,7,8,16;13,6,12,8,9;594,599,600,601,602;471,464,477,478,479;50,42,45,57,58;113,109,118,113,121;36,32,29,38,41;21,26,27,28,29;9,14,15,16,17;1,1,1,1,1;851,X,857,858,859;51,39,X,58,59;437,432,444,X,445;420,414,412,350,X;109,113,107,80,112;206,203,198,203,204;21,13,14,19,14;46,51,52,53,54;58,63,64,65,66;21,26,12,28,29;31,36,37,38,39;37,42,43,44,45;51,56,47,58,59;1,1,1,1,1;9,X,15,16,17;1,1,X,1,1;21,X,27,X,29;12,17,X,19,X;12,6,18,X,20;12,6,7,19,X;12,6,7,8,20;9,6,7,8,9;37,23,24,25,26;9,10,7,8,9;1,1,1,1,1;21,X,27,28,29;21,26,X,28,29;36,23,42,X,44;21,10,7,28,X;72,64,69,66,80;1,1,1,1,1;123,X,129,130,131
chunk_start	3840	n	128	W	4	D	3	baseline_cost	10382	exact_cost	10364	visited_states	27767	transitions	98967	max_frontier_states	256	baseline_refs	0,0,0,1,1,0,0,0,0,0,0,0,4,1,1,2,0,1,1,1,0,0,1,1,0,0,0,1,0,0,3,1,0,0,0,1,1,1,2,0,0,0,1,4,1,0,2,2,1,2,1,0,0,0,1,1,2,1,0,0,0,0,1,2,2,1,3,0,1,1,2,3,0,0,1,2,0,0,1,1,2,2,0,0,0,0,1,2,2,2,0,0,0,1,2,1,2,0,0,1,0,2,2,3,1,1,0,0,0,0,0,1,1,2,1,0,0,1,0,0,0,0,0,0,2,1,0,0	exact_refs	0,0,0,1,1,0,0,0,0,0,0,0,4,0,1,2,3,1,1,2,0,0,1,1,0,0,0,1,0,0,3,1,0,0,0,1,1,1,2,0,0,0,1,4,1,4,2,2,1,2,3,0,0,2,1,0,1,1,1,0,0,0,1,2,2,1,3,0,1,1,2,3,0,0,1,2,0,0,1,1,2,2,0,0,0,0,1,2,2,2,0,0,0,1,2,1,2,0,0,1,0,2,2,1,1,2,0,0,0,0,0,1,1,3,1,1,3,1,0,0,0,0,0,0,2,1,0,0	action_costs	1;37,X;9,14,X;9,6,15,X;248,246,247,255,X;21,26,27,28,29;1,1,1,1,1;1,X,1,1,1;154,X,X,161,163;9,17,X,X,17;45,50,51,X,X;1,1,1,1,X;271,X,277,278,262;21,17,X,28,29;75,68,80,X,83;513,511,505,517,X;21,21,14,8,20;21,6,22,15,9;21,6,7,23,16;21,6,7,8,24;82,87,88,89,90;13,15,19,20,21;13,6,16,20,21;28,23,24,34,36;1,1,1,1,1;36,X,42,43,44;59,64,X,66,67;73,67,79,X,81;198,203,204,205,X;9,19,15,16,17;389,384,388,378,397;112,97,107,111,103;1,1,1,1,1;1,X,1,1,1;24,X,X,31,32;24,6,X,X,32;24,6,7,X,X;58,36,37,38,X;103,101,97,98,99;1819,1826,1825,1826,1827;1,1,1,1,1;72,X,78,79,80;83,78,X,90,91;73,71,70,X,67;315,296,307,310,X;102,101,101,104,97;49,49,45,49,52;54,44,42,49,47;66,60,63,66,71;36,26,25,28,31;21,11,14,13,16;17,22,23,24,25;1,1,1,1,1;117,X,113,124,125;47,34,X,54,55;106,105,110,X,114;37,26,25,30,X;21,11,14,13,18;154,151,157,160,159;37,42,43,44,45;1,1,1,1,1;32,X,38,39,40;17,11,X,24,25;351,344,334,X,359;17,17,7,13,X;17,6,18,8,14;434,424,425,416,427;13,18,19,20,21;13,6,19,20,21;135,131,132,143,143;110,108,98,99,118;29,33,36,26,27;24,27,32,35,25;9,11,12,17,20;494,485,491,492,497;9,17,7,13,14;1,1,1,1,1;64,X,70,71,72;24,11,X,31,32;715,710,716,X,723;91,81,75,81,X;432,437,396,439,440;21,21,27,28,29;21,26,27,28,29;1,1,1,1,1;12,X,18,19,20;80,75,X,87,88;9,11,7,X,17;251,242,236,244,X;421,432,420,425,422;1,1,1,1,1;40,X,46,47,48;12,17,X,19,20;24,19,30,X,32;9,11,7,16,X;93,83,89,85,101;9,15,7,13,9;1,1,1,1,1;47,X,53,54,55;141,140,X,148,149;12,17,13,X,20;81,71,59,79,X;12,15,7,19,15;9,6,16,8,20;9,6,7,17,9;62,57,58,59,69;1,1,1,1,1;1,X,1,1,1;1,X,X,1,1;1,X,X,X,1;13,X,X,X,X;13,6,X,X,X;37,32,33,X,X;12,11,7,8,X;12,6,12,8,9;104,103,104,110,106;9,15,7,8,14;69,59,63,61,62;120,125,126,127,128;1,1,1,1,1;1,X,1,1,1;21,X,X,28,29;24,29,X,X,32;21,26,27,X,X;24,29,7,31,X;24,6,30,8,32;97,102,103,104,105;1,1,1,1,1
chunk_start	3968	n	128	W	4	D	3	baseline_cost	12816	exact_cost	12807	visited_states	28700	transitions	103966	max_frontier_states	256	baseline_refs	0,0,0,1,2,0,0,0,0,0,0,0,1,1,0,3,4,0,4,2,1,1,4,4,1,3,3,0,1,2,1,1,2,3,0,1,1,2,0,0,1,2,3,0,1,0,1,0,0,0,1,0,0,1,4,0,0,0,1,2,1,2,3,1,0,0,0,1,2,0,1,4,3,1,1,0,0,1,1,1,2,0,0,0,1,1,0,1,1,0,0,0,0,0,0,0,0,0,0,0,0,0,0,1,0,0,2,0,0,0,0,1,0,0,1,0,0,0,0,0,1,1,0,0,0,0,0,3	exact_refs	0,0,0,1,2,0,0,0,0,0,0,0,1,1,0,3,4,0,4,2,1,1,4,4,1,3,3,0,1,1,1,2,3,0,0,1,1,2,0,0,1,2,3,0,1,0,1,0,0,0,1,0,0,1,4,0,0,0,1,2,1,2,3,1,0,0,0,1,2,0,1,4,3,4,1,0,2,4,1,2,3,0,0,0,1,1,0,1,1,0,0,0,0,0,0,0,0,0,0,0,0,0,0,1,0,0,2,0,0,0,0,1,0,0,1,0,0,0,0,0,1,1,0,0,0,0,0,3	action_costs	37;1,1;9,X,11;212,204,X,210;160,157,152,X,158;1,1,1,1,X;21,X,27,28,29;193,198,X,199,202;9,17,15,X,17;1,1,1,1,X;33,X,39,40,41;71,76,X,78,79;21,13,27,X,29;151,142,150,148,X;146,146,138,146,154;77,76,77,69,77;69,61,66,67,59;110,111,110,115,116;238,235,226,235,216;37,31,30,31,30;55,42,45,46,47;36,27,28,33,32;648,634,644,649,627;99,97,92,93,94;21,13,18,13,14;84,74,82,72,73;1409,1401,1407,1397,1398;206,200,199,202,203;103,92,114,105,99;21,13,16,23,16;21,6,14,17,24;37,19,20,28,31;173,171,167,168,176;341,347,344,340,341;12,17,18,19,20;9,6,15,16,17;129,123,124,136,132;9,15,7,8,17;1,1,1,1,1;21,X,27,28,29;241,231,X,248,244;70,64,56,X,78;21,11,16,8,X;29,34,35,36,37;69,61,75,76,77;17,27,23,24,25;29,24,29,25,37;9,10,12,17,13;1,1,1,1,1;16,X,22,23,24;65,56,X,72,73;1,1,1,X,1;17,X,23,24,X;231,221,X,238,239;21,26,27,X,16;9,14,15,16,X;36,41,42,43,44;12,17,18,19,20;36,23,42,43,44;12,10,7,19,20;206,196,201,198,214;29,28,20,25,22;9,10,16,8,13;9,6,11,17,9;1,1,1,1,1;1,X,1,1,1;90,X,X,97,98;1192,1167,X,X,1200;149,161,141,X,X;245,250,263,253,X;326,319,339,332,328;529,530,500,536,484;199,181,194,174,206;24,13,16,31,16;24,6,14,17,32;36,41,42,43,44;24,29,7,8,16;24,6,30,8,9;24,6,7,31,9;58,41,42,43,66;24,11,7,8,9;21,26,27,28,29;37,42,43,44,45;33,38,39,40,41;21,11,27,28,29;33,23,29,40,41;37,42,43,44,45;21,11,27,28,29;133,126,132,140,141;1,1,1,1,1;172,X,178,179,180;20,25,X,27,28;1,1,1,X,1;21,X,27,28,X;130,135,X,137,138;57,62,63,X,65;176,178,182,183,X;1,1,1,1,1;1,X,1,1,1;139,X,X,146,147;148,153,X,X,156;103,108,109,X,X;33,38,39,43,X;247,243,253,251,250;77,84,77,84,87;684,684,689,690,692;21,26,16,28,29;1,1,1,1,1;9,X,15,16,17;1,1,X,1,1;130,X,136,X,138;37,32,X,44,X;1,1,1,X,1;24,X,30,31,X;394,385,X,401,402;809,821,815,X,812;1,1,1,1,X;1,X,1,1,1;54,X,X,60,59;9,13,X,X,17;9,6,14,X,X;9,6,7,15,X;192,197,198,199,200;24,29,30,31,32;34,39,40,41,42;1,1,1,1,1;1,X,1,1,1;129,X,X,127,137
chunk_start	4096	n	128	W	4	D	3	baseline_cost	12539	exact_cost	12510	visited_states	28812	transitions	104805	max_frontier_states	256	baseline_refs	0,1,1,3,1,0,0,0,1,2,0,0,0,0,0,0,0,0,2,0,0,1,0,1,2,1,0,1,2,1,1,0,1,0,0,1,1,0,0,0,0,1,2,1,0,0,0,0,1,2,0,1,1,1,0,0,0,1,0,0,0,0,0,1,0,0,0,0,0,0,0,0,1,1,3,1,0,0,1,1,2,2,0,1,0,0,1,1,2,1,2,3,4,0,0,0,0,1,1,0,0,0,1,0,0,1,2,1,0,1,1,1,0,1,1,1,0,1,2,3,1,1,0,3,2,0,2,1	exact_refs	0,1,1,3,1,0,0,0,1,2,0,0,0,0,0,0,0,0,2,0,0,1,0,1,2,1,0,1,2,1,1,0,1,0,0,1,1,0,0,0,0,1,2,1,0,0,0,0,1,2,3,1,3,1,0,0,0,1,0,0,0,0,0,1,0,0,0,0,0,0,0,0,1,1,3,4,0,2,3,1,2,4,0,1,0,0,1,1,2,1,2,3,4,0,0,0,0,1,1,0,0,0,1,0,0,1,2,1,1,3,1,0,1,1,1,4,1,1,2,4,1,2,0,4,2,0,2,1	action_costs	359;36,27;50,41,50;36,28,29,25;21,10,12,13,22;21,26,27,28,29;431,436,437,438,439;21,34,27,28,29;123,122,122,130,131;32,33,28,39,40;1,1,1,1,1;1,X,1,1,1;57,X,X,64,65;73,78,X,X,81;1,1,1,X,X;1,X,1,1,X;108,X,X,115,116;301,301,X,X,309;130,132,120,X,X;36,41,42,43,X;95,100,101,102,103;24,11,30,31,32;24,29,30,31,32;57,40,63,64,65;24,11,7,31,32;24,6,12,8,32;639,644,645,646,647;21,19,27,28,29;191,196,186,198,199;21,15,27,28,29;37,23,24,44,45;9,14,15,16,17;83,82,89,90,91;1,1,1,1,1;21,X,27,28,29;21,6,X,28,29;33,23,24,X,41;24,29,30,31,X;9,14,15,16,17;1,1,1,1,1;21,X,27,28,29;109,100,X,116,117;21,11,7,X,29;58,52,58,54,X;9,14,15,16,17;1,1,1,1,1;1,X,1,1,1;21,X,X,28,29;32,23,X,X,40;33,26,23,X,X;66,64,64,61,X;73,62,74,74,71;21,13,16,13,13;21,6,14,17,14;67,72,73,74,75;21,26,27,28,29;1615,1620,1623,1622,1623;138,136,144,145,146;20,25,26,27,28;17,22,23,24,25;9,14,15,16,17;1,1,1,1,1;40,X,46,47,48;24,11,X,31,32;21,26,27,X,29;9,14,15,16,X;1,1,1,1,1;153,X,159,160,161;1,1,X,1,1;21,X,27,X,29;1,1,X,1,X;33,X,39,X,41;113,106,X,120,X;861,854,868,X,869;37,38,31,30,X;32,28,39,32,31;1,1,1,1,1;57,X,50,64,65;21,13,X,13,29;230,223,231,X,231;480,480,476,484,X;135,124,123,130,123;74,79,84,81,82;132,124,133,141,140;257,262,263,261,266;9,14,15,17,17;9,6,15,16,18;165,157,158,171,173;12,17,7,8,20;95,89,101,91,92;24,30,20,32,22;709,710,717,707,719;54,56,47,54,44;16,21,22,23,24;1,1,1,1,1;1,X,1,1,1;250,X,X,257,249;173,172,X,X,181;21,17,20,X,X;1,1,1,1,X;530,X,536,543,531;267,279,X,274,280;500,455,518,X,508;13,23,20,23,X;20,25,24,27,28;35,22,41,41,43;20,11,7,27,26;20,6,12,8,28;20,6,7,13,9;20,6,7,8,14;20,6,7,8,9;20,6,7,8,9;20,6,7,8,9;20,6,7,8,9;20,6,7,8,9;20,6,7,8,9;20,6,7,8,9;50,41,42,43,44;38,43,37,38,39;20,11,14,8,9;20,6,12,15,9;283,277,278,284,287;99,103,93,94,100;20,13,18,8,9;1014,1019,1008,1022,1022;1,1,1,1,1;57,X,39,64,65;132,129,X,139,140
chunk_start	4224	n	128	W	4	D	3	baseline_cost	12016	exact_cost	11975	visited_states	28784	transitions	106444	max_frontier_states	256	baseline_refs	0,1,2,0,0,1,0,0,0,0,0,0,0,0,1,0,1,2,1,2,3,4,1,4,0,0,1,2,3,1,1,0,1,2,0,3,1,0,1,1,2,3,3,2,0,1,0,0,0,0,0,0,1,0,0,1,2,2,3,3,0,1,2,3,3,1,0,0,1,0,0,0,1,0,2,1,0,0,0,0,0,0,0,2,1,4,0,0,0,0,0,1,2,0,0,4,1,0,0,0,1,1,1,0,1,2,3,2,2,1,3,4,4,0,0,1,0,1,2,4,1,3,1,0,1,1,1,2	exact_refs	0,1,2,0,0,1,0,0,0,0,0,0,0,0,1,0,1,2,1,2,3,4,1,4,0,0,1,2,3,1,1,0,1,2,0,3,0,1,2,1,2,3,3,2,0,1,0,0,0,0,0,0,1,0,0,1,2,2,3,0,1,2,2,3,3,1,0,0,1,0,0,0,1,0,2,1,0,0,0,0,0,0,0,2,1,4,0,0,0,0,0,1,2,0,0,4,1,0,0,0,1,1,1,4,1,2,3,2,2,3,0,1,0,2,2,1,4,1,2,4,2,3,0,1,2,1,1,2	action_costs	9;599,597;436,434,431;1,1,1,1;21,X,27,28,29;37,23,X,44,45;21,26,27,X,29;345,350,351,352,X;186,191,192,193,194;9,19,15,16,17;1,1,1,1,1;66,X,72,73,74;1,1,X,1,1;9,X,16,X,17;53,41,X,52,X;9,13,7,X,18;164,158,166,160,X;12,17,7,15,9;50,41,53,43,51;37,30,24,36,26;25,23,27,21,33;32,27,27,31,25;44,31,33,33,37;217,215,216,218,207;371,379,377,378,379;49,54,55,56,57;54,46,60,61,62;66,63,62,73,68;21,15,14,13,29;21,6,16,15,14;21,6,7,17,16;20,25,26,27,28;363,357,369,370,371;71,67,65,78,79;21,26,27,28,29;109,114,115,90,117;21,15,27,28,29;21,6,16,28,29;21,6,7,17,29;524,519,520,521,531;72,70,60,61,62;21,15,18,8,9;179,184,185,165,187;54,59,44,54,57;9,14,15,16,17;136,130,142,143,144;1,1,1,1,1;21,X,27,28,29;9,14,X,16,17;1,1,1,X,1;1,X,1,1,X;325,X,X,332,333;37,32,X,X,45;1,1,1,X,X;13,X,19,20,X;34,32,X,41,42;13,13,7,X,21;219,217,202,219,X;28,25,27,12,29;12,11,18,8,16;12,6,12,19,9;585,579,580,586,579;25,31,24,25,31;9,11,20,8,9;689,694,695,673,697;72,64,78,79,67;1,1,1,1,1;69,X,75,76,77;32,20,X,39,40;21,26,27,X,29;17,22,23,24,X;12,17,18,19,20;12,6,18,19,20;13,15,16,20,21;9,11,7,8,17;9,6,12,8,9;1,1,1,1,1;1,X,1,1,1;9,X,X,16,17;1,1,X,X,1;458,X,464,X,X;228,237,X,235,X;1,1,1,X,1;24,X,12,31,X;24,6,X,13,32;320,325,326,X,315;9,21,15,16,X;1,1,1,1,1;43,X,49,43,51;1,1,X,1,1;17,X,23,X,25;823,820,X,830,X;32,35,24,X,40;9,14,15,16,X;9,14,15,25,17;1212,1217,1218,1219,1182;668,656,674,675,676;9,21,15,16,17;1,1,1,1,1;114,X,120,121,123;92,81,X,99,101;24,11,12,X,32;24,6,12,13,X;24,6,7,13,14;40,23,24,25,31;40,24,20,21,22;24,11,12,8,9;72,59,45,66,62;24,13,7,13,14;40,19,27,21,27;280,276,272,270,274;40,19,25,21,18;24,11,14,13,9;326,316,310,312,324;24,13,7,13,16;24,6,14,8,14;40,19,20,23,22;54,21,34,35,39;54,21,17,35,36;58,46,47,48,44;77,69,70,71,72;40,28,25,13,14;39,28,33,30,31;58,46,47,52,49;24,11,12,13,18;24,6,12,13,14;312,305,306,312,313;40,24,16,17,23
chunk_start	4352	n	128	W	4	D	3	baseline_cost	14962	exact_cost	14943	visited_states	28837	transitions	105875	max_frontier_states	256	baseline_refs	0,1,2,0,0,0,1,1,1,2,0,1,1,0,0,0,0,0,1,1,2,1,0,0,0,1,2,1,2,0,0,0,4,2,1,0,1,2,2,2,1,2,0,1,2,2,2,3,1,0,1,1,2,1,2,3,4,0,0,0,0,1,2,0,1,1,0,0,0,0,4,0,1,0,0,1,0,1,0,0,0,0,0,0,0,0,2,1,3,0,2,2,1,4,1,0,2,0,0,1,1,1,2,4,0,1,0,0,0,0,0,0,0,1,1,0,0,1,2,0,1,3,1,0,0,1,1,4	exact_refs	0,1,2,0,0,0,1,1,1,2,0,1,1,0,0,0,0,2,1,1,2,3,0,0,0,1,1,1,0,0,0,0,4,2,1,3,1,2,3,0,1,2,3,1,2,2,2,0,1,1,3,1,2,1,2,3,4,0,0,0,0,1,2,0,1,1,0,0,0,0,4,0,1,0,0,1,0,1,0,0,0,0,0,0,0,0,2,1,3,0,2,2,1,4,1,0,2,0,1,1,2,1,2,4,0,1,0,0,0,0,0,0,0,1,1,0,0,1,2,0,1,3,1,0,0,1,1,4	action_costs	24;73,59;24,13,7;54,59,60,61;33,38,39,40,41;13,18,19,20,21;12,6,18,19,20;12,6,7,19,20;40,26,27,28,48;12,10,7,8,9;9,6,11,8,9;9,6,7,12,9;51,41,42,43,48;1,1,1,1,1;1,X,1,1,1;294,X,X,301,302;1,1,X,X,1;62,X,58,X,X;54,46,X,52,X;73,64,65,X,71;66,58,46,60,X;57,53,54,55,56;1,1,1,1,1;1,X,1,1,1;36,X,X,43,44;20,11,X,X,28;110,103,109,X,X;86,51,92,93,X;654,646,644,661,662;1,1,1,1,1;21,X,27,28,29;127,132,X,141,127;1254,1257,1260,X,1226;24,19,14,31,X;40,18,32,27,48;41,46,47,30,49;41,6,47,48,31;21,10,11,28,29;41,27,7,8,49;21,10,7,12,13;40,26,31,28,33;36,23,20,25,22;21,11,11,8,13;41,27,33,33,30;21,10,7,13,13;41,27,7,29,35;95,82,79,84,81;21,11,11,8,13;21,6,12,12,9;21,6,7,13,13;21,6,7,8,14;37,26,27,28,29;21,11,7,8,9;41,27,33,29,30;58,48,45,51,47;140,138,136,133,139;37,30,31,29,26;111,110,113,114,112;21,26,27,28,29;121,126,127,128,126;21,26,27,28,29;40,26,46,47,48;59,52,49,66,67;95,100,101,102,95;21,15,27,28,29;36,19,29,43,44;184,189,190,191,192;140,145,146,147,148;1,1,1,1,1;1,X,1,1,1;327,X,X,324,322;65,69,X,X,73;21,13,20,X,X;1,1,1,1,X;116,X,122,123,116;1527,1507,X,1534,1535;21,26,27,X,29;21,6,27,28,X;41,46,47,45,49;1,1,1,1,1;1,X,1,1,1;21,X,X,28,29;119,124,X,X,127;1,1,1,X,X;165,X,171,172,X;549,555,X,556,557;21,19,18,X,29;293,284,285,295,X;2209,2166,2206,2054,2202;24,29,30,31,32;126,113,112,133,134;24,13,7,31,32;40,23,31,25,48;111,99,95,103,97;451,429,445,441,449;40,45,46,47,48;268,259,236,266,276;57,62,63,64,65;24,11,30,31,32;24,6,12,31,32;204,191,192,198,210;534,519,526,527,533;429,399,391,422,423;62,42,49,40,36;21,26,27,28,29;21,6,27,28,29;1,1,1,1,1;274,X,280,281,282;109,114,X,116,117;1,1,1,X,1;67,X,73,74,X;69,74,X,76,77;221,226,227,X,229;21,15,27,28,X;21,6,16,28,29;1,1,1,1,1;17,X,23,24,25;17,6,X,24,25;929,920,921,X,937;36,41,42,43,X;21,10,27,28,29;301,306,297,290,309;282,264,288,283,286;181,181,186,188,189;66,67,68,73,74;127,122,129,123,136;177,176,177,184,183;109,111,106,107,98
chunk_start	4480	n	128	W	4	D	3	baseline_cost	15843	exact_cost	15834	visited_states	27616	transitions	97718	max_frontier_states	256	baseline_refs	0,0,1,2,0,1,1,0,0,3,0,0,1,0,0,1,2,0,1,1,2,0,0,0,1,1,0,0,0,2,2,0,0,0,0,1,1,2,1,0,1,0,1,1,0,0,0,0,0,0,1,2,3,2,0,0,1,0,1,1,1,2,3,0,0,0,0,0,1,2,0,0,1,0,0,4,0,2,1,3,0,0,0,1,1,1,0,0,0,2,2,2,1,0,1,1,0,0,0,0,0,0,1,1,3,2,0,0,0,0,0,0,0,0,1,1,1,0,1,1,3,0,2,1,3,3,0,1	exact_refs	0,0,1,2,0,1,1,0,0,3,0,0,1,0,0,1,2,0,1,1,2,0,0,0,1,1,0,0,0,2,2,0,0,0,0,1,1,2,1,0,1,0,1,1,0,0,0,0,0,0,1,2,3,2,0,0,1,0,1,1,1,2,3,0,0,0,0,0,1,2,0,2,1,0,0,4,0,1,1,3,0,0,0,1,1,1,0,0,0,2,2,2,1,0,1,1,0,0,0,0,0,0,1,1,3,2,0,0,0,0,0,0,0,1,2,1,1,0,1,1,3,0,2,1,3,3,0,1	action_costs	175;138,143;124,115,130;21,13,12,28;9,14,15,16,17;1086,1083,1092,1085,1092;1171,1128,1177,1178,1164;69,76,77,76,77;1,1,1,1,1;412,X,413,410,433;269,275,X,276,283;16,21,22,X,24;37,23,43,44,X;1,1,1,1,1;21,X,27,28,29;62,49,X,69,70;220,215,211,X,219;81,86,87,88,X;108,105,114,108,116;43,36,45,50,43;37,42,28,44,45;1,1,1,1,1;1,X,1,1,1;29,X,X,36,37;21,11,X,X,29;85,74,80,X,X;144,149,150,151,X;109,114,115,116,117;9,15,15,16,17;504,498,490,511,512;25,36,24,34,33;1,1,1,1,1;9,X,15,16,17;1,1,X,1,1;269,X,275,X,277;54,49,X,61,X;164,156,161,X,172;21,13,12,17,X;21,6,14,13,18;20,25,26,27,28;20,6,26,27,28;40,45,46,47,48;138,127,144,145,146;84,75,76,91,92;51,56,60,58,59;21,26,27,28,29;54,59,60,61,62;1,1,1,1,1;1,X,1,1,1;21,X,X,28,29;51,32,X,X,59;1819,1821,1818,X,X;51,46,35,31,X;83,76,63,78,74;1,1,1,1,1;9,X,16,16,17;54,48,X,59,62;12,17,18,X,20;12,6,18,19,X;12,6,7,19,20;122,113,114,115,130;54,55,45,46,47;9,13,18,8,9;1,1,1,1,1;21,X,27,28,29;51,56,X,58,59;176,177,182,X,184;9,15,14,16,X;25,23,33,32,33;192,191,187,197,196;1,1,1,1,1;520,X,507,527,528;958,909,X,965,966;57,59,60,X,65;9,13,22,23,X;358,363,364,364,321;24,29,30,31,32;658,650,644,665,666;105,78,97,112,113;24,13,18,8,32;70,75,76,77,78;1,1,1,1,1;17,X,23,24,20;37,23,X,44,45;164,163,170,X,172;213,199,212,220,X;1,1,1,1,1;136,X,140,143,144;13,17,X,21,21;635,630,616,X,640;12,21,7,19,X;510,505,492,507,516;46,42,42,58,44;9,13,22,8,24;9,6,14,23,9;9,6,7,15,24;1,1,1,1,1;1,X,1,1,1;1,X,X,1,1;21,X,X,X,29;20,25,X,X,X;12,17,18,X,X;146,140,152,153,X;478,468,473,485,486;9,21,18,8,17;66,56,54,69,59;189,194,195,196,197;1,1,1,1,1;1,X,1,1,1;1,X,X,1,1;1,X,X,X,1;162,X,X,X,X;53,58,X,X,X;58,55,64,X,X;70,60,61,77,X;50,46,49,50,58;249,240,250,253,243;12,19,13,19,20;9,6,20,14,17;139,137,138,150,146;9,17,7,8,22;78,83,84,85,86;9,14,7,19,9;24,23,30,25,37;485,485,481,478,483;12,21,12,8,20;432,437,437,439,440;310,292,316,294,318
chunk_start	4608	n	128	W	4	D	3	baseline_cost	19870	exact_cost	19826	visited_states	27829	transitions	101195	max_frontier_states	256	baseline_refs	0,0,0,1,4,1,3,4,4,2,0,3,0,3,4,3,1,1,3,1,0,0,1,2,1,1,0,0,0,1,0,0,0,0,0,0,0,1,0,0,0,0,1,1,1,0,0,1,1,2,0,1,1,0,0,1,1,0,0,0,0,1,2,0,2,0,1,0,1,0,1,0,4,1,0,0,1,1,0,4,0,0,0,0,0,0,1,2,1,0,1,1,2,3,2,0,0,0,0,1,1,0,1,2,0,0,1,0,0,0,0,0,0,0,0,0,0,1,1,3,4,0,2,2,0,1,0,0	exact_refs	0,0,0,1,4,1,3,4,2,2,0,4,0,3,4,3,1,1,3,1,0,0,1,2,1,1,0,0,0,1,0,0,0,0,0,0,0,1,0,0,0,0,1,1,1,0,0,1,1,3,1,1,2,0,0,1,1,0,0,0,0,1,2,0,2,0,1,2,1,0,1,0,4,0,0,0,1,1,0,4,0,0,0,0,0,0,1,2,1,0,1,1,2,3,2,0,0,0,0,1,1,0,1,2,0,0,1,0,0,0,0,0,0,0,0,0,0,1,1,3,4,0,2,2,0,1,0,0	action_costs	987;89,92;339,323,344;1038,871,1010,1047;820,807,823,820,802;222,188,234,228,223;1506,1462,1351,1303,1441;444,386,442,420,306;411,387,363,405,403;168,169,140,181,171;21,15,20,23,26;600,591,599,545,546;1085,1092,1084,1084,1060;36,34,35,21,31;279,271,292,276,269;1433,1373,1429,1190,1331;1985,1727,1939,1990,1866;678,400,568,653,679;139,117,132,110,127;21,15,22,25,24;200,205,206,216,218;132,137,138,139,136;70,67,76,77,78;355,358,354,360,363;46,42,43,49,54;88,86,93,87,93;251,257,257,258,258;164,173,171,171,170;171,174,176,179,179;37,32,35,36,34;195,197,203,198,197;1,1,1,1,1;162,X,166,169,170;1,1,X,1,1;9,X,15,X,17;1,1,X,1,X;9,X,15,X,17;9,6,X,16,X;125,130,131,X,133;16,21,22,23,X;247,252,253,254,255;12,17,18,19,20;9,6,15,16,17;9,6,7,16,17;9,6,7,8,17;17,22,23,24,25;12,17,18,19,20;12,6,18,19,20;195,189,190,202,203;12,17,7,8,20;9,6,18,8,9;9,6,7,19,9;9,6,7,8,20;1,1,1,1,1;36,X,42,43,44;287,262,X,294,295;58,40,47,X,66;16,21,22,23,X;1,1,1,1,1;28,X,34,35,36;9,11,X,16,17;229,223,229,X,237;9,19,7,13,X;1,1,1,1,1;453,X,452,456,454;37,42,X,44,45;37,28,43,X,45;21,11,12,28,X;173,163,169,170,185;9,14,15,16,17;9,6,15,16,17;1,1,1,1,1;356,X,362,363,344;116,111,X,123,124;1,1,1,X,1;40,X,46,47,X;528,526,X,535,526;634,551,629,X,634;94,103,107,101,X;24,29,30,31,14;36,41,42,40,44;21,26,27,28,29;1,1,1,1,1;155,X,161,162,163;1,1,X,1,1;36,X,42,X,44;126,121,X,132,X;21,13,12,X,29;21,6,14,13,X;13,18,19,20,21;12,6,18,19,20;66,56,57,73,74;40,35,27,28,48;23,23,29,21,22;238,237,222,243,235;117,124,117,117,123;9,17,20,13,13;1,1,1,1,1;85,X,91,92,93;20,11,X,27,28;20,6,12,X,28;21,26,27,28,X;261,249,267,268,269;199,192,191,206,207;1,1,1,1,1;21,X,27,28,29;21,6,X,28,29;546,551,552,X,551;1,1,1,1,X;1,X,1,1,1;21,X,X,28,29;1,1,X,X,1;1,X,1,X,X;1,X,X,1,X;1,X,X,X,1;130,X,X,X,X;154,159,X,X,X;21,17,27,X,X;21,6,18,28,X;273,264,265,257,281;215,209,207,208,202;140,148,144,147,148;322,325,312,326,330;24,17,12,31,32;51,56,57,58,59;184,176,190,192,190;1,1,1,1,1;1,X,1,1,1
chunk_start	4736	n	128	W	4	D	3	baseline_cost	8635	exact_cost	8626	visited_states	26708	transitions	91571	max_frontier_states	256	baseline_refs	0,0,2,0,1,0,0,0,0,1,0,0,1,0,1,1,1,2,0,0,0,1,0,0,0,1,1,0,1,0,0,0,0,1,2,0,0,1,2,1,1,0,0,1,1,0,1,1,3,1,1,2,0,0,0,0,0,0,0,0,1,2,3,4,0,2,0,0,0,0,0,0,0,0,3,1,2,3,0,2,0,0,0,0,0,0,1,0,0,0,1,2,1,2,0,0,1,0,1,0,0,1,0,1,4,0,0,1,0,0,0,0,0,0,0,0,0,0,1,0,0,1,0,1,2,2,0,4	exact_refs	0,0,2,0,1,0,0,0,0,1,0,0,1,1,3,1,1,2,0,0,0,1,0,0,0,1,1,0,1,0,0,0,0,1,2,0,0,1,1,1,2,0,0,1,1,0,1,1,3,1,1,2,0,0,0,0,0,0,0,0,1,2,3,4,0,2,0,0,0,0,0,0,0,0,3,1,2,3,0,2,0,0,0,0,0,0,1,0,0,0,1,2,1,2,0,0,1,0,1,0,0,1,0,1,4,0,0,1,0,0,0,0,0,0,0,0,0,0,1,0,0,1,0,1,2,2,0,4	action_costs	9;13,14;9,11,7;63,68,70,70;51,42,57,43,59;91,91,91,98,92;1,1,1,1,1;42,X,48,49,46;9,13,X,16,17;131,122,130,X,139;33,38,39,40,X;321,326,327,328,329;40,15,46,47,48;57,46,47,64,65;24,11,12,13,32;24,6,12,13,14;40,18,19,25,26;24,11,7,8,14;1,1,1,1,1;1,X,1,1,1;58,X,X,65,66;21,13,X,X,29;1,1,1,X,X;9,X,15,16,X;21,26,X,28,29;21,6,27,X,29;21,6,7,28,X;188,193,194,195,196;80,78,86,87,88;1,1,1,1,1;1,X,1,1,1;1,X,X,1,1;24,X,X,X,32;40,19,X,X,X;24,11,7,X,X;1,1,1,1,X;12,X,18,19,20;12,6,X,19,20;9,6,7,X,17;9,6,7,8,X;9,6,7,8,9;1,1,1,1,1;24,X,30,31,32;24,6,X,31,32;200,183,184,X,208;36,41,42,43,X;61,36,67,68,69;227,222,223,234,235;40,39,32,33,48;21,10,20,13,14;55,41,46,42,49;21,13,7,12,22;1,1,1,1,1;17,X,23,24,25;402,402,X,409,404;1,1,1,X,1;1,X,1,1,X;21,X,X,28,29;151,156,X,X,161;13,18,19,X,X;25,22,31,32,X;118,114,110,115,126;59,60,55,51,67;42,46,49,44,40;399,399,404,401,402;71,76,67,72,75;9,12,22,13,18;17,22,23,24,25;1,1,1,1,1;9,X,15,16,17;1,1,X,1,1;12,X,18,X,20;9,14,X,16,X;1,1,1,X,1;12,X,18,8,X;119,110,X,126,113;65,63,53,X,73;9,12,18,8,X;449,454,455,456,457;29,34,20,27,33;1,1,1,1,1;392,X,398,399,400;57,59,X,64,65;9,12,22,X,17;88,93,90,95,X;24,29,30,31,32;69,47,75,76,77;1,1,1,1,1;21,X,27,28,29;24,29,X,31,32;254,248,260,X,262;24,17,7,31,X;537,528,540,530,534;40,27,24,36,26;1,1,1,1,1;591,X,597,610,599;300,209,X,307,312;21,32,35,X,29;47,42,51,54,X;1,1,1,1,1;214,X,220,221,222;207,190,X,214,215;117,121,122,X,125;37,32,35,36,X;390,395,389,397,383;1,1,1,1,1;9,X,15,16,17;9,6,X,16,17;226,231,232,X,232;1,1,1,1,X;1,X,1,1,1;31,X,X,38,39;1,1,X,X,1;110,X,116,X,X;1,1,X,1,X;1,X,1,X,1;1,X,X,1,X;210,X,X,X,218;20,17,X,X,X;110,115,116,X,X;44,49,50,51,X;25,11,31,32,33;20,25,26,27,28;123,117,129,130,128;321,321,316,328,329;42,49,28,38,50;1,1,1,1,1;164,X,170,171,158
chunk_start	4864	n	128	W	4	D	3	baseline_cost	14027	exact_cost	13995	visited_states	29440	transitions	108505	max_frontier_states	256	baseline_refs	0,1,1,0,1,2,4,2,1,0,1,2,1,0,1,1,0,0,0,0,0,1,0,0,0,2,0,0,0,1,0,1,1,1,2,3,0,1,2,1,2,3,0,2,2,1,0,2,0,1,2,0,0,1,0,1,2,0,0,1,1,3,4,3,3,1,0,0,0,1,0,0,0,1,0,0,4,0,0,1,1,0,1,0,1,2,0,4,2,0,0,0,3,1,1,0,0,1,1,0,1,1,2,3,1,0,1,2,0,1,2,1,2,2,0,1,1,1,4,1,0,0,4,0,1,2,3,1	exact_refs	0,1,1,3,1,2,4,2,3,0,1,2,1,0,1,1,0,0,0,0,0,1,0,0,0,2,0,0,0,1,1,1,2,3,4,0,1,1,3,1,2,3,0,2,2,1,0,2,0,1,2,0,0,1,0,1,2,0,0,1,1,3,4,3,3,1,0,0,0,1,0,0,0,1,0,0,4,0,0,1,1,0,1,0,1,2,0,4,2,3,0,0,3,1,2,0,0,1,1,0,1,1,3,3,1,3,1,0,1,1,2,3,2,2,0,1,1,1,4,1,0,0,4,0,1,2,3,1	action_costs	21;277,271;263,236,257;21,17,20,8;348,342,348,343,345;21,19,7,19,22;157,148,150,150,147;21,15,7,21,9;21,6,16,8,22;20,25,26,27,28;72,60,78,79,80;20,15,7,27,28;20,6,16,8,28;57,62,63,64,65;16,12,22,23,24;58,47,54,65,66;1,1,1,1,1;29,X,35,36,37;9,10,X,16,17;1,1,1,X,1;9,X,15,16,X;9,6,X,16,17;1,1,1,X,1;9,X,15,16,X;55,60,X,62,63;37,42,24,X,45;1,1,1,1,X;1,X,1,1,1;114,X,X,121,122;36,30,X,X,44;21,11,18,X,X;21,6,12,19,X;21,6,7,13,20;33,23,24,25,31;58,49,46,47,48;21,12,11,8,9;21,6,13,12,9;2319,2314,2315,2322,2321;21,23,7,8,15;97,88,91,90,91;33,34,24,33,26;85,81,88,78,94;389,394,395,390,397;21,26,12,13,20;1656,1651,1632,1654,1649;306,225,298,313,297;1,1,1,1,1;190,X,157,177,198;24,15,X,31,32;59,48,58,X,54;24,13,7,17,X;1,1,1,1,1;57,X,63,64,65;24,11,X,31,32;21,26,27,X,29;1070,1068,1076,1077,X;54,55,36,61,62;1,1,1,1,1;16,X,22,23,24;127,117,X,134,136;145,126,137,X,153;104,109,110,100,X;121,118,123,124,114;450,452,445,435,443;16,21,18,15,20;17,6,22,19,16;33,38,39,40,41;1,1,1,1,1;9,X,15,16,17;164,162,X,171,172;37,42,43,X,45;1,1,1,1,X;37,X,43,49,45;20,12,X,27,20;9,14,15,X,17;1,1,1,1,X;20,X,26,27,14;1,1,X,1,1;21,X,27,X,29;21,6,X,28,X;21,6,7,X,29;21,26,27,28,X;114,108,120,121,122;24,29,30,31,32;39,23,45,46,47;40,28,24,47,48;27,31,32,28,35;837,837,838,839,835;27,37,7,33,34;163,158,169,160,161;9,14,15,16,17;1,1,1,1,1;147,X,153,138,155;89,76,X,96,79;276,261,262,X,284;1,1,1,1,X;21,X,27,28,29;21,6,X,28,29;305,299,300,X,313;21,26,27,28,X;21,6,27,28,29;123,113,114,130,131;40,37,27,28,48;21,10,18,8,9;47,37,42,40,40;104,109,110,93,112;151,143,157,158,146;272,269,268,279,280;24,15,14,13,32;196,187,197,196,195;24,11,7,17,16;41,27,33,29,39;24,10,7,13,9;647,642,628,644,635;24,17,7,12,9;116,100,112,102,107;58,34,42,54,44;198,182,187,191,188;260,259,256,257,253;112,104,118,119,120;36,41,42,43,44;33,38,39,40,41;321,326,327,328,318;20,19,26,27,28;59,49,63,56,67;46,46,41,55,54;20,13,13,8,22;20,6,14,14,9
chunk_start	4992	n	128	W	4	D	3	baseline_cost	10540	exact_cost	10540	visited_states	27110	transitions	94330	max_frontier_states	256	baseline_refs	0,0,0,0,0,0,0,0,0,0,2,0,0,3,0,1,0,0,0,1,0,1,2,1,2,1,2,0,0,0,0,0,0,1,1,1,2,0,0,1,0,0,0,0,0,0,3,0,1,2,1,0,1,0,2,0,0,4,1,1,3,0,0,0,0,0,0,0,0,0,1,1,1,3,1,0,0,0,2,0,0,1,1,0,0,0,0,0,0,0,0,0,0,0,0,1,2,1,2,0,1,1,0,0,0,0,0,0,0,1,1,0,0,0,0,0,2,1,2,0,2,0,0,0,0,0,0,0	exact_refs	0,0,0,0,0,0,0,0,0,0,2,0,0,3,0,1,0,0,0,1,0,1,2,1,2,1,2,0,0,0,0,0,0,1,1,1,2,0,0,1,0,0,0,0,0,0,3,0,1,2,1,0,1,0,2,0,0,4,1,1,3,0,0,0,0,0,0,0,0,0,1,1,1,3,1,0,0,0,2,0,0,1,1,0,0,0,0,0,0,0,0,0,0,0,0,1,2,1,2,0,1,1,0,0,0,0,0,0,0,1,1,0,0,0,0,0,2,1,2,0,2,0,0,0,0,0,0,0	action_costs	340;1,1;21,X,27;1,1,X,1;21,X,27,X,29;1,1,X,1,X;1,X,1,X,1;69,X,X,76,X;37,42,X,X,45;1,1,1,X,X;250,X,246,253,X;21,26,X,28,29;28,33,34,X,36;110,115,116,100,X;9,14,15,16,17;17,15,23,24,25;43,48,49,50,51;20,25,26,27,28;21,26,27,28,29;21,6,27,28,29;1002,1007,1008,1009,1010;84,69,90,91,92;33,29,28,40,41;132,130,133,140,140;21,13,12,15,22;36,19,27,26,29;49,45,41,49,48;54,59,60,61,62;1,1,1,1,1;1,X,1,1,1;1,X,X,1,1;79,X,X,X,87;71,70,X,X,X;62,53,58,X,X;21,11,12,17,X;33,23,29,30,35;51,45,42,48,49;1,1,1,1,1;21,X,27,28,29;116,107,X,123,124;21,26,27,X,29;9,14,15,16,X;1,1,1,1,1;69,X,75,76,71;9,14,X,16,17;1,1,1,X,1;211,X,217,209,X;21,26,X,28,29;50,41,56,X,58;21,13,7,28,X;21,6,14,8,29;12,17,18,19,20;9,6,15,16,17;459,453,454,466,467;237,246,232,233,245;1,1,1,1,1;1,X,1,1,1;25,X,X,32,16;482,476,X,X,492;1516,1426,1504,X,X;25,11,14,8,X;144,149,157,151,152;17,17,23,24,25;69,74,75,76,70;45,50,51,52,53;1,1,1,1,1;54,X,60,61,62;107,108,X,114,115;130,132,131,X,138;17,15,16,15,X;17,6,16,17,16;17,6,7,17,18;17,6,7,8,18;455,446,447,448,449;24,17,30,31,32;24,29,30,31,32;49,54,55,56,57;127,132,133,134,145;41,46,23,48,49;1,1,1,1,1;9,X,15,16,17;9,6,X,16,17;24,23,24,X,32;1,1,1,1,X;24,X,30,31,32;9,14,X,16,17;1,1,1,X,1;178,X,184,185,X;414,417,X,421,422;1,1,1,X,1;178,X,180,185,X;1,1,X,1,1;9,X,15,X,17;1,1,X,1,X;21,X,27,X,29;37,18,X,44,X;21,11,7,X,29;36,19,25,21,X;66,61,57,63,59;21,26,27,28,29;21,6,27,28,29;59,49,50,66,67;1,1,1,1,1;9,X,15,16,17;1,1,X,1,1;20,X,26,X,28;51,56,X,58,X;118,123,124,X,126;73,78,79,80,X;24,11,30,31,32;24,6,12,31,32;9,14,15,16,17;1,1,1,1,1;176,X,182,183,184;61,66,X,68,69;78,79,82,X,86;116,121,114,125,X;184,174,190,185,192;637,629,625,644,641;9,21,18,19,17;428,433,400,416,425;168,173,174,174,176;1,1,1,1,1;1,X,1,1,1;20,X,X,27,28;1,1,X,X,1;252,X,258,X,X;17,22,X,24,X
chunk_start	5120	n	128	W	4	D	3	baseline_cost	20271	exact_cost	20259	visited_states	28052	transitions	100717	max_frontier_states	256	baseline_refs	0,1,1,0,0,0,0,0,0,0,1,1,1,4,3,2,0,1,0,4,2,0,1,3,4,4,1,3,2,4,1,2,3,0,1,1,2,0,0,0,2,0,0,0,1,0,0,0,0,2,0,1,1,0,0,0,0,3,1,1,0,1,2,0,0,0,4,0,0,1,1,0,0,0,0,1,1,4,2,0,0,4,1,0,0,0,1,1,1,0,0,0,0,1,0,1,1,0,0,2,0,2,4,1,2,3,1,0,4,2,3,4,0,0,0,4,0,0,0,2,1,2,3,0,1,4,2,4	exact_refs	0,1,1,0,0,0,0,0,0,0,1,0,1,4,3,2,2,1,0,4,2,0,1,3,4,4,1,3,2,4,1,2,3,0,1,1,2,0,0,0,2,0,0,0,1,0,0,0,0,2,0,1,1,0,0,0,0,3,1,1,0,1,2,0,0,0,4,0,0,1,1,0,0,0,1,1,1,4,3,0,0,4,1,0,0,0,1,1,1,0,0,0,0,1,0,1,1,0,0,2,0,2,4,1,2,3,1,0,4,2,3,4,0,0,0,4,0,0,0,0,1,2,3,1,2,4,2,4	action_costs	40;24,11;344,337,343;54,59,60,61;9,11,15,16,17;21,26,27,28,29;1,1,1,1,1;1,X,1,1,1;21,X,X,28,29;1401,1406,X,X,1409;51,45,57,X,X;139,137,149,146,X;236,211,234,232,244;1461,1467,1456,1467,1280;37,30,25,24,25;2253,2253,1774,2208,2239;33,29,29,40,35;348,343,375,346,378;191,186,182,193,185;672,681,675,674,574;294,305,280,296,292;85,86,87,86,87;213,208,213,218,215;335,345,338,328,312;674,678,678,677,658;401,380,378,397,374;37,33,34,35,34;1082,1075,1050,1021,1053;78,71,62,69,70;752,738,706,754,686;676,590,673,622,675;581,588,513,578,590;626,607,622,601,631;219,225,224,216,232;267,265,269,268,260;790,741,795,793,777;144,154,134,135,156;369,374,382,369,377;188,190,192,198,196;1,1,1,1,1;143,X,139,150,151;1,1,X,1,1;1,X,1,X,1;12,X,X,19,X;85,76,X,X,93;1,1,1,X,X;147,X,151,154,X;17,22,X,24,25;1,1,1,X,1;361,X,358,368,X;20,25,X,27,28;20,6,26,X,28;20,6,7,27,X;1,1,1,1,1;34,X,40,41,42;1,1,X,1,1;1,X,1,X,1;17,X,X,13,X;17,6,X,X,14;17,6,7,X,X;115,120,121,122,X;21,15,27,28,29;807,802,791,814,815;193,201,199,200,201;1,1,1,1,1;32,X,38,39,40;289,287,X,300,234;1,1,1,X,1;24,X,30,31,X;24,6,X,31,32;54,36,37,X,62;489,494,495,496,X;267,271,273,274,275;78,83,88,81,86;20,15,26,27,16;20,6,16,27,28;20,6,7,17,28;77,67,68,69,56;20,15,7,8,9;1,1,1,1,1;1,X,1,1,1;37,X,X,44,35;36,27,X,X,44;23,28,29,X,X;1,1,1,1,X;12,X,14,19,20;9,6,X,15,17;9,6,7,X,16;78,72,73,74,X;1,1,1,1,1;37,X,43,44,45;24,29,X,31,32;127,132,133,X,135;35,32,41,42,X;33,38,39,40,41;21,11,27,28,29;21,6,12,28,29;20,25,26,27,28;234,232,240,241,242;35,26,16,42,43;24,29,30,31,32;35,40,7,28,18;71,76,77,78,61;37,29,43,44,45;441,437,440,445,449;124,125,120,98,132;21,13,18,13,16;37,42,33,44,45;141,136,147,143,114;55,54,29,62,57;116,111,114,110,124;51,50,27,52,24;9,13,16,15,18;1,1,1,1,1;1,X,1,1,1;146,X,X,153,142;73,78,X,X,81;57,62,63,X,X;1,1,1,1,X;345,X,341,343,353;65,42,X,55,73;427,425,414,X,428;130,121,120,114,X;39,28,35,30,33;24,11,12,19,14;41,27,33,34,20;53,48,45,51,52;183,179,179,176,162
chunk_start	5248	n	128	W	4	D	3	baseline_cost	8122	exact_cost	8089	visited_states	28274	transitions	99747	max_frontier_states	256	baseline_refs	0,1,0,0,3,1,0,0,0,0,0,0,0,0,1,2,0,0,0,0,2,0,0,0,0,0,0,0,0,0,0,1,1,1,2,0,1,1,2,1,0,0,1,0,0,0,1,2,1,0,0,0,1,2,1,2,0,0,0,1,2,1,3,4,1,0,0,0,1,4,0,2,0,0,0,0,1,2,3,0,1,1,1,0,0,0,0,1,1,1,2,0,1,1,0,1,1,1,0,0,0,1,1,0,0,1,1,2,1,0,1,1,2,2,4,4,0,1,1,0,0,0,0,0,1,0,0,0	exact_refs	0,1,0,0,1,1,0,0,0,4,0,0,0,0,1,2,0,0,0,0,2,0,0,0,0,0,0,0,0,0,0,1,2,1,2,1,4,1,2,3,0,0,1,0,0,0,1,2,1,0,0,0,1,2,1,2,0,0,0,1,2,1,3,4,1,0,0,0,1,4,0,2,0,0,0,0,1,2,3,1,1,3,1,0,0,0,0,1,1,1,2,0,1,1,2,1,2,3,0,0,0,1,1,0,0,1,1,2,1,0,1,1,2,2,4,4,0,1,1,0,0,0,0,0,1,0,0,0	action_costs	24;67,56;20,25,26;9,14,15,16;119,114,125,111,127;61,54,57,68,69;1,1,1,1,1;50,X,56,57,58;57,62,X,64,65;174,179,180,X,171;1,1,1,1,X;1,X,1,1,1;49,X,X,52,57;12,13,X,X,20;61,52,60,X,X;139,140,134,142,X;16,28,23,17,25;1,1,1,1,1;9,X,12,21,16;54,59,X,61,62;98,103,93,X,100;25,30,31,32,X;78,83,84,85,86;9,14,15,16,17;1,1,1,1,1;36,X,42,43,44;1,1,X,1,1;1,X,1,X,1;21,X,X,28,X;96,101,X,X,104;85,90,91,X,X;66,57,72,73,X;21,11,12,28,29;147,137,143,144,155;21,15,7,13,14;21,6,16,8,14;21,6,7,17,9;62,48,49,50,60;21,11,7,8,9;21,6,12,8,9;1,1,1,1,1;9,X,15,16,17;59,45,X,66,67;1,1,1,X,1;40,X,46,47,X;44,49,X,51,52;702,698,708,X,710;251,244,243,258,X;140,114,127,132,148;85,90,91,97,93;13,18,19,20,21;25,30,31,32,33;95,80,101,102,103;25,11,7,32,33;601,590,596,592,609;93,85,79,85,81;1,1,1,1,1;1,X,1,1,1;55,X,X,51,61;21,11,X,X,29;55,40,9,X,X;140,124,132,126,X;40,35,32,28,34;21,10,16,13,9;21,6,11,17,14;289,294,295,296,297;1,1,1,1,1;17,X,23,24,25;283,278,X,290,291;232,235,227,X,225;1,1,1,1,X;57,X,56,64,65;1,1,X,1,1;21,X,27,X,29;33,38,X,40,X;21,26,27,X,29;36,23,42,43,X;697,700,696,704,705;21,19,12,8,29;21,6,20,13,9;21,6,7,21,14;21,6,7,8,22;21,6,7,8,9;93,98,99,100,101;13,17,19,20,21;1,1,1,1,1;24,X,30,31,32;406,396,X,413,414;36,33,42,X,44;110,102,109,117,X;37,18,17,24,45;62,57,60,59,66;21,11,12,15,14;50,37,43,44,47;21,11,7,13,14;21,6,12,8,14;21,6,7,13,9;21,6,7,8,14;1,1,1,1,1;1,X,1,1,1;9,X,X,16,17;9,6,X,X,17;9,6,7,X,X;1,1,1,1,X;20,X,26,27,28;20,6,X,27,28;32,15,16,X,40;20,11,7,8,X;69,56,62,58,59;20,25,26,27,28;20,6,26,27,28;357,349,350,364,365;68,64,60,61,76;50,50,34,43,44;50,44,47,52,40;484,487,490,493,480;21,26,27,28,29;21,6,27,28,29;217,212,213,224,225;9,14,15,16,17;1,1,1,1,1;9,X,15,16,17;1,1,X,1,1;42,X,48,X,50;211,207,X,218,X;1,1,1,X,1;1,X,1,1,X;9,X,X,16,17
chunk_start	5376	n	128	W	4	D	3	baseline_cost	7247	exact_cost	7217	visited_states	27178	transitions	99648	max_frontier_states	256	baseline_refs	0,0,1,1,0,0,0,0,0,0,0,0,0,0,0,0,0,0,1,1,2,0,1,2,1,0,0,0,0,0,1,0,0,0,1,1,0,0,1,1,1,3,1,2,0,0,0,0,0,1,0,1,1,3,2,0,0,0,0,0,0,1,2,0,1,1,2,0,1,2,3,1,0,1,2,1,1,0,1,2,1,2,1,2,3,0,1,2,2,0,1,2,1,1,2,0,1,1,1,0,1,1,3,0,3,0,1,2,0,0,0,0,2,0,0,0,0,3,1,2,2,2,0,1,0,0,1,0	exact_refs	0,0,1,1,0,0,0,0,0,0,0,0,0,0,0,0,0,0,1,1,2,0,1,2,1,0,0,0,0,0,1,0,0,0,1,1,0,0,1,1,1,3,1,2,0,0,0,0,0,1,0,1,1,3,2,0,0,0,0,0,0,1,2,0,1,1,2,0,1,2,3,1,2,1,2,0,1,1,1,4,1,2,1,2,3,0,1,2,2,4,1,2,1,2,3,0,1,1,1,0,1,1,3,0,3,0,1,2,0,0,0,0,2,0,0,0,0,3,1,2,2,2,0,1,0,0,1,0	action_costs	1;21,X;21,6,X;82,72,73,X;131,136,137,138,X;1,1,1,1,1;290,X,291,297,298;21,26,X,28,29;9,14,15,X,17;1,1,1,1,X;1,X,1,1,1;1,X,X,1,1;1,X,X,X,1;59,X,X,X,X;1,1,X,X,X;17,X,23,X,X;1,1,X,1,X;21,X,27,X,29;21,6,X,28,X;32,23,24,X,40;33,28,24,25,X;40,45,46,47,48;53,45,59,60,61;21,13,11,28,29;36,19,27,25,44;245,250,251,252,253;1,1,1,1,1;114,X,120,121,122;50,51,X,57,58;21,21,27,X,29;13,11,13,19,X;13,18,19,20,21;37,42,43,44,45;57,62,63,64,65;91,89,97,98,99;36,20,23,43,26;21,26,27,28,29;12,17,18,19,20;12,6,18,19,20;12,6,7,19,20;12,6,7,8,20;9,6,7,8,9;130,121,122,123,124;9,17,7,8,9;1,1,1,1,1;1,X,1,1,1;9,X,X,16,17;154,159,X,X,162;21,26,27,X,X;21,6,27,28,X;21,26,27,28,29;248,242,254,255,254;61,29,49,68,69;21,13,18,8,29;59,64,47,48,67;1,1,1,1,1;1,X,1,1,1;1,X,X,1,1;59,X,X,X,67;1,1,X,X,X;20,X,26,X,X;57,44,X,64,X;151,152,146,X,146;146,151,152,153,X;24,15,30,31,32;53,36,46,60,61;40,28,24,34,48;25,30,31,32,33;119,104,125,126,127;58,42,38,65,66;25,11,12,8,33;61,40,46,47,43;25,11,7,13,14;44,22,28,24,30;25,11,7,13,9;25,6,12,8,14;25,6,7,13,9;25,6,7,8,14;62,41,42,43,44;25,11,7,8,9;44,18,24,20,21;25,11,7,13,9;41,26,32,28,34;44,28,24,30,26;173,163,164,160,166;25,11,12,13,9;96,78,84,85,86;41,31,27,33,34;59,46,31,43,49;25,11,12,13,9;158,143,149,150,151;25,11,7,13,14;25,6,12,8,14;71,56,57,63,59;62,46,42,43,49;54,59,60,61,62;47,43,53,54,55;21,11,14,28,29;21,6,12,15,29;77,82,83,84,85;295,280,301,302,303;504,484,506,511,512;58,60,59,54,66;205,210,208,215,213;322,330,328,310,336;21,17,27,28,29;190,188,195,190,198;21,17,7,19,29;1,1,1,1,1;1,X,1,1,1;25,X,X,32,33;9,11,X,X,17;243,248,238,X,X;20,25,20,26,X;47,52,53,54,55;1,1,1,1,1;21,X,27,28,29;73,78,X,72,81;21,11,27,X,29;662,653,651,669,X;74,71,61,67,82;364,369,356,371,372;9,21,15,16,17;111,101,117,118,107;1,1,1,1,1;21,X,27,28,29;136,130,X,143,144;1,1,1,X,1
chunk_start	5504	n	128	W	4	D	3	baseline_cost	10234	exact_cost	10223	visited_states	27553	transitions	96592	max_frontier_states	256	baseline_refs	0,0,1,0,0,0,0,0,0,0,0,1,0,0,0,0,0,2,2,1,2,1,0,0,0,1,1,0,1,1,0,1,2,1,1,0,3,0,1,0,0,0,4,0,0,0,0,1,1,2,0,0,4,0,0,2,0,2,1,4,0,0,1,2,1,0,0,0,0,0,0,0,1,1,1,0,0,1,0,1,0,0,0,0,1,0,0,1,0,1,2,0,0,0,0,0,1,1,1,0,1,1,1,2,0,0,0,0,0,0,1,1,1,0,0,0,0,0,0,0,1,0,0,0,1,0,1,0	exact_refs	0,0,1,0,0,0,0,0,0,0,0,1,0,0,0,0,0,2,2,1,2,1,0,0,0,1,1,0,1,1,0,1,1,2,1,0,3,0,1,0,0,0,4,0,0,0,0,1,1,2,0,0,4,0,0,2,0,2,1,4,0,0,1,2,1,0,0,0,0,0,0,1,1,1,2,0,0,1,0,1,0,0,0,0,1,0,0,1,0,1,2,0,0,0,0,0,1,1,1,4,1,2,1,2,0,0,0,0,0,0,1,1,1,0,0,0,0,0,0,0,1,0,0,0,1,0,1,0	action_costs	25;9,11;9,6,12;1,1,1,1;1,X,1,1,1;9,X,X,16,17;1,1,X,X,1;1,X,1,X,X;21,X,X,28,X;58,63,X,X,66;9,12,15,X,X;9,6,13,16,X;9,14,15,16,17;1,1,1,1,1;1,X,1,1,1;722,X,X,729,730;138,141,X,X,146;696,676,601,X,X;21,22,17,24,X;126,116,130,128,130;21,16,7,24,19;21,6,17,8,25;1,1,1,1,1;1,X,1,1,1;481,X,X,488,489;21,19,X,X,29;21,6,20,X,X;57,62,63,64,X;21,12,27,28,29;21,6,13,28,29;12,17,18,19,20;12,6,18,19,20;9,6,7,16,17;9,6,7,8,17;54,44,45,46,47;1,1,1,1,1;9,X,13,8,9;88,93,X,95,96;657,649,663,X,653;9,14,15,16,X;1,1,1,1,1;9,X,15,25,17;1335,1333,X,1342,1245;1,1,1,X,1;1,X,1,1,X;21,X,X,28,29;50,55,X,X,61;36,26,42,X,X;144,143,146,151,X;21,17,12,15,29;213,218,219,220,221;84,89,90,91,92;33,38,39,25,20;263,268,269,264,271;1,1,1,1,1;419,X,417,419,425;91,97,X,98,99;74,79,49,X,82;36,11,35,21,X;832,837,821,837,813;1,1,1,1,1;12,X,18,19,20;47,37,X,54,55;9,13,7,X,17;25,23,31,25,X;69,74,75,76,77;1,1,1,1,1;37,X,43,44,45;1,1,X,1,1;41,X,47,X,49;206,211,X,213,X;143,133,149,X,151;24,11,14,31,X;24,6,12,15,32;24,6,7,13,16;17,22,23,24,25;24,29,30,31,32;40,23,46,47,48;667,667,673,674,675;355,344,361,362,349;13,18,19,20,21;33,38,39,40,41;17,22,23,23,25;20,25,26,27,22;20,6,26,27,28;1,1,1,1,1;183,X,189,190,191;35,33,X,42,43;21,26,27,X,29;70,60,76,77,X;58,53,45,65,60;59,64,65,66,67;9,14,15,16,17;1,1,1,1,1;13,X,19,20,21;13,18,X,20,21;13,6,19,X,21;12,6,7,19,X;114,105,106,107,122;12,17,7,8,9;12,6,18,8,9;9,6,7,19,9;292,283,284,285,297;9,17,7,8,9;1,1,1,1,1;21,X,27,26,29;1,1,X,1,1;30,X,36,X,38;1,1,X,1,X;21,X,27,X,29;21,6,X,28,X;21,6,7,X,29;21,6,7,8,X;215,220,221,222,223;69,74,75,76,77;24,25,30,31,32;1,1,1,1,1;272,X,278,279,280;142,142,X,149,150;21,26,27,X,29;36,18,42,43,X;9,14,15,16,17;1,1,1,1,1;57,X,63,64,65;21,13,X,28,29;9,14,15,X,17;9,6,15,16,X;1,1,1,1,1
chunk_start	5632	n	128	W	4	D	3	baseline_cost	10281	exact_cost	10280	visited_states	26770	transitions	94669	max_frontier_states	256	baseline_refs	0,0,0,0,1,0,0,1,2,1,2,1,2,0,1,1,2,1,0,1,2,0,0,0,1,0,0,0,1,2,2,0,1,0,0,0,0,1,1,0,0,3,0,0,2,2,2,4,0,4,1,0,4,0,0,0,0,0,1,0,1,0,0,0,1,1,1,0,0,2,1,1,0,0,0,0,1,2,1,2,3,3,4,0,0,0,0,0,0,1,1,1,2,3,4,0,1,0,0,1,1,3,1,0,0,0,0,0,3,1,0,3,0,0,0,0,0,0,0,1,0,1,0,0,0,1,1,1	exact_refs	0,0,0,0,1,0,0,1,2,1,2,1,2,0,1,1,3,1,2,1,2,0,0,0,1,0,0,0,1,2,2,0,1,0,0,0,0,1,1,0,0,3,0,0,2,2,2,4,0,4,1,0,4,0,0,0,0,0,1,0,1,0,0,0,1,1,1,0,0,2,1,1,0,0,0,0,1,2,1,2,3,3,4,0,0,0,0,0,0,1,1,1,2,3,4,0,1,0,0,1,1,3,1,0,0,0,0,0,3,1,0,3,0,0,0,0,0,0,0,1,0,1,0,0,0,1,1,1	action_costs	1;46,X;1,1,X;9,X,15,X;53,40,X,60,X;1,1,1,X,1;66,X,72,73,X;634,620,X,630,642;20,21,14,X,28;94,88,89,97,X;20,15,7,23,16;143,133,143,135,142;20,17,7,17,9;13,18,19,20,21;12,6,18,19,20;28,23,24,35,36;12,11,7,8,20;12,6,12,8,9;9,6,7,13,9;50,40,41,42,48;25,30,24,25,26;303,308,305,310,311;24,26,29,32,26;521,526,531,528,529;102,94,108,109,110;54,55,60,61,62;1,1,1,1,1;16,X,22,23,24;116,106,X,123,124;16,14,7,X,24;40,26,19,28,X;9,14,15,16,17;74,68,80,81,82;1,1,1,1,1;21,X,27,28,29;1,1,X,1,1;21,X,27,X,29;21,6,X,28,X;152,147,148,X,160;9,14,15,16,X;1,1,1,1,1;270,X,276,268,278;134,140,X,141,142;13,17,20,X,21;686,685,684,685,X;65,72,56,68,64;239,243,230,236,248;28,32,29,38,22;24,26,36,33,42;61,53,53,63,52;36,14,29,29,39;9,10,13,13,13;807,802,807,805,797;24,40,24,29,32;1,1,1,1,1;9,X,15,16,17;1,1,X,1,1;119,X,125,X,127;202,201,X,209,X;161,164,161,X,169;66,65,70,67,X;106,111,112,111,114;1,1,1,1,1;21,X,27,28,29;21,6,X,28,29;21,6,7,X,29;21,6,7,8,X;488,493,494,495,496;1,1,1,1,1;21,X,20,28,29;21,6,X,21,29;21,6,7,X,22;21,26,27,28,X;40,45,46,47,48;357,362,363,364,365;24,29,30,31,32;43,23,49,50,51;24,11,7,31,32;273,263,269,265,281;362,353,351,357,353;118,108,111,103,109;222,218,209,192,216;134,120,130,133,61;9,14,15,16,17;1,1,1,1,1;1,X,1,1,1;1,X,X,1,1;1,X,X,X,1;21,X,X,X,X;21,6,X,X,X;21,6,7,X,X;37,23,24,25,X;70,61,57,58,59;239,236,235,231,232;21,15,14,13,9;21,26,27,28,29;21,6,27,28,29;1,1,1,1,1;24,X,30,31,32;77,61,X,84,85;39,11,24,X,47;24,11,12,8,X;137,127,133,134,130;141,147,147,148,149;33,38,39,40,41;321,326,325,320,329;1,1,1,1,1;1,X,1,1,1;351,X,X,323,359;424,378,X,X,398;54,56,60,X,X;534,539,529,515,X;9,14,15,16,24;1,1,1,1,1;1,X,1,1,1;1,X,X,1,1;62,X,X,X,70;1,1,X,X,X;21,X,27,X,X;21,6,X,28,X;9,14,15,X,17;9,6,15,16,X;1,1,1,1,1;146,X,152,153,154;24,29,X,31,32;24,6,30,X,32;24,6,7,31,X;24,6,7,8,32
chunk_start	5760	n	128	W	4	D	3	baseline_cost	10787	exact_cost	10734	visited_states	26010	transitions	87120	max_frontier_states	256	baseline_refs	0,1,1,0,1,1,1,0,0,0,0,0,0,0,0,0,0,1,0,1,1,0,2,0,0,0,0,1,1,0,1,3,3,4,2,0,2,0,4,0,1,1,0,0,0,0,0,2,3,0,0,0,0,0,1,3,3,1,3,3,1,0,1,1,1,0,0,1,0,0,0,0,1,0,0,0,1,1,1,0,1,2,1,1,0,0,0,0,0,0,0,0,1,1,1,0,0,0,1,0,1,0,0,0,1,0,0,1,0,0,0,1,2,2,1,0,0,0,1,0,0,0,0,0,0,0,1,0	exact_refs	0,1,1,1,3,1,2,0,0,0,0,0,0,0,0,0,0,1,1,1,3,0,2,0,0,0,0,1,1,4,1,3,3,4,2,0,3,0,0,1,1,1,0,0,0,0,0,2,3,0,0,0,0,1,1,3,4,1,3,3,4,1,2,3,4,0,0,1,0,0,0,0,1,0,0,0,1,1,1,3,1,2,3,4,0,0,0,0,0,0,0,0,1,1,1,0,0,0,1,0,1,0,0,0,1,0,0,1,0,0,0,1,2,2,1,0,0,0,1,0,0,0,0,0,0,0,1,0	action_costs	24;24,6;24,6,7;24,6,7,8;24,6,7,8,9;24,6,7,8,9;24,6,7,8,9;1,1,1,1,1;1,X,1,1,1;17,X,X,24,25;1,1,X,X,1;164,X,170,X,X;1217,1217,X,1224,X;97,101,103,X,105;1,1,1,1,X;1,X,1,1,1;9,X,X,16,17;9,6,X,X,17;9,6,7,X,X;12,6,7,8,X;135,129,130,131,132;1,1,1,1,1;70,X,47,77,78;191,199,X,195,199;113,118,119,X,116;185,193,191,192,X;92,97,98,99,100;128,126,136,135,136;40,17,34,47,48;1128,1114,1101,1122,1079;223,160,206,213,210;17,19,26,12,20;716,711,692,596,702;787,664,786,775,549;738,601,599,745,686;1,1,1,1,1;77,X,51,53,85;1,1,X,1,1;1020,X,1017,X,984;54,47,X,61,X;114,95,115,X,122;500,475,487,475,X;1,1,1,1,1;24,X,30,31,32;1,1,X,1,1;9,X,15,X,24;45,50,X,52,X;124,129,116,X,132;40,35,46,28,X;17,22,23,24,25;9,14,15,16,17;1,1,1,1,1;40,X,46,47,31;21,10,X,28,29;33,23,28,X,41;70,61,57,39,X;21,13,12,8,13;59,48,56,55,51;257,254,248,243,255;21,17,14,8,16;21,6,18,15,9;21,6,7,19,16;21,6,7,8,20;21,6,7,8,9;103,89,90,91,92;21,26,27,28,29;147,152,153,154,155;73,72,79,80,81;9,14,15,16,17;1,1,1,1,1;1,X,1,1,1;322,X,X,329,324;73,55,X,X,81;1,1,1,X,X;1,X,1,1,X;62,X,X,69,70;20,13,X,X,28;20,6,14,X,X;20,6,7,15,X;20,6,7,8,16;96,87,88,89,90;20,15,7,8,9;20,6,16,8,9;20,6,7,17,9;1,1,1,1,1;1,X,1,1,1;1,X,X,1,1;18,X,X,X,26;9,13,X,X,X;1,1,1,X,X;1,X,1,1,X;12,X,X,19,20;9,6,X,X,17;9,6,7,X,X;9,6,7,8,X;1,1,1,1,1;82,X,88,89,90;37,42,X,44,45;37,23,43,X,45;9,14,15,16,X;9,6,15,16,17;1,1,1,1,1;1,X,1,1,1;9,X,X,16,17;144,138,X,X,152;20,25,26,X,X;21,26,27,28,X;54,41,60,61,62;1,1,1,1,1;32,X,38,39,40;44,49,X,51,52;97,94,103,X,105;141,140,136,148,X;73,74,60,69,81;817,805,820,816,818;1,1,1,1,1;61,X,67,68,69;9,13,X,16,17;57,44,52,X,54;1,1,1,1,X;1,X,1,1,1;1,X,X,1,1;1,X,X,X,1;1,X,X,X,X;135,X,X,X,X;21,26,X,X,X;21,6,27,X,X;16,21,22,23,X
chunk_start	5888	n	128	W	4	D	3	baseline_cost	5941	exact_cost	5938	visited_states	27940	transitions	97603	max_frontier_states	256	baseline_refs	0,1,1,0,0,1,2,1,0,0,1,1,0,0,0,0,1,0,0,0,0,1,1,1,0,0,1,1,2,0,0,0,1,1,2,2,2,4,0,0,0,1,0,1,1,2,0,0,3,4,0,0,1,1,0,1,1,1,0,0,0,0,0,0,1,0,0,1,1,0,0,1,0,1,0,1,2,0,0,1,0,0,3,0,1,0,0,0,1,1,1,0,0,0,1,0,4,0,4,0,0,3,0,0,1,1,2,0,4,2,0,2,0,0,0,1,1,1,0,1,0,1,1,1,0,0,0,0	exact_refs	0,1,1,0,0,1,2,1,0,0,1,1,0,0,0,0,1,0,0,0,0,1,1,1,0,0,1,1,2,0,0,0,1,1,2,2,2,4,0,0,0,1,0,1,1,2,0,0,3,4,0,0,1,1,0,1,1,1,0,0,0,0,0,0,1,0,0,1,1,0,0,1,0,1,0,1,2,0,0,1,0,0,3,0,1,0,0,0,1,1,1,0,0,0,1,0,4,0,4,0,0,3,0,0,1,1,2,0,4,2,0,2,0,0,0,1,1,1,0,1,2,1,3,1,0,0,0,0	action_costs	16;16,6;16,6,7;37,42,43,44;12,17,18,19,20;304,298,310,311,312;9,21,7,16,17;9,6,22,8,17;1,1,1,1,1;43,X,49,50,51;21,10,X,28,29;28,14,19,X,36;66,71,72,73,X;17,22,23,24,25;44,49,50,51,52;21,26,27,28,29;70,56,76,77,78;29,34,35,36,37;1,1,1,1,1;1,X,1,1,1;141,X,X,148,149;59,55,X,X,67;40,26,27,X,X;24,11,14,15,X;1,1,1,1,1;21,X,27,28,29;21,6,X,28,29;247,237,238,X,255;37,34,24,25,X;17,22,23,24,25;1,1,1,1,1;80,X,86,87,88;36,27,X,43,44;652,648,658,X,660;21,21,12,17,X;264,258,215,265,270;53,44,32,45,39;46,51,52,53,42;1,1,1,1,1;1,X,1,1,1;51,X,X,58,59;89,86,X,X,97;114,116,115,X,X;21,15,16,15,X;59,49,59,60,59;404,400,403,413,414;9,14,15,16,17;1,1,1,1,1;134,X,140,126,142;153,158,X,160,138;1,1,1,X,1;24,X,30,31,X;24,6,X,31,32;40,23,24,X,48;21,26,27,28,X;21,6,27,28,29;21,6,7,28,29;93,87,88,89,101;38,43,44,45,46;1,1,1,1,1;68,X,74,73,76;1,1,X,1,1;1,X,1,X,1;9,X,X,16,X;9,6,X,X,17;37,42,43,X,X;16,21,22,23,X;16,6,22,23,24;31,23,24,38,39;21,26,27,28,29;58,63,64,65,66;21,13,27,28,29;36,41,42,43,44;20,10,26,27,28;21,26,27,28,29;28,23,34,35,36;21,10,7,28,29;1,1,1,1,1;21,X,27,28,29;63,53,X,70,71;1,1,1,X,1;21,X,27,28,X;40,45,X,34,48;9,10,15,X,15;9,6,11,16,X;21,26,27,28,29;1,1,1,1,1;33,X,39,40,41;21,10,X,28,29;21,6,11,X,29;21,6,7,12,X;20,25,26,27,28;66,68,72,73,74;9,15,11,16,17;163,161,171,167,171;1,1,1,1,1;20,X,26,27,16;9,14,X,16,17;184,189,190,X,182;1,1,1,1,X;1,X,1,1,1;144,X,X,140,152;1,1,X,X,1;40,X,46,X,X;24,11,X,31,X;36,26,32,X,34;40,27,23,29,X;201,206,207,208,203;66,71,62,63,59;78,83,61,85,86;20,25,26,27,28;42,47,27,49,33;1,1,1,1,1;1,X,1,1,1;175,X,X,182,183;21,15,X,X,29;21,6,16,X,X;21,6,7,17,X;32,37,38,39,40;20,10,26,27,28;59,64,55,66,67;21,13,27,28,29;231,224,232,225,230;111,101,103,111,119;67,72,73,74,75;1,1,1,1,1;1,X,1,1,1;81,X,X,88,89
chunk_start	6016	n	128	W	4	D	3	baseline_cost	10880	exact_cost	10864	visited_states	27839	transitions	99320	max_frontier_states	256	baseline_refs	0,0,0,0,0,2,0,0,0,4,1,3,1,1,0,3,2,1,4,2,2,4,0,0,1,0,1,0,1,0,0,0,0,0,0,1,0,1,1,0,0,3,4,0,0,2,0,2,0,1,0,0,1,2,1,2,1,0,0,0,1,0,1,1,2,1,0,0,0,0,0,0,0,1,0,0,0,1,2,0,0,0,0,0,1,0,1,1,2,1,3,0,1,1,1,0,1,2,3,1,2,1,0,1,1,2,2,4,1,2,0,1,2,1,1,0,0,1,0,0,0,1,1,0,0,0,0,0	exact_refs	0,0,0,0,0,2,0,0,0,4,1,3,1,1,0,3,2,1,4,2,2,4,0,0,1,0,1,0,1,0,0,0,0,0,0,1,0,1,1,0,0,3,4,0,0,2,0,2,0,1,0,0,1,2,1,2,1,0,0,0,1,0,1,1,2,1,0,0,0,0,0,0,0,1,0,0,0,1,2,0,0,0,0,0,1,1,3,1,2,1,3,0,1,1,1,3,1,2,0,1,2,1,1,2,4,0,2,2,1,2,3,1,2,3,4,0,0,1,0,0,0,1,1,0,0,0,0,0	action_costs	66;1,1;36,X,42;344,344,X,351;1,1,1,X,1;313,X,292,320,X;9,14,X,16,17;1,1,1,X,1;21,X,27,28,X;460,455,X,467,443;1338,1167,1334,X,1346;21,23,20,8,X;21,6,24,21,9;21,6,7,25,22;69,60,61,62,67;59,53,49,50,51;416,416,406,411,412;780,748,786,774,781;32,38,37,32,31;527,526,426,530,532;50,46,38,47,44;306,305,300,306,297;1,1,1,1,1;21,X,27,28,29;21,6,X,28,29;33,38,39,X,41;197,191,203,204,X;21,26,27,28,29;21,6,27,28,29;21,26,27,28,29;9,14,15,16,17;1,1,1,1,1;1,X,1,1,1;574,X,X,581,582;36,38,X,X,44;21,11,22,X,X;65,70,71,72,X;24,11,30,31,32;526,517,523,533,534;1,1,1,1,1;21,X,27,28,29;201,206,X,198,209;547,556,553,X,516;17,22,23,24,X;1,1,1,1,1;71,X,69,78,79;1,1,X,1,1;437,X,433,X,445;9,14,X,17,X;42,39,48,X,51;1,1,1,1,X;37,X,43,44,35;76,73,X,83,84;21,13,12,X,29;37,15,23,22,X;21,11,7,15,14;21,6,12,8,16;1,1,1,1,1;1,X,1,1,1;20,X,X,27,28;20,6,X,X,28;98,103,104,X,X;24,13,30,31,X;40,23,31,47,48;122,121,117,125,130;408,384,408,404,409;9,14,15,16,17;1,1,1,1,1;1,X,1,1,1;9,X,X,16,17;1,1,X,X,1;1,X,1,X,X;104,X,X,111,X;21,15,X,X,29;17,22,23,X,X;1,1,1,1,X;25,X,31,32,33;230,217,X,237,238;668,663,657,X,676;213,214,221,220,X;17,22,24,24,25;9,14,15,16,17;1,1,1,1,1;17,X,23,24,25;17,6,X,24,25;17,6,7,X,25;17,6,7,8,X;32,22,23,24,25;17,11,7,8,9;17,6,12,8,9;150,142,143,137,145;17,17,7,8,14;17,6,18,8,9;17,6,7,19,9;17,6,7,8,20;17,6,7,8,9;58,44,45,46,47;123,124,119,120,121;17,15,13,8,9;29,14,20,22,17;17,11,7,17,15;17,6,12,8,18;17,6,7,13,9;17,6,7,8,14;66,56,57,58,59;31,36,30,31,32;179,174,164,171,172;17,19,12,15,9;107,97,111,104,107;49,49,41,55,48;17,13,16,8,22;154,145,153,156,148;17,17,7,15,18;17,6,18,8,16;37,23,24,36,26;33,38,39,40,41;9,14,15,16,17;9,6,15,16,17;1,1,1,1,1;1,X,1,1,1;40,X,X,47,48;40,16,X,X,48;24,11,12,X,X;111,116,117,118,X;1,1,1,1,1;9,X,15,16,17;1,1,X,1,1;147,X,153,X,148
chunk_start	6144	n	128	W	4	D	3	baseline_cost	11717	exact_cost	11703	visited_states	28810	transitions	103486	max_frontier_states	256	baseline_refs	0,0,1,2,0,2,0,3,0,2,2,3,1,2,0,0,0,4,2,1,1,0,1,0,0,0,0,1,1,0,1,4,2,1,0,0,1,0,4,4,0,1,1,0,0,4,1,0,0,0,1,0,1,1,2,0,0,0,0,0,0,0,0,1,0,1,0,2,3,1,4,1,1,3,1,0,1,2,1,1,3,0,0,0,0,1,0,0,0,0,1,1,1,0,1,1,1,0,0,0,0,0,0,1,0,0,0,0,1,0,1,2,3,1,4,0,1,0,0,0,0,3,1,2,0,0,0,1	exact_refs	0,0,1,2,0,2,0,3,0,2,2,3,1,2,0,0,0,4,2,1,1,0,1,0,0,0,0,1,1,0,1,4,2,1,0,0,1,0,4,4,0,1,1,0,0,4,1,0,0,0,1,0,1,1,2,0,0,0,0,0,0,0,0,1,0,1,0,2,3,1,4,1,1,0,1,2,1,2,3,1,3,0,0,0,0,1,0,0,0,0,1,1,1,2,4,1,2,0,0,0,0,0,0,1,0,0,0,0,1,0,1,2,3,1,4,0,1,0,0,0,0,3,1,2,0,0,0,1	action_costs	54;338,343;207,188,213;1074,1062,974,1080;13,25,20,23,16;266,260,181,275,237;74,79,80,75,82;12,17,20,8,28;1030,1031,1036,1006,1034;340,340,336,344,341;366,354,307,366,377;780,703,781,526,784;358,317,364,363,360;904,860,678,847,831;1,1,1,1,1;1,X,1,1,1;50,X,X,59,58;67,72,X,X,52;188,188,181,X,X;57,47,63,64,X;24,11,14,31,32;17,22,23,24,25;38,29,44,45,44;9,11,12,16,17;1,1,1,1,1;1,X,1,1,1;21,X,X,28,29;595,585,X,X,603;21,19,27,X,X;17,22,24,24,X;17,6,23,25,25;929,923,924,936,825;32,39,23,24,40;73,71,76,80,81;35,40,41,38,43;159,164,165,166,164;780,752,782,790,788;1,1,1,1,1;20,X,26,27,14;81,72,X,73,62;9,14,15,X,17;219,211,225,226,X;165,149,161,172,173;1,1,1,1,1;12,X,18,19,20;195,187,X,183,172;65,27,52,X,73;21,25,33,21,X;1,1,1,1,1;24,X,30,31,32;80,79,X,87,88;12,14,12,X,20;9,6,15,13,X;161,152,153,162,160;9,17,7,8,17;1,1,1,1,1;21,X,27,28,29;93,98,X,100,101;9,17,15,X,17;1,1,1,1,X;202,X,208,209,210;102,105,X,109,110;21,26,27,X,29;21,6,27,28,X;24,29,30,31,32;24,6,30,31,32;58,44,45,65,66;40,26,20,21,48;40,27,30,24,25;142,117,131,134,128;40,28,29,30,13;282,264,278,283,284;311,264,305,289,294;24,15,18,13,14;54,33,43,42,41;24,11,7,17,20;39,23,29,25,35;24,11,7,13,9;40,18,24,20,26;58,28,45,51,47;24,13,12,8,14;61,66,67,68,69;1,1,1,1,1;1,X,1,1,1;9,X,X,14,17;9,6,X,X,15;1,1,1,X,X;122,X,128,129,X;21,26,X,28,29;130,135,138,X,138;21,17,27,28,X;21,6,18,28,29;21,6,7,19,29;21,6,7,8,20;21,6,7,8,9;21,6,7,8,9;21,6,7,8,9;1,1,1,1,1;1,X,1,1,1;20,X,X,27,28;69,74,X,X,77;57,62,63,X,X;9,12,15,16,X;9,6,13,16,17;1,1,1,1,1;21,X,27,28,29;119,124,X,126,127;43,48,49,X,51;40,28,46,47,X;21,26,27,28,29;37,18,43,44,45;59,45,41,66,67;21,11,12,8,29;37,22,28,29,25;37,23,19,25,9;66,63,72,73,74;40,15,31,47,48;123,128,125,130,131;40,45,46,47,48;1,1,1,1,1;1,X,1,1,1;24,X,X,13,32;177,168,X,X,176;58,48,42,X,X;9,14,15,16,X;1,1,1,1,1;21,X,27,28,29;21,6,X,28,29
chunk_start	6272	n	128	W	4	D	3	baseline_cost	7786	exact_cost	7759	visited_states	27282	transitions	97251	max_frontier_states	256	baseline_refs	0,0,0,1,0,0,0,0,0,1,0,1,1,0,0,0,0,1,0,1,0,0,0,2,2,1,3,2,4,0,1,2,1,2,2,3,3,0,1,0,0,0,0,0,1,1,0,0,0,0,0,0,1,0,1,1,1,2,0,0,1,0,1,1,0,0,0,2,2,1,1,0,0,0,0,0,0,2,1,0,4,0,1,0,2,0,0,0,0,1,0,0,0,0,0,0,0,0,0,1,1,1,0,3,2,3,1,0,0,2,2,3,0,1,2,2,2,3,4,4,2,0,0,0,3,0,0,0	exact_refs	0,0,0,1,0,0,0,0,0,1,0,1,1,0,0,0,0,1,0,1,0,0,1,2,2,4,3,2,4,0,1,2,1,2,2,3,3,0,1,0,0,0,0,0,1,1,0,0,0,0,0,0,1,2,1,2,1,2,0,0,1,0,1,1,0,0,1,2,2,1,2,0,0,0,0,0,0,2,1,0,4,0,1,0,2,0,0,0,0,1,0,0,0,0,0,0,0,0,0,1,1,1,3,3,2,3,4,0,0,2,2,3,0,1,2,2,2,3,4,4,2,0,0,0,3,0,0,0	action_costs	9;1,1;24,X,30;94,80,X,101;37,42,43,X,45;1,1,1,1,X;21,X,27,28,29;1,1,X,1,1;17,X,23,X,25;17,6,X,24,X;9,14,15,X,17;9,6,15,16,X;9,6,7,16,17;1,1,1,1,1;1,X,1,1,1;17,X,X,24,25;25,30,X,X,33;25,6,31,X,X;21,26,27,28,X;21,6,27,28,29;25,30,31,32,33;20,25,26,27,28;462,456,468,469,470;57,64,46,64,65;166,164,124,159,174;100,91,98,105,93;106,103,89,65,96;68,65,51,69,66;795,781,777,769,756;20,23,26,27,28;222,216,238,229,230;20,17,7,25,28;20,6,18,8,26;253,244,245,256,247;185,187,177,178,191;120,114,120,112,113;230,221,222,214,223;25,30,31,32,33;241,231,237,239,241;20,25,26,27,28;20,25,26,27,28;1,1,1,1,1;1,X,1,1,1;24,X,X,31,32;24,6,X,X,32;66,52,53,X,X;1,1,1,1,X;21,X,27,28,29;1,1,X,1,1;31,X,37,X,39;147,152,X,154,X;20,25,26,X,28;88,82,94,95,X;20,14,7,27,28;20,6,15,8,28;20,6,7,16,9;77,68,69,70,79;50,53,45,46,47;1,1,1,1,1;64,X,70,68,72;66,61,X,73,74;53,54,53,X,61;215,213,214,213,X;708,694,714,712,697;142,147,148,149,150;29,34,35,36,37;21,10,27,28,29;29,23,7,36,37;21,10,7,12,29;21,6,11,8,13;21,6,7,12,9;1,1,1,1,1;1,X,1,1,1;9,X,X,16,17;1,1,X,X,1;59,X,65,X,X;401,406,X,408,X;154,149,145,X,162;20,17,26,17,X;1,1,1,1,1;37,X,43,38,27;9,10,X,16,22;9,6,11,X,17;283,288,289,290,X;29,24,20,21,26;1,1,1,1,1;20,X,26,27,28;1,1,X,1,1;21,X,27,X,29;21,6,X,28,X;1,1,1,X,1;1,X,1,1,X;165,X,X,172,173;1,1,X,X,1;1,X,1,X,X;9,X,X,16,X;54,59,X,X,62;1,1,1,X,X;21,X,27,28,X;92,80,X,99,100;32,14,38,X,40;37,27,32,44,X;21,26,27,17,29;13,18,11,12,17;183,188,178,190,185;21,17,27,8,29;21,6,18,28,9;37,42,43,38,45;24,29,30,31,32;162,150,145,169,170;58,53,45,65,66;24,12,16,8,32;20,25,26,19,28;35,19,41,42,33;20,11,7,27,28;228,221,218,223,236;36,36,24,30,26;181,176,186,174,180;20,17,11,21,9;61,52,64,58,44;20,13,7,19,13;122,127,128,129,130;1,1,1,1,1;12,X,18,19,18;116,121,X,115,124;20,25,26,X,28;21,26,27,28,X;21,26,27,28,29
chunk_start	6400	n	128	W	4	D	3	baseline_cost	5403	exact_cost	5375	visited_states	26771	transitions	93834	max_frontier_states	256	baseline_refs	0,0,0,0,2,0,3,0,0,0,1,0,1,3,2,4,3,0,4,0,3,0,2,0,1,1,1,0,0,0,0,0,0,1,1,1,0,0,0,3,1,1,0,1,2,1,1,0,0,0,0,0,0,0,0,1,1,0,1,1,0,0,1,0,1,1,2,1,0,1,1,1,0,1,0,0,1,1,0,0,3,0,1,2,0,0,1,0,1,0,0,1,1,0,0,0,1,0,0,0,0,0,1,2,0,0,0,0,0,0,0,0,1,2,0,0,0,0,1,1,1,0,1,0,0,0,0,0	exact_refs	0,0,0,0,2,0,3,0,0,0,1,0,1,3,2,4,3,0,4,0,3,0,2,2,1,2,1,0,0,0,0,0,0,1,1,1,0,0,0,3,1,0,1,1,2,1,2,0,0,0,0,0,0,0,0,0,1,1,1,2,0,0,1,2,3,1,2,1,4,1,2,3,0,1,0,0,1,1,0,0,3,0,1,2,0,0,1,0,1,0,0,1,1,0,0,0,1,0,0,0,0,0,1,2,0,0,0,0,0,0,0,0,1,2,0,0,0,0,1,1,1,0,1,0,0,0,0,0	action_costs	20;1,1;21,X,27;69,74,X,76;21,26,7,X,29;396,401,402,403,X;110,117,116,109,118;49,51,56,56,57;1,1,1,1,1;21,X,27,28,29;40,26,X,47,48;247,252,253,X,255;65,63,71,72,X;40,45,46,25,48;260,258,247,268,261;475,451,471,467,441;24,15,16,13,32;144,149,152,154,152;84,89,90,91,72;1,1,1,1,1;184,X,190,162,192;51,52,X,58,59;80,78,74,X,88;21,13,14,19,X;21,6,14,15,20;204,195,196,204,205;20,17,26,27,28;138,143,144,145,146;28,33,34,35,36;1,1,1,1,1;94,X,100,97,102;21,26,X,28,29;33,38,39,X,41;37,27,43,44,X;21,10,11,28,29;21,6,11,12,29;127,132,133,134,135;1,1,1,1,1;1,X,1,1,1;73,X,X,69,81;109,83,X,X,93;36,31,32,X,X;24,10,12,13,X;35,26,31,33,34;24,11,7,12,14;24,6,12,8,13;24,6,7,13,9;1,1,1,1,1;1,X,1,1,1;1,X,X,1,1;1,X,X,X,1;57,X,X,X,X;1,1,X,X,X;143,X,149,X,X;29,34,X,36,X;12,11,18,X,20;12,6,12,19,X;9,6,7,13,17;9,6,7,8,14;384,381,382,383,384;1,1,1,1,1;17,X,23,24,25;54,44,X,61,62;17,12,7,X,25;17,6,13,8,X;49,40,41,48,43;17,11,7,8,15;17,6,12,8,9;17,6,7,13,9;17,6,7,8,14;17,6,7,8,9;20,6,7,8,9;9,14,15,16,17;9,6,15,16,17;1,1,1,1,1;13,X,19,20,21;13,6,X,20,21;12,6,7,X,20;117,122,123,124,X;21,26,27,28,29;12,17,18,8,9;9,6,15,16,9;17,15,16,24,25;9,11,7,8,17;1,1,1,1,1;17,X,23,24,25;17,6,X,24,25;21,26,27,X,29;21,6,27,28,X;39,44,45,46,47;21,26,27,28,29;21,6,27,28,29;21,6,7,28,29;291,296,297,298,299;1,1,1,1,1;54,X,60,61,62;66,58,X,69,74;9,14,15,X,17;1,1,1,1,X;1,X,1,1,1;1,X,X,1,1;21,X,X,X,29;43,21,X,X,X;21,11,7,X,X;21,26,27,28,X;1,1,1,1,1;1,X,1,1,1;9,X,X,16,17;1,1,X,X,1;191,X,197,X,X;1,1,X,1,X;20,X,26,X,28;62,48,X,69,X;20,12,7,X,28;40,45,46,47,X;54,59,60,61,62;47,52,53,54,55;25,30,31,32,33;25,6,31,32,33;25,6,7,32,33;25,6,7,8,33;9,14,15,16,17;9,6,15,16,17;1,1,1,1,1;20,X,26,27,28;1,1,X,1,1;1,X,1,X,1;17,X,X,24,X
chunk_start	6528	n	128	W	4	D	3	baseline_cost	5926	exact_cost	5920	visited_states	26276	transitions	87622	max_frontier_states	256	baseline_refs	0,1,1,1,0,0,1,2,3,0,3,0,0,0,1,0,0,3,1,0,1,0,0,1,1,2,3,4,0,0,1,0,0,0,0,1,2,1,1,3,1,0,0,0,0,0,0,2,1,1,0,0,1,1,1,2,0,0,0,2,1,0,1,0,0,0,0,0,1,0,0,1,0,0,0,0,3,0,0,0,0,0,0,1,0,0,1,1,0,0,0,0,0,0,0,0,1,2,2,1,0,0,1,2,1,0,0,0,0,0,0,4,0,0,3,4,0,1,1,0,0,0,1,1,3,0,0,1	exact_refs	0,1,1,1,0,0,1,2,3,0,3,0,0,0,1,0,0,3,1,2,3,0,0,1,1,2,3,4,0,0,1,0,0,0,0,1,2,1,1,3,1,0,0,0,0,0,0,2,1,1,0,0,1,1,1,2,0,0,0,2,1,0,1,0,0,0,0,0,1,0,0,1,0,0,0,0,3,0,0,0,0,0,0,1,0,0,1,1,0,0,0,0,0,0,0,0,1,2,2,1,0,0,1,2,1,0,0,0,0,0,0,4,0,0,3,4,0,1,1,0,0,0,1,1,3,0,0,1	action_costs	17;17,6;17,6,7;17,6,7,8;147,152,153,154,155;12,17,18,19,20;51,37,49,58,59;40,32,27,39,48;9,10,13,8,20;1,1,1,1,1;58,X,64,48,66;1,1,X,1,1;1,X,1,X,1;24,X,X,31,X;310,300,X,X,318;58,61,64,X,X;1,1,1,1,X;66,X,72,48,74;62,46,X,69,70;25,11,12,X,33;25,6,12,13,X;1,1,1,1,1;25,X,31,32,33;25,6,X,32,33;292,286,287,X,300;127,119,113,114,X;207,198,201,195,196;25,11,12,15,9;1,1,1,1,1;9,X,15,21,17;87,78,X,94,94;1,1,1,X,1;102,X,108,109,X;1,1,X,1,1;38,X,38,X,46;73,65,X,80,X;20,15,12,X,28;69,59,69,66,X;340,330,333,343,340;20,21,16,8,18;20,6,22,17,9;46,51,52,53,54;21,26,27,28,29;1,1,1,1,1;59,X,65,66,67;36,41,X,43,44;25,30,31,X,33;24,29,12,31,X;24,6,30,13,32;24,6,7,31,14;382,387,388,389,388;12,21,18,19,20;12,6,22,19,20;9,6,7,23,17;47,37,38,39,38;9,12,7,8,9;1,1,1,1,1;54,X,60,61,62;1,1,X,1,1;89,X,78,X,97;24,11,X,13,X;9,14,16,X,17;9,6,15,17,X;1,1,1,1,1;20,X,26,27,28;1,1,X,1,1;17,X,23,X,25;21,26,X,28,X;21,6,27,X,29;21,26,27,28,X;9,14,15,16,17;9,6,15,16,17;1,1,1,1,1;45,X,51,52,53;17,22,X,24,25;142,147,148,X,150;44,49,50,36,X;1,1,1,1,1;1,X,1,1,1;20,X,X,27,28;1,1,X,X,1;98,X,104,X,X;9,17,X,16,X;65,56,68,X,73;1,1,1,1,X;24,X,30,31,32;24,6,X,31,32;87,74,75,X,95;147,152,153,154,X;1,1,1,1,1;1,X,1,1,1;21,X,X,28,29;1,1,X,X,1;1,X,1,X,X;286,X,X,293,X;81,86,X,X,89;150,131,156,X,X;40,17,16,47,X;266,271,255,271,273;363,348,369,359,371;1,1,1,1,1;32,X,38,39,40;157,155,X,168,163;32,33,7,X,40;47,25,49,27,X;1,1,1,1,1;1,X,1,1,1;212,X,X,219,220;1,1,X,X,1;58,X,64,X,X;41,46,X,48,X;206,205,212,X,187;9,14,15,16,X;1,1,1,1,1;50,X,56,40,58;37,42,X,44,24;9,10,15,X,17;9,6,11,16,X;37,23,24,29,45;1,1,1,1,1;1,X,1,1,1;21,X,X,28,29;36,23,X,X,44;36,6,24,X,X;69,63,64,61,X;21,26,27,28,29;25,30,31,32,33;44,19,50,51,52
chunk_start	6656	n	128	W	4	D	3	baseline_cost	5927	exact_cost	5923	visited_states	28236	transitions	99403	max_frontier_states	256	baseline_refs	0,0,0,0,0,0,1,0,0,0,0,1,0,1,2,2,1,4,1,4,0,1,1,1,4,3,0,0,1,2,1,1,0,0,0,0,0,1,1,0,0,0,2,2,3,0,0,1,2,1,1,0,0,1,2,3,0,0,0,0,0,1,1,0,3,1,0,0,0,0,0,0,0,1,0,0,0,1,0,1,1,0,0,1,2,1,2,1,2,0,0,0,0,0,1,1,1,2,0,1,1,1,0,0,0,0,0,0,0,4,0,1,2,0,0,1,0,2,0,0,1,0,0,0,0,0,0,0	exact_refs	0,0,0,0,0,0,1,0,0,0,0,1,0,1,2,2,1,4,1,4,0,1,1,1,4,3,0,0,1,2,1,1,0,0,0,0,0,1,1,0,0,0,2,2,3,0,0,1,1,1,2,0,0,1,2,3,0,0,0,0,0,1,1,0,3,1,0,0,0,0,0,0,0,1,0,0,0,1,0,1,1,0,1,1,2,1,4,1,2,0,0,0,0,0,1,1,1,2,0,1,1,1,0,0,0,0,0,0,0,4,0,1,2,0,0,1,0,2,0,0,1,0,0,0,0,0,0,0	action_costs	53;306,311;17,30,23;9,14,15,16;1,1,1,1,1;9,X,15,16,17;428,425,X,435,436;1,1,1,X,1;1,X,1,1,X;32,X,X,32,40;21,26,X,X,29;90,80,96,X,X;21,26,27,28,X;61,48,52,68,66;21,13,7,28,29;166,163,161,165,174;456,445,462,463,464;24,29,30,31,14;109,103,112,116,117;40,45,46,29,24;12,10,18,19,20;36,23,28,43,44;36,6,24,29,44;21,11,12,28,29;159,164,159,160,157;36,36,12,8,9;1,1,1,1,1;12,X,18,19,20;58,48,X,65,66;9,15,7,X,17;9,6,16,8,X;9,6,7,17,9;1,1,1,1,1;1,X,1,1,1;159,X,X,166,167;24,29,X,X,32;140,145,146,X,X;199,142,205,209,X;33,19,33,40,41;53,58,59,60,61;212,214,218,219,220;12,17,14,19,20;342,336,311,345,350;147,139,138,144,147;9,19,22,8,20;1,1,1,1,1;36,X,42,43,44;45,28,X,52,53;21,11,12,X,29;21,6,12,13,X;21,6,7,13,14;1,1,1,1,1;20,X,26,27,28;69,59,X,76,77;66,65,57,X,74;91,90,94,86,X;1,1,1,1,1;9,X,15,16,17;1,1,X,1,1;1,X,1,X,1;9,X,X,16,X;9,6,X,X,17;9,6,7,X,X;1,1,1,1,X;9,X,7,8,9;9,6,X,8,9;33,38,39,X,41;156,161,162,163,X;1,1,1,1,1;123,X,128,130,131;74,79,X,81,82;1,1,1,X,1;20,X,26,27,X;32,19,X,39,36;231,236,237,X,239;1,1,1,1,X;17,X,23,24,25;17,6,X,24,25;21,26,27,X,29;21,6,27,28,X;21,6,7,28,29;62,67,68,69,70;21,15,27,28,29;33,22,32,40,41;21,11,7,17,29;58,49,55,51,61;21,13,7,13,9;57,43,51,45,51;21,12,7,15,9;40,45,46,47,48;1,1,1,1,1;1,X,1,1,1;21,X,X,28,29;35,40,X,X,34;35,30,41,X,X;24,10,11,31,X;40,19,24,25,48;24,11,7,12,13;21,26,27,28,29;21,6,27,28,29;21,6,7,28,29;21,6,7,8,29;21,26,27,28,29;9,11,15,16,17;1,1,1,1,1;91,X,97,98,99;1,1,X,1,1;40,X,46,X,48;37,42,X,44,X;143,148,149,X,141;24,29,30,31,X;28,26,34,35,34;265,264,260,263,270;25,30,31,32,33;12,17,18,19,20;9,6,15,16,17;16,21,22,23,24;9,14,7,8,17;1,1,1,1,1;87,X,93,94,95;65,28,X,72,73;33,38,39,X,41;86,91,87,93,X;9,17,15,16,17;1,1,1,1,1;1,X,1,1,1;164,X,X,171,167;9,14,X,X,17
chunk_start	6784	n	128	W	4	D	3	baseline_cost	3694	exact_cost	3681	visited_states	25884	transitions	85540	max_frontier_states	256	baseline_refs	0,0,0,1,1,1,0,0,1,1,2,0,0,1,1,2,2,0,3,2,0,0,0,0,0,0,0,0,1,1,0,0,0,1,1,2,0,3,0,1,1,2,4,4,1,0,1,0,1,1,1,0,0,0,0,1,1,0,0,0,1,1,0,0,1,0,0,0,0,1,1,3,4,0,0,0,1,1,0,0,2,0,0,3,0,0,0,0,0,0,0,0,1,1,1,0,0,0,0,0,1,2,2,2,0,0,0,0,0,0,0,0,0,0,0,0,0,0,0,0,1,0,0,0,3,1,1,2	exact_refs	0,0,0,1,1,1,0,0,1,1,2,0,0,1,1,2,2,0,3,2,0,0,0,0,0,0,0,0,1,1,0,0,0,1,1,2,0,3,0,1,1,2,4,4,1,0,1,2,1,1,2,0,0,0,0,1,1,0,0,0,1,1,0,0,1,0,0,0,0,1,1,3,4,0,0,0,1,1,0,0,2,0,0,3,0,0,0,0,0,0,0,0,1,1,1,0,0,0,0,0,1,2,2,2,0,0,0,0,0,0,0,0,0,0,0,0,0,0,0,0,1,0,0,0,3,1,1,2	action_costs	79;93,95;12,17,18;9,6,15,16;9,6,7,16,17;9,6,7,8,17;1,1,1,1,1;21,X,27,28,29;21,6,X,28,29;36,19,20,X,44;21,11,7,8,X;1,1,1,1,1;248,X,254,255,256;305,246,X,312,307;241,146,216,X,249;69,72,54,61,X;81,88,65,82,89;9,15,16,21,24;132,125,135,124,129;125,130,120,130,123;1,1,1,1,1;1,X,1,1,1;72,X,X,79,80;9,12,X,X,17;1,1,1,X,X;1,X,1,1,X;21,X,X,28,29;24,29,X,X,32;40,23,46,X,X;57,48,63,64,X;9,12,15,16,17;1,1,1,1,1;12,X,18,19,20;9,6,X,16,17;36,23,24,X,44;9,10,7,8,X;1,1,1,1,1;50,X,56,47,58;68,63,X,75,66;24,13,30,X,32;40,23,31,47,X;40,24,20,28,48;65,64,65,61,52;24,13,12,13,9;24,6,14,13,14;21,26,27,28,29;33,23,39,40,41;21,10,7,28,29;21,6,11,8,29;21,6,7,12,9;21,6,7,8,13;21,26,27,28,29;78,83,84,85,86;1,1,1,1,1;40,X,46,47,48;16,10,X,23,24;16,6,11,X,24;1,1,1,1,X;21,X,27,28,29;17,22,X,24,25;17,6,23,X,25;17,6,7,24,X;1,1,1,1,1;9,X,15,16,17;9,6,X,16,17;1,1,1,X,1;140,X,146,147,X;1,1,X,1,1;21,X,27,X,29;62,48,X,69,X;50,30,41,X,58;37,23,24,20,X;21,11,12,13,9;9,14,15,16,17;1,1,1,1,1;24,X,30,31,32;24,6,X,31,32;24,6,7,X,32;9,14,15,16,X;1,1,1,1,1;189,X,188,196,197;9,14,X,16,17;1,1,1,X,1;25,X,31,17,X;1,1,X,1,1;1,X,1,X,1;1,X,X,1,X;40,X,X,X,48;1,1,X,X,X;9,X,15,X,X;1,1,X,1,X;12,X,18,X,20;9,6,X,16,X;9,6,7,X,17;9,6,7,8,X;1,1,1,1,1;41,X,47,48,49;9,14,X,16,17;1,1,1,X,1;21,X,27,28,X;37,15,X,44,45;21,11,7,X,29;104,92,89,94,X;21,15,7,13,9;9,14,15,16,17;1,1,1,1,1;1,X,1,1,1;9,X,X,16,17;13,18,X,X,21;21,26,27,X,X;1,1,1,1,X;1,X,1,1,1;9,X,X,16,17;1,1,X,X,1;1,X,1,X,X;21,X,X,28,X;190,195,X,X,198;17,22,23,X,X;1,1,1,1,X;9,X,15,16,17;51,41,X,58,46;21,26,27,X,29;1,1,1,1,X;1,X,1,1,1;94,X,X,86,102;187,175,X,X,195;221,142,205,X,X;54,34,33,41,X
chunk_start	6912	n	128	W	4	D	3	baseline_cost	2673	exact_cost	2642	visited_states	26493	transitions	90526	max_frontier_states	256	baseline_refs	0,0,2,3,2,2,0,1,1,0,0,1,0,1,2,1,1,0,0,1,1,1,0,0,1,0,0,0,0,1,0,0,1,2,1,0,0,0,0,1,2,1,2,1,0,0,1,0,1,1,1,0,1,1,1,2,0,1,1,2,3,1,0,1,1,0,0,0,0,0,0,0,0,0,0,0,1,1,1,0,0,0,2,1,1,0,0,0,0,0,0,1,2,3,2,3,1,0,1,0,0,0,1,0,0,0,1,2,2,0,0,0,0,2,1,0,1,1,1,0,0,0,0,0,3,0,1,0	exact_refs	0,0,2,3,2,2,0,1,1,0,0,1,0,1,2,1,1,0,0,1,1,1,0,0,1,0,0,0,0,1,0,0,1,2,1,0,0,0,0,1,2,1,2,1,0,0,1,1,1,4,1,1,3,1,0,1,1,2,1,2,3,4,0,1,1,0,0,0,0,0,0,0,0,0,0,0,1,1,1,0,0,0,2,1,1,0,0,0,0,0,0,1,2,3,2,3,1,0,1,0,0,0,1,0,0,0,1,2,2,0,0,0,0,2,1,0,1,1,1,0,0,0,0,0,3,0,1,0	action_costs	21;114,119;95,102,86;21,13,27,8;210,200,168,201,203;36,34,24,32,44;17,22,23,24,25;17,6,23,24,25;17,6,7,24,25;1,1,1,1,1;73,X,79,80,81;83,75,X,90,91;24,29,30,X,32;50,28,56,40,X;24,11,7,31,32;24,6,12,8,32;53,43,44,50,46;1,1,1,1,1;65,X,71,72,73;21,11,X,28,29;21,6,12,X,29;21,6,7,13,X;1,1,1,1,1;9,X,15,16,17;9,6,X,16,17;1,1,1,X,1;36,X,42,43,X;1,1,X,1,1;9,X,15,X,17;9,6,X,16,X;1,1,1,X,1;21,X,27,28,X;183,174,X,190,191;21,17,7,X,29;21,6,18,8,X;44,49,50,51,52;1,1,1,1,1;1,X,1,1,1;24,X,X,31,32;68,55,X,X,76;24,13,7,X,X;57,36,44,38,X;24,11,7,15,9;24,6,12,8,16;32,37,38,39,40;24,29,30,31,32;24,6,30,31,32;24,6,7,31,32;24,6,7,8,32;24,6,7,8,9;24,6,7,8,9;24,6,7,8,9;24,6,7,8,9;24,6,7,8,9;160,150,151,152,153;24,11,7,8,9;24,6,12,8,9;24,6,7,13,9;40,22,23,24,30;40,20,16,17,18;24,11,12,8,9;24,6,12,13,9;9,14,15,16,17;9,6,15,16,17;9,6,7,16,17;1,1,1,1,1;1,X,1,1,1;1,X,X,1,1;24,X,X,X,32;1,1,X,X,X;1,X,1,X,X;16,X,X,23,X;1,1,X,X,1;20,X,26,X,X;20,25,X,27,X;9,14,15,X,17;9,6,15,16,X;9,6,7,16,17;12,6,7,8,20;1,1,1,1,1;9,X,15,16,17;1,1,X,1,1;9,X,7,X,17;9,6,X,8,X;29,19,20,X,22;40,45,46,47,X;9,10,15,16,17;1,1,1,1,1;1,X,1,1,1;20,X,X,27,28;135,140,X,X,143;21,15,27,X,X;20,25,18,27,X;81,71,87,53,89;36,32,24,43,37;20,10,16,8,28;20,6,11,17,9;9,14,15,16,17;97,95,103,104,105;1,1,1,1,1;1,X,1,1,1;21,X,X,28,29;21,6,X,X,29;1,1,1,X,X;1,X,1,1,X;12,X,X,19,20;45,40,X,X,53;9,13,7,X,X;98,93,79,95,X;1,1,1,1,1;1,X,1,1,1;9,X,X,16,17;1,1,X,X,1;9,X,7,X,X;9,6,X,8,X;9,6,7,X,9;12,6,7,8,X;12,6,7,8,9;12,6,7,8,9;1,1,1,1,1;21,X,27,28,29;72,77,X,79,80;66,71,72,X,74;1,1,1,1,X;32,X,29,22,40;9,10,X,14,17;9,6,11,X,15;9,14,15,16,X
chunk_start	7040	n	75	W	4	D	3	baseline_cost	934	exact_cost	917	visited_states	12162	transitions	40373	max_frontier_states	256	baseline_refs	0,0,0,0,1,1,2,1,0,0,0,0,0,0,1,0,0,0,0,0,0,4,0,0,1,1,0,0,0,0,0,1,1,0,1,0,0,0,0,0,0,1,1,1,0,1,0,1,0,1,1,0,1,2,1,0,0,0,0,0,0,0,0,0,0,0,0,0,0,0,0,0,0,0,0	exact_refs	0,0,0,0,1,1,2,1,0,0,0,0,0,0,1,0,0,0,0,0,0,4,0,0,1,1,0,0,0,0,0,1,1,0,1,0,0,0,0,0,1,1,1,2,0,1,0,1,0,1,1,4,1,2,3,0,0,0,0,0,0,0,0,0,0,0,0,0,0,0,0,0,0,0,0	action_costs	9;1,1;24,X,30;21,26,X,28;21,6,27,X,29;36,14,15,43,X;21,11,7,8,29;21,6,12,8,9;1,1,1,1,1;137,X,143,144,138;1,1,X,1,1;25,X,31,X,33;21,26,X,28,X;17,22,23,X,20;17,6,23,24,X;1,1,1,1,1;9,X,15,16,17;89,94,X,96,97;1,1,1,X,1;1,X,1,1,X;1,X,X,1,1;24,X,X,X,14;13,18,X,X,X;24,29,30,X,X;24,6,30,31,X;24,6,7,31,32;1,1,1,1,1;9,X,15,16,17;1,1,X,1,1;21,X,27,X,29;36,41,X,43,X;24,11,30,X,32;89,72,78,96,X;21,26,27,28,29;21,6,27,28,29;1,1,1,1,1;9,X,15,16,17;1,1,X,1,1;21,X,27,X,29;21,26,X,28,X;21,6,27,X,29;21,6,7,28,X;21,6,7,8,29;21,6,7,8,9;21,26,27,28,29;21,6,27,28,29;21,26,27,28,29;40,26,46,47,48;21,26,27,28,29;21,6,27,28,29;21,6,7,28,29;40,45,46,47,30;20,10,26,27,28;24,29,12,31,32;24,6,30,13,32;9,14,15,16,17;1,1,1,1,1;1,X,1,1,1;1,X,X,1,1;1,X,X,X,1;1,X,X,X,X;1,X,X,X,X;1,X,X,X,X;1,X,X,X,X;1,X,X,X,X;1,X,X,X,X;1,X,X,X,X;1,X,X,X,X;1,X,X,X,X;1,X,X,X,X;1,X,X,X,X;1,X,X,X,X;1,X,X,X,X;1,X,X,X,X;1,X,X,X,X
