"manifest_id","manifest_sha256","mode","cell","replay","run_id","pass","error","record_count","logical_key_bytes","logical_value_bytes","total_sst_bytes","end_to_end_build_write_cpu_ns","end_to_end_build_write_wall_ns","peak_working_set_bytes","cold_full_scan_ns","warm_point_lookup_ns","warm_range_probe_ns","process_cpu_ns","process_wall_ns","run_directory_logical_bytes","selector_trace","result_sha256","result_path"
"nvd-2015","2D3CC2D0F4024C78C033C5427AD85F056FC5850E95B1AE45F07B3A545F28FE76","B0","G1","R1","nvd-2015-B0-G1-R1","True",,"996","21935","4168607","1248396","406250000","1340618200","22872064","4843700","1502200","403900","500000000","1438059200","1351548","","CDDC8FF18902A2C6E459B3ECE552AEAEF1A13E325740DA724B33C89B1BB881C8","resources/build/claim-runs/nvd-2015-B0-G1-R1/result.json"
"nvd-2015","2D3CC2D0F4024C78C033C5427AD85F056FC5850E95B1AE45F07B3A545F28FE76","B0","G1","R2","nvd-2015-B0-G1-R2","True",,"996","21935","4168607","1248396","265625000","1320687800","23187456","5214500","1707800","459600","312500000","1415566300","1352272","","98866DE87511A9842B65A47A5519DFBEA6EE673D224C7995C5CB621194BB7CBA","resources/build/claim-runs/nvd-2015-B0-G1-R2/result.json"
"nvd-2015","2D3CC2D0F4024C78C033C5427AD85F056FC5850E95B1AE45F07B3A545F28FE76","B0","G2","R1","nvd-2015-B0-G2-R1","True",,"996","21935","4168607","1248396","312500000","1078109800","22667264","4877500","1509900","484100","359375000","1182479000","1352298","","453B43BC25C688F69A38EC5CC62BCA0392AB37FBA502AC9B9DA96E6638D65505","resources/build/claim-runs/nvd-2015-B0-G2-R1/result.json"
"nvd-2015","2D3CC2D0F4024C78C033C5427AD85F056FC5850E95B1AE45F07B3A545F28FE76","B0","G2","R2","nvd-2015-B0-G2-R2","True",,"996","21935","4168607","1248396","406250000","1144697100","22233088","4676100","1482000","469800","437500000","1269510600","1352299","","887D042C37D0C4A9DC889EF5E0D8C618971886A3BBA3E9CDF617A18CBE8CADF0","resources/build/claim-runs/nvd-2015-B0-G2-R2/result.json"
"nvd-2015","2D3CC2D0F4024C78C033C5427AD85F056FC5850E95B1AE45F07B3A545F28FE76","B1","G1","R1","nvd-2015-B1-G1-R1","True",,"996","21935","4168607","886339","312500000","1428233900","23347200","5389700","1464500","501900","406250000","1527922700","990344","current	1	6387	0	0	0	0	0	0	0	4096 || current	1	6387	0	0	0	0	0	0	0	4096","2C78B64043B11174FF561959659FDBA738B175F9058D24878720F54DC19A5BD7","resources/build/claim-runs/nvd-2015-B1-G1-R1/result.json"
"nvd-2015","2D3CC2D0F4024C78C033C5427AD85F056FC5850E95B1AE45F07B3A545F28FE76","B1","G1","R2","nvd-2015-B1-G1-R2","True",,"996","21935","4168607","886339","328125000","1381505200","23257088","5257800","1591800","564700","359375000","1471787600","990342","current	1	6387	0	0	0	0	0	0	0	4096 || current	1	6387	0	0	0	0	0	0	0	4096","66B92E23E0D174D532678CB6C1993CB0B5260EDC73D85FFACCFB6385708046B2","resources/build/claim-runs/nvd-2015-B1-G1-R2/result.json"
"nvd-2015","2D3CC2D0F4024C78C033C5427AD85F056FC5850E95B1AE45F07B3A545F28FE76","B1","G2","R1","nvd-2015-B1-G2-R1","True",,"996","21935","4168607","858912","312500000","1096572400","23048192","4841800","1595800","432200","390625000","1196581700","962921","current	1	12132	0	0	0	0	0	0	0	8192 || current	1	12132	0	0	0	0	0	0	0	8192","887FBDEF2236D53CEF3E3C7DF5743E7F5231C18C292B9BEA3584BC6E25D7A5D0","resources/build/claim-runs/nvd-2015-B1-G2-R1/result.json"
"nvd-2015","2D3CC2D0F4024C78C033C5427AD85F056FC5850E95B1AE45F07B3A545F28FE76","B1","G2","R2","nvd-2015-B1-G2-R2","True",,"996","21935","4168607","858912","250000000","1081387100","23818240","5086400","1600400","456200","312500000","1176738100","962919","current	1	12132	0	0	0	0	0	0	0	8192 || current	1	12132	0	0	0	0	0	0	0	8192","DA61EECF8E6D707EB128BBB8DAD6AC5D03A9F3E2A6361106684C32E6925A7814","resources/build/claim-runs/nvd-2015-B1-G2-R2/result.json"
"nvd-2015","2D3CC2D0F4024C78C033C5427AD85F056FC5850E95B1AE45F07B3A545F28FE76","B2","G1","R1","nvd-2015-B2-G1-R1","True",,"996","21935","4168607","815913","281250000","1072542100","26456064","6887300","1815000","508100","359375000","1179669100","919944","current	10	74089	0	0	0	0	0	0	0	65536 || current	10	74089	0	0	0	0	0	0	0	65536","EBF5A610B4D7D1345347297E337B95DD69761F8005796F8112E9C71E54F72400","resources/build/claim-runs/nvd-2015-B2-G1-R1/result.json"
"nvd-2015","2D3CC2D0F4024C78C033C5427AD85F056FC5850E95B1AE45F07B3A545F28FE76","B2","G1","R2","nvd-2015-B2-G1-R2","True",,"996","21935","4168607","815913","296875000","1051879700","26611712","6146500","1483800","393100","359375000","1159209700","919922","current	10	74089	0	0	0	0	0	0	0	65536 || current	10	74089	0	0	0	0	0	0	0	65536","C695E53E27A70DF11CA31B0DA5F1D2629483B0D85BB79C3E818DC32ABDBF17CC","resources/build/claim-runs/nvd-2015-B2-G1-R2/result.json"
"nvd-2015","2D3CC2D0F4024C78C033C5427AD85F056FC5850E95B1AE45F07B3A545F28FE76","B2","G2","R1","nvd-2015-B2-G2-R1","True",,"996","21935","4168607","787251","265625000","1243057300","32972800","5994200","1537700","486800","312500000","1419658600","891294","current	14	133909	0	0	0	0	0	0	0	131072 || current	14	133909	0	0	0	0	0	0	0	131072","BC8C07A72E79A2C55D1BB4B9BEC295F09EBD39AEDB34C712BAB439591484501E","resources/build/claim-runs/nvd-2015-B2-G2-R1/result.json"
"nvd-2015","2D3CC2D0F4024C78C033C5427AD85F056FC5850E95B1AE45F07B3A545F28FE76","B2","G2","R2","nvd-2015-B2-G2-R2","True",,"996","21935","4168607","787251","343750000","1201433600","31948800","6620300","1743400","509900","437500000","1377726300","891267","current	14	133909	0	0	0	0	0	0	0	131072 || current	14	133909	0	0	0	0	0	0	0	131072","0016C2085AFCC28A4ABD2ACD05546D8AAD7B6B3E4164AE2FFC39A7A822480F0F","resources/build/claim-runs/nvd-2015-B2-G2-R2/result.json"
"nvd-2015","2D3CC2D0F4024C78C033C5427AD85F056FC5850E95B1AE45F07B3A545F28FE76","B3","G1","R1","nvd-2015-B3-G1-R1","True",,"996","21935","4168607","829050","265625000","1135790300","30511104","7199300","1774700","550700","328125000","1226991300","933079","prefix	13	76254	0	0	0	0	0	0	0	65536 || prefix	13	76254	0	0	0	0	0	0	0	65536","AC99CE8FE89E2E8C0F2D404AA983F9827EF9DD185B5671B19126B00BC72BDE1A","resources/build/claim-runs/nvd-2015-B3-G1-R1/result.json"
"nvd-2015","2D3CC2D0F4024C78C033C5427AD85F056FC5850E95B1AE45F07B3A545F28FE76","B3","G1","R2","nvd-2015-B3-G1-R2","True",,"996","21935","4168607","829050","312500000","1096589800","30629888","6304400","1540400","467700","343750000","1220996700","933054","prefix	13	76254	0	0	0	0	0	0	0	65536 || prefix	13	76254	0	0	0	0	0	0	0	65536","622967D6B9B259D72CCE02FB3103C5F451125AB2582367AA77D5A9325DE13ECE","resources/build/claim-runs/nvd-2015-B3-G1-R2/result.json"
"nvd-2015","2D3CC2D0F4024C78C033C5427AD85F056FC5850E95B1AE45F07B3A545F28FE76","B3","G2","R1","nvd-2015-B3-G2-R1","True",,"996","21935","4168607","797365","296875000","1234209000","27938816","6340600","1617600","583600","328125000","1330335400","900655","prefix	20	149918	0	0	0	0	0	0	0	131072 || prefix	20	149918	0	0	0	0	0	0	0	131072","F3C01414506BFAC3C7B0E27909A1A2E884B0321E8BDCB327BEEBEB4CD060E6B0","resources/build/claim-runs/nvd-2015-B3-G2-R1/result.json"
"nvd-2015","2D3CC2D0F4024C78C033C5427AD85F056FC5850E95B1AE45F07B3A545F28FE76","B3","G2","R2","nvd-2015-B3-G2-R2","True",,"996","21935","4168607","797365","218750000","1204705400","26734592","7255500","1823300","451600","265625000","1298358200","901406","prefix	20	149918	0	0	0	0	0	0	0	131072 || prefix	20	149918	0	0	0	0	0	0	0	131072","C1EC722EA76E8DD5AA1DF3CCDDC6745DEC16556CA333F6827FC30EBDF23DBCF6","resources/build/claim-runs/nvd-2015-B3-G2-R2/result.json"
"nvd-2015","2D3CC2D0F4024C78C033C5427AD85F056FC5850E95B1AE45F07B3A545F28FE76","B4","G1","R1","nvd-2015-B4-G1-R1","True",,"996","21935","4168607","831090","328125000","1122716700","30527488","6072200","1592400","532100","375000000","1232981300","935104","reservoir	34	272135	0	0	0	0	0	0	0	61727 || reservoir	34	272135	0	0	0	0	0	0	0	61727","8AE356C2CF3EB00B787F398A07994E6C234AA50BC7BC3059E9F912BC8C3ACDA7","resources/build/claim-runs/nvd-2015-B4-G1-R1/result.json"
"nvd-2015","2D3CC2D0F4024C78C033C5427AD85F056FC5850E95B1AE45F07B3A545F28FE76","B4","G1","R2","nvd-2015-B4-G1-R2","True",,"996","21935","4168607","831090","312500000","1096332900","29491200","7033200","1689400","454100","375000000","1212591600","934378","reservoir	34	272135	0	0	0	0	0	0	0	61727 || reservoir	34	272135	0	0	0	0	0	0	0	61727","98B74778D926F4DF7C218C0FFBFDCF0942183F3F5AE16B8D70ABD51A3518BA09","resources/build/claim-runs/nvd-2015-B4-G1-R2/result.json"
"nvd-2015","2D3CC2D0F4024C78C033C5427AD85F056FC5850E95B1AE45F07B3A545F28FE76","B4","G2","R1","nvd-2015-B4-G2-R1","True",,"996","21935","4168607","801471","390625000","1163422600","30666752","6366400","1674900","529400","437500000","1264323300","905515","reservoir	66	529801	0	0	0	0	0	0	0	129120 || reservoir	66	529801	0	0	0	0	0	0	0	129120","FDBBEB053B35D45E58DC2A0BCCCBE5BB816761C127B370B7C71542BF6CFBE7D8","resources/build/claim-runs/nvd-2015-B4-G2-R1/result.json"
"nvd-2015","2D3CC2D0F4024C78C033C5427AD85F056FC5850E95B1AE45F07B3A545F28FE76","B4","G2","R2","nvd-2015-B4-G2-R2","True",,"996","21935","4168607","801471","359375000","1145868300","32944128","7698100","1639300","406900","406250000","1243632200","905516","reservoir	66	529801	0	0	0	0	0	0	0	129120 || reservoir	66	529801	0	0	0	0	0	0	0	129120","2792C2186F0B709F42AE5F12D27137E865709967F93D8C9EB2BA30720A25ED0C","resources/build/claim-runs/nvd-2015-B4-G2-R2/result.json"
"nvd-2015","2D3CC2D0F4024C78C033C5427AD85F056FC5850E95B1AE45F07B3A545F28FE76","B5","G1","R1","nvd-2015-B5-G1-R1","True",,"996","21935","4168607","822749","343750000","927124400","29855744","6806700","1708500","675400","390625000","1054540500","926039","stratified	34	272135	0	0	0	0	0	0	0	64945 || stratified	34	272135	0	0	0	0	0	0	0	64945","B89E0197472CDCD34AE16F9DECAC1EFEF26C3286AB71F1F14888F99ECC86FB68","resources/build/claim-runs/nvd-2015-B5-G1-R1/result.json"
"nvd-2015","2D3CC2D0F4024C78C033C5427AD85F056FC5850E95B1AE45F07B3A545F28FE76","B5","G1","R2","nvd-2015-B5-G1-R2","True",,"996","21935","4168607","822749","296875000","906233600","28131328","5883100","1535700","518600","343750000","1034449100","926788","stratified	34	272135	0	0	0	0	0	0	0	64945 || stratified	34	272135	0	0	0	0	0	0	0	64945","68DA48847894F1299D2B696944B498F286535C9955071B29E22B23B10DADFFE2","resources/build/claim-runs/nvd-2015-B5-G1-R2/result.json"
"nvd-2015","2D3CC2D0F4024C78C033C5427AD85F056FC5850E95B1AE45F07B3A545F28FE76","B5","G2","R1","nvd-2015-B5-G2-R1","True",,"996","21935","4168607","777813","375000000","1126272200","32722944","6305800","1638700","540600","421875000","1217742400","881862","stratified	66	529801	0	0	0	0	0	0	0	128419 || stratified	66	529801	0	0	0	0	0	0	0	128419","4E28BCAE51E0D19865DC4F3E33088051E73006DF964DE835EFE0CF741AEAD5C3","resources/build/claim-runs/nvd-2015-B5-G2-R1/result.json"
"nvd-2015","2D3CC2D0F4024C78C033C5427AD85F056FC5850E95B1AE45F07B3A545F28FE76","B5","G2","R2","nvd-2015-B5-G2-R2","True",,"996","21935","4168607","777813","359375000","1103419200","32927744","6976100","1941700","511600","390625000","1197677200","881862","stratified	66	529801	0	0	0	0	0	0	0	128419 || stratified	66	529801	0	0	0	0	0	0	0	128419","6640A41913E3349AAAD7AA86AC78D3EBDA756398F373027CF9E9B114AF6576D9","resources/build/claim-runs/nvd-2015-B5-G2-R2/result.json"
"nvd-2015","2D3CC2D0F4024C78C033C5427AD85F056FC5850E95B1AE45F07B3A545F28FE76","C1","G1","R1","nvd-2015-C1-G1-R1","True",,"996","21935","4168607","859091","406250000","925927700","31092736","6945200","1659800","515600","437500000","1015021900","963181","candidate	34	272135	1075	248413	993652	212454	620	261	65517	65517 || candidate	34	272135	1075	248413	993652	212454	620	261	65517	65517","69D87E155A12BE8517B38120E787FE19BC7075DBD9AD01096BCD6F42809DF8A5","resources/build/claim-runs/nvd-2015-C1-G1-R1/result.json"
"nvd-2015","2D3CC2D0F4024C78C033C5427AD85F056FC5850E95B1AE45F07B3A545F28FE76","C1","G1","R2","nvd-2015-C1-G1-R2","True",,"996","21935","4168607","859091","578125000","906329400","31784960","7026100","1592700","508600","625000000","995247200","963180","candidate	34	272135	1075	248413	993652	212454	620	261	65517	65517 || candidate	34	272135	1075	248413	993652	212454	620	261	65517	65517","29F3E49260DE58AA22522477A1519CEE816B1759E09D861F68FADAD94B3FC851","resources/build/claim-runs/nvd-2015-C1-G1-R2/result.json"
"nvd-2015","2D3CC2D0F4024C78C033C5427AD85F056FC5850E95B1AE45F07B3A545F28FE76","C1","G2","R1","nvd-2015-C1-G2-R1","True",,"996","21935","4168607","815913","750000000","1401021300","31395840","7237700","1663900","449400","796875000","1495435900","920016","candidate	66	529801	2092	483575	1934300	815332	1217	518	131071	131071 || candidate	66	529801	2092	483575	1934300	815332	1217	518	131071	131071","BCB1B13CBC18CC922B4B9C7C29835FD6C844822A61B664B7FA4B1B09F13B81E3","resources/build/claim-runs/nvd-2015-C1-G2-R1/result.json"
"nvd-2015","2D3CC2D0F4024C78C033C5427AD85F056FC5850E95B1AE45F07B3A545F28FE76","C1","G2","R2","nvd-2015-C1-G2-R2","True",,"996","21935","4168607","815913","765625000","1393273700","28884992","6716600","1575900","505600","796875000","1490952200","920015","candidate	66	529801	2092	483575	1934300	815332	1217	518	131071	131071 || candidate	66	529801	2092	483575	1934300	815332	1217	518	131071	131071","72B4D1C9A12561C4B4726CDD275E475DCFD6C8B5DA9B7837AF3BB46D19027439","resources/build/claim-runs/nvd-2015-C1-G2-R2/result.json"
"nvd-2016","5D0D1C16FDE026E8FA96F739F5C2A0E91A72F5CF05003F6A9722E7033C73A80D","B0","G1","R1","nvd-2016-B0-G1-R1","True",,"954","21130","4171620","1244700","312500000","937298800","23269376","4752500","1558100","587500","343750000","1033759000","1348602","","26F679C4BD6C0F9F5D0D0181384601603A625EE3B6ECBFAECA10F4FB5BEEDA14","resources/build/claim-runs/nvd-2016-B0-G1-R1/result.json"
"nvd-2016","5D0D1C16FDE026E8FA96F739F5C2A0E91A72F5CF05003F6A9722E7033C73A80D","B0","G1","R2","nvd-2016-B0-G1-R2","True",,"954","21130","4171620","1244700","281250000","910093100","22740992","5352700","1697500","429900","328125000","998577500","1348600","","E8B84104223C356AC50711A307788A93CF6A6E008AD3C3092F50AA7ACA51A69B","resources/build/claim-runs/nvd-2016-B0-G1-R2/result.json"
"nvd-2016","5D0D1C16FDE026E8FA96F739F5C2A0E91A72F5CF05003F6A9722E7033C73A80D","B0","G2","R1","nvd-2016-B0-G2-R1","True",,"954","21130","4171620","1244700","281250000","1368680300","23224320","6148200","1728500","663400","328125000","1570066100","1348602","","C2888697986F62012AB26D31C4FAB51DB6F701CFF6CEC4DF3454447D198B95A5","resources/build/claim-runs/nvd-2016-B0-G2-R1/result.json"
"nvd-2016","5D0D1C16FDE026E8FA96F739F5C2A0E91A72F5CF05003F6A9722E7033C73A80D","B0","G2","R2","nvd-2016-B0-G2-R2","True",,"954","21130","4171620","1244700","296875000","1332088600","23093248","4805500","1478300","516300","328125000","1532989900","1348601","","3E51BD8FD760FDA9FAB5E57106F2D561B3FC53ED5025BBAAA0C7B7648DF8A054","resources/build/claim-runs/nvd-2016-B0-G2-R2/result.json"
"nvd-2016","5D0D1C16FDE026E8FA96F739F5C2A0E91A72F5CF05003F6A9722E7033C73A80D","B1","G1","R1","nvd-2016-B1-G1-R1","True",,"954","21130","4171620","905391","250000000","1632184600","23085056","4640900","1494800","549700","265625000","1808516800","1008648","current	1	5375	0	0	0	0	0	0	0	4096 || current	1	5375	0	0	0	0	0	0	0	4096","AD8354D18342849E099077F7A49387359E231D474AEEDB14E66AE5C61320FBF6","resources/build/claim-runs/nvd-2016-B1-G1-R1/result.json"
"nvd-2016","5D0D1C16FDE026E8FA96F739F5C2A0E91A72F5CF05003F6A9722E7033C73A80D","B1","G1","R2","nvd-2016-B1-G1-R2","True",,"954","21130","4171620","905391","234375000","1681450100","23236608","4741700","1496600","468100","296875000","1830134600","1009399","current	1	5375	0	0	0	0	0	0	0	4096 || current	1	5375	0	0	0	0	0	0	0	4096","7E9560D469A2927444F2F1FCD42E67CB6AC60B6A4205A42157BE8DE671EF4394","resources/build/claim-runs/nvd-2016-B1-G1-R2/result.json"
"nvd-2016","5D0D1C16FDE026E8FA96F739F5C2A0E91A72F5CF05003F6A9722E7033C73A80D","B1","G2","R1","nvd-2016-B1-G2-R1","True",,"954","21130","4171620","807815","250000000","1454997000","23408640","4763100","1491900","552800","296875000","1594172900","911824","current	2	11864	0	0	0	0	0	0	0	8192 || current	2	11864	0	0	0	0	0	0	0	8192","4673F25D49BFACF42D314B2A9B5B2B694D0E2429ED7BDFA371F211F56F402C26","resources/build/claim-runs/nvd-2016-B1-G2-R1/result.json"
"nvd-2016","5D0D1C16FDE026E8FA96F739F5C2A0E91A72F5CF05003F6A9722E7033C73A80D","B1","G2","R2","nvd-2016-B1-G2-R2","True",,"954","21130","4171620","807815","281250000","1388605900","23539712","5067100","1782700","702100","312500000","1527190700","911822","current	2	11864	0	0	0	0	0	0	0	8192 || current	2	11864	0	0	0	0	0	0	0	8192","D0739BD225CAE44F997199F1941612ADF9A1B1547E75D4B4C5BB95F7B73895DD","resources/build/claim-runs/nvd-2016-B1-G2-R2/result.json"
"nvd-2016","5D0D1C16FDE026E8FA96F739F5C2A0E91A72F5CF05003F6A9722E7033C73A80D","B2","G1","R1","nvd-2016-B2-G1-R1","True",,"954","21130","4171620","790104","375000000","1278226800","31318016","7251200","1561700","494200","406250000","1494273900","894134","current	11	70911	0	0	0	0	0	0	0	65536 || current	11	70911	0	0	0	0	0	0	0	65536","9920C11142419929DD8F9FC1881F665A9362AAE8E8B6309F5AFDCD9F3862CE1B","resources/build/claim-runs/nvd-2016-B2-G1-R1/result.json"
"nvd-2016","5D0D1C16FDE026E8FA96F739F5C2A0E91A72F5CF05003F6A9722E7033C73A80D","B2","G1","R2","nvd-2016-B2-G1-R2","True",,"954","21130","4171620","790104","343750000","1347321900","32342016","6365800","1468700","482000","375000000","1500443800","894134","current	11	70911	0	0	0	0	0	0	0	65536 || current	11	70911	0	0	0	0	0	0	0	65536","01E8E08F5B4A92A7DDC0CDC182DACB93594FA571AF58A13F0FF8C3A9328E9D4A","resources/build/claim-runs/nvd-2016-B2-G1-R2/result.json"
"nvd-2016","5D0D1C16FDE026E8FA96F739F5C2A0E91A72F5CF05003F6A9722E7033C73A80D","B2","G2","R1","nvd-2016-B2-G2-R1","True",,"954","21130","4171620","739110","328125000","1449856500","33021952","6013400","1348600","373300","437500000","1641293800","842400","current	19	144931	0	0	0	0	0	0	0	131072 || current	19	144931	0	0	0	0	0	0	0	131072","50F015C03FB274D1F109B84001F6752C3C85FD79A49276615851F43C01ABFAEE","resources/build/claim-runs/nvd-2016-B2-G2-R1/result.json"
"nvd-2016","5D0D1C16FDE026E8FA96F739F5C2A0E91A72F5CF05003F6A9722E7033C73A80D","B2","G2","R2","nvd-2016-B2-G2-R2","True",,"954","21130","4171620","739110","281250000","1367027700","29085696","5945300","1503100","513500","312500000","1559078800","843151","current	19	144931	0	0	0	0	0	0	0	131072 || current	19	144931	0	0	0	0	0	0	0	131072","14C33CE61733BF918609BD420AD0BEFB5D87D5EAC1DC42BD0243CD4054112589","resources/build/claim-runs/nvd-2016-B2-G2-R2/result.json"
"nvd-2016","5D0D1C16FDE026E8FA96F739F5C2A0E91A72F5CF05003F6A9722E7033C73A80D","B3","G1","R1","nvd-2016-B3-G1-R1","True",,"954","21130","4171620","829973","265625000","1280531800","29007872","6423800","1465400","503800","312500000","1401237800","934003","prefix	11	75854	0	0	0	0	0	0	0	65536 || prefix	11	75854	0	0	0	0	0	0	0	65536","1AD2C90DE7B6D8A61E4E42AD5D1D188AF8FE2540E9E50A023704804F113C9B62","resources/build/claim-runs/nvd-2016-B3-G1-R1/result.json"
"nvd-2016","5D0D1C16FDE026E8FA96F739F5C2A0E91A72F5CF05003F6A9722E7033C73A80D","B3","G1","R2","nvd-2016-B3-G1-R2","True",,"954","21130","4171620","829973","312500000","893362600","32481280","7614600","1836400","500300","359375000","1003341000","934004","prefix	11	75854	0	0	0	0	0	0	0	65536 || prefix	11	75854	0	0	0	0	0	0	0	65536","4ED997DEC6728894338662564EB4BD8B9BB00CA01D821DF424F09287D00684A1","resources/build/claim-runs/nvd-2016-B3-G1-R2/result.json"
"nvd-2016","5D0D1C16FDE026E8FA96F739F5C2A0E91A72F5CF05003F6A9722E7033C73A80D","B3","G2","R1","nvd-2016-B3-G2-R1","True",,"954","21130","4171620","769047","375000000","893875800","30670848","6006500","1548200","555000","421875000","982084100","873061","prefix	22	147690	0	0	0	0	0	0	0	131072 || prefix	22	147690	0	0	0	0	0	0	0	131072","4DE8784AB481F7C970E020EF2C1025416C3A61F5FDDCC77E65D15B40A0F60257","resources/build/claim-runs/nvd-2016-B3-G2-R1/result.json"
"nvd-2016","5D0D1C16FDE026E8FA96F739F5C2A0E91A72F5CF05003F6A9722E7033C73A80D","B3","G2","R2","nvd-2016-B3-G2-R2","True",,"954","21130","4171620","769047","296875000","1238264600","31129600","6233100","1628300","585300","359375000","1342739300","873084","prefix	22	147690	0	0	0	0	0	0	0	131072 || prefix	22	147690	0	0	0	0	0	0	0	131072","32F6406297E438D4A857E3B5ACF4CADF7CBE8153CFAA7413547BC0B9E0A0A7FE","resources/build/claim-runs/nvd-2016-B3-G2-R2/result.json"
"nvd-2016","5D0D1C16FDE026E8FA96F739F5C2A0E91A72F5CF05003F6A9722E7033C73A80D","B4","G1","R1","nvd-2016-B4-G1-R1","True",,"954","21130","4171620","801397","359375000","1219633400","25567232","6331900","1918300","505800","406250000","1322596200","905436","reservoir	38	263681	0	0	0	0	0	0	0	65128 || reservoir	38	263681	0	0	0	0	0	0	0	65128","DDBD60CA6A9FA3EA9EAF84E75B38AD7B7009469E893D09067320DA94102FBCC1","resources/build/claim-runs/nvd-2016-B4-G1-R1/result.json"
"nvd-2016","5D0D1C16FDE026E8FA96F739F5C2A0E91A72F5CF05003F6A9722E7033C73A80D","B4","G1","R2","nvd-2016-B4-G1-R2","True",,"954","21130","4171620","801397","343750000","1001006200","30183424","6560200","1575400","538900","390625000","1095256800","905435","reservoir	38	263681	0	0	0	0	0	0	0	65128 || reservoir	38	263681	0	0	0	0	0	0	0	65128","9F907770262A21F1C6EF78070F577CF3674E6A951A1652525E3C22026F40F6DD","resources/build/claim-runs/nvd-2016-B4-G1-R2/result.json"
"nvd-2016","5D0D1C16FDE026E8FA96F739F5C2A0E91A72F5CF05003F6A9722E7033C73A80D","B4","G2","R1","nvd-2016-B4-G2-R1","True",,"954","21130","4171620","754076","265625000","987810500","30957568","6471600","1583700","427500","312500000","1090917200","857347","reservoir	73	532651	0	0	0	0	0	0	0	131066 || reservoir	73	532651	0	0	0	0	0	0	0	131066","61D9227672B0C2F54C27ECE1C378DC6395ED0B9118BC8ABEB2C087B0A66855DE","resources/build/claim-runs/nvd-2016-B4-G2-R1/result.json"
"nvd-2016","5D0D1C16FDE026E8FA96F739F5C2A0E91A72F5CF05003F6A9722E7033C73A80D","B4","G2","R2","nvd-2016-B4-G2-R2","True",,"954","21130","4171620","754076","375000000","837111900","30920704","6253500","1453700","484300","406250000","952940000","858123","reservoir	73	532651	0	0	0	0	0	0	0	131066 || reservoir	73	532651	0	0	0	0	0	0	0	131066","3F501E610AD0AC190639BCBB8C5D3F972236FF1AC8E9B99A247B3808BEC89F76","resources/build/claim-runs/nvd-2016-B4-G2-R2/result.json"
"nvd-2016","5D0D1C16FDE026E8FA96F739F5C2A0E91A72F5CF05003F6A9722E7033C73A80D","B5","G1","R1","nvd-2016-B5-G1-R1","True",,"954","21130","4171620","774446","328125000","822203500","31006720","6248200","1439100","403600","375000000","948955500","878487","stratified	38	263681	0	0	0	0	0	0	0	63175 || stratified	38	263681	0	0	0	0	0	0	0	63175","C620364EBB9CAF7F2C73A619D6283DF6B77E8064BBE225AF37F90DD56D03F769","resources/build/claim-runs/nvd-2016-B5-G1-R1/result.json"
"nvd-2016","5D0D1C16FDE026E8FA96F739F5C2A0E91A72F5CF05003F6A9722E7033C73A80D","B5","G1","R2","nvd-2016-B5-G1-R2","True",,"954","21130","4171620","774446","406250000","1001053000","31686656","6435200","1551700","553300","484375000","1171058200","878484","stratified	38	263681	0	0	0	0	0	0	0	63175 || stratified	38	263681	0	0	0	0	0	0	0	63175","9DF8347F1930C14C416240C79CD304E13BCEA2DC5C62C1682710B8D81927640B","resources/build/claim-runs/nvd-2016-B5-G1-R2/result.json"
"nvd-2016","5D0D1C16FDE026E8FA96F739F5C2A0E91A72F5CF05003F6A9722E7033C73A80D","B5","G2","R1","nvd-2016-B5-G2-R1","True",,"954","21130","4171620","756544","328125000","988632900","32563200","7489400","1457500","441300","406250000","1151017000","860591","stratified	73	532651	0	0	0	0	0	0	0	130936 || stratified	73	532651	0	0	0	0	0	0	0	130936","A89EE1F426408C68D8C73B90F67A695B89487208650DD6BB073F0670F4951074","resources/build/claim-runs/nvd-2016-B5-G2-R1/result.json"
"nvd-2016","5D0D1C16FDE026E8FA96F739F5C2A0E91A72F5CF05003F6A9722E7033C73A80D","B5","G2","R2","nvd-2016-B5-G2-R2","True",,"954","21130","4171620","756544","359375000","1056687700","33312768","7216600","1593900","659700","406250000","1218945900","860590","stratified	73	532651	0	0	0	0	0	0	0	130936 || stratified	73	532651	0	0	0	0	0	0	0	130936","CA6FD6E8D0C1FF1BED17FD87399D609C1AFA0F6F942FF6367105F108B58E0415","resources/build/claim-runs/nvd-2016-B5-G2-R2/result.json"
"nvd-2016","5D0D1C16FDE026E8FA96F739F5C2A0E91A72F5CF05003F6A9722E7033C73A80D","C1","G1","R1","nvd-2016-C1-G1-R1","True",,"954","21130","4171620","852035","531250000","1121539300","30916608","7932100","1736300","673800","546875000","1261875500","956125","candidate	38	263681	1041	240615	962460	202538	618	259	65520	65520 || candidate	38	263681	1041	240615	962460	202538	618	259	65520	65520","626D7C7923FFA923AC5861E7F07C72E96A8566555A34F937ABA27700BACF9635","resources/build/claim-runs/nvd-2016-C1-G1-R1/result.json"
"nvd-2016","5D0D1C16FDE026E8FA96F739F5C2A0E91A72F5CF05003F6A9722E7033C73A80D","C1","G1","R2","nvd-2016-C1-G1-R2","True",,"954","21130","4171620","852035","406250000","1011849700","32874496","6484200","1616800","588100","453125000","1101808600","956125","candidate	38	263681	1041	240615	962460	202538	618	259	65520	65520 || candidate	38	263681	1041	240615	962460	202538	618	259	65520	65520","077A0CECAA6E8B86C0ED8842075BD6123EF3BEF00EB6F67EB31C148B2D0EDB8C","resources/build/claim-runs/nvd-2016-C1-G1-R2/result.json"
"nvd-2016","5D0D1C16FDE026E8FA96F739F5C2A0E91A72F5CF05003F6A9722E7033C73A80D","C1","G2","R1","nvd-2016-C1-G2-R1","True",,"954","21130","4171620","766817","750000000","1316364300","31203328","7790200","1901500","452600","796875000","1411239800","870920","candidate	73	532651	2102	486118	1944472	820512	1243	518	131024	131024 || candidate	73	532651	2102	486118	1944472	820512	1243	518	131024	131024","5E2258D437F8D4E546653EFE5C3EF42A7B6640527DE790BFC2E569049231AF7A","resources/build/claim-runs/nvd-2016-C1-G2-R1/result.json"
"nvd-2016","5D0D1C16FDE026E8FA96F739F5C2A0E91A72F5CF05003F6A9722E7033C73A80D","C1","G2","R2","nvd-2016-C1-G2-R2","True",,"954","21130","4171620","766817","750000000","1233832600","31825920","6529800","1531700","435400","796875000","1347635700","870920","candidate	73	532651	2102	486118	1944472	820512	1243	518	131024	131024 || candidate	73	532651	2102	486118	1944472	820512	1243	518	131024	131024","1D488E99E18BB39470AA8C8333C65BCE33AFF5FA26CC8366796FCC1CB8BFFC37","resources/build/claim-runs/nvd-2016-C1-G2-R2/result.json"
"nvd-2017","6665026FB192A00E0B807984EBED4D5427077F07C8C976390E4C83B716D73347","B0","G1","R1","nvd-2017-B0-G1-R1","True",,"1016","22919","4168942","1255113","171875000","423912900","23789568","4973000","1603100","495600","203125000","513235800","1359030","","898333B011343E89B2F2CC2AE89AB397D733A7368BC6C98F6EE12F46581F853B","resources/build/claim-runs/nvd-2017-B0-G1-R1/result.json"
"nvd-2017","6665026FB192A00E0B807984EBED4D5427077F07C8C976390E4C83B716D73347","B0","G1","R2","nvd-2017-B0-G1-R2","True",,"1016","22919","4168942","1255113","218750000","430376000","23724032","5112600","1504600","421200","359375000","524457800","1359032","","FA9A4A69868B1512C80344529CCA6CEF503A1B639548007E9C626239523C2AD6","resources/build/claim-runs/nvd-2017-B0-G1-R2/result.json"
"nvd-2017","6665026FB192A00E0B807984EBED4D5427077F07C8C976390E4C83B716D73347","B0","G2","R1","nvd-2017-B0-G2-R1","True",,"1016","22919","4168942","1255113","218750000","433474100","23937024","5165400","1505100","391500","265625000","534588400","1359031","","602E6347E93C3D361A72FC3C0441BE0817F95A2E9A88EC10D99433CB5CF828E4","resources/build/claim-runs/nvd-2017-B0-G2-R1/result.json"
"nvd-2017","6665026FB192A00E0B807984EBED4D5427077F07C8C976390E4C83B716D73347","B0","G2","R2","nvd-2017-B0-G2-R2","True",,"1016","22919","4168942","1255113","171875000","684470200","24121344","6051000","1714900","483300","265625000","782492400","1359032","","649A2AEB6EDEFB99275712E44BBBD377DD57635C541A492C770E9A8558ACAB28","resources/build/claim-runs/nvd-2017-B0-G2-R2/result.json"
"nvd-2017","6665026FB192A00E0B807984EBED4D5427077F07C8C976390E4C83B716D73347","B1","G1","R1","nvd-2017-B1-G1-R1","True",,"1016","22919","4168942","864905","156250000","392159200","24125440","5123100","1636100","515200","187500000","486359800","968905","current	1	9944	0	0	0	0	0	0	0	4096 || current	1	9944	0	0	0	0	0	0	0	4096","4D9F418D38177CE0B4207506BE859935FDE15B1192A551B087B4A483D5264553","resources/build/claim-runs/nvd-2017-B1-G1-R1/result.json"
"nvd-2017","6665026FB192A00E0B807984EBED4D5427077F07C8C976390E4C83B716D73347","B1","G1","R2","nvd-2017-B1-G1-R2","True",,"1016","22919","4168942","864905","156250000","398021000","23273472","5355000","1544200","400000","203125000","485322000","968928","current	1	9944	0	0	0	0	0	0	0	4096 || current	1	9944	0	0	0	0	0	0	0	4096","1837B7A8DB6CFBFE5D2DA7F77D3CB878DA5130A64C27C1DA5E86C71BE2EB5384","resources/build/claim-runs/nvd-2017-B1-G1-R2/result.json"
"nvd-2017","6665026FB192A00E0B807984EBED4D5427077F07C8C976390E4C83B716D73347","B1","G2","R1","nvd-2017-B1-G2-R1","True",,"1016","22919","4168942","807402","187500000","409760700","23470080","5151100","1600900","370000","234375000","492491600","911402","current	2	18566	0	0	0	0	0	0	0	8192 || current	2	18566	0	0	0	0	0	0	0	8192","DC993567F7EC5823E6DD303A422665FA7E81FA9F011E49E871DB9C5359B9BA98","resources/build/claim-runs/nvd-2017-B1-G2-R1/result.json"
"nvd-2017","6665026FB192A00E0B807984EBED4D5427077F07C8C976390E4C83B716D73347","B1","G2","R2","nvd-2017-B1-G2-R2","True",,"1016","22919","4168942","807402","218750000","431847700","23490560","5391400","1662200","618400","281250000","523443400","911424","current	2	18566	0	0	0	0	0	0	0	8192 || current	2	18566	0	0	0	0	0	0	0	8192","A3F72A0458AA667466E57A2D6DF784B5DFF7501055F93EBF014243F27DEB2F13","resources/build/claim-runs/nvd-2017-B1-G2-R2/result.json"
"nvd-2017","6665026FB192A00E0B807984EBED4D5427077F07C8C976390E4C83B716D73347","B2","G1","R1","nvd-2017-B2-G1-R1","True",,"1016","22919","4168942","826672","156250000","463997900","31412224","6408700","1537900","505600","171875000","577836800","930722","current	10	68403	0	0	0	0	0	0	0	65536 || current	10	68403	0	0	0	0	0	0	0	65536","36FF7EF544EC7114FEE09A62F5B945E7C69C5089ADD1EA5A5C96E2CC17A888ED","resources/build/claim-runs/nvd-2017-B2-G1-R1/result.json"
"nvd-2017","6665026FB192A00E0B807984EBED4D5427077F07C8C976390E4C83B716D73347","B2","G1","R2","nvd-2017-B2-G1-R2","True",,"1016","22919","4168942","826672","250000000","486165800","31178752","6457300","1607900","467700","312500000","587960100","930719","current	10	68403	0	0	0	0	0	0	0	65536 || current	10	68403	0	0	0	0	0	0	0	65536","6D523EEDE3E98F7DA20F6DEE6EDCC28E0871A3628E9CBB247E9D96C49E6F89C1","resources/build/claim-runs/nvd-2017-B2-G1-R2/result.json"
"nvd-2017","6665026FB192A00E0B807984EBED4D5427077F07C8C976390E4C83B716D73347","B2","G2","R1","nvd-2017-B2-G2-R1","True",,"1016","22919","4168942","762528","171875000","490371000","33030144","6116500","1757900","567300","234375000","594023900","866587","current	21	135677	0	0	0	0	0	0	0	131072 || current	21	135677	0	0	0	0	0	0	0	131072","713F3AA9CB62C4F02FACA1FA24266ECE7A9A9E168C5C7F7707ACE10E9C02D34C","resources/build/claim-runs/nvd-2017-B2-G2-R1/result.json"
"nvd-2017","6665026FB192A00E0B807984EBED4D5427077F07C8C976390E4C83B716D73347","B2","G2","R2","nvd-2017-B2-G2-R2","True",,"1016","22919","4168942","762528","234375000","431057700","31948800","7183700","1838300","668200","281250000","531266700","866588","current	21	135677	0	0	0	0	0	0	0	131072 || current	21	135677	0	0	0	0	0	0	0	131072","A4F47D6452294473E3183AB75D356D943A6D14247EA95BE878B18B5AFD5CA525","resources/build/claim-runs/nvd-2017-B2-G2-R2/result.json"
"nvd-2017","6665026FB192A00E0B807984EBED4D5427077F07C8C976390E4C83B716D73347","B3","G1","R1","nvd-2017-B3-G1-R1","True",,"1016","22919","4168942","856878","234375000","422371100","29765632","6946100","1691300","529100","296875000","527562600","960924","prefix	11	80113	0	0	0	0	0	0	0	65536 || prefix	11	80113	0	0	0	0	0	0	0	65536","F5E8C2EA72EF3EB91CF52C0A66A78E01CC979C1A9A789F4454F01892325031A9","resources/build/claim-runs/nvd-2017-B3-G1-R1/result.json"
"nvd-2017","6665026FB192A00E0B807984EBED4D5427077F07C8C976390E4C83B716D73347","B3","G1","R2","nvd-2017-B3-G1-R2","True",,"1016","22919","4168942","856878","203125000","427625300","32219136","7391900","1782900","443600","234375000","526885200","960172","prefix	11	80113	0	0	0	0	0	0	0	65536 || prefix	11	80113	0	0	0	0	0	0	0	65536","7AB95419ED4BE5D6390AFF426A6522DAACBBA74BF163F8ABFA266A149A642279","resources/build/claim-runs/nvd-2017-B3-G1-R2/result.json"
"nvd-2017","6665026FB192A00E0B807984EBED4D5427077F07C8C976390E4C83B716D73347","B3","G2","R1","nvd-2017-B3-G2-R1","True",,"1016","22919","4168942","815486","156250000","460361800","32923648","6720200","1520400","383800","203125000","602366400","919494","prefix	20	144352	0	0	0	0	0	0	0	131072 || prefix	20	144352	0	0	0	0	0	0	0	131072","19C54770C4DD0831ED4FC1A4D98276410E995C6ACE875AA48F4A0113A8C7C8C1","resources/build/claim-runs/nvd-2017-B3-G2-R1/result.json"
"nvd-2017","6665026FB192A00E0B807984EBED4D5427077F07C8C976390E4C83B716D73347","B3","G2","R2","nvd-2017-B3-G2-R2","True",,"1016","22919","4168942","815486","187500000","463418300","26660864","6772800","1655300","513100","234375000","561347100","919541","prefix	20	144352	0	0	0	0	0	0	0	131072 || prefix	20	144352	0	0	0	0	0	0	0	131072","000519CD50ABC6A5D518318979172C26CC76B6D6EDD4BE4F460B328763D1B880","resources/build/claim-runs/nvd-2017-B3-G2-R2/result.json"
"nvd-2017","6665026FB192A00E0B807984EBED4D5427077F07C8C976390E4C83B716D73347","B4","G1","R1","nvd-2017-B4-G1-R1","True",,"1016","22919","4168942","821224","140625000","417107700","32985088","7118500","1586700","504500","203125000","516335400","925278","reservoir	38	262425	0	0	0	0	0	0	0	62894 || reservoir	38	262425	0	0	0	0	0	0	0	62894","BC6E13973697A7AF11ADD52EF81D2A7D9766A45C6E5AA85B086F4B16FBAD3EB5","resources/build/claim-runs/nvd-2017-B4-G1-R1/result.json"
"nvd-2017","6665026FB192A00E0B807984EBED4D5427077F07C8C976390E4C83B716D73347","B4","G1","R2","nvd-2017-B4-G1-R2","True",,"1016","22919","4168942","821224","187500000","434553800","30818304","7555000","1505200","657800","234375000","531667000","925280","reservoir	38	262425	0	0	0	0	0	0	0	62894 || reservoir	38	262425	0	0	0	0	0	0	0	62894","FA8D61FB17C242794365DDB3955AC75F5F015CCD3138BDBAB5565D83ED0C9373","resources/build/claim-runs/nvd-2017-B4-G1-R2/result.json"
"nvd-2017","6665026FB192A00E0B807984EBED4D5427077F07C8C976390E4C83B716D73347","B4","G2","R1","nvd-2017-B4-G2-R1","True",,"1016","22919","4168942","767158","203125000","440455200","31481856","6653500","1623400","497800","234375000","549860900","871222","reservoir	87	527783	0	0	0	0	0	0	0	129413 || reservoir	87	527783	0	0	0	0	0	0	0	129413","E9F03A005C2B5ED6D244DEADA7710F65098B5C6291D158E7C5189A471DBC94E2","resources/build/claim-runs/nvd-2017-B4-G2-R1/result.json"
"nvd-2017","6665026FB192A00E0B807984EBED4D5427077F07C8C976390E4C83B716D73347","B4","G2","R2","nvd-2017-B4-G2-R2","True",,"1016","22919","4168942","767158","218750000","512430100","33021952","6558700","1595500","499400","265625000","597498800","870468","reservoir	87	527783	0	0	0	0	0	0	0	129413 || reservoir	87	527783	0	0	0	0	0	0	0	129413","D4B8F71C668306576999FFFB3D45A9A09772947E4FB3281967E369016545680E","resources/build/claim-runs/nvd-2017-B4-G2-R2/result.json"
"nvd-2017","6665026FB192A00E0B807984EBED4D5427077F07C8C976390E4C83B716D73347","B5","G1","R1","nvd-2017-B5-G1-R1","True",,"1016","22919","4168942","836830","156250000","504139600","32718848","7525300","1578000","495600","218750000","608769400","940888","stratified	38	262425	0	0	0	0	0	0	0	65266 || stratified	38	262425	0	0	0	0	0	0	0	65266","3E5BF193607605555911D751AEBAFFA18420D18BD2F671FF65E1BFA57942FAC9","resources/build/claim-runs/nvd-2017-B5-G1-R1/result.json"
"nvd-2017","6665026FB192A00E0B807984EBED4D5427077F07C8C976390E4C83B716D73347","B5","G1","R2","nvd-2017-B5-G1-R2","True",,"1016","22919","4168942","836830","218750000","502115700","28852224","6631800","1541400","433400","265625000","592132400","940859","stratified	38	262425	0	0	0	0	0	0	0	65266 || stratified	38	262425	0	0	0	0	0	0	0	65266","12B15B0A2F8FB63488D2BB470F4F9FC52AD39C8B15591CE993183C17D836054E","resources/build/claim-runs/nvd-2017-B5-G1-R2/result.json"
"nvd-2017","6665026FB192A00E0B807984EBED4D5427077F07C8C976390E4C83B716D73347","B5","G2","R1","nvd-2017-B5-G2-R1","True",,"1016","22919","4168942","784551","187500000","511097300","31395840","7236300","1879700","453900","265625000","632401900","888617","stratified	87	527783	0	0	0	0	0	0	0	130672 || stratified	87	527783	0	0	0	0	0	0	0	130672","1705C506D8EED93A57B2F99C7D0A5C39089D9C4B012C4FFA9C70E0C5C99CD5EB","resources/build/claim-runs/nvd-2017-B5-G2-R1/result.json"
"nvd-2017","6665026FB192A00E0B807984EBED4D5427077F07C8C976390E4C83B716D73347","B5","G2","R2","nvd-2017-B5-G2-R2","True",,"1016","22919","4168942","784551","218750000","430420800","32980992","6409200","1577300","398800","265625000","558144700","888591","stratified	87	527783	0	0	0	0	0	0	0	130672 || stratified	87	527783	0	0	0	0	0	0	0	130672","DC5A32BA51A0106075495725EC9A0266D6B5022D58C96A5C0B1FA57741907667","resources/build/claim-runs/nvd-2017-B5-G2-R2/result.json"
"nvd-2017","6665026FB192A00E0B807984EBED4D5427077F07C8C976390E4C83B716D73347","C1","G1","R1","nvd-2017-C1-G1-R1","True",,"1016","22919","4168942","879774","375000000","529008300","32858112","6471200","1608300","507300","421875000","629092000","983881","candidate	38	262425	1036	239420	957680	200203	613	257	65488	65488 || candidate	38	262425	1036	239420	957680	200203	613	257	65488	65488","927F0C5D1554AD76D72E0C3BEF22DABEE6C82CB407F875C8D1CE1900E9E2627D","resources/build/claim-runs/nvd-2017-C1-G1-R1/result.json"
"nvd-2017","6665026FB192A00E0B807984EBED4D5427077F07C8C976390E4C83B716D73347","C1","G1","R2","nvd-2017-C1-G1-R2","True",,"1016","22919","4168942","879774","343750000","1197135400","30785536","7592000","1635400","438500","375000000","1342434700","983882","candidate	38	262425	1036	239420	957680	200203	613	257	65488	65488 || candidate	38	262425	1036	239420	957680	200203	613	257	65488	65488","DF003BBCC299FB064952A7C779920D7C9C990D3A9F508B5B6D0B08EF54606809","resources/build/claim-runs/nvd-2017-C1-G1-R2/result.json"
"nvd-2017","6665026FB192A00E0B807984EBED4D5427077F07C8C976390E4C83B716D73347","C1","G2","R1","nvd-2017-C1-G2-R1","True",,"1016","22919","4168942","791068","515625000","1439984400","32886784","6278900","1607800","441000","593750000","1581254800","895190","candidate	87	527783	2083	481246	1924984	808572	1258	516	131022	131022 || candidate	87	527783	2083	481246	1924984	808572	1258	516	131022	131022","3AEB96EAA08AF0F333EAE3CA4CAE1AFF7304FACAE1028CF8A4D99140C322CB16","resources/build/claim-runs/nvd-2017-C1-G2-R1/result.json"
"nvd-2017","6665026FB192A00E0B807984EBED4D5427077F07C8C976390E4C83B716D73347","C1","G2","R2","nvd-2017-C1-G2-R2","True",,"1016","22919","4168942","791068","531250000","1219165000","33009664","6461000","1720300","582000","593750000","1364710400","894436","candidate	87	527783	2083	481246	1924984	808572	1258	516	131022	131022 || candidate	87	527783	2083	481246	1924984	808572	1258	516	131022	131022","F686A08CCEC47A8529ADC50F0F57362BD2C5F6F1E8A910E92ABF27F67858980F","resources/build/claim-runs/nvd-2017-C1-G2-R2/result.json"
"nvd-2018","BB1FDD1734DE392DB878B2CF8932AB95A0CC190C5D8CB6A6E7304BD071391CC6","B0","G1","R1","nvd-2018-B0-G1-R1","True",,"967","21889","4172305","1281791","281250000","1618327200","23625728","4876900","1491000","496600","312500000","1770939300","1385695","","A710574EAC3BB614B9BECA3716DB753095B8A0A38F2EE03F94395FA888EB18E2","resources/build/claim-runs/nvd-2018-B0-G1-R1/result.json"
"nvd-2018","BB1FDD1734DE392DB878B2CF8932AB95A0CC190C5D8CB6A6E7304BD071391CC6","B0","G1","R2","nvd-2018-B0-G1-R2","True",,"967","21889","4172305","1281791","328125000","1863394200","23560192","5852000","1275600","453700","375000000","2050443800","1384944","","6945B385ADA592BC0FC55D94E1B4311FA7A1424DCE39B790BCEA6AEA8671AA72","resources/build/claim-runs/nvd-2018-B0-G1-R2/result.json"
"nvd-2018","BB1FDD1734DE392DB878B2CF8932AB95A0CC190C5D8CB6A6E7304BD071391CC6","B0","G2","R1","nvd-2018-B0-G2-R1","True",,"967","21889","4172305","1281791","296875000","1799113400","23289856","5760300","1263700","355200","343750000","1955260900","1385693","","C0D323BB1FAFF6EB50D7E697DB583AD4D23535825821FC85994B414B7F58C5C7","resources/build/claim-runs/nvd-2018-B0-G2-R1/result.json"
"nvd-2018","BB1FDD1734DE392DB878B2CF8932AB95A0CC190C5D8CB6A6E7304BD071391CC6","B0","G2","R2","nvd-2018-B0-G2-R2","True",,"967","21889","4172305","1281791","343750000","2203552100","23584768","5422400","1451700","408800","390625000","2844467800","1385694","","9B433DC84D77B915D2F44FFFD07EF68E993ACDED8B083FB64F7A355D4756AE93","resources/build/claim-runs/nvd-2018-B0-G2-R2/result.json"
"nvd-2018","BB1FDD1734DE392DB878B2CF8932AB95A0CC190C5D8CB6A6E7304BD071391CC6","B1","G1","R1","nvd-2018-B1-G1-R1","True",,"967","21889","4172305","871966","328125000","2410526900","23646208","5050000","1881100","532200","359375000","2566375400","975975","current	1	4263	0	0	0	0	0	0	0	4096 || current	1	4263	0	0	0	0	0	0	0	4096","A1E4C7A16E8D12D1FAB1738A863C609F982DEC90DED8B2A5500E9F6A1A95006D","resources/build/claim-runs/nvd-2018-B1-G1-R1/result.json"
"nvd-2018","BB1FDD1734DE392DB878B2CF8932AB95A0CC190C5D8CB6A6E7304BD071391CC6","B1","G1","R2","nvd-2018-B1-G1-R2","True",,"967","21889","4172305","871966","250000000","4386896900","23883776","5407200","1515000","525100","312500000","4740565000","975971","current	1	4263	0	0	0	0	0	0	0	4096 || current	1	4263	0	0	0	0	0	0	0	4096","24F4B633B34A8266FEF3BA92605D1D8EC5748898C62ADA8466E606961898FDE1","resources/build/claim-runs/nvd-2018-B1-G1-R2/result.json"
"nvd-2018","BB1FDD1734DE392DB878B2CF8932AB95A0CC190C5D8CB6A6E7304BD071391CC6","B1","G2","R1","nvd-2018-B1-G2-R1","True",,"967","21889","4172305","885387","281250000","4052613900","23990272","4974300","1516000","536300","343750000","4215504100","989393","current	2	8396	0	0	0	0	0	0	0	8192 || current	2	8396	0	0	0	0	0	0	0	8192","49FEB55B4B7CA888172BD7FB24D23B7364E4BA993870F88080986E2B67FC8288","resources/build/claim-runs/nvd-2018-B1-G2-R1/result.json"
"nvd-2018","BB1FDD1734DE392DB878B2CF8932AB95A0CC190C5D8CB6A6E7304BD071391CC6","B1","G2","R2","nvd-2018-B1-G2-R2","True",,"967","21889","4172305","885387","359375000","2030073500","24248320","6050200","1462200","493200","421875000","2189491900","989394","current	2	8396	0	0	0	0	0	0	0	8192 || current	2	8396	0	0	0	0	0	0	0	8192","ADCACB3A0AF7FCD647AD3DDF175AA33315B4269BCBB47FC1978DC0622FB281B8","resources/build/claim-runs/nvd-2018-B1-G2-R2/result.json"
"nvd-2018","BB1FDD1734DE392DB878B2CF8932AB95A0CC190C5D8CB6A6E7304BD071391CC6","B2","G1","R1","nvd-2018-B2-G1-R1","True",,"967","21889","4172305","837481","312500000","2100793300","31678464","6623400","1504600","491800","390625000","2260784500","941513","current	10	70192	0	0	0	0	0	0	0	65536 || current	10	70192	0	0	0	0	0	0	0	65536","305C233AE4474F2D94D2194595C7CBDBE95A39D8CEAAD3448A2015E271CF91DA","resources/build/claim-runs/nvd-2018-B2-G1-R1/result.json"
"nvd-2018","BB1FDD1734DE392DB878B2CF8932AB95A0CC190C5D8CB6A6E7304BD071391CC6","B2","G1","R2","nvd-2018-B2-G1-R2","True",,"967","21889","4172305","837481","453125000","2729805300","30744576","6308100","1459800","495900","515625000","2901895300","941511","current	10	70192	0	0	0	0	0	0	0	65536 || current	10	70192	0	0	0	0	0	0	0	65536","A69F4BF70A3DB805066F37992AD7102E8BB2F4F31201A66480C76CE4C57C98FE","resources/build/claim-runs/nvd-2018-B2-G1-R2/result.json"
"nvd-2018","BB1FDD1734DE392DB878B2CF8932AB95A0CC190C5D8CB6A6E7304BD071391CC6","B2","G2","R1","nvd-2018-B2-G2-R1","True",,"967","21889","4172305","821859","265625000","3131808800","30752768","8144700","1798100","495000","312500000","4488530400","925899","current	15	136953	0	0	0	0	0	0	0	131072 || current	15	136953	0	0	0	0	0	0	0	131072","50C7599BCA1906862EC287D94167A1C2F83C8D65A879F52F8414E84BBD02F1AD","resources/build/claim-runs/nvd-2018-B2-G2-R1/result.json"
"nvd-2018","BB1FDD1734DE392DB878B2CF8932AB95A0CC190C5D8CB6A6E7304BD071391CC6","B2","G2","R2","nvd-2018-B2-G2-R2","True",,"967","21889","4172305","821859","421875000","5365406400","33263616","7668600","1417900","435600","453125000","6613664700","925903","current	15	136953	0	0	0	0	0	0	0	131072 || current	15	136953	0	0	0	0	0	0	0	131072","13F32C20F113806D3CC92FBA0B70869D6F566FF39A3A1B00B5204143A00E9BDB","resources/build/claim-runs/nvd-2018-B2-G2-R2/result.json"
"nvd-2018","BB1FDD1734DE392DB878B2CF8932AB95A0CC190C5D8CB6A6E7304BD071391CC6","B3","G1","R1","nvd-2018-B3-G1-R1","True",,"967","21889","4172305","1281803","468750000","4378973800","23703552","5440300","1463200","515100","515625000","6158285800","1385848","prefix	4	83231	0	0	0	0	0	0	0	65536 || prefix	4	83231	0	0	0	0	0	0	0	65536","7EBE7B29BABFDBEF45EE30036008787EC1E3115E9416B7380FCDA092113C6DF7","resources/build/claim-runs/nvd-2018-B3-G1-R1/result.json"
"nvd-2018","BB1FDD1734DE392DB878B2CF8932AB95A0CC190C5D8CB6A6E7304BD071391CC6","B3","G1","R2","nvd-2018-B3-G1-R2","True",,"967","21889","4172305","1281803","421875000","4484782000","23834624","5787600","1354600","373800","468750000","6279465800","1385845","prefix	4	83231	0	0	0	0	0	0	0	65536 || prefix	4	83231	0	0	0	0	0	0	0	65536","2EDD3FC39D7CB42DF4132180741F9ADF2D756F7E6D347521B3E5C8EE71B94F9D","resources/build/claim-runs/nvd-2018-B3-G1-R2/result.json"
"nvd-2018","BB1FDD1734DE392DB878B2CF8932AB95A0CC190C5D8CB6A6E7304BD071391CC6","B3","G2","R1","nvd-2018-B3-G2-R1","True",,"967","21889","4172305","904881","453125000","4992602100","31453184","7755300","1343900","416000","531250000","5623708000","1008920","prefix	8	147708	0	0	0	0	0	0	0	131072 || prefix	8	147708	0	0	0	0	0	0	0	131072","E3F046920E6E251D1D6EB66F138A110A79AEE65F5F38FC11DC024636F97B8864","resources/build/claim-runs/nvd-2018-B3-G2-R1/result.json"
"nvd-2018","BB1FDD1734DE392DB878B2CF8932AB95A0CC190C5D8CB6A6E7304BD071391CC6","B3","G2","R2","nvd-2018-B3-G2-R2","True",,"967","21889","4172305","904881","406250000","3493606600","32280576","7457200","1546800","383900","437500000","3688509300","1008894","prefix	8	147708	0	0	0	0	0	0	0	131072 || prefix	8	147708	0	0	0	0	0	0	0	131072","707778A45CACF3CDCE3205DA0CF6711DA0A8B0DDC05E75E787D81AFE64A0E7D6","resources/build/claim-runs/nvd-2018-B3-G2-R2/result.json"
"nvd-2018","BB1FDD1734DE392DB878B2CF8932AB95A0CC190C5D8CB6A6E7304BD071391CC6","B4","G1","R1","nvd-2018-B4-G1-R1","True",,"967","21889","4172305","835335","406250000","1731993100","32194560","6831000","1577700","515000","468750000","1869671200","939371","reservoir	27	265569	0	0	0	0	0	0	0	63599 || reservoir	27	265569	0	0	0	0	0	0	0	63599","52B11E1CDF6C304DC36402B3739649B342A26665B9E79A96D30729A9E709022F","resources/build/claim-runs/nvd-2018-B4-G1-R1/result.json"
"nvd-2018","BB1FDD1734DE392DB878B2CF8932AB95A0CC190C5D8CB6A6E7304BD071391CC6","B4","G1","R2","nvd-2018-B4-G1-R2","True",,"967","21889","4172305","835335","296875000","1939865500","32169984","6485200","1429400","391000","359375000","2122576700","939374","reservoir	27	265569	0	0	0	0	0	0	0	63599 || reservoir	27	265569	0	0	0	0	0	0	0	63599","21BC094A50DA1A86207D588672420400AA8F576C5B462A78A9EDD679950037DC","resources/build/claim-runs/nvd-2018-B4-G1-R2/result.json"
"nvd-2018","BB1FDD1734DE392DB878B2CF8932AB95A0CC190C5D8CB6A6E7304BD071391CC6","B4","G2","R1","nvd-2018-B4-G2-R1","True",,"967","21889","4172305","784508","312500000","1992085600","31453184","6709000","1454200","412500","406250000","2140116800","888554","reservoir	64	541957	0	0	0	0	0	0	0	130269 || reservoir	64	541957	0	0	0	0	0	0	0	130269","2DDA8A4E2C8C1B77EE67F614A891AC141C7B9E76378CCC32527DCC338E6BB821","resources/build/claim-runs/nvd-2018-B4-G2-R1/result.json"
"nvd-2018","BB1FDD1734DE392DB878B2CF8932AB95A0CC190C5D8CB6A6E7304BD071391CC6","B4","G2","R2","nvd-2018-B4-G2-R2","True",,"967","21889","4172305","784508","406250000","1897770100","31961088","6778200","1406600","386100","437500000","2012545600","887803","reservoir	64	541957	0	0	0	0	0	0	0	130269 || reservoir	64	541957	0	0	0	0	0	0	0	130269","DDE16A6891082BA27F8582F0EA6AF54903729E6DEC045AD50E814F3AD623F43F","resources/build/claim-runs/nvd-2018-B4-G2-R2/result.json"
"nvd-2018","BB1FDD1734DE392DB878B2CF8932AB95A0CC190C5D8CB6A6E7304BD071391CC6","B5","G1","R1","nvd-2018-B5-G1-R1","True",,"967","21889","4172305","1281803","281250000","1829290300","23580672","5218400","1511200","504700","312500000","1954416000","1385858","stratified	27	265569	0	0	0	0	0	0	0	64878 || stratified	27	265569	0	0	0	0	0	0	0	64878","34840DBEDA7B7170F0C6533EDF672B8373DE2895E56637B90CB37C7BD15ECD98","resources/build/claim-runs/nvd-2018-B5-G1-R1/result.json"
"nvd-2018","BB1FDD1734DE392DB878B2CF8932AB95A0CC190C5D8CB6A6E7304BD071391CC6","B5","G1","R2","nvd-2018-B5-G1-R2","True",,"967","21889","4172305","1281803","406250000","1842162400","23916544","5056500","1681500","423400","468750000","1985987700","1385858","stratified	27	265569	0	0	0	0	0	0	0	64878 || stratified	27	265569	0	0	0	0	0	0	0	64878","E605CC1588DE042517004B784188F36639B00612DA4D2FD5CFE82004F8463C5B","resources/build/claim-runs/nvd-2018-B5-G1-R2/result.json"
"nvd-2018","BB1FDD1734DE392DB878B2CF8932AB95A0CC190C5D8CB6A6E7304BD071391CC6","B5","G2","R1","nvd-2018-B5-G2-R1","True",,"967","21889","4172305","788760","265625000","1910137100","33263616","6668300","1501100","503200","328125000","2055749800","892808","stratified	64	541957	0	0	0	0	0	0	0	128574 || stratified	64	541957	0	0	0	0	0	0	0	128574","77416453A5A14FFF7169923FEF502F313973068AB367D47D00EADDFE4F642D86","resources/build/claim-runs/nvd-2018-B5-G2-R1/result.json"
"nvd-2018","BB1FDD1734DE392DB878B2CF8932AB95A0CC190C5D8CB6A6E7304BD071391CC6","B5","G2","R2","nvd-2018-B5-G2-R2","True",,"967","21889","4172305","788760","390625000","1815893500","31293440","6487300","1477500","486000","421875000","1947789400","892806","stratified	64	541957	0	0	0	0	0	0	0	128574 || stratified	64	541957	0	0	0	0	0	0	0	128574","605192751C026936B2DB282C2DFD44732AFD1C8BEB1188B71084550EC3C2E891","resources/build/claim-runs/nvd-2018-B5-G2-R2/result.json"
"nvd-2018","BB1FDD1734DE392DB878B2CF8932AB95A0CC190C5D8CB6A6E7304BD071391CC6","C1","G1","R1","nvd-2018-C1-G1-R1","True",,"967","21889","4172305","925458","468750000","1948565800","33054720","6650700","1527700","534800","484375000","2129784400","1028796","candidate	27	265569	1044	242221	968884	201761	632	258	65375	65375 || candidate	27	265569	1044	242221	968884	201761	632	258	65375	65375","E9149FFD4A48839A40027DC545E6E2457B4A458F65E07238F83F2FB9DE9A5E66","resources/build/claim-runs/nvd-2018-C1-G1-R1/result.json"
"nvd-2018","BB1FDD1734DE392DB878B2CF8932AB95A0CC190C5D8CB6A6E7304BD071391CC6","C1","G1","R2","nvd-2018-C1-G1-R2","True",,"967","21889","4172305","925458","453125000","2180523900","31416320","7319000","1953400","482400","484375000","2309015700","1029548","candidate	27	265569	1044	242221	968884	201761	632	258	65375	65375 || candidate	27	265569	1044	242221	968884	201761	632	258	65375	65375","9D49279AD875112754AE8EFFCFBB0CE1E77545BA9700B1F1F0600D3B4CE1D17A","resources/build/claim-runs/nvd-2018-C1-G1-R2/result.json"
"nvd-2018","BB1FDD1734DE392DB878B2CF8932AB95A0CC190C5D8CB6A6E7304BD071391CC6","C1","G2","R1","nvd-2018-C1-G2-R1","True",,"967","21889","4172305","832268","781250000","2307251900","29552640","6696400","1463600","502100","796875000","2475638600","936371","candidate	64	541957	2134	494333	1977332	833802	1314	516	131064	131064 || candidate	64	541957	2134	494333	1977332	833802	1314	516	131064	131064","260575D5353109C5AE6B720B06EDDEF3A16F44177280F7D20079E56B56521CA1","resources/build/claim-runs/nvd-2018-C1-G2-R1/result.json"
"nvd-2018","BB1FDD1734DE392DB878B2CF8932AB95A0CC190C5D8CB6A6E7304BD071391CC6","C1","G2","R2","nvd-2018-C1-G2-R2","True",,"967","21889","4172305","832268","656250000","2127233500","31649792","7004900","1603900","408600","687500000","2317591600","936346","candidate	64	541957	2134	494333	1977332	833802	1314	516	131064	131064 || candidate	64	541957	2134	494333	1977332	833802	1314	516	131064	131064","4FAFE057618C7E57699BF938BF8931D0DF4F724BB734EC2CA6502A79ABFEF43B","resources/build/claim-runs/nvd-2018-C1-G2-R2/result.json"
"nvd-2019","4E2405964E9BE11A430DE95BF75339A4163D8F7AEAB53B3F6DE190EC7DCD4877","B0","G1","R1","nvd-2019-B0-G1-R1","True",,"813","18374","4173993","1182423","312500000","1713097700","24514560","4607800","1314000","474000","343750000","1870819300","1286325","","6851C71779FB1ECBD7B93E06A670D8CFDB6AD584C18194D277EF574C73561871","resources/build/claim-runs/nvd-2019-B0-G1-R1/result.json"
"nvd-2019","4E2405964E9BE11A430DE95BF75339A4163D8F7AEAB53B3F6DE190EC7DCD4877","B0","G1","R2","nvd-2019-B0-G1-R2","True",,"813","18374","4173993","1182423","312500000","1995147800","24395776","5420600","1137300","429500","390625000","2181096500","1286325","","FC6918BE235CDE1234EC834C1B45E65B44D131FDA33B7A8DDBD00F89438F7D02","resources/build/claim-runs/nvd-2019-B0-G1-R2/result.json"
"nvd-2019","4E2405964E9BE11A430DE95BF75339A4163D8F7AEAB53B3F6DE190EC7DCD4877","B0","G2","R1","nvd-2019-B0-G2-R1","True",,"813","18374","4173993","1182423","281250000","1963503300","24276992","5222200","1355000","425700","328125000","2138087900","1285549","","0DD3F769B85CB189AC2ED3AA5E30BDF7CDB02637FC776908C11C2E1394BEF3CA","resources/build/claim-runs/nvd-2019-B0-G2-R1/result.json"
"nvd-2019","4E2405964E9BE11A430DE95BF75339A4163D8F7AEAB53B3F6DE190EC7DCD4877","B0","G2","R2","nvd-2019-B0-G2-R2","True",,"813","18374","4173993","1182423","343750000","1775287400","23744512","5191900","1340000","537400","390625000","1961392400","1286301","","2A06D7E1E5EC817683C1B11F87C5D6017DFEE9D8C143C1BF9DBC4CB459C101F6","resources/build/claim-runs/nvd-2019-B0-G2-R2/result.json"
"nvd-2019","4E2405964E9BE11A430DE95BF75339A4163D8F7AEAB53B3F6DE190EC7DCD4877","B1","G1","R1","nvd-2019-B1-G1-R1","True",,"813","18374","4173993","852182","250000000","1778102900","23842816","4613400","1290400","544200","281250000","1922723300","956188","current	1	9443	0	0	0	0	0	0	0	4096 || current	1	9443	0	0	0	0	0	0	0	4096","762BE9F26CBFBFC100DF5E4C7AC2060486752B5AD8F220A62B80538E2AA23C3D","resources/build/claim-runs/nvd-2019-B1-G1-R1/result.json"
"nvd-2019","4E2405964E9BE11A430DE95BF75339A4163D8F7AEAB53B3F6DE190EC7DCD4877","B1","G1","R2","nvd-2019-B1-G1-R2","True",,"813","18374","4173993","852182","171875000","1934006700","23814144","5197100","1209300","432900","250000000","2114170600","956190","current	1	9443	0	0	0	0	0	0	0	4096 || current	1	9443	0	0	0	0	0	0	0	4096","857978503BFE92FF361E93DCEC85672805507D20C3CBD7E961AE91C7EE84E10B","resources/build/claim-runs/nvd-2019-B1-G1-R2/result.json"
"nvd-2019","4E2405964E9BE11A430DE95BF75339A4163D8F7AEAB53B3F6DE190EC7DCD4877","B1","G2","R1","nvd-2019-B1-G2-R1","True",,"813","18374","4173993","855565","203125000","1812381900","23912448","4703900","1330500","568600","265625000","2000369900","959570","current	2	25386	0	0	0	0	0	0	0	8192 || current	2	25386	0	0	0	0	0	0	0	8192","26E01912471C31EB9AF6DC36B708437B061C04133EFB79781FEA0D8FDD667071","resources/build/claim-runs/nvd-2019-B1-G2-R1/result.json"
"nvd-2019","4E2405964E9BE11A430DE95BF75339A4163D8F7AEAB53B3F6DE190EC7DCD4877","B1","G2","R2","nvd-2019-B1-G2-R2","True",,"813","18374","4173993","855565","218750000","3071737100","24211456","4688800","1432300","636700","234375000","3340247200","959575","current	2	25386	0	0	0	0	0	0	0	8192 || current	2	25386	0	0	0	0	0	0	0	8192","2D1DFBEBEB201DA5D38993238BA7C4021C569003465CD3E245D2A7ADA5A2E8E0","resources/build/claim-runs/nvd-2019-B1-G2-R2/result.json"
"nvd-2019","4E2405964E9BE11A430DE95BF75339A4163D8F7AEAB53B3F6DE190EC7DCD4877","B2","G1","R1","nvd-2019-B2-G1-R1","True",,"813","18374","4173993","872694","218750000","2731280400","28868608","5660600","1334300","610100","343750000","2853619800","975973","current	8	99016	0	0	0	0	0	0	0	65536 || current	8	99016	0	0	0	0	0	0	0	65536","816738958CAA9084935ABA1B139C681C47EDE559017395D122E160F3550A90EB","resources/build/claim-runs/nvd-2019-B2-G1-R1/result.json"
"nvd-2019","4E2405964E9BE11A430DE95BF75339A4163D8F7AEAB53B3F6DE190EC7DCD4877","B2","G1","R2","nvd-2019-B2-G1-R2","True",,"813","18374","4173993","872694","296875000","1654367400","32366592","5910500","1332700","476600","359375000","1775442200","976725","current	8	99016	0	0	0	0	0	0	0	65536 || current	8	99016	0	0	0	0	0	0	0	65536","FBAA22B69BDC958AE3757D0D95DB2A513402CAA8BD11749E8604550A8E09E5E1","resources/build/claim-runs/nvd-2019-B2-G1-R2/result.json"
"nvd-2019","4E2405964E9BE11A430DE95BF75339A4163D8F7AEAB53B3F6DE190EC7DCD4877","B2","G2","R1","nvd-2019-B2-G2-R1","True",,"813","18374","4173993","817697","296875000","1613182500","32747520","6393800","1235800","407700","343750000","1733613400","921739","current	11	131418	0	0	0	0	0	0	0	131072 || current	11	131418	0	0	0	0	0	0	0	131072","AF6C897E5935CB6818A5F39FC4B3D82FC7FBB4D481B50ECE2B06B2622EC950C6","resources/build/claim-runs/nvd-2019-B2-G2-R1/result.json"
"nvd-2019","4E2405964E9BE11A430DE95BF75339A4163D8F7AEAB53B3F6DE190EC7DCD4877","B2","G2","R2","nvd-2019-B2-G2-R2","True",,"813","18374","4173993","817697","296875000","1720092800","30883840","6410400","1213500","499100","375000000","1840436300","921738","current	11	131418	0	0	0	0	0	0	0	131072 || current	11	131418	0	0	0	0	0	0	0	131072","46BDAB49C0E4CF8289BACA67A2508211C0BF0E774E21AF69EE4BAF4E56DB8F4A","resources/build/claim-runs/nvd-2019-B2-G2-R2/result.json"
"nvd-2019","4E2405964E9BE11A430DE95BF75339A4163D8F7AEAB53B3F6DE190EC7DCD4877","B3","G1","R1","nvd-2019-B3-G1-R1","True",,"813","18374","4173993","1182435","296875000","1687144000","23633920","4615500","1343700","503000","343750000","1808034200","1286482","prefix	3	115551	0	0	0	0	0	0	0	65536 || prefix	3	115551	0	0	0	0	0	0	0	65536","8FD2813DC5048B88E894549910CEC0422F53ED3C3F554033EE058338D1FBDFF1","resources/build/claim-runs/nvd-2019-B3-G1-R1/result.json"
"nvd-2019","4E2405964E9BE11A430DE95BF75339A4163D8F7AEAB53B3F6DE190EC7DCD4877","B3","G1","R2","nvd-2019-B3-G1-R2","True",,"813","18374","4173993","1182435","250000000","1635102400","24051712","4652800","1409500","496200","296875000","1758307500","1286478","prefix	3	115551	0	0	0	0	0	0	0	65536 || prefix	3	115551	0	0	0	0	0	0	0	65536","A6788A59619D88F506B7AC9146E0D4BA88FA558718310C4C8CF130EC3F60D2B1","resources/build/claim-runs/nvd-2019-B3-G1-R2/result.json"
"nvd-2019","4E2405964E9BE11A430DE95BF75339A4163D8F7AEAB53B3F6DE190EC7DCD4877","B3","G2","R1","nvd-2019-B3-G2-R1","True",,"813","18374","4173993","1182436","296875000","1608777100","23535616","4581500","1363200","562400","343750000","1742985900","1286489","prefix	5	139597	0	0	0	0	0	0	0	131072 || prefix	5	139597	0	0	0	0	0	0	0	131072","7B631FE8F383B22196F8C2F10215948E28B003B6BD80284C22F649D2E340DB71","resources/build/claim-runs/nvd-2019-B3-G2-R1/result.json"
"nvd-2019","4E2405964E9BE11A430DE95BF75339A4163D8F7AEAB53B3F6DE190EC7DCD4877","B3","G2","R2","nvd-2019-B3-G2-R2","True",,"813","18374","4173993","1182436","296875000","1675414200","23777280","4782500","1542900","539900","343750000","1785660800","1285735","prefix	5	139597	0	0	0	0	0	0	0	131072 || prefix	5	139597	0	0	0	0	0	0	0	131072","95A05336F81CB665679F1424705DAD44912F76F620997B4A1863D25DB161F4EA","resources/build/claim-runs/nvd-2019-B3-G2-R2/result.json"
"nvd-2019","4E2405964E9BE11A430DE95BF75339A4163D8F7AEAB53B3F6DE190EC7DCD4877","B4","G1","R1","nvd-2019-B4-G1-R1","True",,"813","18374","4173993","1182435","296875000","1646110700","23560192","4647200","1335700","549000","359375000","1780630400","1286489","reservoir	19	266093	0	0	0	0	0	0	0	61996 || reservoir	19	266093	0	0	0	0	0	0	0	61996","63FF279BCE8610677567C9852A9124D3F36D35ECAA44C4BC25A03256031D97B0","resources/build/claim-runs/nvd-2019-B4-G1-R1/result.json"
"nvd-2019","4E2405964E9BE11A430DE95BF75339A4163D8F7AEAB53B3F6DE190EC7DCD4877","B4","G1","R2","nvd-2019-B4-G1-R2","True",,"813","18374","4173993","1182435","328125000","1593335700","24031232","4835600","1673800","570000","359375000","1741270600","1286487","reservoir	19	266093	0	0	0	0	0	0	0	61996 || reservoir	19	266093	0	0	0	0	0	0	0	61996","27C71836A843D75B12B1C1984E2C7338021A8A18EA1557021CACD36DE4C64A22","resources/build/claim-runs/nvd-2019-B4-G1-R2/result.json"
"nvd-2019","4E2405964E9BE11A430DE95BF75339A4163D8F7AEAB53B3F6DE190EC7DCD4877","B4","G2","R1","nvd-2019-B4-G2-R1","True",,"813","18374","4173993","829348","375000000","1609962500","31580160","5993500","1609200","465400","406250000","1764090000","933395","reservoir	47	533455	0	0	0	0	0	0	0	130390 || reservoir	47	533455	0	0	0	0	0	0	0	130390","0C41EEE1C01C05F5CC4A6318E5E41988AF33815E746392A4341C54527D74A69E","resources/build/claim-runs/nvd-2019-B4-G2-R1/result.json"
"nvd-2019","4E2405964E9BE11A430DE95BF75339A4163D8F7AEAB53B3F6DE190EC7DCD4877","B4","G2","R2","nvd-2019-B4-G2-R2","True",,"813","18374","4173993","829348","390625000","1773594100","32542720","5742500","1472300","457200","421875000","1912481900","933392","reservoir	47	533455	0	0	0	0	0	0	0	130390 || reservoir	47	533455	0	0	0	0	0	0	0	130390","2009A8A152E3C92D627F3D301E21057658D02666E3CFEB920BDA544CB389192D","resources/build/claim-runs/nvd-2019-B4-G2-R2/result.json"
"nvd-2019","4E2405964E9BE11A430DE95BF75339A4163D8F7AEAB53B3F6DE190EC7DCD4877","B5","G1","R1","nvd-2019-B5-G1-R1","True",,"813","18374","4173993","1182435","359375000","1858573900","23961600","4912600","1349100","556200","437500000","1981508700","1286488","stratified	19	266093	0	0	0	0	0	0	0	62889 || stratified	19	266093	0	0	0	0	0	0	0	62889","787220094C83BB7C3A3959A344C5061FBB9D8D3CCDF6E655CCF7725DB4E5C77A","resources/build/claim-runs/nvd-2019-B5-G1-R1/result.json"
"nvd-2019","4E2405964E9BE11A430DE95BF75339A4163D8F7AEAB53B3F6DE190EC7DCD4877","B5","G1","R2","nvd-2019-B5-G1-R2","True",,"813","18374","4173993","1182435","234375000","1832135900","24145920","4537000","1176600","393700","265625000","2014441300","1286465","stratified	19	266093	0	0	0	0	0	0	0	62889 || stratified	19	266093	0	0	0	0	0	0	0	62889","712D78479A512807E49BE82E62EB376B6DE320F2017D1518CFD1F574C536DB6F","resources/build/claim-runs/nvd-2019-B5-G1-R2/result.json"
"nvd-2019","4E2405964E9BE11A430DE95BF75339A4163D8F7AEAB53B3F6DE190EC7DCD4877","B5","G2","R1","nvd-2019-B5-G2-R1","True",,"813","18374","4173993","822878","250000000","1815327400","29642752","7029200","1585300","420100","296875000","1965532300","926902","stratified	47	533455	0	0	0	0	0	0	0	128402 || stratified	47	533455	0	0	0	0	0	0	0	128402","CDA4E101D3F751F8184744AC550FA7E98038FC79DE03D4271653B8CEDD627FFE","resources/build/claim-runs/nvd-2019-B5-G2-R1/result.json"
"nvd-2019","4E2405964E9BE11A430DE95BF75339A4163D8F7AEAB53B3F6DE190EC7DCD4877","B5","G2","R2","nvd-2019-B5-G2-R2","True",,"813","18374","4173993","822878","296875000","1976744600","25309184","5726400","1303300","518400","328125000","2158473100","926924","stratified	47	533455	0	0	0	0	0	0	0	128402 || stratified	47	533455	0	0	0	0	0	0	0	128402","A4714EABD73CFE2441336D75DC28F9C956CA5708307C239FB3B44335443A821E","resources/build/claim-runs/nvd-2019-B5-G2-R2/result.json"
"nvd-2019","4E2405964E9BE11A430DE95BF75339A4163D8F7AEAB53B3F6DE190EC7DCD4877","C1","G1","R1","nvd-2019-C1-G1-R1","True",,"813","18374","4173993","916136","375000000","2245698700","33087488","7703000","1297400","713400","437500000","2914279300","1020226","candidate	19	266093	1045	243059	972236	202226	632	257	65296	65296 || candidate	19	266093	1045	243059	972236	202226	632	257	65296	65296","79E410C7B94AF2B6DB5BCD4F2422EC71B7C0CD50DC8646EBC32AF7BB066EB2DE","resources/build/claim-runs/nvd-2019-C1-G1-R1/result.json"
"nvd-2019","4E2405964E9BE11A430DE95BF75339A4163D8F7AEAB53B3F6DE190EC7DCD4877","C1","G1","R2","nvd-2019-C1-G1-R2","True",,"813","18374","4173993","916136","359375000","2521274200","27697152","6114300","1393800","581100","421875000","2964154400","1020225","candidate	19	266093	1045	243059	972236	202226	632	257	65296	65296 || candidate	19	266093	1045	243059	972236	202226	632	257	65296	65296","75CB63546413EDFAD07374C5FAD05EE8D70062BA7384ED960436194427BDF213","resources/build/claim-runs/nvd-2019-C1-G1-R2/result.json"
"nvd-2019","4E2405964E9BE11A430DE95BF75339A4163D8F7AEAB53B3F6DE190EC7DCD4877","C1","G2","R1","nvd-2019-C1-G2-R1","True",,"813","18374","4173993","825229","640625000","2616144200","33472512","6906100","1599700","608400","671875000","3761289500","929332","candidate	47	533455	2097	487031	1948124	813911	1305	516	131067	131067 || candidate	47	533455	2097	487031	1948124	813911	1305	516	131067	131067","8E5202845775A30D6301DAF660E4FDF204D1EF85F3477C19D0AB8048A4FC6BA1","resources/build/claim-runs/nvd-2019-C1-G2-R1/result.json"
"nvd-2019","4E2405964E9BE11A430DE95BF75339A4163D8F7AEAB53B3F6DE190EC7DCD4877","C1","G2","R2","nvd-2019-C1-G2-R2","True",,"813","18374","4173993","825229","687500000","3028686700","33521664","6654300","1121800","389700","718750000","3151412600","929333","candidate	47	533455	2097	487031	1948124	813911	1305	516	131067	131067 || candidate	47	533455	2097	487031	1948124	813911	1305	516	131067	131067","B04C4A9FA512A547C5E325FDB3FAF9288556C4147B893309CAB11C0AB7CB79C8","resources/build/claim-runs/nvd-2019-C1-G2-R2/result.json"
"nvd-2020","6D5775FA18F2DBA55A58CBAD275B107829F63B21D632821A02A779AB759C952A","B0","G1","R1","nvd-2020-B0-G1-R1","True",,"766","17301","4152820","1138739","171875000","888173600","23945216","4919100","1363500","407200","218750000","1003853000","1242642","","0A38B77D846F347D8501BDB30A87A548B50BCDEC10F3FC75087E42BFA6C42406","resources/build/claim-runs/nvd-2020-B0-G1-R1/result.json"
"nvd-2020","6D5775FA18F2DBA55A58CBAD275B107829F63B21D632821A02A779AB759C952A","B0","G1","R2","nvd-2020-B0-G1-R2","True",,"766","17301","4152820","1138739","171875000","1123909200","23482368","4390000","1179100","397700","203125000","1258729400","1242641","","4F649670D0B61CA92D401DA36B28BB6F829579073A5C5760C497F0A3C91ECE00","resources/build/claim-runs/nvd-2020-B0-G1-R2/result.json"
"nvd-2020","6D5775FA18F2DBA55A58CBAD275B107829F63B21D632821A02A779AB759C952A","B0","G2","R1","nvd-2020-B0-G2-R1","True",,"766","17301","4152820","1138739","187500000","1113525100","23433216","5113600","1363400","531400","218750000","1258689700","1242642","","9521290CCB009761EE3FA44E39F5A5ABC045220A8FCED8D3752196325C9AC300","resources/build/claim-runs/nvd-2020-B0-G2-R1/result.json"
"nvd-2020","6D5775FA18F2DBA55A58CBAD275B107829F63B21D632821A02A779AB759C952A","B0","G2","R2","nvd-2020-B0-G2-R2","True",,"766","17301","4152820","1138739","140625000","1257949100","23400448","4313900","1440500","677900","203125000","1417553100","1242639","","B515340B3403965C0B33A4C027DB78309200A7BA882847FEBFF8A96BEA404014","resources/build/claim-runs/nvd-2020-B0-G2-R2/result.json"
"nvd-2020","6D5775FA18F2DBA55A58CBAD275B107829F63B21D632821A02A779AB759C952A","B1","G1","R1","nvd-2020-B1-G1-R1","True",,"766","17301","4152820","1084924","125000000","1223191400","23457792","5349300","1254300","398900","187500000","1383926900","1188944","current	1	7367	0	0	0	0	0	0	0	4096 || current	1	7367	0	0	0	0	0	0	0	4096","F4C3DD4A5F50C4F068938502147ED8B9FF463B1B9B196113ABFFC37C06C5CE6A","resources/build/claim-runs/nvd-2020-B1-G1-R1/result.json"
"nvd-2020","6D5775FA18F2DBA55A58CBAD275B107829F63B21D632821A02A779AB759C952A","B1","G1","R2","nvd-2020-B1-G1-R2","True",,"766","17301","4152820","1084924","171875000","1034929000","23965696","5585100","1328000","533800","218750000","1168980600","1188942","current	1	7367	0	0	0	0	0	0	0	4096 || current	1	7367	0	0	0	0	0	0	0	4096","46AD8F4CD4FF94763E268ED4ED21C778838B961ABB4A4687D63856865B8B00A3","resources/build/claim-runs/nvd-2020-B1-G1-R2/result.json"
"nvd-2020","6D5775FA18F2DBA55A58CBAD275B107829F63B21D632821A02A779AB759C952A","B1","G2","R1","nvd-2020-B1-G2-R1","True",,"766","17301","4152820","816661","109375000","1034414700","24309760","4529800","1388500","512100","171875000","1168615200","920668","current	2	75985	0	0	0	0	0	0	0	8192 || current	2	75985	0	0	0	0	0	0	0	8192","7F764F7BE570FD5D42A147DCF3B5D0FE840EB4664E0C813F8BEF839E184711E3","resources/build/claim-runs/nvd-2020-B1-G2-R1/result.json"
"nvd-2020","6D5775FA18F2DBA55A58CBAD275B107829F63B21D632821A02A779AB759C952A","B1","G2","R2","nvd-2020-B1-G2-R2","True",,"766","17301","4152820","816661","171875000","1058178900","23703552","4429500","1293700","402900","218750000","1246448000","920668","current	2	75985	0	0	0	0	0	0	0	8192 || current	2	75985	0	0	0	0	0	0	0	8192","E58D6CB30CA859D86B2A885700F37418C11DB70AE3A2D98314601E8A7D4ABEDD","resources/build/claim-runs/nvd-2020-B1-G2-R2/result.json"
"nvd-2020","6D5775FA18F2DBA55A58CBAD275B107829F63B21D632821A02A779AB759C952A","B2","G1","R1","nvd-2020-B2-G1-R1","True",,"766","17301","4152820","832090","187500000","1081395900","30658560","5805400","1149100","379400","218750000","1201419400","935369","current	9	69105	0	0	0	0	0	0	0	65536 || current	9	69105	0	0	0	0	0	0	0	65536","214285EA656A76006ED66048B348E3FFC0632E432EE6D8BCCBCBBBB4122EBB3E","resources/build/claim-runs/nvd-2020-B2-G1-R1/result.json"
"nvd-2020","6D5775FA18F2DBA55A58CBAD275B107829F63B21D632821A02A779AB759C952A","B2","G1","R2","nvd-2020-B2-G1-R2","True",,"766","17301","4152820","832090","203125000","1176841600","30261248","6115900","1272300","402100","218750000","1318869100","935343","current	9	69105	0	0	0	0	0	0	0	65536 || current	9	69105	0	0	0	0	0	0	0	65536","0C1358DA4C4384610E8A2711BBA167F2C422DFBB88EE00651F4646874536E147","resources/build/claim-runs/nvd-2020-B2-G1-R2/result.json"
"nvd-2020","6D5775FA18F2DBA55A58CBAD275B107829F63B21D632821A02A779AB759C952A","B2","G2","R1","nvd-2020-B2-G2-R1","True",,"766","17301","4152820","834369","203125000","1139820800","31199232","6087800","1324500","525400","265625000","1279433200","938409","current	8	137884	0	0	0	0	0	0	0	131072 || current	8	137884	0	0	0	0	0	0	0	131072","B893BA19CF76369C9B1DFA2818ACEDAFF7FA3DE56536E921026856C164317311","resources/build/claim-runs/nvd-2020-B2-G2-R1/result.json"
"nvd-2020","6D5775FA18F2DBA55A58CBAD275B107829F63B21D632821A02A779AB759C952A","B2","G2","R2","nvd-2020-B2-G2-R2","True",,"766","17301","4152820","834369","187500000","1212723900","31121408","6036100","1250500","489900","218750000","1406282300","938410","current	8	137884	0	0	0	0	0	0	0	131072 || current	8	137884	0	0	0	0	0	0	0	131072","55FDFEB8E64176B556463C1384130E64F5FE69F689606800B5B7B22C854C2649","resources/build/claim-runs/nvd-2020-B2-G2-R2/result.json"
"nvd-2020","6D5775FA18F2DBA55A58CBAD275B107829F63B21D632821A02A779AB759C952A","B3","G1","R1","nvd-2020-B3-G1-R1","True",,"766","17301","4152820","810961","187500000","1128473400","32411648","5592400","1322600","514200","234375000","1321049700","914991","prefix	12	72677	0	0	0	0	0	0	0	65536 || prefix	12	72677	0	0	0	0	0	0	0	65536","F3721EFAF59B8C7BC28808569A670B10BE3550C960F6352AD447876AF066E99B","resources/build/claim-runs/nvd-2020-B3-G1-R1/result.json"
"nvd-2020","6D5775FA18F2DBA55A58CBAD275B107829F63B21D632821A02A779AB759C952A","B3","G1","R2","nvd-2020-B3-G1-R2","True",,"766","17301","4152820","810961","187500000","1166233400","30527488","5823600","1534000","492900","250000000","1358463000","914992","prefix	12	72677	0	0	0	0	0	0	0	65536 || prefix	12	72677	0	0	0	0	0	0	0	65536","2C8BCF15C0480AB9F39D2454A742BE2390326A92A5188E3A379D55F1EEADCB9D","resources/build/claim-runs/nvd-2020-B3-G1-R2/result.json"
"nvd-2020","6D5775FA18F2DBA55A58CBAD275B107829F63B21D632821A02A779AB759C952A","B3","G2","R1","nvd-2020-B3-G2-R1","True",,"766","17301","4152820","802885","234375000","1134187900","33189888","5616900","1349100","515100","281250000","1326548100","906926","prefix	22	140894	0	0	0	0	0	0	0	131072 || prefix	22	140894	0	0	0	0	0	0	0	131072","42A1A0873CFC070B73DF923C12B626EEAFBBF9043613F95A020A41030071D29D","resources/build/claim-runs/nvd-2020-B3-G2-R1/result.json"
"nvd-2020","6D5775FA18F2DBA55A58CBAD275B107829F63B21D632821A02A779AB759C952A","B3","G2","R2","nvd-2020-B3-G2-R2","True",,"766","17301","4152820","802885","218750000","1236095200","27213824","5723900","1330800","551600","250000000","1406089800","906898","prefix	22	140894	0	0	0	0	0	0	0	131072 || prefix	22	140894	0	0	0	0	0	0	0	131072","08DD2AB86663319150E43C9F1EEC02C62210789B68698F488279879C11438616","resources/build/claim-runs/nvd-2020-B3-G2-R2/result.json"
"nvd-2020","6D5775FA18F2DBA55A58CBAD275B107829F63B21D632821A02A779AB759C952A","B4","G1","R1","nvd-2020-B4-G1-R1","True",,"766","17301","4152820","808798","281250000","1177279700","28332032","6574000","1337600","363900","359375000","1360975700","912813","reservoir	40	272104	0	0	0	0	0	0	0	64172 || reservoir	40	272104	0	0	0	0	0	0	0	64172","A53DB1047F754FF9632AD0D6397EBD440C6E3B1CB6F4825CACEA41854D4C64C3","resources/build/claim-runs/nvd-2020-B4-G1-R1/result.json"
"nvd-2020","6D5775FA18F2DBA55A58CBAD275B107829F63B21D632821A02A779AB759C952A","B4","G1","R2","nvd-2020-B4-G1-R2","True",,"766","17301","4152820","808798","218750000","1113815300","25468928","6222000","1345600","548500","265625000","1227173600","912836","reservoir	40	272104	0	0	0	0	0	0	0	64172 || reservoir	40	272104	0	0	0	0	0	0	0	64172","3B97A13C627443DF629758F0F383917AA94E1C1169335F2741202DFFE9A3C634","resources/build/claim-runs/nvd-2020-B4-G1-R2/result.json"
"nvd-2020","6D5775FA18F2DBA55A58CBAD275B107829F63B21D632821A02A779AB759C952A","B4","G2","R1","nvd-2020-B4-G2-R1","True",,"766","17301","4152820","771848","218750000","1089591700","28549120","5391800","1299400","509700","281250000","1213526800","875894","reservoir	57	565304	0	0	0	0	0	0	0	127659 || reservoir	57	565304	0	0	0	0	0	0	0	127659","282322CBF4F23E6E44BC2DA72AE62E12C7F4B7BBE56AC1B05451BD08A5065EC5","resources/build/claim-runs/nvd-2020-B4-G2-R1/result.json"
"nvd-2020","6D5775FA18F2DBA55A58CBAD275B107829F63B21D632821A02A779AB759C952A","B4","G2","R2","nvd-2020-B4-G2-R2","True",,"766","17301","4152820","771848","171875000","1057691500","31338496","6992300","1253200","503900","234375000","1183670100","875894","reservoir	57	565304	0	0	0	0	0	0	0	127659 || reservoir	57	565304	0	0	0	0	0	0	0	127659","04C974A12DADEA8AC4A2AB05B793A5ECAEF4DDDA0D4A12A2DE9F2203F59876EC","resources/build/claim-runs/nvd-2020-B4-G2-R2/result.json"
"nvd-2020","6D5775FA18F2DBA55A58CBAD275B107829F63B21D632821A02A779AB759C952A","B5","G1","R1","nvd-2020-B5-G1-R1","True",,"766","17301","4152820","794795","156250000","1013066900","32395264","5617600","1329500","521500","187500000","1142202600","898835","stratified	40	272104	0	0	0	0	0	0	0	64665 || stratified	40	272104	0	0	0	0	0	0	0	64665","FB6E35660E834FB45236120A55709A744A915CBA92E2AB14895168CB853ED417","resources/build/claim-runs/nvd-2020-B5-G1-R1/result.json"
"nvd-2020","6D5775FA18F2DBA55A58CBAD275B107829F63B21D632821A02A779AB759C952A","B5","G1","R2","nvd-2020-B5-G1-R2","True",,"766","17301","4152820","794795","171875000","1050143200","26292224","5403300","1320100","458500","203125000","1160398000","898835","stratified	40	272104	0	0	0	0	0	0	0	64665 || stratified	40	272104	0	0	0	0	0	0	0	64665","7C930A278C778AFBB4F152AFBB52A419C27FC5C65EBBCFF631D2104E3B33FD87","resources/build/claim-runs/nvd-2020-B5-G1-R2/result.json"
"nvd-2020","6D5775FA18F2DBA55A58CBAD275B107829F63B21D632821A02A779AB759C952A","B5","G2","R1","nvd-2020-B5-G2-R1","True",,"766","17301","4152820","772847","171875000","1017672500","30728192","6069000","1452800","407200","203125000","1143775900","876895","stratified	57	565304	0	0	0	0	0	0	0	129554 || stratified	57	565304	0	0	0	0	0	0	0	129554","12456ADD8ADD6A482A12C7941F47A3A5A5133494197AB16EF4FCD4D14BF0DCA8","resources/build/claim-runs/nvd-2020-B5-G2-R1/result.json"
"nvd-2020","6D5775FA18F2DBA55A58CBAD275B107829F63B21D632821A02A779AB759C952A","B5","G2","R2","nvd-2020-B5-G2-R2","True",,"766","17301","4152820","772847","218750000","1335217900","27586560","6152100","1258000","410400","265625000","1480098600","876897","stratified	57	565304	0	0	0	0	0	0	0	129554 || stratified	57	565304	0	0	0	0	0	0	0	129554","87D68C0F89A33C53503E14F10DC1C9E6071D102FB6052FE0E996AAAC4E7E7913","resources/build/claim-runs/nvd-2020-B5-G2-R2/result.json"
"nvd-2020","6D5775FA18F2DBA55A58CBAD275B107829F63B21D632821A02A779AB759C952A","C1","G1","R1","nvd-2020-C1-G1-R1","True",,"766","17301","4152820","843609","328125000","1467447700","32436224","6518900","1466900","647600","343750000","1614695100","947670","candidate	40	272104	1069	248164	992656	208555	643	259	65465	65465 || candidate	40	272104	1069	248164	992656	208555	643	259	65465	65465","07974369A990B9B24FF4C8BE8F2291F4C10CDF75B0BF1AB36503F6E3DEC01850","resources/build/claim-runs/nvd-2020-C1-G1-R1/result.json"
"nvd-2020","6D5775FA18F2DBA55A58CBAD275B107829F63B21D632821A02A779AB759C952A","C1","G1","R2","nvd-2020-C1-G1-R2","True",,"766","17301","4152820","843609","328125000","1100417200","30769152","5612900","1274000","377600","375000000","1327738100","947698","candidate	40	272104	1069	248164	992656	208555	643	259	65465	65465 || candidate	40	272104	1069	248164	992656	208555	643	259	65465	65465","E3B4902E126B8F5BF89B5BB028E52D256DEF64E05DCB098C961AD77F335F12E1","resources/build/claim-runs/nvd-2020-C1-G1-R2/result.json"
"nvd-2020","6D5775FA18F2DBA55A58CBAD275B107829F63B21D632821A02A779AB759C952A","C1","G2","R1","nvd-2020-C1-G2-R1","True",,"766","17301","4152820","794646","734375000","1875009100","32071680","6948000","1259400","473900","781250000","2309662500","898748","candidate	57	565304	2220	515984	2063936	879044	1173	516	131051	131051 || candidate	57	565304	2220	515984	2063936	879044	1173	516	131051	131051","7334F9EB4D6A556F8EDECB08C778075CF7B217D38BE8E4306BF0876A5EC91ADB","resources/build/claim-runs/nvd-2020-C1-G2-R1/result.json"
"nvd-2020","6D5775FA18F2DBA55A58CBAD275B107829F63B21D632821A02A779AB759C952A","C1","G2","R2","nvd-2020-C1-G2-R2","True",,"766","17301","4152820","794646","671875000","1841148800","33656832","5637900","1313900","492500","687500000","2044150100","898750","candidate	57	565304	2220	515984	2063936	879044	1173	516	131051	131051 || candidate	57	565304	2220	515984	2063936	879044	1173	516	131051	131051","C5A7CB634A495AB30A54D36DA928EEF985BC503EA00E43F81FBD996A3D3DF77C","resources/build/claim-runs/nvd-2020-C1-G2-R2/result.json"
"nvd-2021","3C1BB6BA0A1281FCC12200345C6E64A6CF3EEEC2E8AF2BF5F5A588E559E1F68D","B0","G1","R1","nvd-2021-B0-G1-R1","True",,"842","19253","4170791","1241936","156250000","938611200","23461888","4620200","1358500","443900","203125000","1130892300","1345090","","901C6D15E322CCEF78AC9E2C6C3F054240B02AE8DFA9659DD9C7914782A64910","resources/build/claim-runs/nvd-2021-B0-G1-R1/result.json"
"nvd-2021","3C1BB6BA0A1281FCC12200345C6E64A6CF3EEEC2E8AF2BF5F5A588E559E1F68D","B0","G1","R2","nvd-2021-B0-G1-R2","True",,"842","19253","4170791","1241936","203125000","1080604600","23666688","4846400","1432900","525100","265625000","1228409300","1345840","","8B4DF2B29951AD6E14AB362F964C4DDC53D5D43EE533B56B23DF68ADC544E04E","resources/build/claim-runs/nvd-2021-B0-G1-R2/result.json"
"nvd-2021","3C1BB6BA0A1281FCC12200345C6E64A6CF3EEEC2E8AF2BF5F5A588E559E1F68D","B0","G2","R1","nvd-2021-B0-G2-R1","True",,"842","19253","4170791","1241936","171875000","1114804900","23531520","4723900","1374900","460500","218750000","1260387100","1345816","","B684DD20A8B29C536CD6BF74BD62CC17EF1EF829993F0DCEEF8CDC36CB267E93","resources/build/claim-runs/nvd-2021-B0-G2-R1/result.json"
"nvd-2021","3C1BB6BA0A1281FCC12200345C6E64A6CF3EEEC2E8AF2BF5F5A588E559E1F68D","B0","G2","R2","nvd-2021-B0-G2-R2","True",,"842","19253","4170791","1241936","171875000","857317600","23654400","5073700","1479900","422900","218750000","1138531000","1345837","","AEC363F4FFAFE57705CEEDB4BD1193B6B174B6BE37B58047CDA3923CFADA4DFF","resources/build/claim-runs/nvd-2021-B0-G2-R2/result.json"
"nvd-2021","3C1BB6BA0A1281FCC12200345C6E64A6CF3EEEC2E8AF2BF5F5A588E559E1F68D","B1","G1","R1","nvd-2021-B1-G1-R1","True",,"842","19253","4170791","901920","140625000","908677200","24043520","4726200","1390800","526700","203125000","1066259300","1005928","current	1	8360	0	0	0	0	0	0	0	4096 || current	1	8360	0	0	0	0	0	0	0	4096","5B11E83B48A1D4E72A70D75A407CE1CACFC9CCDA9DE420B11B5D579D97A7BD8C","resources/build/claim-runs/nvd-2021-B1-G1-R1/result.json"
"nvd-2021","3C1BB6BA0A1281FCC12200345C6E64A6CF3EEEC2E8AF2BF5F5A588E559E1F68D","B1","G1","R2","nvd-2021-B1-G1-R2","True",,"842","19253","4170791","901920","125000000","1034699200","24092672","5503100","1461500","522400","156250000","1248164700","1005929","current	1	8360	0	0	0	0	0	0	0	4096 || current	1	8360	0	0	0	0	0	0	0	4096","04BBAE2536F66F1158866B8367B4670461BC56F3B15EE74C80449AB9CC377883","resources/build/claim-runs/nvd-2021-B1-G1-R2/result.json"
"nvd-2021","3C1BB6BA0A1281FCC12200345C6E64A6CF3EEEC2E8AF2BF5F5A588E559E1F68D","B1","G2","R1","nvd-2021-B1-G2-R1","True",,"842","19253","4170791","860733","218750000","1037535600","24449024","5434900","1186800","372600","281250000","1176523800","963970","current	2	11281	0	0	0	0	0	0	0	8192 || current	2	11281	0	0	0	0	0	0	0	8192","782FEB39CE003D70156E420F4D5265E1D78EF0335E074502A563A117600D3CE5","resources/build/claim-runs/nvd-2021-B1-G2-R1/result.json"
"nvd-2021","3C1BB6BA0A1281FCC12200345C6E64A6CF3EEEC2E8AF2BF5F5A588E559E1F68D","B1","G2","R2","nvd-2021-B1-G2-R2","True",,"842","19253","4170791","860733","187500000","1192568300","24088576","4993900","1406500","478100","234375000","1318079900","964743","current	2	11281	0	0	0	0	0	0	0	8192 || current	2	11281	0	0	0	0	0	0	0	8192","7F0DF0A3CEDD58316491965E4B944138374C73B7972EA9784E0B92850A079706","resources/build/claim-runs/nvd-2021-B1-G2-R2/result.json"
"nvd-2021","3C1BB6BA0A1281FCC12200345C6E64A6CF3EEEC2E8AF2BF5F5A588E559E1F68D","B2","G1","R1","nvd-2021-B2-G1-R1","True",,"842","19253","4170791","1241948","140625000","1225966500","24133632","4700400","1339500","430200","281250000","1373289200","1345994","current	5	67208	0	0	0	0	0	0	0	65536 || current	5	67208	0	0	0	0	0	0	0	65536","8858C5F03F9061AFE86F63747BA684ABA49EF43E0F3AEF79BBC482AC6EDCC2AA","resources/build/claim-runs/nvd-2021-B2-G1-R1/result.json"
"nvd-2021","3C1BB6BA0A1281FCC12200345C6E64A6CF3EEEC2E8AF2BF5F5A588E559E1F68D","B2","G1","R2","nvd-2021-B2-G1-R2","True",,"842","19253","4170791","1241948","187500000","1009614500","24014848","4727900","1423600","509500","250000000","1228371200","1345993","current	5	67208	0	0	0	0	0	0	0	65536 || current	5	67208	0	0	0	0	0	0	0	65536","912B5E2BFA4414AC0790E1A2567DEFF96D0372B65BED374A72205BE876CC23A9","resources/build/claim-runs/nvd-2021-B2-G1-R2/result.json"
"nvd-2021","3C1BB6BA0A1281FCC12200345C6E64A6CF3EEEC2E8AF2BF5F5A588E559E1F68D","B2","G2","R1","nvd-2021-B2-G2-R1","True",,"842","19253","4170791","915565","203125000","1231109600","31862784","6842000","1496000","548100","250000000","1384102000","1019583","current	7	133409	0	0	0	0	0	0	0	131072 || current	7	133409	0	0	0	0	0	0	0	131072","D5DFC1D57432BA8BB47FA45446F198F5F039E28E540D3C0970921D816B1D9895","resources/build/claim-runs/nvd-2021-B2-G2-R1/result.json"
"nvd-2021","3C1BB6BA0A1281FCC12200345C6E64A6CF3EEEC2E8AF2BF5F5A588E559E1F68D","B2","G2","R2","nvd-2021-B2-G2-R2","True",,"842","19253","4170791","915565","234375000","901480900","33824768","7097800","1589000","545100","265625000","1171446300","1019581","current	7	133409	0	0	0	0	0	0	0	131072 || current	7	133409	0	0	0	0	0	0	0	131072","F409476D4D701DAC41AA98E8D493116E48B338C72FC28358DCEAC6E36B299A13","resources/build/claim-runs/nvd-2021-B2-G2-R2/result.json"
"nvd-2021","3C1BB6BA0A1281FCC12200345C6E64A6CF3EEEC2E8AF2BF5F5A588E559E1F68D","B3","G1","R1","nvd-2021-B3-G1-R1","True",,"842","19253","4170791","1241948","187500000","898566900","23678976","4883300","1547700","446100","218750000","1177152400","1345993","prefix	4	108454	0	0	0	0	0	0	0	65536 || prefix	4	108454	0	0	0	0	0	0	0	65536","E26B001EFA800F4C88A952186B7830C52E26BEA91919B5B85FFB1875DBD3042A","resources/build/claim-runs/nvd-2021-B3-G1-R1/result.json"
"nvd-2021","3C1BB6BA0A1281FCC12200345C6E64A6CF3EEEC2E8AF2BF5F5A588E559E1F68D","B3","G1","R2","nvd-2021-B3-G1-R2","True",,"842","19253","4170791","1241948","171875000","1255049800","23474176","5008600","1437500","577500","203125000","1407514800","1345244","prefix	4	108454	0	0	0	0	0	0	0	65536 || prefix	4	108454	0	0	0	0	0	0	0	65536","0473B9C2F67DCCE6DFC2E03406FD21EB933764878E9641FF942EE5A4FA94F310","resources/build/claim-runs/nvd-2021-B3-G1-R2/result.json"
"nvd-2021","3C1BB6BA0A1281FCC12200345C6E64A6CF3EEEC2E8AF2BF5F5A588E559E1F68D","B3","G2","R1","nvd-2021-B3-G2-R1","True",,"842","19253","4170791","907594","187500000","1222983500","32866304","6614100","1482500","457400","218750000","1393207500","1011632","prefix	8	142358	0	0	0	0	0	0	0	131072 || prefix	8	142358	0	0	0	0	0	0	0	131072","D307875E3CC18F5349B5D063569AC3B4AB8C6FACA5E6F56284258EEDD76E1245","resources/build/claim-runs/nvd-2021-B3-G2-R1/result.json"
"nvd-2021","3C1BB6BA0A1281FCC12200345C6E64A6CF3EEEC2E8AF2BF5F5A588E559E1F68D","B3","G2","R2","nvd-2021-B3-G2-R2","True",,"842","19253","4170791","907594","218750000","1124562300","32436224","6822700","1609600","470600","296875000","1255235700","1011633","prefix	8	142358	0	0	0	0	0	0	0	131072 || prefix	8	142358	0	0	0	0	0	0	0	131072","061CBEB3F0CDE18063FCE7705F8FB7913934E488723883460DF6E622EA0F0B86","resources/build/claim-runs/nvd-2021-B3-G2-R2/result.json"
"nvd-2021","3C1BB6BA0A1281FCC12200345C6E64A6CF3EEEC2E8AF2BF5F5A588E559E1F68D","B4","G1","R1","nvd-2021-B4-G1-R1","True",,"842","19253","4170791","871719","187500000","1078705000","30752768","7743700","1952000","503700","250000000","1222070900","975759","reservoir	27	268850	0	0	0	0	0	0	0	62425 || reservoir	27	268850	0	0	0	0	0	0	0	62425","27452E09B4EB03E372AAAD64C36EC7C54F2CA7F4F7801DFD5F36F6D9A341B2D8","resources/build/claim-runs/nvd-2021-B4-G1-R1/result.json"
"nvd-2021","3C1BB6BA0A1281FCC12200345C6E64A6CF3EEEC2E8AF2BF5F5A588E559E1F68D","B4","G1","R2","nvd-2021-B4-G1-R2","True",,"842","19253","4170791","871719","218750000","921179100","32583680","6071100","1304300","583300","281250000","1028268100","975758","reservoir	27	268850	0	0	0	0	0	0	0	62425 || reservoir	27	268850	0	0	0	0	0	0	0	62425","55FD5B91B10D77419D7285253BF7C62216639B90E802F9DBD60EDF2EB26523C5","resources/build/claim-runs/nvd-2021-B4-G1-R2/result.json"
"nvd-2021","3C1BB6BA0A1281FCC12200345C6E64A6CF3EEEC2E8AF2BF5F5A588E559E1F68D","B4","G2","R1","nvd-2021-B4-G2-R1","True",,"842","19253","4170791","898345","203125000","934219100","33062912","6368200","1266300","427600","296875000","1056089500","1002390","reservoir	39	584281	0	0	0	0	0	0	0	130402 || reservoir	39	584281	0	0	0	0	0	0	0	130402","A65C9666B7563DC4E75068E7E69E25138C629C501361BAE793D27BF865D250B5","resources/build/claim-runs/nvd-2021-B4-G2-R1/result.json"
"nvd-2021","3C1BB6BA0A1281FCC12200345C6E64A6CF3EEEC2E8AF2BF5F5A588E559E1F68D","B4","G2","R2","nvd-2021-B4-G2-R2","True",,"842","19253","4170791","898345","171875000","1148219800","31858688","6447100","1394900","531300","203125000","1341064400","1002369","reservoir	39	584281	0	0	0	0	0	0	0	130402 || reservoir	39	584281	0	0	0	0	0	0	0	130402","4B5659740756817E9F5C8D9A0D1E415AE371C7EFD561AD0D82DDD86BDEDE0B69","resources/build/claim-runs/nvd-2021-B4-G2-R2/result.json"
"nvd-2021","3C1BB6BA0A1281FCC12200345C6E64A6CF3EEEC2E8AF2BF5F5A588E559E1F68D","B5","G1","R1","nvd-2021-B5-G1-R1","True",,"842","19253","4170791","861599","171875000","1140116700","29622272","6781600","1365400","462800","234375000","1287113700","965640","stratified	27	268850	0	0	0	0	0	0	0	65158 || stratified	27	268850	0	0	0	0	0	0	0	65158","1499C33C82A362CD1F4477B7CC3C93F2B709193C9A5DCE32F3AA0E6DD54F5A7A","resources/build/claim-runs/nvd-2021-B5-G1-R1/result.json"
"nvd-2021","3C1BB6BA0A1281FCC12200345C6E64A6CF3EEEC2E8AF2BF5F5A588E559E1F68D","B5","G1","R2","nvd-2021-B5-G1-R2","True",,"842","19253","4170791","861599","250000000","1214086800","31260672","6839900","1760000","719800","328125000","1371352000","965638","stratified	27	268850	0	0	0	0	0	0	0	65158 || stratified	27	268850	0	0	0	0	0	0	0	65158","1F974A3FB76B589540588E01D75A751A33F6E1949131768CB5D89E7EBA0D2DAD","resources/build/claim-runs/nvd-2021-B5-G1-R2/result.json"
"nvd-2021","3C1BB6BA0A1281FCC12200345C6E64A6CF3EEEC2E8AF2BF5F5A588E559E1F68D","B5","G2","R1","nvd-2021-B5-G2-R1","True",,"842","19253","4170791","852732","218750000","1170598800","31498240","6228900","1409800","514000","265625000","1303874900","956782","stratified	39	584281	0	0	0	0	0	0	0	130973 || stratified	39	584281	0	0	0	0	0	0	0	130973","EAED40061B5033EED36900038F365E9A181ECC31FBC63EF8482232704E4848F3","resources/build/claim-runs/nvd-2021-B5-G2-R1/result.json"
"nvd-2021","3C1BB6BA0A1281FCC12200345C6E64A6CF3EEEC2E8AF2BF5F5A588E559E1F68D","B5","G2","R2","nvd-2021-B5-G2-R2","True",,"842","19253","4170791","852732","296875000","1012152000","30982144","6720500","1395100","441600","343750000","1154208300","956780","stratified	39	584281	0	0	0	0	0	0	0	130973 || stratified	39	584281	0	0	0	0	0	0	0	130973","5CA8DC26F7674DCE02144D29CA6634C078BAACE0E65CC7A0ECC659EFD0A50D0F","resources/build/claim-runs/nvd-2021-B5-G2-R2/result.json"
"nvd-2021","3C1BB6BA0A1281FCC12200345C6E64A6CF3EEEC2E8AF2BF5F5A588E559E1F68D","C1","G1","R1","nvd-2021-C1-G1-R1","True",,"842","19253","4170791","947775","328125000","1165901600","32571392","6692000","1406900","419200","390625000","1331883100","1051866","candidate	27	268850	1060	245413	981652	206183	656	258	65527	65527 || candidate	27	268850	1060	245413	981652	206183	656	258	65527	65527","842CD9646F02D3DF287933548F68D4A17DCFA538B76CA7E6C180DDD847B938CA","resources/build/claim-runs/nvd-2021-C1-G1-R1/result.json"
"nvd-2021","3C1BB6BA0A1281FCC12200345C6E64A6CF3EEEC2E8AF2BF5F5A588E559E1F68D","C1","G1","R2","nvd-2021-C1-G1-R2","True",,"842","19253","4170791","947775","281250000","1058153300","28184576","7664400","1332400","390100","343750000","1162047800","1051841","candidate	27	268850	1060	245413	981652	206183	656	258	65527	65527 || candidate	27	268850	1060	245413	981652	206183	656	258	65527	65527","95CD46BA011B6EFD002602D6C822B3211F12F2E1D6C61F66706B711C673CD08E","resources/build/claim-runs/nvd-2021-C1-G1-R2/result.json"
"nvd-2021","3C1BB6BA0A1281FCC12200345C6E64A6CF3EEEC2E8AF2BF5F5A588E559E1F68D","C1","G2","R1","nvd-2021-C1-G2-R1","True",,"842","19253","4170791","878476","718750000","1537441200","33509376","6267100","1447100","569500","781250000","1753436100","982581","candidate	39	584281	2295	533579	2134316	917398	1312	516	131016	131016 || candidate	39	584281	2295	533579	2134316	917398	1312	516	131016	131016","FA6ACEA5DBD15F8A246CE3A7779F3BA3E8AEA875D23E5FF1403C0760BDE83F95","resources/build/claim-runs/nvd-2021-C1-G2-R1/result.json"
"nvd-2021","3C1BB6BA0A1281FCC12200345C6E64A6CF3EEEC2E8AF2BF5F5A588E559E1F68D","C1","G2","R2","nvd-2021-C1-G2-R2","True",,"842","19253","4170791","878476","625000000","1425567400","31277056","6305400","1380100","432000","671875000","1687996000","982580","candidate	39	584281	2295	533579	2134316	917398	1312	516	131016	131016 || candidate	39	584281	2295	533579	2134316	917398	1312	516	131016	131016","967484B196FC8DE3006B2DD293B158318819DECC5DCAF2CB4041E63BE775F9F3","resources/build/claim-runs/nvd-2021-C1-G2-R2/result.json"
"nvd-2022","34DF8C6319EA3100221E12A2679253A7FEAF5FAF0277686F5D5E0D94DE41230E","B0","G1","R1","nvd-2022-B0-G1-R1","True",,"872","19920","3996425","1204484","296875000","1842574200","23261184","4444200","1319200","451000","328125000","2503808500","1308387","","CF49A79AA0202010224ACF49DED14DD5D7134C5FA90FF81DF611142EAF31672A","resources/build/claim-runs/nvd-2022-B0-G1-R1/result.json"
"nvd-2022","34DF8C6319EA3100221E12A2679253A7FEAF5FAF0277686F5D5E0D94DE41230E","B0","G1","R2","nvd-2022-B0-G1-R2","True",,"872","19920","3996425","1204484","281250000","2632923800","23490560","4577300","1276500","401500","312500000","2790700500","1308387","","B84829CB2D528A7E5FC48D746993190662D6F955A49A8BA239F179556E9C4DD1","resources/build/claim-runs/nvd-2022-B0-G1-R2/result.json"
"nvd-2022","34DF8C6319EA3100221E12A2679253A7FEAF5FAF0277686F5D5E0D94DE41230E","B0","G2","R1","nvd-2022-B0-G2-R1","True",,"872","19920","3996425","1204484","296875000","1811928100","23543808","4551500","1413500","556500","375000000","1965805600","1308385","","A83CD07BDE53620F5E6CDD1EACB3E45364396263ECED0BE64C206C678DB2D297","resources/build/claim-runs/nvd-2022-B0-G2-R1/result.json"
"nvd-2022","34DF8C6319EA3100221E12A2679253A7FEAF5FAF0277686F5D5E0D94DE41230E","B0","G2","R2","nvd-2022-B0-G2-R2","True",,"872","19920","3996425","1204484","375000000","1901159400","23404544","4505500","1367500","520200","406250000","2030875800","1308385","","4A6C18799C6323CBD10DF5B295E44FF20A20053F2C6025649A6711AF6768844A","resources/build/claim-runs/nvd-2022-B0-G2-R2/result.json"
"nvd-2022","34DF8C6319EA3100221E12A2679253A7FEAF5FAF0277686F5D5E0D94DE41230E","B1","G1","R1","nvd-2022-B1-G1-R1","True",,"872","19920","3996425","912201","328125000","1518862000","23629824","4983100","1437900","578300","375000000","1624190200","1016209","current	1	4515	0	0	0	0	0	0	0	4096 || current	1	4515	0	0	0	0	0	0	0	4096","7797EE2DAB0E284A64E8711015964930B403329DBFEA513D422E3E8F01FE043D","resources/build/claim-runs/nvd-2022-B1-G1-R1/result.json"
"nvd-2022","34DF8C6319EA3100221E12A2679253A7FEAF5FAF0277686F5D5E0D94DE41230E","B1","G1","R2","nvd-2022-B1-G1-R2","True",,"872","19920","3996425","912201","265625000","2565048300","23072768","4648500","1439700","542900","312500000","2694492800","1016159","current	1	4515	0	0	0	0	0	0	0	4096 || current	1	4515	0	0	0	0	0	0	0	4096","814D4C517590B212C5044E66003E7E7E7B2EFC5B03F93A032826BAD979A280DE","resources/build/claim-runs/nvd-2022-B1-G1-R2/result.json"
"nvd-2022","34DF8C6319EA3100221E12A2679253A7FEAF5FAF0277686F5D5E0D94DE41230E","B1","G2","R1","nvd-2022-B1-G2-R1","True",,"872","19920","3996425","860354","265625000","2533277900","23584768","5323000","1598400","681100","328125000","2662810200","964363","current	2	11578	0	0	0	0	0	0	0	8192 || current	2	11578	0	0	0	0	0	0	0	8192","4D440F2CEC437147CCF116D18C57C8E45344A3E6FD6C011949807A25112B284C","resources/build/claim-runs/nvd-2022-B1-G2-R1/result.json"
"nvd-2022","34DF8C6319EA3100221E12A2679253A7FEAF5FAF0277686F5D5E0D94DE41230E","B1","G2","R2","nvd-2022-B1-G2-R2","True",,"872","19920","3996425","860354","234375000","1869111200","23539712","4874300","1406900","542700","265625000","2004942300","964364","current	2	11578	0	0	0	0	0	0	0	8192 || current	2	11578	0	0	0	0	0	0	0	8192","650E2A4AC0ECB5FD824A16E931538798B0CE8C5588E2FD0BF13FFDB2D77901D8","resources/build/claim-runs/nvd-2022-B1-G2-R2/result.json"
"nvd-2022","34DF8C6319EA3100221E12A2679253A7FEAF5FAF0277686F5D5E0D94DE41230E","B2","G1","R1","nvd-2022-B2-G1-R1","True",,"872","19920","3996425","841032","296875000","1825148800","28356608","6912600","1633600","445900","328125000","1961254500","945065","current	11	69270	0	0	0	0	0	0	0	65536 || current	11	69270	0	0	0	0	0	0	0	65536","CF12CDBFA12BEEA51E578590C683E8E5BD564C88565185FA91DEEAB2B835C4ED","resources/build/claim-runs/nvd-2022-B2-G1-R1/result.json"
"nvd-2022","34DF8C6319EA3100221E12A2679253A7FEAF5FAF0277686F5D5E0D94DE41230E","B2","G1","R2","nvd-2022-B2-G1-R2","True",,"872","19920","3996425","841032","265625000","2401252400","32419840","6032400","1418500","537000","312500000","2539867800","945066","current	11	69270	0	0	0	0	0	0	0	65536 || current	11	69270	0	0	0	0	0	0	0	65536","80B4AD4B76D24B228193D6A600016A6A2B00D21CBD0434443D7C9FE38831F226","resources/build/claim-runs/nvd-2022-B2-G1-R2/result.json"
"nvd-2022","34DF8C6319EA3100221E12A2679253A7FEAF5FAF0277686F5D5E0D94DE41230E","B2","G2","R1","nvd-2022-B2-G2-R1","True",,"872","19920","3996425","781554","296875000","2382416500","31203328","6401400","1363200","442500","359375000","2522237200","885597","current	20	139471	0	0	0	0	0	0	0	131072 || current	20	139471	0	0	0	0	0	0	0	131072","06D4E42EBDA9BA155882D11BAA002EE8B60D6FE4A7E8FD8F2B2F29BDF677BC6C","resources/build/claim-runs/nvd-2022-B2-G2-R1/result.json"
"nvd-2022","34DF8C6319EA3100221E12A2679253A7FEAF5FAF0277686F5D5E0D94DE41230E","B2","G2","R2","nvd-2022-B2-G2-R2","True",,"872","19920","3996425","781554","390625000","1710219300","32256000","6524200","1421600","468900","484375000","1877085900","885598","current	20	139471	0	0	0	0	0	0	0	131072 || current	20	139471	0	0	0	0	0	0	0	131072","FD9DB692C2B5C358CCF9FFD040938506F3482F24C36CDDE73E9D94FDC376B97D","resources/build/claim-runs/nvd-2022-B2-G2-R2/result.json"
"nvd-2022","34DF8C6319EA3100221E12A2679253A7FEAF5FAF0277686F5D5E0D94DE41230E","B3","G1","R1","nvd-2022-B3-G1-R1","True",,"872","19920","3996425","815547","375000000","1679552900","27246592","6035200","1358500","482800","421875000","1814966600","919579","prefix	13	71677	0	0	0	0	0	0	0	65536 || prefix	13	71677	0	0	0	0	0	0	0	65536","A6FBB19EF3BC831D53E571035DF8864833BFFBBF4FE349EE8DD55083D2778F23","resources/build/claim-runs/nvd-2022-B3-G1-R1/result.json"
"nvd-2022","34DF8C6319EA3100221E12A2679253A7FEAF5FAF0277686F5D5E0D94DE41230E","B3","G1","R2","nvd-2022-B3-G1-R2","True",,"872","19920","3996425","815547","203125000","2163235400","31936512","7123300","1595900","468900","265625000","2288675900","919579","prefix	13	71677	0	0	0	0	0	0	0	65536 || prefix	13	71677	0	0	0	0	0	0	0	65536","84EF75AEE2950C7EC73039F22AAB61767C66E10BCFA9F00F88F761BC19F6B063","resources/build/claim-runs/nvd-2022-B3-G1-R2/result.json"
"nvd-2022","34DF8C6319EA3100221E12A2679253A7FEAF5FAF0277686F5D5E0D94DE41230E","B3","G2","R1","nvd-2022-B3-G2-R1","True",,"872","19920","3996425","779794","281250000","2123314700","31133696","6297800","1408000","438400","343750000","2249220000","883810","prefix	24	140903	0	0	0	0	0	0	0	131072 || prefix	24	140903	0	0	0	0	0	0	0	131072","EA4F85F707DDAC343E6B9CD386B189F7099DE8AC60B03C1A78AA02A608153856","resources/build/claim-runs/nvd-2022-B3-G2-R1/result.json"
"nvd-2022","34DF8C6319EA3100221E12A2679253A7FEAF5FAF0277686F5D5E0D94DE41230E","B3","G2","R2","nvd-2022-B3-G2-R2","True",,"872","19920","3996425","779794","343750000","1672503600","28151808","6736000","1642600","575400","406250000","1837174700","883835","prefix	24	140903	0	0	0	0	0	0	0	131072 || prefix	24	140903	0	0	0	0	0	0	0	131072","4FA09CFA025DC57952182C6B2772E463CCBA363A171AA38CD38A15D15CB9601E","resources/build/claim-runs/nvd-2022-B3-G2-R2/result.json"
"nvd-2022","34DF8C6319EA3100221E12A2679253A7FEAF5FAF0277686F5D5E0D94DE41230E","B4","G1","R1","nvd-2022-B4-G1-R1","True",,"872","19920","3996425","841408","203125000","1651377200","30134272","6445800","1449300","562700","234375000","1789217800","945447","reservoir	43	264999	0	0	0	0	0	0	0	65405 || reservoir	43	264999	0	0	0	0	0	0	0	65405","B9AA604CADAC35F227073223D74DA97D745BDC78F74DAD0D7AE9186FD44AECBD","resources/build/claim-runs/nvd-2022-B4-G1-R1/result.json"
"nvd-2022","34DF8C6319EA3100221E12A2679253A7FEAF5FAF0277686F5D5E0D94DE41230E","B4","G1","R2","nvd-2022-B4-G1-R2","True",,"872","19920","3996425","841408","328125000","992762000","29224960","6958000","1616300","567100","343750000","1113194400","945448","reservoir	43	264999	0	0	0	0	0	0	0	65405 || reservoir	43	264999	0	0	0	0	0	0	0	65405","5415E6DD57235008FA48C65A5C7DCBEC768F89E60F7140B2C1ED2F8EF34B6798","resources/build/claim-runs/nvd-2022-B4-G1-R2/result.json"
"nvd-2022","34DF8C6319EA3100221E12A2679253A7FEAF5FAF0277686F5D5E0D94DE41230E","B4","G2","R1","nvd-2022-B4-G2-R1","True",,"872","19920","3996425","777400","281250000","972204000","31825920","6169000","1253300","389000","312500000","1090940500","881447","reservoir	75	528082	0	0	0	0	0	0	0	130968 || reservoir	75	528082	0	0	0	0	0	0	0	130968","98FEA3BC6762A439AB4BDCB2A1283F398A7343A1033E525470B295973740379E","resources/build/claim-runs/nvd-2022-B4-G2-R1/result.json"
"nvd-2022","34DF8C6319EA3100221E12A2679253A7FEAF5FAF0277686F5D5E0D94DE41230E","B4","G2","R2","nvd-2022-B4-G2-R2","True",,"872","19920","3996425","777400","328125000","814800700","27631616","7252600","1436600","542200","375000000","906629700","881448","reservoir	75	528082	0	0	0	0	0	0	0	130968 || reservoir	75	528082	0	0	0	0	0	0	0	130968","B256922392F6E3BAAA6F18D20FF9DEBA16433F070A2AD729E6EA2AA26E6EEC22","resources/build/claim-runs/nvd-2022-B4-G2-R2/result.json"
"nvd-2022","34DF8C6319EA3100221E12A2679253A7FEAF5FAF0277686F5D5E0D94DE41230E","B5","G1","R1","nvd-2022-B5-G1-R1","True",,"872","19920","3996425","856136","281250000","801465300","32423936","6673000","1578100","617000","312500000","899913800","960178","stratified	43	264999	0	0	0	0	0	0	0	62473 || stratified	43	264999	0	0	0	0	0	0	0	62473","D9173D6049860FFB0131435A1B698969DD653A6FE2A46E2C9B9415C60840343A","resources/build/claim-runs/nvd-2022-B5-G1-R1/result.json"
"nvd-2022","34DF8C6319EA3100221E12A2679253A7FEAF5FAF0277686F5D5E0D94DE41230E","B5","G1","R2","nvd-2022-B5-G1-R2","True",,"872","19920","3996425","856136","328125000","786866000","32301056","6997100","1603000","464200","375000000","877499800","959399","stratified	43	264999	0	0	0	0	0	0	0	62473 || stratified	43	264999	0	0	0	0	0	0	0	62473","9879D725D19BCA89DCB39E1172A64320867CD9315CA50EE69177609A39EB758B","resources/build/claim-runs/nvd-2022-B5-G1-R2/result.json"
"nvd-2022","34DF8C6319EA3100221E12A2679253A7FEAF5FAF0277686F5D5E0D94DE41230E","B5","G2","R1","nvd-2022-B5-G2-R1","True",,"872","19920","3996425","769187","296875000","792590800","31350784","7435500","1362900","453800","375000000","887207900","873237","stratified	75	528082	0	0	0	0	0	0	0	127183 || stratified	75	528082	0	0	0	0	0	0	0	127183","43EA0551E2B44E4E6A6020FB6A96C0B0BCA8EA6E82431DDACD894E34A2594882","resources/build/claim-runs/nvd-2022-B5-G2-R1/result.json"
"nvd-2022","34DF8C6319EA3100221E12A2679253A7FEAF5FAF0277686F5D5E0D94DE41230E","B5","G2","R2","nvd-2022-B5-G2-R2","True",,"872","19920","3996425","769187","343750000","1072656000","31318016","6380600","1461300","509300","390625000","1192745000","873237","stratified	75	528082	0	0	0	0	0	0	0	127183 || stratified	75	528082	0	0	0	0	0	0	0	127183","C8CDB4127A26D7CA92F7414036B5480D4584BEFB5F0BD57940737E6A08013C4F","resources/build/claim-runs/nvd-2022-B5-G2-R2/result.json"
"nvd-2022","34DF8C6319EA3100221E12A2679253A7FEAF5FAF0277686F5D5E0D94DE41230E","C1","G1","R1","nvd-2022-C1-G1-R1","True",,"872","19920","3996425","860624","328125000","1187626900","31236096","6512800","1415100","501500","375000000","1326389700","964715","candidate	43	264999	1048	241623	966492	204561	613	260	65526	65526 || candidate	43	264999	1048	241623	966492	204561	613	260	65526	65526","30D6D3E6448D79D8605F16C911C625FEC8BCD6B620781533D9CAFEA68665073B","resources/build/claim-runs/nvd-2022-C1-G1-R1/result.json"
"nvd-2022","34DF8C6319EA3100221E12A2679253A7FEAF5FAF0277686F5D5E0D94DE41230E","C1","G1","R2","nvd-2022-C1-G1-R2","True",,"872","19920","3996425","860624","437500000","865420500","32395264","7465600","1539400","687600","484375000","966263300","964715","candidate	43	264999	1048	241623	966492	204561	613	260	65526	65526 || candidate	43	264999	1048	241623	966492	204561	613	260	65526	65526","D03AEECEC3EB0BA52251E41D6F7ECBAD6A26877D12FF6B7AE5E1E0EAF95B7BC4","resources/build/claim-runs/nvd-2022-C1-G1-R2/result.json"
"nvd-2022","34DF8C6319EA3100221E12A2679253A7FEAF5FAF0277686F5D5E0D94DE41230E","C1","G2","R1","nvd-2022-C1-G2-R1","True",,"872","19920","3996425","809821","781250000","1175823100","32178176","6538100","1323100","422900","843750000","1267798000","913925","candidate	75	528082	2082	481753	1927012	811618	1273	520	130981	130981 || candidate	75	528082	2082	481753	1927012	811618	1273	520	130981	130981","1C7111F5FF3FADC2CF538CDDF0702885D1DE937CF0B189D375356C82C61CF8E5","resources/build/claim-runs/nvd-2022-C1-G2-R1/result.json"
"nvd-2022","34DF8C6319EA3100221E12A2679253A7FEAF5FAF0277686F5D5E0D94DE41230E","C1","G2","R2","nvd-2022-C1-G2-R2","True",,"872","19920","3996425","809821","765625000","1203083600","31240192","6189900","1382600","559600","812500000","1381491100","913899","candidate	75	528082	2082	481753	1927012	811618	1273	520	130981	130981 || candidate	75	528082	2082	481753	1927012	811618	1273	520	130981	130981","81DF59AAB8F15F198941A8476C56B40CC289887ABD49DFE281CC9D11DFE325F7","resources/build/claim-runs/nvd-2022-C1-G2-R2/result.json"
"nvd-2023","69B24FBD31C438FFFEF56A8F66574CF81606D03EF2740F779553C915F89CC02E","B0","G1","R1","nvd-2023-B0-G1-R1","True",,"840","19131","4169276","1178209","406250000","724832000","23814144","4800900","1434000","542800","421875000","819583000","1282111","","EB4626A481AA1FE9EF6F86859C59536BFEF2E8BBBB8C5CA9BD54CC9B23A2F97D","resources/build/claim-runs/nvd-2023-B0-G1-R1/result.json"
"nvd-2023","69B24FBD31C438FFFEF56A8F66574CF81606D03EF2740F779553C915F89CC02E","B0","G1","R2","nvd-2023-B0-G1-R2","True",,"840","19131","4169276","1178209","328125000","1055519100","23748608","5035800","1439000","555800","359375000","1145568900","1282112","","54B360389FB61CEEA627A3EAF0CE66B425225E9D81FA5D88EFBDF866F7282EE8","resources/build/claim-runs/nvd-2023-B0-G1-R2/result.json"
"nvd-2023","69B24FBD31C438FFFEF56A8F66574CF81606D03EF2740F779553C915F89CC02E","B0","G2","R1","nvd-2023-B0-G2-R1","True",,"840","19131","4169276","1178209","328125000","1024455500","23711744","4854600","1390800","539500","406250000","1132118200","1282111","","352D786E9DF05BAB99590E1028B96457465AAEDFA890C0BF35C5A4BA806E707F","resources/build/claim-runs/nvd-2023-B0-G2-R1/result.json"
"nvd-2023","69B24FBD31C438FFFEF56A8F66574CF81606D03EF2740F779553C915F89CC02E","B0","G2","R2","nvd-2023-B0-G2-R2","True",,"840","19131","4169276","1178209","312500000","934501600","23818240","6064200","1920100","582800","343750000","1030603500","1281361","","3833104F3C14D577AEC62E65546D637EF2273AA02E867716D7FFAE7991115252","resources/build/claim-runs/nvd-2023-B0-G2-R2/result.json"
"nvd-2023","69B24FBD31C438FFFEF56A8F66574CF81606D03EF2740F779553C915F89CC02E","B1","G1","R1","nvd-2023-B1-G1-R1","True",,"840","19131","4169276","850099","265625000","991881400","23953408","4999700","1632300","733600","328125000","1363261500","954107","current	2	14301	0	0	0	0	0	0	0	4096 || current	2	14301	0	0	0	0	0	0	0	4096","E2917C48CEFF87C88679F7921A5AD705B07EA97BFE7DBC2D302271EA6DAE7A16","resources/build/claim-runs/nvd-2023-B1-G1-R1/result.json"
"nvd-2023","69B24FBD31C438FFFEF56A8F66574CF81606D03EF2740F779553C915F89CC02E","B1","G1","R2","nvd-2023-B1-G1-R2","True",,"840","19131","4169276","850099","328125000","1311421100","23691264","4896900","1422700","534000","375000000","1585520700","954106","current	2	14301	0	0	0	0	0	0	0	4096 || current	2	14301	0	0	0	0	0	0	0	4096","984E900C89E5F62EEDBE4D7D01C69601F3D7B4ED5240395678807539199C70EF","resources/build/claim-runs/nvd-2023-B1-G1-R2/result.json"
"nvd-2023","69B24FBD31C438FFFEF56A8F66574CF81606D03EF2740F779553C915F89CC02E","B1","G2","R1","nvd-2023-B1-G2-R1","True",,"840","19131","4169276","798830","250000000","1155794600","24788992","5046800","1445700","552700","312500000","1247802600","902840","current	2	12752	0	0	0	0	0	0	0	8192 || current	2	12752	0	0	0	0	0	0	0	8192","BCCCA3E995721BAFBB0ABD24CE82A08A5649C27E929AF4788773936530F1B491","resources/build/claim-runs/nvd-2023-B1-G2-R1/result.json"
"nvd-2023","69B24FBD31C438FFFEF56A8F66574CF81606D03EF2740F779553C915F89CC02E","B1","G2","R2","nvd-2023-B1-G2-R2","True",,"840","19131","4169276","798830","281250000","1040188100","24158208","4678200","1443900","536500","343750000","1289423400","902811","current	2	12752	0	0	0	0	0	0	0	8192 || current	2	12752	0	0	0	0	0	0	0	8192","3CCBDF3899B4CF39431CEF375C676113FC880DACD2499040AD6EB47A9C060A57","resources/build/claim-runs/nvd-2023-B1-G2-R2/result.json"
"nvd-2023","69B24FBD31C438FFFEF56A8F66574CF81606D03EF2740F779553C915F89CC02E","B2","G1","R1","nvd-2023-B2-G1-R1","True",,"840","19131","4169276","808055","359375000","1062846800","32845824","7061500","1391500","511100","421875000","1223670700","912086","current	12	70189	0	0	0	0	0	0	0	65536 || current	12	70189	0	0	0	0	0	0	0	65536","6A7A180EB84B24EDC31AF23FAD8E744DDAA1871D35B3AF4B08B83E78EF5661C6","resources/build/claim-runs/nvd-2023-B2-G1-R1/result.json"
"nvd-2023","69B24FBD31C438FFFEF56A8F66574CF81606D03EF2740F779553C915F89CC02E","B2","G1","R2","nvd-2023-B2-G1-R2","True",,"840","19131","4169276","808055","296875000","1338294700","32956416","6941000","1772100","470300","343750000","1569701700","912087","current	12	70189	0	0	0	0	0	0	0	65536 || current	12	70189	0	0	0	0	0	0	0	65536","A31569F70F468F318A092D77E3EDB0B9D2875F47486578831E4B7F44B7F5DDF3","resources/build/claim-runs/nvd-2023-B2-G1-R2/result.json"
"nvd-2023","69B24FBD31C438FFFEF56A8F66574CF81606D03EF2740F779553C915F89CC02E","B2","G2","R1","nvd-2023-B2-G2-R1","True",,"840","19131","4169276","787274","343750000","1456923700","33366016","6126300","1431500","437700","406250000","1625024400","891313","current	21	136039	0	0	0	0	0	0	0	131072 || current	21	136039	0	0	0	0	0	0	0	131072","03170AED88C9C28088038B721CC847CD6D12136BB93D9F74A70BEBA5F665E7FC","resources/build/claim-runs/nvd-2023-B2-G2-R1/result.json"
"nvd-2023","69B24FBD31C438FFFEF56A8F66574CF81606D03EF2740F779553C915F89CC02E","B2","G2","R2","nvd-2023-B2-G2-R2","True",,"840","19131","4169276","787274","406250000","898854200","32108544","5853900","1432500","524800","421875000","1198605800","891316","current	21	136039	0	0	0	0	0	0	0	131072 || current	21	136039	0	0	0	0	0	0	0	131072","0F6F7AD4B4319567C2004052340066DCBB33E6C33C899F95AC2C6A60378F4BC1","resources/build/claim-runs/nvd-2023-B2-G2-R2/result.json"
"nvd-2023","69B24FBD31C438FFFEF56A8F66574CF81606D03EF2740F779553C915F89CC02E","B3","G1","R1","nvd-2023-B3-G1-R1","True",,"840","19131","4169276","800493","281250000","932000000","32747520","6622300","1535600","567000","343750000","1200042400","904523","prefix	14	71141	0	0	0	0	0	0	0	65536 || prefix	14	71141	0	0	0	0	0	0	0	65536","4E4A00B4B1FA0EEEAF5542C4B8F480D73BFD9C44F2F67008AE15FD5CF4A0B466","resources/build/claim-runs/nvd-2023-B3-G1-R1/result.json"
"nvd-2023","69B24FBD31C438FFFEF56A8F66574CF81606D03EF2740F779553C915F89CC02E","B3","G1","R2","nvd-2023-B3-G1-R2","True",,"840","19131","4169276","800493","406250000","1199343400","32366592","6418400","1310600","403300","484375000","1426886800","904496","prefix	14	71141	0	0	0	0	0	0	0	65536 || prefix	14	71141	0	0	0	0	0	0	0	65536","0560DCE6E20A0D88D35C3E137228CEEC695076CE215F7A84A602A1B990BA4CAC","resources/build/claim-runs/nvd-2023-B3-G1-R2/result.json"
"nvd-2023","69B24FBD31C438FFFEF56A8F66574CF81606D03EF2740F779553C915F89CC02E","B3","G2","R1","nvd-2023-B3-G2-R1","True",,"840","19131","4169276","770624","375000000","1101437600","30695424","7290600","1650600","599200","390625000","1268102500","874664","prefix	28	137085	0	0	0	0	0	0	0	131072 || prefix	28	137085	0	0	0	0	0	0	0	131072","7C7A79CD99C5765CCFCDA956770C950A4C931BBB23BA5F2FA476EA2EA7928FE0","resources/build/claim-runs/nvd-2023-B3-G2-R1/result.json"
"nvd-2023","69B24FBD31C438FFFEF56A8F66574CF81606D03EF2740F779553C915F89CC02E","B3","G2","R2","nvd-2023-B3-G2-R2","True",,"840","19131","4169276","770624","437500000","810143300","32088064","6618600","1770100","632700","531250000","906048400","874665","prefix	28	137085	0	0	0	0	0	0	0	131072 || prefix	28	137085	0	0	0	0	0	0	0	131072","1EC465B6071B7EE3427B4E6C04A2D0C80E668F2FC962000333C7CAFA4F05A0B6","resources/build/claim-runs/nvd-2023-B3-G2-R2/result.json"
"nvd-2023","69B24FBD31C438FFFEF56A8F66574CF81606D03EF2740F779553C915F89CC02E","B4","G1","R1","nvd-2023-B4-G1-R1","True",,"840","19131","4169276","805140","359375000","832202900","32464896","6355700","1588700","591300","406250000","975479200","909178","reservoir	44	266951	0	0	0	0	0	0	0	65488 || reservoir	44	266951	0	0	0	0	0	0	0	65488","6A64C70848BF1CCAD930F83B0629FCD9DE156E13FC79CFD07CA32A0AF1481AB4","resources/build/claim-runs/nvd-2023-B4-G1-R1/result.json"
"nvd-2023","69B24FBD31C438FFFEF56A8F66574CF81606D03EF2740F779553C915F89CC02E","B4","G1","R2","nvd-2023-B4-G1-R2","True",,"840","19131","4169276","805140","375000000","1455938500","28762112","6151700","1246000","405700","437500000","1600900000","909177","reservoir	44	266951	0	0	0	0	0	0	0	65488 || reservoir	44	266951	0	0	0	0	0	0	0	65488","E7C3DBC651F20CF5216583C59146DA527F32F6199E914B2720F536C659A22229","resources/build/claim-runs/nvd-2023-B4-G1-R2/result.json"
"nvd-2023","69B24FBD31C438FFFEF56A8F66574CF81606D03EF2740F779553C915F89CC02E","B4","G2","R1","nvd-2023-B4-G2-R1","True",,"840","19131","4169276","782391","359375000","1512387600","30662656","6015600","1241700","391600","421875000","1640034600","886437","reservoir	75	528806	0	0	0	0	0	0	0	127616 || reservoir	75	528806	0	0	0	0	0	0	0	127616","35C91835C7B4E7E9688696E0A1E82A6DF720DF4C0D70D5C0A7CB14B3ADF4E061","resources/build/claim-runs/nvd-2023-B4-G2-R1/result.json"
"nvd-2023","69B24FBD31C438FFFEF56A8F66574CF81606D03EF2740F779553C915F89CC02E","B4","G2","R2","nvd-2023-B4-G2-R2","True",,"840","19131","4169276","782391","312500000","1545060400","28278784","6617500","1385100","439400","375000000","1675780900","886437","reservoir	75	528806	0	0	0	0	0	0	0	127616 || reservoir	75	528806	0	0	0	0	0	0	0	127616","30724B092D7619F338D93A2BE3EBA5F9A29027A1DC00E24E57E58EA03277965B","resources/build/claim-runs/nvd-2023-B4-G2-R2/result.json"
"nvd-2023","69B24FBD31C438FFFEF56A8F66574CF81606D03EF2740F779553C915F89CC02E","B5","G1","R1","nvd-2023-B5-G1-R1","True",,"840","19131","4169276","817646","296875000","1591141500","30277632","6263700","1477600","558100","328125000","1693598000","921660","stratified	44	266951	0	0	0	0	0	0	0	64725 || stratified	44	266951	0	0	0	0	0	0	0	64725","C9B043D3C1CE993995F51955B73137B1A13B4D47568CF81C50B414AF19E52E4B","resources/build/claim-runs/nvd-2023-B5-G1-R1/result.json"
"nvd-2023","69B24FBD31C438FFFEF56A8F66574CF81606D03EF2740F779553C915F89CC02E","B5","G1","R2","nvd-2023-B5-G1-R2","True",,"840","19131","4169276","817646","343750000","1514814500","32223232","7076100","1396200","657400","390625000","1729034500","921686","stratified	44	266951	0	0	0	0	0	0	0	64725 || stratified	44	266951	0	0	0	0	0	0	0	64725","3A21D84B07B2CFD209BA114C8A876297EDDE7E2FBC57C314FC13942E188E9B29","resources/build/claim-runs/nvd-2023-B5-G1-R2/result.json"
"nvd-2023","69B24FBD31C438FFFEF56A8F66574CF81606D03EF2740F779553C915F89CC02E","B5","G2","R1","nvd-2023-B5-G2-R1","True",,"840","19131","4169276","789484","359375000","1537534300","34029568","6183700","1375800","472000","421875000","1720992700","893531","stratified	75	528806	0	0	0	0	0	0	0	129076 || stratified	75	528806	0	0	0	0	0	0	0	129076","059ADAE2525DC47E75AA3D97FE8A00A26345CB294F65F5DFF650C657299AC281","resources/build/claim-runs/nvd-2023-B5-G2-R1/result.json"
"nvd-2023","69B24FBD31C438FFFEF56A8F66574CF81606D03EF2740F779553C915F89CC02E","B5","G2","R2","nvd-2023-B5-G2-R2","True",,"840","19131","4169276","789484","281250000","1160335400","31850496","6886700","1831800","579600","312500000","1283386400","893534","stratified	75	528806	0	0	0	0	0	0	0	129076 || stratified	75	528806	0	0	0	0	0	0	0	129076","D977CFE8CECD4C9A1DEF9A3763EF3450C0CB3363D47D6703925611AD9BAD9E21","resources/build/claim-runs/nvd-2023-B5-G2-R2/result.json"
"nvd-2023","69B24FBD31C438FFFEF56A8F66574CF81606D03EF2740F779553C915F89CC02E","C1","G1","R1","nvd-2023-C1-G1-R1","True",,"840","19131","4169276","830374","453125000","1292642800","31105024","7213200","1392300","406300","515625000","1426794900","934464","candidate	44	266951	1053	243473	973892	206103	640	260	65472	65472 || candidate	44	266951	1053	243473	973892	206103	640	260	65472	65472","5182A59D91F54DE84D7E0B2EBCA477C8ADF92D5E678016CFFE2F46C004456981","resources/build/claim-runs/nvd-2023-C1-G1-R1/result.json"
"nvd-2023","69B24FBD31C438FFFEF56A8F66574CF81606D03EF2740F779553C915F89CC02E","C1","G1","R2","nvd-2023-C1-G1-R2","True",,"840","19131","4169276","830374","437500000","1245831600","29933568","6622100","1420600","511900","484375000","1401922700","934463","candidate	44	266951	1053	243473	973892	206103	640	260	65472	65472 || candidate	44	266951	1053	243473	973892	206103	640	260	65472	65472","C3977E5E5751D9151FD8253DE7C9508BD43B4F337C3C036512600C945320AEA5","resources/build/claim-runs/nvd-2023-C1-G1-R2/result.json"
"nvd-2023","69B24FBD31C438FFFEF56A8F66574CF81606D03EF2740F779553C915F89CC02E","C1","G2","R1","nvd-2023-C1-G2-R1","True",,"840","19131","4169276","808830","750000000","1599295400","32747520","6999800","1873900","630400","796875000","1787423100","912933","candidate	75	528806	2083	482269	1929076	811693	1210	519	131071	131071 || candidate	75	528806	2083	482269	1929076	811693	1210	519	131071	131071","0D2E48637E87239B967443F5CE364318F262F2608218B734828E1098F98D6D53","resources/build/claim-runs/nvd-2023-C1-G2-R1/result.json"
"nvd-2023","69B24FBD31C438FFFEF56A8F66574CF81606D03EF2740F779553C915F89CC02E","C1","G2","R2","nvd-2023-C1-G2-R2","True",,"840","19131","4169276","808830","734375000","1493323300","33554432","6963200","1659000","448300","750000000","1607289000","912907","candidate	75	528806	2083	482269	1929076	811693	1210	519	131071	131071 || candidate	75	528806	2083	482269	1929076	811693	1210	519	131071	131071","32DB20703FD55179CCF706268961E8F0DCFB575BBED64C9CEC5EA7DDBBE6B819","resources/build/claim-runs/nvd-2023-C1-G2-R2/result.json"
"nvd-2024","44BD334F1CB989CB2F45A63028A08F00F5AEB974C7104ACB82EABEDF7C663024","B0","G1","R1","nvd-2024-B0-G1-R1","True",,"759","17278","4170105","1144954","328125000","924916600","23920640","5036200","1288300","500600","375000000","1039523700","1248856","","7870014237FAE71B1C982BD75F98D67768B6E81F3AE0C29BC89C20F1457DE6D8","resources/build/claim-runs/nvd-2024-B0-G1-R1/result.json"
"nvd-2024","44BD334F1CB989CB2F45A63028A08F00F5AEB974C7104ACB82EABEDF7C663024","B0","G1","R2","nvd-2024-B0-G1-R2","True",,"759","17278","4170105","1144954","328125000","1121666800","23687168","4737300","1295200","591300","359375000","1240313700","1248856","","32E3B8EF2591BFC1FF04ECBD26A44C7F3E42AA24DAFF700153DF1B42C4D06CFD","resources/build/claim-runs/nvd-2024-B0-G1-R2/result.json"
"nvd-2024","44BD334F1CB989CB2F45A63028A08F00F5AEB974C7104ACB82EABEDF7C663024","B0","G2","R1","nvd-2024-B0-G2-R1","True",,"759","17278","4170105","1144954","328125000","1150435500","23896064","4565800","1301200","576400","375000000","1315862000","1248856","","FB8D0E767CE1E39C6C872F5DCB4096CE05075865AFF866EEA6EFFE37A8A3D266","resources/build/claim-runs/nvd-2024-B0-G2-R1/result.json"
"nvd-2024","44BD334F1CB989CB2F45A63028A08F00F5AEB974C7104ACB82EABEDF7C663024","B0","G2","R2","nvd-2024-B0-G2-R2","True",,"759","17278","4170105","1144954","312500000","1423034400","23908352","4405700","1249000","532100","375000000","1701261800","1248856","","49DA197CEEB5700974E73D21CB721EB8B00379B3E2E09B69ED381D274491D729","resources/build/claim-runs/nvd-2024-B0-G2-R2/result.json"
"nvd-2024","44BD334F1CB989CB2F45A63028A08F00F5AEB974C7104ACB82EABEDF7C663024","B1","G1","R1","nvd-2024-B1-G1-R1","True",,"759","17278","4170105","893779","296875000","1484778600","23617536","5398500","1287900","505200","359375000","1580181300","997785","current	1	5451	0	0	0	0	0	0	0	4096 || current	1	5451	0	0	0	0	0	0	0	4096","8113FA48F781F5D55E8B17694D869FDB2F55E0858DDC47D70667605FDE9327B9","resources/build/claim-runs/nvd-2024-B1-G1-R1/result.json"
"nvd-2024","44BD334F1CB989CB2F45A63028A08F00F5AEB974C7104ACB82EABEDF7C663024","B1","G1","R2","nvd-2024-B1-G1-R2","True",,"759","17278","4170105","893779","296875000","1187959300","24002560","4965900","1365400","653900","359375000","1293795300","997786","current	1	5451	0	0	0	0	0	0	0	4096 || current	1	5451	0	0	0	0	0	0	0	4096","E9DA8E80079DF9026F9BCAAF9DFBF765B04DD7C4DEECDED56119E6AA3D70EFAE","resources/build/claim-runs/nvd-2024-B1-G1-R2/result.json"
"nvd-2024","44BD334F1CB989CB2F45A63028A08F00F5AEB974C7104ACB82EABEDF7C663024","B1","G2","R1","nvd-2024-B1-G2-R1","True",,"759","17278","4170105","797170","359375000","1044983000","23752704","5245000","1272600","471900","390625000","1161156300","901178","current	2	11060	0	0	0	0	0	0	0	8192 || current	2	11060	0	0	0	0	0	0	0	8192","27ED32A64F100287DE62465C7EE1772C8B674CA8EF92533391E2D8312040C67C","resources/build/claim-runs/nvd-2024-B1-G2-R1/result.json"
"nvd-2024","44BD334F1CB989CB2F45A63028A08F00F5AEB974C7104ACB82EABEDF7C663024","B1","G2","R2","nvd-2024-B1-G2-R2","True",,"759","17278","4170105","797170","281250000","960340800","24346624","4678900","1242300","605500","312500000","1122164500","901177","current	2	11060	0	0	0	0	0	0	0	8192 || current	2	11060	0	0	0	0	0	0	0	8192","78D48B5A2D3F39D191D22621A8DF250E93944D33D5F5F9BE06A3EB3B87A33FD1","resources/build/claim-runs/nvd-2024-B1-G2-R2/result.json"
"nvd-2024","44BD334F1CB989CB2F45A63028A08F00F5AEB974C7104ACB82EABEDF7C663024","B2","G1","R1","nvd-2024-B2-G1-R1","True",,"759","17278","4170105","829437","296875000","947973800","29605888","5982000","1270400","622400","375000000","1130290300","933470","current	11	65724	0	0	0	0	0	0	0	65536 || current	11	65724	0	0	0	0	0	0	0	65536","9100183DC9822EBC76377BF63F24319FFC500875681FA0D947F2C571C2F2CDBC","resources/build/claim-runs/nvd-2024-B2-G1-R1/result.json"
"nvd-2024","44BD334F1CB989CB2F45A63028A08F00F5AEB974C7104ACB82EABEDF7C663024","B2","G1","R2","nvd-2024-B2-G1-R2","True",,"759","17278","4170105","829437","296875000","1104504100","25784320","7055300","1365000","525200","375000000","1258888100","933470","current	11	65724	0	0	0	0	0	0	0	65536 || current	11	65724	0	0	0	0	0	0	0	65536","F95BDF943C6212D238EBAB27E0708146D03D7FB1229616923112E35DD23AEBAE","resources/build/claim-runs/nvd-2024-B2-G1-R2/result.json"
"nvd-2024","44BD334F1CB989CB2F45A63028A08F00F5AEB974C7104ACB82EABEDF7C663024","B2","G2","R1","nvd-2024-B2-G2-R1","True",,"759","17278","4170105","745837","343750000","1154067500","32264192","5906500","1284200","654300","375000000","1274324700","849877","current	23	134572	0	0	0	0	0	0	0	131072 || current	23	134572	0	0	0	0	0	0	0	131072","39FCB2BCB2134D506F792B361906155C973A79118D5F039E81F64BA73BCB993D","resources/build/claim-runs/nvd-2024-B2-G2-R1/result.json"
"nvd-2024","44BD334F1CB989CB2F45A63028A08F00F5AEB974C7104ACB82EABEDF7C663024","B2","G2","R2","nvd-2024-B2-G2-R2","True",,"759","17278","4170105","745837","468750000","1353643500","30691328","6629800","1351900","664300","531250000","1494136200","849854","current	23	134572	0	0	0	0	0	0	0	131072 || current	23	134572	0	0	0	0	0	0	0	131072","3D78F6EFDBC8CB3A8772274D5BF8A168CCFADEA399E52E9DE7E5400D15D62A8D","resources/build/claim-runs/nvd-2024-B2-G2-R2/result.json"
"nvd-2024","44BD334F1CB989CB2F45A63028A08F00F5AEB974C7104ACB82EABEDF7C663024","B3","G1","R1","nvd-2024-B3-G1-R1","True",,"759","17278","4170105","791816","265625000","1270699000","29171712","6334300","1267900","616500","312500000","1427078700","895844","prefix	13	76068	0	0	0	0	0	0	0	65536 || prefix	13	76068	0	0	0	0	0	0	0	65536","DC03CEF2AE4D57C6530C3310FD306D2BC6A2206E66A07B82C2F324AC4D652649","resources/build/claim-runs/nvd-2024-B3-G1-R1/result.json"
"nvd-2024","44BD334F1CB989CB2F45A63028A08F00F5AEB974C7104ACB82EABEDF7C663024","B3","G1","R2","nvd-2024-B3-G1-R2","True",,"759","17278","4170105","791816","390625000","1312490300","24518656","6024800","1301800","603100","453125000","1416959100","895847","prefix	13	76068	0	0	0	0	0	0	0	65536 || prefix	13	76068	0	0	0	0	0	0	0	65536","F21116A279D01B5EAD4571BDC3ECF885860CD8355AF6F37C817574B971618842","resources/build/claim-runs/nvd-2024-B3-G1-R2/result.json"
"nvd-2024","44BD334F1CB989CB2F45A63028A08F00F5AEB974C7104ACB82EABEDF7C663024","B3","G2","R1","nvd-2024-B3-G2-R1","True",,"759","17278","4170105","739688","390625000","1223687200","28811264","8098700","1335800","520000","468750000","1350128900","842979","prefix	23	138535	0	0	0	0	0	0	0	131072 || prefix	23	138535	0	0	0	0	0	0	0	131072","E976525D09CCEC40A35B153C86238190156F88F635A0F020E8305DFEDA8A9151","resources/build/claim-runs/nvd-2024-B3-G2-R1/result.json"
"nvd-2024","44BD334F1CB989CB2F45A63028A08F00F5AEB974C7104ACB82EABEDF7C663024","B3","G2","R2","nvd-2024-B3-G2-R2","True",,"759","17278","4170105","739688","265625000","1250173300","32894976","5759600","1576100","707000","312500000","1420366600","843727","prefix	23	138535	0	0	0	0	0	0	0	131072 || prefix	23	138535	0	0	0	0	0	0	0	131072","BC4396E4C8CC52ACF54279E790729480C03F0E54F84D974246539BBE314CF8F2","resources/build/claim-runs/nvd-2024-B3-G2-R2/result.json"
"nvd-2024","44BD334F1CB989CB2F45A63028A08F00F5AEB974C7104ACB82EABEDF7C663024","B4","G1","R1","nvd-2024-B4-G1-R1","True",,"759","17278","4170105","816257","265625000","1199373100","28459008","6135100","1309800","643900","312500000","1368721800","920293","reservoir	43	262823	0	0	0	0	0	0	0	62769 || reservoir	43	262823	0	0	0	0	0	0	0	62769","F3CEA83A8A2053BD2D08B4BF708388148E3D380A55FE640F0D98C45F48089A8C","resources/build/claim-runs/nvd-2024-B4-G1-R1/result.json"
"nvd-2024","44BD334F1CB989CB2F45A63028A08F00F5AEB974C7104ACB82EABEDF7C663024","B4","G1","R2","nvd-2024-B4-G1-R2","True",,"759","17278","4170105","816257","312500000","1043086900","30314496","5957100","1330800","632400","406250000","1206555700","920295","reservoir	43	262823	0	0	0	0	0	0	0	62769 || reservoir	43	262823	0	0	0	0	0	0	0	62769","BAD1123F48A984A6D95E4106ECA56805835DACF92EF62CF35596DFD20C2C8FAE","resources/build/claim-runs/nvd-2024-B4-G1-R2/result.json"
"nvd-2024","44BD334F1CB989CB2F45A63028A08F00F5AEB974C7104ACB82EABEDF7C663024","B4","G2","R1","nvd-2024-B4-G2-R1","True",,"759","17278","4170105","743664","281250000","1067410300","30457856","7204300","1329100","601500","328125000","1206663900","847708","reservoir	86	525276	0	0	0	0	0	0	0	129911 || reservoir	86	525276	0	0	0	0	0	0	0	129911","E761D7D7853C118F65480DE50BBF0D3424E5389F8A79DD364F976B6E39225D6C","resources/build/claim-runs/nvd-2024-B4-G2-R1/result.json"
"nvd-2024","44BD334F1CB989CB2F45A63028A08F00F5AEB974C7104ACB82EABEDF7C663024","B4","G2","R2","nvd-2024-B4-G2-R2","True",,"759","17278","4170105","743664","281250000","1235016900","32907264","6192200","1238600","493700","328125000","1367097800","847682","reservoir	86	525276	0	0	0	0	0	0	0	129911 || reservoir	86	525276	0	0	0	0	0	0	0	129911","FC993C3C91AE7360FF4F0B6AFC2675B198DE7F037DE5C712F77894B4ADDA3E7F","resources/build/claim-runs/nvd-2024-B4-G2-R2/result.json"
"nvd-2024","44BD334F1CB989CB2F45A63028A08F00F5AEB974C7104ACB82EABEDF7C663024","B5","G1","R1","nvd-2024-B5-G1-R1","True",,"759","17278","4170105","795238","328125000","1248586500","28852224","7138100","1452000","825000","343750000","1384174200","899279","stratified	43	262823	0	0	0	0	0	0	0	65209 || stratified	43	262823	0	0	0	0	0	0	0	65209","DDD524F9ADDBCBDAB2000E67E56B0238A6213422CF5F9594BA1A85AEB91C3EE8","resources/build/claim-runs/nvd-2024-B5-G1-R1/result.json"
"nvd-2024","44BD334F1CB989CB2F45A63028A08F00F5AEB974C7104ACB82EABEDF7C663024","B5","G1","R2","nvd-2024-B5-G1-R2","True",,"759","17278","4170105","795238","218750000","1154491400","32378880","7525700","1581600","596000","281250000","1313627000","899277","stratified	43	262823	0	0	0	0	0	0	0	65209 || stratified	43	262823	0	0	0	0	0	0	0	65209","0C33EF94ACBFE54793B3288CC7DC245228F6A48F9D7DA191F87BF3DE16C4BE8C","resources/build/claim-runs/nvd-2024-B5-G1-R2/result.json"
"nvd-2024","44BD334F1CB989CB2F45A63028A08F00F5AEB974C7104ACB82EABEDF7C663024","B5","G2","R1","nvd-2024-B5-G2-R1","True",,"759","17278","4170105","747941","265625000","1133074100","32882688","6000600","1366000","615700","312500000","1292356200","851987","stratified	86	525276	0	0	0	0	0	0	0	127339 || stratified	86	525276	0	0	0	0	0	0	0	127339","05EDADC0F0356FF5E4E25DEB594912F5CA03231BE4E2CB49812D4F12DBC6F963","resources/build/claim-runs/nvd-2024-B5-G2-R1/result.json"
"nvd-2024","44BD334F1CB989CB2F45A63028A08F00F5AEB974C7104ACB82EABEDF7C663024","B5","G2","R2","nvd-2024-B5-G2-R2","True",,"759","17278","4170105","747941","234375000","1322110600","31805440","6842600","1199500","526400","265625000","1481333900","851990","stratified	86	525276	0	0	0	0	0	0	0	127339 || stratified	86	525276	0	0	0	0	0	0	0	127339","10DA8501D36FCBF138DA8EE09E00A19D78251180855121337B46EE867CF2EBB2","resources/build/claim-runs/nvd-2024-B5-G2-R2/result.json"
"nvd-2024","44BD334F1CB989CB2F45A63028A08F00F5AEB974C7104ACB82EABEDF7C663024","C1","G1","R1","nvd-2024-C1-G1-R1","True",,"759","17278","4170105","805844","406250000","1416173600","30945280","5845400","1360900","636700","437500000","1571162700","909907","candidate	43	262823	1039	239615	958460	202971	665	262	65327	65327 || candidate	43	262823	1039	239615	958460	202971	665	262	65327	65327","D27979F5A06C7230FCA10A8F71E11B5E900CE491F2121A0B714AFA9253C040DA","resources/build/claim-runs/nvd-2024-C1-G1-R1/result.json"
"nvd-2024","44BD334F1CB989CB2F45A63028A08F00F5AEB974C7104ACB82EABEDF7C663024","C1","G1","R2","nvd-2024-C1-G1-R2","True",,"759","17278","4170105","805844","406250000","1595896100","32124928","6068200","1538200","653400","468750000","1754116700","909931","candidate	43	262823	1039	239615	958460	202971	665	262	65327	65327 || candidate	43	262823	1039	239615	958460	202971	665	262	65327	65327","B1E4598759E51BFBF2A13DA6DF561C053C4D8E211C687B4C52220263DA4F1D56","resources/build/claim-runs/nvd-2024-C1-G1-R2/result.json"
"nvd-2024","44BD334F1CB989CB2F45A63028A08F00F5AEB974C7104ACB82EABEDF7C663024","C1","G2","R1","nvd-2024-C1-G2-R1","True",,"759","17278","4170105","760628","703125000","1824709600","33173504","5920100","1293000","559500","734375000","2138402000","864730","candidate	86	525276	2075	479064	1916256	807959	1302	520	131036	131036 || candidate	86	525276	2075	479064	1916256	807959	1302	520	131036	131036","D1BE9D9FD9C7F6C13673ED0D4DCC798B8B7276C1030EA2211170FD2EE794E8FE","resources/build/claim-runs/nvd-2024-C1-G2-R1/result.json"
"nvd-2024","44BD334F1CB989CB2F45A63028A08F00F5AEB974C7104ACB82EABEDF7C663024","C1","G2","R2","nvd-2024-C1-G2-R2","True",,"759","17278","4170105","760628","625000000","1471873300","31309824","5853800","1260100","596600","687500000","1577417700","864730","candidate	86	525276	2075	479064	1916256	807959	1302	520	131036	131036 || candidate	86	525276	2075	479064	1916256	807959	1302	520	131036	131036","FC16D5D7AF701B1FED03EC40B88EA8F07D565DCADA615E560EF2ABAA2CE6954A","resources/build/claim-runs/nvd-2024-C1-G2-R2/result.json"
"pypi-boto3","B27E2F38AF659B4737CF172F496A195125653E14264D5781F9089AC211B5F565","B0","G1","R1","pypi-boto3-B0-G1-R1","True",,"4205","459556","2590045","844365","187500000","557461900","22171648","4822200","4337800","285900","250000000","696263500","948369","","459E858688318F1BAEA4E94393F0E3F6C770D0E632030AD808D0D0032D646E5B","resources/build/claim-runs/pypi-boto3-B0-G1-R1/result.json"
"pypi-boto3","B27E2F38AF659B4737CF172F496A195125653E14264D5781F9089AC211B5F565","B0","G1","R2","pypi-boto3-B0-G1-R2","True",,"4205","459556","2590045","844365","218750000","573084300","21970944","4806800","4360900","284200","265625000","744890000","948393","","6086D3242581B9B8A8C3DD7D0CB205FA3A8F318A128E2F257A6774EBB25E9850","resources/build/claim-runs/pypi-boto3-B0-G1-R2/result.json"
"pypi-boto3","B27E2F38AF659B4737CF172F496A195125653E14264D5781F9089AC211B5F565","B0","G2","R1","pypi-boto3-B0-G2-R1","True",,"4205","459556","2590045","844365","218750000","536454600","21696512","5206700","5174000","395600","281250000","723677000","948372","","368671C780D7EAD1D468740EEDA34DE5CE9B85385B395730544162B4CE84C608","resources/build/claim-runs/pypi-boto3-B0-G2-R1/result.json"
"pypi-boto3","B27E2F38AF659B4737CF172F496A195125653E14264D5781F9089AC211B5F565","B0","G2","R2","pypi-boto3-B0-G2-R2","True",,"4205","459556","2590045","844365","187500000","565041900","21688320","5031200","5274300","335400","234375000","751691800","947646","","CE94FA6AF8EAA26BF9B08FCF077998E6E687029267335E1F949E361C5AA470AF","resources/build/claim-runs/pypi-boto3-B0-G2-R2/result.json"
"pypi-boto3","B27E2F38AF659B4737CF172F496A195125653E14264D5781F9089AC211B5F565","B1","G1","R1","pypi-boto3-B1-G1-R1","True",,"4205","459556","2590045","661379","187500000","576320600","21430272","4714000","4364400","271900","234375000","731561200","765528","current	1	4284	0	0	0	0	0	0	0	4096 || current	1	4284	0	0	0	0	0	0	0	4096","DA785F109108971E961E88A4EA2B382E613DE0378099C007CFEB38FE717F5C20","resources/build/claim-runs/pypi-boto3-B1-G1-R1/result.json"
"pypi-boto3","B27E2F38AF659B4737CF172F496A195125653E14264D5781F9089AC211B5F565","B1","G1","R2","pypi-boto3-B1-G1-R2","True",,"4205","459556","2590045","661379","187500000","585796600","22171648","4876400","4338200","297700","250000000","733037400","765528","current	1	4284	0	0	0	0	0	0	0	4096 || current	1	4284	0	0	0	0	0	0	0	4096","C46C8E04C37589B596F0BD8DD2B04D4CB51184062E0B50BA5B6E1C70AC09C08C","resources/build/claim-runs/pypi-boto3-B1-G1-R2/result.json"
"pypi-boto3","B27E2F38AF659B4737CF172F496A195125653E14264D5781F9089AC211B5F565","B1","G2","R1","pypi-boto3-B1-G2-R1","True",,"4205","459556","2590045","676690","281250000","584885700","22081536","5032800","5150600","327000","406250000","732599500","780837","current	2	8581	0	0	0	0	0	0	0	8192 || current	2	8581	0	0	0	0	0	0	0	8192","006946E2CA3CFDE337BF55B50B9E55FD0D5BFA2FED66B3272D05BE95423C8F5A","resources/build/claim-runs/pypi-boto3-B1-G2-R1/result.json"
"pypi-boto3","B27E2F38AF659B4737CF172F496A195125653E14264D5781F9089AC211B5F565","B1","G2","R2","pypi-boto3-B1-G2-R2","True",,"4205","459556","2590045","676690","203125000","580541300","22188032","4878000","4283900","240700","265625000","688352300","780816","current	2	8581	0	0	0	0	0	0	0	8192 || current	2	8581	0	0	0	0	0	0	0	8192","0709BD28E9BBEA908FBFB923A76A3D0A73B83BFA153C2E55B9B140ACB309E7F4","resources/build/claim-runs/pypi-boto3-B1-G2-R2/result.json"
"pypi-boto3","B27E2F38AF659B4737CF172F496A195125653E14264D5781F9089AC211B5F565","B2","G1","R1","pypi-boto3-B2-G1-R1","True",,"4205","459556","2590045","634586","281250000","651611500","31682560","6706400","5243600","471700","328125000","760789200","738762","current	16	68607	0	0	0	0	0	0	0	65536 || current	16	68607	0	0	0	0	0	0	0	65536","60B96868F9DC5C1A28285186C59DFE09EBF0D6AEF8A743FA221539D15999123A","resources/build/claim-runs/pypi-boto3-B2-G1-R1/result.json"
"pypi-boto3","B27E2F38AF659B4737CF172F496A195125653E14264D5781F9089AC211B5F565","B2","G1","R2","pypi-boto3-B2-G1-R2","True",,"4205","459556","2590045","634586","218750000","630363700","31813632","6471700","5324200","329900","281250000","760818400","738760","current	16	68607	0	0	0	0	0	0	0	65536 || current	16	68607	0	0	0	0	0	0	0	65536","7897575F2E1F57750EF941B00AF29751450A2BA8D90A745F4F20FF8A9DFC6A65","resources/build/claim-runs/pypi-boto3-B2-G1-R2/result.json"
"pypi-boto3","B27E2F38AF659B4737CF172F496A195125653E14264D5781F9089AC211B5F565","B2","G2","R1","pypi-boto3-B2-G2-R1","True",,"4205","459556","2590045","643762","265625000","607865000","31199232","6067300","4244100","278600","296875000","809203600","747946","current	32	135230	0	0	0	0	0	0	0	131072 || current	32	135230	0	0	0	0	0	0	0	131072","D4B91E2CF1BDB485ECF6F475ED747ABFBA0CC6BA269F2793444CCA6B5B148312","resources/build/claim-runs/pypi-boto3-B2-G2-R1/result.json"
"pypi-boto3","B27E2F38AF659B4737CF172F496A195125653E14264D5781F9089AC211B5F565","B2","G2","R2","pypi-boto3-B2-G2-R2","True",,"4205","459556","2590045","643762","203125000","620489000","31088640","6022900","4401300","294900","265625000","787144500","747947","current	32	135230	0	0	0	0	0	0	0	131072 || current	32	135230	0	0	0	0	0	0	0	131072","701477DAFB5EAA101E3EFAA8823A4A182ADBD8CEC8D7347EE4DB93B0EF9861F3","resources/build/claim-runs/pypi-boto3-B2-G2-R2/result.json"
"pypi-boto3","B27E2F38AF659B4737CF172F496A195125653E14264D5781F9089AC211B5F565","B3","G1","R1","pypi-boto3-B3-G1-R1","True",,"4205","459556","2590045","640533","218750000","637626700","30658560","6154200","4436600","291300","281250000","814626800","744705","prefix	17	72753	0	0	0	0	0	0	0	65536 || prefix	17	72753	0	0	0	0	0	0	0	65536","0AFAF726423EF444DD5339DA3ED9D29F52375A35AE7225C78C6B4609E8BD1AB5","resources/build/claim-runs/pypi-boto3-B3-G1-R1/result.json"
"pypi-boto3","B27E2F38AF659B4737CF172F496A195125653E14264D5781F9089AC211B5F565","B3","G1","R2","pypi-boto3-B3-G1-R2","True",,"4205","459556","2590045","640533","250000000","593946300","30937088","6380400","4467500","298500","296875000","756594000","744679","prefix	17	72753	0	0	0	0	0	0	0	65536 || prefix	17	72753	0	0	0	0	0	0	0	65536","07344D95D9E94588D0FF6ACBB354BF0A81E25F5C57DB407D91C02F93FED17561","resources/build/claim-runs/pypi-boto3-B3-G1-R2/result.json"
"pypi-boto3","B27E2F38AF659B4737CF172F496A195125653E14264D5781F9089AC211B5F565","B3","G2","R1","pypi-boto3-B3-G2-R1","True",,"4205","459556","2590045","648331","312500000","732549900","32358400","6925100","4625100","275600","359375000","884040900","751763","prefix	32	137112	0	0	0	0	0	0	0	131072 || prefix	32	137112	0	0	0	0	0	0	0	131072","B3A68CF9979EE4D5B07384998C33F3319531069058DA4E471238575ADA22D84F","resources/build/claim-runs/pypi-boto3-B3-G2-R1/result.json"
"pypi-boto3","B27E2F38AF659B4737CF172F496A195125653E14264D5781F9089AC211B5F565","B3","G2","R2","pypi-boto3-B3-G2-R2","True",,"4205","459556","2590045","648331","234375000","609691400","28733440","6424500","4456100","287800","296875000","736113000","752513","prefix	32	137112	0	0	0	0	0	0	0	131072 || prefix	32	137112	0	0	0	0	0	0	0	131072","FA20F44C33D1C30A7544D4DFAC87893EF719DA6FEE06CCD951DC53ABF8766D8A","resources/build/claim-runs/pypi-boto3-B3-G2-R2/result.json"
"pypi-boto3","B27E2F38AF659B4737CF172F496A195125653E14264D5781F9089AC211B5F565","B4","G1","R1","pypi-boto3-B4-G1-R1","True",,"4205","459556","2590045","637678","265625000","640325000","27926528","6560800","4370100","277800","296875000","783734500","741857","reservoir	62	265857	0	0	0	0	0	0	0	64291 || reservoir	62	265857	0	0	0	0	0	0	0	64291","B5355601552A3DDBD90E384419499BD98633AD27D25EEE3FF3BFDD6D7D8DEDAA","resources/build/claim-runs/pypi-boto3-B4-G1-R1/result.json"
"pypi-boto3","B27E2F38AF659B4737CF172F496A195125653E14264D5781F9089AC211B5F565","B4","G1","R2","pypi-boto3-B4-G1-R2","True",,"4205","459556","2590045","637678","250000000","635397800","27619328","7186400","4259900","321400","312500000","802176300","741829","reservoir	62	265857	0	0	0	0	0	0	0	64291 || reservoir	62	265857	0	0	0	0	0	0	0	64291","4517018FF416F22B698BD2BD52EDF6A4FE8F5D87B63FCEC0C7A05BAC7CDE58A1","resources/build/claim-runs/pypi-boto3-B4-G1-R2/result.json"
"pypi-boto3","B27E2F38AF659B4737CF172F496A195125653E14264D5781F9089AC211B5F565","B4","G2","R1","pypi-boto3-B4-G2-R1","True",,"4205","459556","2590045","641314","250000000","638696500","32968704","6901800","4947700","321000","328125000","779124500","745503","reservoir	124	525041	0	0	0	0	0	0	0	130499 || reservoir	124	525041	0	0	0	0	0	0	0	130499","EC207898839E1C1D307076CD13FF8415ED7CBEF818CE40D379FF9499224D1E70","resources/build/claim-runs/pypi-boto3-B4-G2-R1/result.json"
"pypi-boto3","B27E2F38AF659B4737CF172F496A195125653E14264D5781F9089AC211B5F565","B4","G2","R2","pypi-boto3-B4-G2-R2","True",,"4205","459556","2590045","641314","234375000","551489200","31109120","6662100","4607800","296500","296875000","650922600","745504","reservoir	124	525041	0	0	0	0	0	0	0	130499 || reservoir	124	525041	0	0	0	0	0	0	0	130499","9D612D89A7B6EDA6D7A70B84182BDE112A097013EA9F03AE6C3B997DCC8A430A","resources/build/claim-runs/pypi-boto3-B4-G2-R2/result.json"
"pypi-boto3","B27E2F38AF659B4737CF172F496A195125653E14264D5781F9089AC211B5F565","B5","G1","R1","pypi-boto3-B5-G1-R1","True",,"4205","459556","2590045","635285","234375000","480283400","29696000","6249400","4291200","272400","296875000","610916300","739464","stratified	62	265857	0	0	0	0	0	0	0	64345 || stratified	62	265857	0	0	0	0	0	0	0	64345","A1CFF9E85AECAC1245514466C7DD210830748BA692FB0176BA2DE892E316B522","resources/build/claim-runs/pypi-boto3-B5-G1-R1/result.json"
"pypi-boto3","B27E2F38AF659B4737CF172F496A195125653E14264D5781F9089AC211B5F565","B5","G1","R2","pypi-boto3-B5-G1-R2","True",,"4205","459556","2590045","635285","250000000","456427100","30601216","6876500","4909900","345500","296875000","564425200","739445","stratified	62	265857	0	0	0	0	0	0	0	64345 || stratified	62	265857	0	0	0	0	0	0	0	64345","FE9D50894944E7E1D5A18485D44B01A8F7B0439E1B7281B2B038B6D6BA54F91A","resources/build/claim-runs/pypi-boto3-B5-G1-R2/result.json"
"pypi-boto3","B27E2F38AF659B4737CF172F496A195125653E14264D5781F9089AC211B5F565","B5","G2","R1","pypi-boto3-B5-G2-R1","True",,"4205","459556","2590045","648129","234375000","465743700","32284672","6565200","4642700","251900","296875000","559829600","752321","stratified	124	525041	0	0	0	0	0	0	0	127425 || stratified	124	525041	0	0	0	0	0	0	0	127425","A167C7EBBFDA5953090E623390FD052EDCFFF3BB759FFCE89A37FC978CF0E389","resources/build/claim-runs/pypi-boto3-B5-G2-R1/result.json"
"pypi-boto3","B27E2F38AF659B4737CF172F496A195125653E14264D5781F9089AC211B5F565","B5","G2","R2","pypi-boto3-B5-G2-R2","True",,"4205","459556","2590045","648129","265625000","478167200","32165888","6534200","4398100","275700","343750000","571843900","752298","stratified	124	525041	0	0	0	0	0	0	0	127425 || stratified	124	525041	0	0	0	0	0	0	0	127425","C7FE9B4DEBEDC7F2AFDC155EF02EA445D41C42750800490383C2EBD0FA531BB5","resources/build/claim-runs/pypi-boto3-B5-G2-R2/result.json"
"pypi-boto3","B27E2F38AF659B4737CF172F496A195125653E14264D5781F9089AC211B5F565","C1","G1","R1","pypi-boto3-C1-G1-R1","True",,"4205","459556","2590045","653093","375000000","565411400","30556160","6220200","4265100","275400","437500000","659769100","757326","candidate	62	265857	1054	242669	970676	206440	524	260	65525	65525 || candidate	62	265857	1054	242669	970676	206440	524	260	65525	65525","5739724978AB628710EFC263311F6901F21CAF65E300ABC748F43D37FAF3E0D9","resources/build/claim-runs/pypi-boto3-C1-G1-R1/result.json"
"pypi-boto3","B27E2F38AF659B4737CF172F496A195125653E14264D5781F9089AC211B5F565","C1","G1","R2","pypi-boto3-C1-G1-R2","True",,"4205","459556","2590045","653093","328125000","545384900","31678464","6846300","4401900","275400","390625000","645827300","757300","candidate	62	265857	1054	242669	970676	206440	524	260	65525	65525 || candidate	62	265857	1054	242669	970676	206440	524	260	65525	65525","801A6DB72D75332117AB0E2CEBE904F19444A83A563DA20B581EE074848C9E91","resources/build/claim-runs/pypi-boto3-C1-G1-R2/result.json"
"pypi-boto3","B27E2F38AF659B4737CF172F496A195125653E14264D5781F9089AC211B5F565","C1","G2","R1","pypi-boto3-C1-G2-R1","True",,"4205","459556","2590045","667824","703125000","931175900","32874496","6666500","4855100","294100","750000000","1043369500","772073","candidate	124	525041	2077	478802	1915208	808602	1235	519	131060	131060 || candidate	124	525041	2077	478802	1915208	808602	1235	519	131060	131060","937D35A39C9E1046FF60563985E951DAFEA43077B390AC318D74829C3F4E81B5","resources/build/claim-runs/pypi-boto3-C1-G2-R1/result.json"
"pypi-boto3","B27E2F38AF659B4737CF172F496A195125653E14264D5781F9089AC211B5F565","C1","G2","R2","pypi-boto3-C1-G2-R2","True",,"4205","459556","2590045","667824","656250000","808783400","32378880","7160600","4638600","282500","687500000","911118600","772073","candidate	124	525041	2077	478802	1915208	808602	1235	519	131060	131060 || candidate	124	525041	2077	478802	1915208	808602	1235	519	131060	131060","8833B75A3445A3174056C5B6139D53E86526E14BC0E3124BFA6F20EECCE5E42C","resources/build/claim-runs/pypi-boto3-C1-G2-R2/result.json"
"pypi-botocore","FEF28BB5F76E7EF480EDDFFE94F27B567CDE34CF7150EA68D3090EAD37098C2F","B0","G1","R1","pypi-botocore-B0-G1-R1","True",,"4877","562451","3023176","987628","234375000","403170600","23502848","5774000","5325000","304900","265625000","491029900","1091725","","1B091039E602C6B934B9E5487C20A4F30D17C1EE1D1DC6416B2B4E6E3407700B","resources/build/claim-runs/pypi-botocore-B0-G1-R1/result.json"
"pypi-botocore","FEF28BB5F76E7EF480EDDFFE94F27B567CDE34CF7150EA68D3090EAD37098C2F","B0","G1","R2","pypi-botocore-B0-G1-R2","True",,"4877","562451","3023176","987628","218750000","455157800","22777856","6431800","6005200","352900","281250000","643414900","1091723","","7D8E85C34596E4E97745CBE8F2F3533D65EBAEB96492C9FA47EBDCCA830F832E","resources/build/claim-runs/pypi-botocore-B0-G1-R2/result.json"
"pypi-botocore","FEF28BB5F76E7EF480EDDFFE94F27B567CDE34CF7150EA68D3090EAD37098C2F","B0","G2","R1","pypi-botocore-B0-G2-R1","True",,"4877","562451","3023176","987628","234375000","406778000","22335488","6130000","6469300","303500","281250000","574358400","1091725","","74A991AA3547A8FEB79567099AFF78C3560626D460314D04B7CB3443D714C3D3","resources/build/claim-runs/pypi-botocore-B0-G2-R1/result.json"
"pypi-botocore","FEF28BB5F76E7EF480EDDFFE94F27B567CDE34CF7150EA68D3090EAD37098C2F","B0","G2","R2","pypi-botocore-B0-G2-R2","True",,"4877","562451","3023176","987628","234375000","442045500","22757376","6025100","5117100","297900","296875000","537684900","1091723","","A632F55C9214F94AF9CF930F9175464418E9EC9FA3D065A054D5910EDD8BAFF6","resources/build/claim-runs/pypi-botocore-B0-G2-R2/result.json"
"pypi-botocore","FEF28BB5F76E7EF480EDDFFE94F27B567CDE34CF7150EA68D3090EAD37098C2F","B1","G1","R1","pypi-botocore-B1-G1-R1","True",,"4877","562451","3023176","775484","234375000","432891800","23281664","5573100","5119400","281900","312500000","545803800","879699","current	1	4330	0	0	0	0	0	0	0	4096 || current	1	4330	0	0	0	0	0	0	0	4096","6A29909409365F33B5E62615895BF331EB9E3EEEEAC4A65ADDC2C3AC83E45F04","resources/build/claim-runs/pypi-botocore-B1-G1-R1/result.json"
"pypi-botocore","FEF28BB5F76E7EF480EDDFFE94F27B567CDE34CF7150EA68D3090EAD37098C2F","B1","G1","R2","pypi-botocore-B1-G1-R2","True",,"4877","562451","3023176","775484","250000000","438905200","23740416","6691800","5466300","399600","312500000","542058400","879698","current	1	4330	0	0	0	0	0	0	0	4096 || current	1	4330	0	0	0	0	0	0	0	4096","7A0B705BEAFF425F2AE3543F5D27EBAEF1A5D1B2A35D9B05FB7BCE02B670B2DD","resources/build/claim-runs/pypi-botocore-B1-G1-R2/result.json"
"pypi-botocore","FEF28BB5F76E7EF480EDDFFE94F27B567CDE34CF7150EA68D3090EAD37098C2F","B1","G2","R1","pypi-botocore-B1-G2-R1","True",,"4877","562451","3023176","789515","265625000","446753400","23891968","5794400","5148100","319200","328125000","536028600","893730","current	2	8678	0	0	0	0	0	0	0	8192 || current	2	8678	0	0	0	0	0	0	0	8192","33BB4A947864F522A17B7EF33AFD3981EEC8B0EBC473C7E092E140FFE8A085FA","resources/build/claim-runs/pypi-botocore-B1-G2-R1/result.json"
"pypi-botocore","FEF28BB5F76E7EF480EDDFFE94F27B567CDE34CF7150EA68D3090EAD37098C2F","B1","G2","R2","pypi-botocore-B1-G2-R2","True",,"4877","562451","3023176","789515","234375000","522817100","23642112","5921600","5226900","289600","281250000","618386100","892981","current	2	8678	0	0	0	0	0	0	0	8192 || current	2	8678	0	0	0	0	0	0	0	8192","D2BF85AB11F1D9A186834CFBD121F02624A30F265261369926049676AE406B1D","resources/build/claim-runs/pypi-botocore-B1-G2-R2/result.json"
"pypi-botocore","FEF28BB5F76E7EF480EDDFFE94F27B567CDE34CF7150EA68D3090EAD37098C2F","B2","G1","R1","pypi-botocore-B2-G1-R1","True",,"4877","562451","3023176","748774","218750000","507592600","30584832","8648800","5507200","407200","312500000","612284100","853012","current	16	68957	0	0	0	0	0	0	0	65536 || current	16	68957	0	0	0	0	0	0	0	65536","C89AE4FBD62DC7B6E70DFC55C1E428268F0B597C339F4E46A2AEB373910CAE8F","resources/build/claim-runs/pypi-botocore-B2-G1-R1/result.json"
"pypi-botocore","FEF28BB5F76E7EF480EDDFFE94F27B567CDE34CF7150EA68D3090EAD37098C2F","B2","G1","R2","pypi-botocore-B2-G1-R2","True",,"4877","562451","3023176","748774","250000000","479292900","30314496","7389400","5301900","288800","328125000","582922400","853013","current	16	68957	0	0	0	0	0	0	0	65536 || current	16	68957	0	0	0	0	0	0	0	65536","35CBFC2E2E07DCC38E5181167FE469AA7274B1C72020C99F7CF5448408B97167","resources/build/claim-runs/pypi-botocore-B2-G1-R2/result.json"
"pypi-botocore","FEF28BB5F76E7EF480EDDFFE94F27B567CDE34CF7150EA68D3090EAD37098C2F","B2","G2","R1","pypi-botocore-B2-G2-R1","True",,"4877","562451","3023176","753530","296875000","546833300","33669120","7504700","5577700","337500","312500000","671114400","857781","current	31	134183	0	0	0	0	0	0	0	131072 || current	31	134183	0	0	0	0	0	0	0	131072","F2559467005DFADFB2921EA0A24561C8497CB9FF9173FE7362255652DF31023B","resources/build/claim-runs/pypi-botocore-B2-G2-R1/result.json"
"pypi-botocore","FEF28BB5F76E7EF480EDDFFE94F27B567CDE34CF7150EA68D3090EAD37098C2F","B2","G2","R2","pypi-botocore-B2-G2-R2","True",,"4877","562451","3023176","753530","281250000","536446400","33492992","7631100","5669200","300300","343750000","675697000","857779","current	31	134183	0	0	0	0	0	0	0	131072 || current	31	134183	0	0	0	0	0	0	0	131072","964CA9705304798CF887111B49E36107BEB7BE9246396C10AF642ECAED2C5F8A","resources/build/claim-runs/pypi-botocore-B2-G2-R2/result.json"
"pypi-botocore","FEF28BB5F76E7EF480EDDFFE94F27B567CDE34CF7150EA68D3090EAD37098C2F","B3","G1","R1","pypi-botocore-B3-G1-R1","True",,"4877","562451","3023176","774762","296875000","539426000","29937664","7309000","5200200","295000","406250000","671991800","878250","prefix	17	72690	0	0	0	0	0	0	0	65536 || prefix	17	72690	0	0	0	0	0	0	0	65536","DF84E06F2D24AD99EDF74E20B180F3813897F27EC4E2F9EEB093DE8EA9BD84BE","resources/build/claim-runs/pypi-botocore-B3-G1-R1/result.json"
"pypi-botocore","FEF28BB5F76E7EF480EDDFFE94F27B567CDE34CF7150EA68D3090EAD37098C2F","B3","G1","R2","pypi-botocore-B3-G1-R2","True",,"4877","562451","3023176","774762","250000000","685177700","30085120","7339000","5458000","292000","328125000","869670400","878975","prefix	17	72690	0	0	0	0	0	0	0	65536 || prefix	17	72690	0	0	0	0	0	0	0	65536","E98C16E60FEFD343158E2E2336F30368B21E60E7EFF613827025CA451EB41168","resources/build/claim-runs/pypi-botocore-B3-G1-R2/result.json"
"pypi-botocore","FEF28BB5F76E7EF480EDDFFE94F27B567CDE34CF7150EA68D3090EAD37098C2F","B3","G2","R1","pypi-botocore-B3-G2-R1","True",,"4877","562451","3023176","758253","234375000","678535800","33492992","7274500","5206800","289200","296875000","826662600","862501","prefix	32	137399	0	0	0	0	0	0	0	131072 || prefix	32	137399	0	0	0	0	0	0	0	131072","4CDB21EB6BECF4E5D7BF325234C939DC83863E463D42D2AD23EDB93B9643534A","resources/build/claim-runs/pypi-botocore-B3-G2-R1/result.json"
"pypi-botocore","FEF28BB5F76E7EF480EDDFFE94F27B567CDE34CF7150EA68D3090EAD37098C2F","B3","G2","R2","pypi-botocore-B3-G2-R2","True",,"4877","562451","3023176","758253","234375000","673575500","33558528","7125900","5215200","302300","296875000","834110000","862500","prefix	32	137399	0	0	0	0	0	0	0	131072 || prefix	32	137399	0	0	0	0	0	0	0	131072","8F74EA8AAE756913C28B61C4200072B785630E6918B69B58708D71ED95B93AFC","resources/build/claim-runs/pypi-botocore-B3-G2-R2/result.json"
"pypi-botocore","FEF28BB5F76E7EF480EDDFFE94F27B567CDE34CF7150EA68D3090EAD37098C2F","B4","G1","R1","pypi-botocore-B4-G1-R1","True",,"4877","562451","3023176","743357","281250000","647114400","30203904","8375000","6129100","358500","359375000","831214200","847603","reservoir	61	263048	0	0	0	0	0	0	0	64696 || reservoir	61	263048	0	0	0	0	0	0	0	64696","FA2C7ECDF11DC53DC1DA5E84DDEC691CB3C3DC562EF30D42D98507D1229771A5","resources/build/claim-runs/pypi-botocore-B4-G1-R1/result.json"
"pypi-botocore","FEF28BB5F76E7EF480EDDFFE94F27B567CDE34CF7150EA68D3090EAD37098C2F","B4","G1","R2","pypi-botocore-B4-G1-R2","True",,"4877","562451","3023176","743357","281250000","731231200","28868608","7047200","5212100","283100","359375000","944837700","847577","reservoir	61	263048	0	0	0	0	0	0	0	64696 || reservoir	61	263048	0	0	0	0	0	0	0	64696","DC73319C7FC47ADCC8C22F9D06BFF37A3882CD990205EAF7121D6364545E45BB","resources/build/claim-runs/pypi-botocore-B4-G1-R2/result.json"
"pypi-botocore","FEF28BB5F76E7EF480EDDFFE94F27B567CDE34CF7150EA68D3090EAD37098C2F","B4","G2","R1","pypi-botocore-B4-G2-R1","True",,"4877","562451","3023176","752363","312500000","692844000","32985088","7143600","5590400","341300","375000000","924171900","856619","reservoir	122	527902	0	0	0	0	0	0	0	129813 || reservoir	122	527902	0	0	0	0	0	0	0	129813","464E6D81961AFC4DF030CA85B470DF808F1028EAC84211D83034CA257A923776","resources/build/claim-runs/pypi-botocore-B4-G2-R1/result.json"
"pypi-botocore","FEF28BB5F76E7EF480EDDFFE94F27B567CDE34CF7150EA68D3090EAD37098C2F","B4","G2","R2","pypi-botocore-B4-G2-R2","True",,"4877","562451","3023176","752363","281250000","683792300","31924224","6964000","5057400","274000","328125000","858513200","856617","reservoir	122	527902	0	0	0	0	0	0	0	129813 || reservoir	122	527902	0	0	0	0	0	0	0	129813","623A7B1191FC71F70FD7ACE5039ACA7A2A2CBCAA4633FFC6DC37CFB8B1286B2A","resources/build/claim-runs/pypi-botocore-B4-G2-R2/result.json"
"pypi-botocore","FEF28BB5F76E7EF480EDDFFE94F27B567CDE34CF7150EA68D3090EAD37098C2F","B5","G1","R1","pypi-botocore-B5-G1-R1","True",,"4877","562451","3023176","743233","250000000","740356400","31125504","7087000","5074300","281200","312500000","890239700","847482","stratified	61	263048	0	0	0	0	0	0	0	64639 || stratified	61	263048	0	0	0	0	0	0	0	64639","86D65A886B306F755FDE7614DC1E946F0DDA8DAD5DF78C9E2FD07F7EDD8584C2","resources/build/claim-runs/pypi-botocore-B5-G1-R1/result.json"
"pypi-botocore","FEF28BB5F76E7EF480EDDFFE94F27B567CDE34CF7150EA68D3090EAD37098C2F","B5","G1","R2","pypi-botocore-B5-G1-R2","True",,"4877","562451","3023176","743233","250000000","646994300","28393472","7050500","5080200","287000","296875000","803247400","847480","stratified	61	263048	0	0	0	0	0	0	0	64639 || stratified	61	263048	0	0	0	0	0	0	0	64639","A3BBE1F6F59798FF483857C5F9AFDA3CD3F5DB91DAEE3E9EC406B250AD342D9B","resources/build/claim-runs/pypi-botocore-B5-G1-R2/result.json"
"pypi-botocore","FEF28BB5F76E7EF480EDDFFE94F27B567CDE34CF7150EA68D3090EAD37098C2F","B5","G2","R1","pypi-botocore-B5-G2-R1","True",,"4877","562451","3023176","753979","281250000","654709500","32776192","7261300","5220300","316600","328125000","789943700","858238","stratified	122	527902	0	0	0	0	0	0	0	129822 || stratified	122	527902	0	0	0	0	0	0	0	129822","1F7FEA0E5FC482E015900126A244A0BEA5F27107A31BEFB1E28EB829CA15CC1C","resources/build/claim-runs/pypi-botocore-B5-G2-R1/result.json"
"pypi-botocore","FEF28BB5F76E7EF480EDDFFE94F27B567CDE34CF7150EA68D3090EAD37098C2F","B5","G2","R2","pypi-botocore-B5-G2-R2","True",,"4877","562451","3023176","753979","265625000","643389000","33431552","7908500","6261400","361400","328125000","812562200","858236","stratified	122	527902	0	0	0	0	0	0	0	129822 || stratified	122	527902	0	0	0	0	0	0	0	129822","63C02CF32C7DA61575D2D3E37C96D6D82AF31E90D593BC1100A4ACC530171C77","resources/build/claim-runs/pypi-botocore-B5-G2-R2/result.json"
"pypi-botocore","FEF28BB5F76E7EF480EDDFFE94F27B567CDE34CF7150EA68D3090EAD37098C2F","C1","G1","R1","pypi-botocore-C1-G1-R1","True",,"4877","562451","3023176","764692","343750000","780351100","32964608","7422800","5256400","299100","375000000","962445400","868964","candidate	61	263048	1037	240234	960936	202020	548	260	65512	65512 || candidate	61	263048	1037	240234	960936	202020	548	260	65512	65512","54E52F7434A39B3E33AF309DAC567B582F9DAF42D6A3E9437678DBCBE02D16B2","resources/build/claim-runs/pypi-botocore-C1-G1-R1/result.json"
"pypi-botocore","FEF28BB5F76E7EF480EDDFFE94F27B567CDE34CF7150EA68D3090EAD37098C2F","C1","G1","R2","pypi-botocore-C1-G1-R2","True",,"4877","562451","3023176","764692","312500000","661598400","33075200","8432300","5889000","321000","359375000","834625000","868990","candidate	61	263048	1037	240234	960936	202020	548	260	65512	65512 || candidate	61	263048	1037	240234	960936	202020	548	260	65512	65512","05EE04472E54057F2068F642D8F710FC0A830F2461327EF35C6E0C502C88FFC2","resources/build/claim-runs/pypi-botocore-C1-G1-R2/result.json"
"pypi-botocore","FEF28BB5F76E7EF480EDDFFE94F27B567CDE34CF7150EA68D3090EAD37098C2F","C1","G2","R1","pypi-botocore-C1-G2-R1","True",,"4877","562451","3023176","773910","703125000","1018903800","34254848","7294800","5018600","274200","750000000","1213299600","878224","candidate	122	527902	2074	482274	1929096	807045	1198	519	131066	131066 || candidate	122	527902	2074	482274	1929096	807045	1198	519	131066	131066","72E27966BF479BC6C13584ACA931FB0BD585B5C8388BF482D4D417CA20843221","resources/build/claim-runs/pypi-botocore-C1-G2-R1/result.json"
"pypi-botocore","FEF28BB5F76E7EF480EDDFFE94F27B567CDE34CF7150EA68D3090EAD37098C2F","C1","G2","R2","pypi-botocore-C1-G2-R2","True",,"4877","562451","3023176","773910","625000000","1010184200","34172928","7507100","6135100","454300","656250000","1155266600","878224","candidate	122	527902	2074	482274	1929096	807045	1198	519	131066	131066 || candidate	122	527902	2074	482274	1929096	807045	1198	519	131066	131066","AAA03E743059061E931F11FA1E8FB76A6C397C021B1F56BB60873F0FECE05E95","resources/build/claim-runs/pypi-botocore-C1-G2-R2/result.json"
"pypi-django","D1C437AF193F14DC6D7A2156AE92F197AC31222CF4F62DE5408731D9E21FCD53","B0","G1","R1","pypi-django-B0-G1-R1","True",,"802","86625","492795","165534","78125000","449915800","18186240","1114100","955300","228800","109375000","596265900","269528","","44FE149F80DE675B94EACAC93DE2561003876895AFBE53A02E8BFD24B5840BCF","resources/build/claim-runs/pypi-django-B0-G1-R1/result.json"
"pypi-django","D1C437AF193F14DC6D7A2156AE92F197AC31222CF4F62DE5408731D9E21FCD53","B0","G1","R2","pypi-django-B0-G1-R2","True",,"802","86625","492795","165534","93750000","273762100","18096128","1278400","659800","322300","109375000","416993200","269502","","0B00B92E3E2504C65B10D0E1ABBAD5FE2E4EA4C8D88D9206BC028CB046487B91","resources/build/claim-runs/pypi-django-B0-G1-R2/result.json"
"pypi-django","D1C437AF193F14DC6D7A2156AE92F197AC31222CF4F62DE5408731D9E21FCD53","B0","G2","R1","pypi-django-B0-G2-R1","True",,"802","86625","492795","165534","31250000","308084500","17997824","1065800","673900","200200","62500000","374956000","269529","","218EC5FC49B2C49F8CB50A8071502BE0DCF1091E3A7F31AE383E9440804D0EC5","resources/build/claim-runs/pypi-django-B0-G2-R1/result.json"
"pypi-django","D1C437AF193F14DC6D7A2156AE92F197AC31222CF4F62DE5408731D9E21FCD53","B0","G2","R2","pypi-django-B0-G2-R2","True",,"802","86625","492795","165534","125000000","355218800","17424384","1097200","755600","231700","171875000","491625900","269502","","F3D15BA7743183AAA6DB22CF38399C45380E1B8DFC7E3DF0F7B375351F3C5477","resources/build/claim-runs/pypi-django-B0-G2-R2/result.json"
"pypi-django","D1C437AF193F14DC6D7A2156AE92F197AC31222CF4F62DE5408731D9E21FCD53","B1","G1","R1","pypi-django-B1-G1-R1","True",,"802","86625","492795","133780","109375000","336358800","18317312","1055600","844400","228400","125000000","476832900","237865","current	1	4307	0	0	0	0	0	0	0	4096 || current	1	4307	0	0	0	0	0	0	0	4096","B2CB4AC579A3DF4B35C15F5CB00ADA83D6D3ADAB504CCEA41D20294D0BCD99A4","resources/build/claim-runs/pypi-django-B1-G1-R1/result.json"
"pypi-django","D1C437AF193F14DC6D7A2156AE92F197AC31222CF4F62DE5408731D9E21FCD53","B1","G1","R2","pypi-django-B1-G1-R2","True",,"802","86625","492795","133780","78125000","376228100","18391040","2108100","982800","231800","93750000","493322700","237892","current	1	4307	0	0	0	0	0	0	0	4096 || current	1	4307	0	0	0	0	0	0	0	4096","913B3B9C8F6FB40651FAB9C1A5CA0AFEFDD749909E6102BFD84C46889EFC8434","resources/build/claim-runs/pypi-django-B1-G1-R2/result.json"
"pypi-django",,"B1","G2","R1","pypi-django-B1-G2-R1","False","SST has fewer than 16 data blocks",,,,,,,,,,,,,,,"C3E5628E71F6307B02F35F645014276495EF131C0C8AA6B8EA08B25124FAC019","resources/build/claim-runs/pypi-django-B1-G2-R1/result.json"
"pypi-django",,"B1","G2","R2","pypi-django-B1-G2-R2","False","SST has fewer than 16 data blocks",,,,,,,,,,,,,,,"EBC1E67E2FC66D80F610A3436C15A110BB0AD383F20F086F1C4C2F1DEFA35D89","resources/build/claim-runs/pypi-django-B1-G2-R2/result.json"
