ninja: Entering directory `<LEGACY_LOCAL_PROJECT_ROOT>\stages\stageA\S5-OCCUPANCY-CLIFF-JOINTCODEGEN\resume3-r3d\build\attempt2'
[1/1448] Building ACC.h.inc...
[2/1448] Building ACC.inc...
[3/1448] Building CXX object lib/ABI/CMakeFiles/LLVMABI.dir/Types.cpp.obj
[4/1448] Building CXX object lib/ABI/CMakeFiles/LLVMABI.dir/FunctionInfo.cpp.obj
[5/1448] Building CXX object lib/ABI/CMakeFiles/LLVMABI.dir/TargetInfo.cpp.obj
[6/1448] Building CXX object lib/ABI/CMakeFiles/LLVMABI.dir/IRTypeMapper.cpp.obj
[7/1448] Building CXX object lib/ABI/CMakeFiles/LLVMABI.dir/Targets/BPF.cpp.obj
[8/1448] Building CXX object lib/ABI/CMakeFiles/LLVMABI.dir/Targets/X86.cpp.obj
[9/1448] Building CXX object lib/Extensions/CMakeFiles/LLVMExtensions.dir/Extensions.cpp.obj
[10/1448] Linking CXX static library lib\libLLVMExtensions.a
[11/1448] Linking CXX static library lib\libLLVMABI.a
[12/1448] Building CXX object lib/Frontend/Driver/CMakeFiles/LLVMFrontendDriver.dir/CodeGenOptions.cpp.obj
[13/1448] Linking CXX static library lib\libLLVMFrontendDriver.a
[14/1448] Building CXX object lib/LTO/CMakeFiles/LLVMLTO.dir/LTOBackend.cpp.obj
[15/1448] Building CXX object lib/LTO/CMakeFiles/LLVMLTO.dir/LTO.cpp.obj
[16/1448] Building CXX object lib/LTO/CMakeFiles/LLVMLTO.dir/LTOModule.cpp.obj
[17/1448] Building CXX object lib/LTO/CMakeFiles/LLVMLTO.dir/UpdateCompilerUsed.cpp.obj
[18/1448] Building CXX object lib/LTO/CMakeFiles/LLVMLTO.dir/LTOCodeGenerator.cpp.obj
[19/1448] Building CXX object lib/MC/MCDisassembler/CMakeFiles/LLVMMCDisassembler.dir/Disassembler.cpp.obj
[20/1448] Building CXX object lib/MC/MCDisassembler/CMakeFiles/LLVMMCDisassembler.dir/MCDisassembler.cpp.obj
[21/1448] Building CXX object lib/MC/MCDisassembler/CMakeFiles/LLVMMCDisassembler.dir/MCExternalSymbolizer.cpp.obj
[22/1448] Building CXX object lib/MC/MCDisassembler/CMakeFiles/LLVMMCDisassembler.dir/MCRelocationInfo.cpp.obj
[23/1448] Building CXX object lib/MC/MCDisassembler/CMakeFiles/LLVMMCDisassembler.dir/MCSymbolizer.cpp.obj
[24/1448] Linking CXX static library lib\libLLVMMCDisassembler.a
[25/1448] Building CXX object lib/LTO/CMakeFiles/LLVMLTO.dir/ThinLTOCodeGenerator.cpp.obj
[26/1448] Building CXX object lib/Option/CMakeFiles/LLVMOption.dir/Arg.cpp.obj
[27/1448] Linking CXX static library lib\libLLVMLTO.a
[28/1448] Building CXX object lib/Option/CMakeFiles/LLVMOption.dir/Option.cpp.obj
[29/1448] Building CXX object lib/Option/CMakeFiles/LLVMOption.dir/ArgList.cpp.obj
[30/1448] Building CXX object lib/Option/CMakeFiles/LLVMOption.dir/OptTable.cpp.obj
[31/1448] Linking CXX static library lib\libLLVMOption.a
[32/1448] Building CXX object lib/ProfileData/Coverage/CMakeFiles/LLVMCoverage.dir/CoverageMapping.cpp.obj
[33/1448] Building CXX object lib/ProfileData/Coverage/CMakeFiles/LLVMCoverage.dir/CoverageMappingWriter.cpp.obj
[34/1448] Building CXX object lib/ProfileData/Coverage/CMakeFiles/LLVMCoverage.dir/CoverageMappingReader.cpp.obj
[35/1448] Linking CXX static library lib\libLLVMCoverage.a
[36/1448] Building CXX object lib/Target/AMDGPU/Disassembler/CMakeFiles/LLVMAMDGPUDisassembler.dir/AMDGPUDisassembler.cpp.obj
[37/1448] Linking CXX static library lib\libLLVMAMDGPUDisassembler.a
[38/1448] Building CXX object lib/TextAPI/BinaryReader/CMakeFiles/LLVMTextAPIBinaryReader.dir/DylibReader.cpp.obj
[39/1448] Building CXX object lib/WindowsDriver/CMakeFiles/LLVMWindowsDriver.dir/MSVCPaths.cpp.obj
[40/1448] Linking CXX static library lib\libLLVMTextAPIBinaryReader.a
[41/1448] Linking CXX static library lib\libLLVMWindowsDriver.a
[42/1448] Building CXX object tools/clang/utils/TableGen/CMakeFiles/clang-tblgen.dir/ASTTableGen.cpp.obj
[43/1448] Building CXX object tools/clang/utils/TableGen/CMakeFiles/clang-tblgen.dir/CIRLoweringEmitter.cpp.obj
[44/1448] Building CXX object tools/clang/utils/TableGen/CMakeFiles/clang-tblgen.dir/ClangASTNodesEmitter.cpp.obj
[45/1448] Building CXX object tools/clang/utils/TableGen/CMakeFiles/clang-tblgen.dir/ClangASTPropertiesEmitter.cpp.obj
[46/1448] Building CXX object tools/clang/utils/TableGen/CMakeFiles/clang-tblgen.dir/ClangBuiltinsEmitter.cpp.obj
[47/1448] Building CXX object tools/clang/utils/TableGen/CMakeFiles/clang-tblgen.dir/ClangBuiltinTemplatesEmitter.cpp.obj
[48/1448] Building CXX object tools/clang/utils/TableGen/CMakeFiles/clang-tblgen.dir/ClangBuiltinTraitsEmitter.cpp.obj
[49/1448] Building CXX object tools/clang/utils/TableGen/CMakeFiles/clang-tblgen.dir/ClangCommentCommandInfoEmitter.cpp.obj
[50/1448] Building CXX object tools/clang/utils/TableGen/CMakeFiles/clang-tblgen.dir/ClangAttrEmitter.cpp.obj
[51/1448] Building CXX object tools/clang/utils/TableGen/CMakeFiles/clang-tblgen.dir/ClangCommentHTMLNamedCharacterReferenceEmitter.cpp.obj
[52/1448] Building CXX object tools/clang/utils/TableGen/CMakeFiles/clang-tblgen.dir/ClangCommentHTMLTagsEmitter.cpp.obj
[53/1448] Building CXX object tools/clang/utils/TableGen/CMakeFiles/clang-tblgen.dir/ClangDataCollectorsEmitter.cpp.obj
[54/1448] Building CXX object tools/clang/utils/TableGen/CMakeFiles/clang-tblgen.dir/ClangOpcodesEmitter.cpp.obj
[55/1448] Building CXX object tools/clang/utils/TableGen/CMakeFiles/clang-tblgen.dir/ClangDiagnosticsEmitter.cpp.obj
[56/1448] Building CXX object tools/clang/utils/TableGen/CMakeFiles/clang-tblgen.dir/ClangOpenCLBuiltinEmitter.cpp.obj
[57/1448] Building CXX object tools/clang/utils/TableGen/CMakeFiles/clang-tblgen.dir/ClangSACheckersEmitter.cpp.obj
[58/1448] Building CXX object tools/clang/utils/TableGen/CMakeFiles/clang-tblgen.dir/ClangOptionDocEmitter.cpp.obj
[59/1448] Building CXX object tools/clang/utils/TableGen/CMakeFiles/clang-tblgen.dir/ClangSyntaxEmitter.cpp.obj
[60/1448] Building CXX object tools/clang/utils/TableGen/CMakeFiles/clang-tblgen.dir/ClangTypeNodesEmitter.cpp.obj
[61/1448] Building CXX object tools/clang/utils/TableGen/CMakeFiles/clang-tblgen.dir/HLSLEmitter.cpp.obj
[62/1448] Building CXX object tools/clang/utils/TableGen/CMakeFiles/clang-tblgen.dir/MveEmitter.cpp.obj
[63/1448] Building CXX object tools/clang/utils/TableGen/CMakeFiles/clang-tblgen.dir/NeonEmitter.cpp.obj
[64/1448] Building CXX object tools/clang/utils/TableGen/CMakeFiles/clang-tblgen.dir/RISCVVEmitter.cpp.obj
[65/1448] Building CXX object tools/clang/utils/TableGen/CMakeFiles/clang-tblgen.dir/TableGen.cpp.obj
[66/1448] Building Options.inc...
[67/1448] Building CXX object tools/clang/utils/TableGen/CMakeFiles/clang-tblgen.dir/SveEmitter.cpp.obj
[68/1448] Building CXX object tools/clang/lib/Support/CMakeFiles/obj.clangSupport.dir/RISCVVIntrinsicUtils.cpp.obj
[69/1448] Linking CXX static library lib\libclangSupport.a
[70/1448] Linking CXX executable bin\clang-tblgen.exe
[71/1448] Building AttrImpl.inc...
[72/1448] Building Attrs.inc...
[73/1448] Building AttrNodeTraverse.inc...
[74/1448] Building AttrTextNodeDump.inc...
[75/1448] Building AttrVisitor.inc...
[76/1448] Building StmtNodes.inc...
[77/1448] Building DeclNodes.inc...
[78/1448] Building TypeNodes.inc...
[79/1448] Building AbstractBasicReader.inc...
[80/1448] Building AbstractBasicWriter.inc...
[81/1448] Building AbstractTypeReader.inc...
[82/1448] Building AbstractTypeWriter.inc...
[83/1448] Building CommentNodes.inc...
[84/1448] Building CommentHTMLTags.inc...
[85/1448] Building CommentHTMLTagsProperties.inc...
[86/1448] Building CommentHTMLNamedCharacterReferences.inc...
[87/1448] Building CommentCommandInfo.inc...
[88/1448] Building CommentCommandList.inc...
[89/1448] Building StmtDataCollectors.inc...
[90/1448] Building DiagnosticAnalysisKinds.inc...
[91/1448] Building DiagnosticAnalysisEnums.inc...
[92/1448] Building DiagnosticAnalysisCompatIDs.inc...
[93/1448] Building DiagnosticAnalysisInterface.inc...
[94/1448] Building DiagnosticASTKinds.inc...
[95/1448] Building DiagnosticASTEnums.inc...
[96/1448] Building DiagnosticASTCompatIDs.inc...
[97/1448] Building DiagnosticASTInterface.inc...
[98/1448] Building DiagnosticCommentKinds.inc...
[99/1448] Building DiagnosticCommentEnums.inc...
[100/1448] Building DiagnosticCommentCompatIDs.inc...
[101/1448] Building DiagnosticCommentInterface.inc...
[102/1448] Building DiagnosticCommonKinds.inc...
[103/1448] Building DiagnosticCommonEnums.inc...
[104/1448] Building DiagnosticCommonCompatIDs.inc...
[105/1448] Building DiagnosticCommonInterface.inc...
[106/1448] Building DiagnosticCrossTUKinds.inc...
[107/1448] Building DiagnosticCrossTUEnums.inc...
[108/1448] Building DiagnosticCrossTUCompatIDs.inc...
[109/1448] Building DiagnosticCrossTUInterface.inc...
[110/1448] Building DiagnosticDriverKinds.inc...
[111/1448] Building DiagnosticDriverEnums.inc...
[112/1448] Building DiagnosticDriverCompatIDs.inc...
[113/1448] Building DiagnosticDriverInterface.inc...
[114/1448] Building DiagnosticFrontendKinds.inc...
[115/1448] Building DiagnosticFrontendEnums.inc...
[116/1448] Building DiagnosticFrontendCompatIDs.inc...
[117/1448] Building DiagnosticFrontendInterface.inc...
[118/1448] Building DiagnosticInstallAPIKinds.inc...
[119/1448] Building DiagnosticInstallAPIEnums.inc...
[120/1448] Building DiagnosticInstallAPICompatIDs.inc...
[121/1448] Building DiagnosticInstallAPIInterface.inc...
[122/1448] Building DiagnosticLexKinds.inc...
[123/1448] Building DiagnosticLexEnums.inc...
[124/1448] Building DiagnosticLexCompatIDs.inc...
[125/1448] Building DiagnosticLexInterface.inc...
[126/1448] Building DiagnosticParseKinds.inc...
[127/1448] Building DiagnosticParseEnums.inc...
[128/1448] Building DiagnosticParseCompatIDs.inc...
[129/1448] Building DiagnosticParseInterface.inc...
[130/1448] Building DiagnosticRefactoringKinds.inc...
[131/1448] Building DiagnosticRefactoringEnums.inc...
[132/1448] Building DiagnosticRefactoringCompatIDs.inc...
[133/1448] Building DiagnosticRefactoringInterface.inc...
[134/1448] Building DiagnosticSemaKinds.inc...
[135/1448] Building DiagnosticSemaEnums.inc...
[136/1448] Building DiagnosticSemaCompatIDs.inc...
[137/1448] Building DiagnosticSemaInterface.inc...
[138/1448] Building DiagnosticSerializationKinds.inc...
[139/1448] Building DiagnosticSerializationEnums.inc...
[140/1448] Building DiagnosticSerializationCompatIDs.inc...
[141/1448] Building DiagnosticSerializationInterface.inc...
[142/1448] Building DiagnosticTrapKinds.inc...
[143/1448] Building DiagnosticTrapEnums.inc...
[144/1448] Building DiagnosticTrapCompatIDs.inc...
[145/1448] Building DiagnosticTrapInterface.inc...
[146/1448] Building DiagnosticGroups.inc...
[147/1448] Building DiagnosticIndexName.inc...
[148/1448] Building DiagnosticStableIDs.inc...
[149/1448] Building DiagnosticAllCompatIDs.inc...
[150/1448] Building AttrList.inc...
[151/1448] Building AttrParsedAttrList.inc...
[152/1448] Building AttrSubMatchRulesList.inc...
[153/1448] Building RegularKeywordAttrInfo.inc...
[154/1448] Building AttrHasAttributeImpl.inc...
[155/1448] Building CXX11AttributeInfo.inc...
[156/1448] Building AttributeSpellingList.inc...
[157/1448] Building Builtins.inc...
[158/1448] Building BuiltinsAArch64.inc...
[159/1448] Building BuiltinsARM.inc...
[160/1448] Building BuiltinsAMDGPU.inc...
[161/1448] Building BuiltinsBPF.inc...
[162/1448] Building BuiltinsDirectX.inc...
[163/1448] Building BuiltinsHexagon.inc...
[164/1448] Building BuiltinsNVPTX.inc...
[165/1448] Building BuiltinsRISCV.inc...
[166/1448] Building BuiltinsSPIRVCommon.inc...
[167/1448] Building BuiltinsSPIRVVK.inc...
[168/1448] Building BuiltinsSPIRVCL.inc...
[169/1448] Building BuiltinsSystemZ.inc...
[170/1448] Building BuiltinsX86.inc...
[171/1448] Building BuiltinsX86_64.inc...
[172/1448] Building BuiltinsZOS.inc...
[173/1448] Building BuiltinTemplates.inc...
[174/1448] Building BuiltinTraits.inc...
[175/1448] Building arm_neon.inc...
[176/1448] Building arm_fp16.inc...
[177/1448] Building arm_immcheck_types.inc...
[178/1448] Building arm_mve_builtins.inc...
[179/1448] Building arm_mve_builtin_cg.inc...
[180/1448] Building arm_mve_builtin_sema.inc...
[181/1448] Building arm_mve_builtin_aliases.inc...
[182/1448] Building arm_sve_builtins.inc...
[183/1448] Building arm_sve_builtins.json...
[184/1448] Building arm_sve_typeflags.inc...
[185/1448] Building arm_sve_builtin_cg.inc...
[186/1448] Building arm_sve_streaming_attrs.inc...
[187/1448] Building arm_sve_sema_rangechecks.inc...
[188/1448] Building arm_sme_builtins.inc...
[189/1448] Building arm_sme_builtins.json...
[190/1448] Building arm_sme_builtin_cg.inc...
[191/1448] Building arm_sme_sema_rangechecks.inc...
[192/1448] Building arm_sme_streaming_attrs.inc...
[193/1448] Building arm_sme_builtins_za_state.inc...
[194/1448] Building arm_cde_builtins.inc...
[195/1448] Building arm_cde_builtin_cg.inc...
[196/1448] Building arm_cde_builtin_sema.inc...
[197/1448] Building arm_cde_builtin_aliases.inc...
[198/1448] Building riscv_vector_builtins.inc...
[199/1448] Building riscv_vector_builtin_cg.inc...
[200/1448] Building riscv_sifive_vector_builtins.inc...
[201/1448] Building riscv_vector_builtin_sema.inc...
[202/1448] Building riscv_sifive_vector_builtin_cg.inc...
[203/1448] Building riscv_sifive_vector_builtin_sema.inc...
[204/1448] Building riscv_andes_vector_builtins.inc...
[205/1448] Building riscv_andes_vector_builtin_cg.inc...
[206/1448] Building riscv_andes_vector_builtin_sema.inc...
[207/1448] Building AttrParserStringSwitches.inc...
[208/1448] Building AttrSubMatchRulesParserStringSwitches.inc...
[209/1448] Building AttrTemplateInstantiate.inc...
[210/1448] Building AttrParsedAttrKinds.inc...
[211/1448] Building AttrIsTypeDependent.inc...
[212/1448] Building AttrSpellingListIndex.inc...
[213/1448] Building AttrParsedAttrImpl.inc...
[214/1448] Building AttrPCHRead.inc...
[215/1448] Building AttrPCHWrite.inc...
[216/1448] Building Checkers.inc...
[217/1448] Building Nodes.inc...
[218/1448] Building NodeClasses.inc...
[219/1448] Building hlsl/hlsl_alias_intrinsics_gen.inc...
[220/1448] Building hlsl/hlsl_inline_intrinsics_gen.inc...
[221/1448] Generating VCSVersion.inc
[222/1448] Copying clang's builtins.h...
[223/1448] Copying clang's endian.h...
[224/1448] Copying clang's float.h...
[225/1448] Copying clang's __float_float.h...
[226/1448] Copying clang's __float_header_macro.h...
[227/1448] Copying clang's __float_infinity_nan.h...
[228/1448] Copying clang's inttypes.h...
[229/1448] Copying clang's iso646.h...
[230/1448] Copying clang's limits.h...
[231/1448] Copying clang's module.modulemap...
[232/1448] Copying clang's stdalign.h...
[233/1448] Copying clang's stdarg.h...
[234/1448] Copying clang's __stdarg___gnuc_va_list.h...
[235/1448] Copying clang's __stdarg___va_copy.h...
[236/1448] Copying clang's __stdarg_header_macro.h...
[237/1448] Copying clang's __stdarg_va_arg.h...
[238/1448] Copying clang's __stdarg_va_copy.h...
[239/1448] Copying clang's __stdarg_va_list.h...
[240/1448] Copying clang's stdatomic.h...
[241/1448] Copying clang's stdbool.h...
[242/1448] Copying clang's stdcountof.h...
[243/1448] Copying clang's stdckdint.h...
[244/1448] Copying clang's stddef.h...
[245/1448] Copying clang's stddefer.h...
[246/1448] Copying clang's __stddef_header_macro.h...
[247/1448] Copying clang's __stddef_max_align_t.h...
[248/1448] Copying clang's __stddef_null.h...
[249/1448] Copying clang's __stddef_nullptr_t.h...
[250/1448] Copying clang's __stddef_offsetof.h...
[251/1448] Copying clang's __stddef_ptrdiff_t.h...
[252/1448] Copying clang's __stddef_rsize_t.h...
[253/1448] Copying clang's __stddef_size_t.h...
[254/1448] Copying clang's __stddef_unreachable.h...
[255/1448] Copying clang's __stddef_wchar_t.h...
[256/1448] Copying clang's __stddef_wint_t.h...
[257/1448] Copying clang's stdint.h...
[258/1448] Copying clang's stdnoreturn.h...
[259/1448] Copying clang's tgmath.h...
[260/1448] Copying clang's unwind.h...
[261/1448] Copying clang's varargs.h...
[262/1448] Copying clang's arm_acle.h...
[263/1448] Copying clang's arm_cmse.h...
[264/1448] Copying clang's armintr.h...
[265/1448] Copying clang's arm64_neon.h...
[266/1448] Copying clang's arm64intr.h...
[267/1448] Copying clang's arm_neon_sve_bridge.h...
[268/1448] Copying clang's __clang_cuda_builtin_vars.h...
[269/1448] Copying clang's __clang_cuda_math.h...
[270/1448] Copying clang's __clang_cuda_cmath.h...
[271/1448] Copying clang's __clang_cuda_complex_builtins.h...
[272/1448] Copying clang's __clang_cuda_device_functions.h...
[273/1448] Copying clang's __clang_cuda_intrinsics.h...
[274/1448] Copying clang's __clang_cuda_texture_intrinsics.h...
[275/1448] Copying clang's __clang_cuda_libdevice_declares.h...
[276/1448] Copying clang's __clang_cuda_math_forward_declares.h...
[277/1448] Copying clang's __clang_cuda_runtime_wrapper.h...
[278/1448] Copying clang's hexagon_circ_brev_intrinsics.h...
[279/1448] Copying clang's hexagon_protos.h...
[280/1448] Copying clang's hexagon_types.h...
[281/1448] Copying clang's hvx_hexagon_protos.h...
[282/1448] Copying clang's __clang_hip_libdevice_declares.h...
[283/1448] Copying clang's __clang_hip_cmath.h...
[284/1448] Copying clang's __clang_hip_math.h...
[285/1448] Copying clang's __clang_hip_stdlib.h...
[286/1448] Copying clang's __clang_hip_runtime_wrapper.h...
[287/1448] Copying clang's larchintrin.h...
[288/1448] Copying clang's lasxintrin.h...
[289/1448] Copying clang's lsxintrin.h...
[290/1448] Copying clang's msa.h...
[291/1448] Copying clang's opencl-c.h...
[292/1448] Copying clang's opencl-c-base.h...
[293/1448] Copying clang's altivec.h...
[294/1448] Copying clang's amo.h...
[295/1448] Copying clang's htmintrin.h...
[296/1448] Copying clang's htmxlintrin.h...
[297/1448] Copying clang's riscv_bitmanip.h...
[298/1448] Copying clang's riscv_crypto.h...
[299/1448] Copying clang's riscv_ntlh.h...
[300/1448] Copying clang's andes_vector.h...
[301/1448] Copying clang's riscv_corev_alu.h...
[302/1448] Copying clang's riscv_mips.h...
[303/1448] Copying clang's riscv_nds.h...
[304/1448] Copying clang's riscv_packed_simd.h...
[305/1448] Copying clang's sifive_vector.h...
[306/1448] Copying clang's __clang_spirv_builtins.h...
[307/1448] Copying clang's __clang_spirv_libdevice_declares.h...
[308/1448] Copying clang's __clang_spirv_math.h...
[309/1448] Copying clang's s390intrin.h...
[310/1448] Copying clang's vecintrin.h...
[311/1448] Copying clang's velintrin.h...
[312/1448] Copying clang's velintrin_gen.h...
[313/1448] Copying clang's velintrin_approx.h...
[314/1448] Copying clang's adcintrin.h...
[315/1448] Copying clang's adxintrin.h...
[316/1448] Copying clang's ammintrin.h...
[317/1448] Copying clang's amxavx512intrin.h...
[318/1448] Copying clang's amxcomplexintrin.h...
[319/1448] Copying clang's amxfp16intrin.h...
[320/1448] Copying clang's amxfp8intrin.h...
[321/1448] Copying clang's amxintrin.h...
[322/1448] Copying clang's amxmovrsintrin.h...
[323/1448] Copying clang's avx10_2_512bf16intrin.h...
[324/1448] Copying clang's avx10_2_512convertintrin.h...
[325/1448] Copying clang's avx10_2_512minmaxintrin.h...
[326/1448] Copying clang's avx10_2_512niintrin.h...
[327/1448] Copying clang's avx10_2_512satcvtdsintrin.h...
[328/1448] Copying clang's avx10_2_512satcvtintrin.h...
[329/1448] Copying clang's avx10_2bf16intrin.h...
[330/1448] Copying clang's avx10_2convertintrin.h...
[331/1448] Copying clang's avx10_2copyintrin.h...
[332/1448] Copying clang's avx10_2minmaxintrin.h...
[333/1448] Copying clang's avx10_2niintrin.h...
[334/1448] Copying clang's avx10_2satcvtdsintrin.h...
[335/1448] Copying clang's avx10_2satcvtintrin.h...
[336/1448] Copying clang's avx2intrin.h...
[337/1448] Copying clang's avx512bf16intrin.h...
[338/1448] Copying clang's avx512bitalgintrin.h...
[339/1448] Copying clang's avx512bmmintrin.h...
[340/1448] Copying clang's avx512bmmvlintrin.h...
[341/1448] Copying clang's avx512bwintrin.h...
[342/1448] Copying clang's avx512cdintrin.h...
[343/1448] Copying clang's avx512dqintrin.h...
[344/1448] Copying clang's avx512fintrin.h...
[345/1448] Copying clang's avx512fp16intrin.h...
[346/1448] Copying clang's avx512ifmaintrin.h...
[347/1448] Copying clang's avx512ifmavlintrin.h...
[348/1448] Copying clang's avx512vbmi2intrin.h...
[349/1448] Copying clang's avx512vbmiintrin.h...
[350/1448] Copying clang's avx512vbmivlintrin.h...
[351/1448] Copying clang's avx512vlbf16intrin.h...
[352/1448] Copying clang's avx512vlbitalgintrin.h...
[353/1448] Copying clang's avx512vlbwintrin.h...
[354/1448] Copying clang's avx512vlcdintrin.h...
[355/1448] Copying clang's avx512vldqintrin.h...
[356/1448] Copying clang's avx512vlfp16intrin.h...
[357/1448] Copying clang's avx512vlintrin.h...
[358/1448] Copying clang's avx512vlvbmi2intrin.h...
[359/1448] Copying clang's avx512vlvnniintrin.h...
[360/1448] Copying clang's avx512vlvp2intersectintrin.h...
[361/1448] Copying clang's avx512vnniintrin.h...
[362/1448] Copying clang's avx512vp2intersectintrin.h...
[363/1448] Copying clang's avx512vpopcntdqintrin.h...
[364/1448] Copying clang's avx512vpopcntdqvlintrin.h...
[365/1448] Copying clang's avxifmaintrin.h...
[366/1448] Copying clang's avxintrin.h...
[367/1448] Copying clang's avxneconvertintrin.h...
[368/1448] Copying clang's avxvnniint16intrin.h...
[369/1448] Copying clang's avxvnniint8intrin.h...
[370/1448] Copying clang's avxvnniintrin.h...
[371/1448] Copying clang's bmi2intrin.h...
[372/1448] Copying clang's bmiintrin.h...
[373/1448] Copying clang's cetintrin.h...
[374/1448] Copying clang's cldemoteintrin.h...
[375/1448] Copying clang's clflushoptintrin.h...
[376/1448] Copying clang's clwbintrin.h...
[377/1448] Copying clang's clzerointrin.h...
[378/1448] Copying clang's cmpccxaddintrin.h...
[379/1448] Copying clang's crc32intrin.h...
[380/1448] Copying clang's emmintrin.h...
[381/1448] Copying clang's enqcmdintrin.h...
[382/1448] Copying clang's f16cintrin.h...
[383/1448] Copying clang's fma4intrin.h...
[384/1448] Copying clang's fmaintrin.h...
[385/1448] Copying clang's fxsrintrin.h...
[386/1448] Copying clang's gfniintrin.h...
[387/1448] Copying clang's hresetintrin.h...
[388/1448] Copying clang's ia32intrin.h...
[389/1448] Copying clang's immintrin.h...
[390/1448] Copying clang's invpcidintrin.h...
[391/1448] Copying clang's keylockerintrin.h...
[392/1448] Copying clang's lwpintrin.h...
[393/1448] Copying clang's lzcntintrin.h...
[394/1448] Copying clang's mm3dnow.h...
[395/1448] Copying clang's mmintrin.h...
[396/1448] Copying clang's movdirintrin.h...
[397/1448] Copying clang's movrs_avx10_2_512intrin.h...
[398/1448] Copying clang's movrs_avx10_2intrin.h...
[399/1448] Copying clang's movrsintrin.h...
[400/1448] Copying clang's mwaitxintrin.h...
[401/1448] Copying clang's nmmintrin.h...
[402/1448] Copying clang's pconfigintrin.h...
[403/1448] Copying clang's pkuintrin.h...
[404/1448] Copying clang's pmmintrin.h...
[405/1448] Copying clang's popcntintrin.h...
[406/1448] Copying clang's prfchiintrin.h...
[407/1448] Copying clang's prfchwintrin.h...
[408/1448] Copying clang's ptrauth.h...
[409/1448] Copying clang's ptwriteintrin.h...
[410/1448] Copying clang's raointintrin.h...
[411/1448] Copying clang's rdpruintrin.h...
[412/1448] Copying clang's rdseedintrin.h...
[413/1448] Copying clang's rtmintrin.h...
[414/1448] Copying clang's serializeintrin.h...
[415/1448] Copying clang's sgxintrin.h...
[416/1448] Copying clang's sha512intrin.h...
[417/1448] Copying clang's shaintrin.h...
[418/1448] Copying clang's sm3intrin.h...
[419/1448] Copying clang's sm4intrin.h...
[420/1448] Copying clang's sm4evexintrin.h...
[421/1448] Copying clang's smmintrin.h...
[422/1448] Copying clang's tbmintrin.h...
[423/1448] Copying clang's tmmintrin.h...
[424/1448] Copying clang's tsxldtrkintrin.h...
[425/1448] Copying clang's uintrintrin.h...
[426/1448] Copying clang's usermsrintrin.h...
[427/1448] Copying clang's vaesintrin.h...
[428/1448] Copying clang's vpclmulqdqintrin.h...
[429/1448] Copying clang's waitpkgintrin.h...
[430/1448] Copying clang's wbnoinvdintrin.h...
[431/1448] Copying clang's __wmmintrin_aes.h...
[432/1448] Copying clang's wmmintrin.h...
[433/1448] Copying clang's __wmmintrin_pclmul.h...
[434/1448] Copying clang's x86gprintrin.h...
[435/1448] Copying clang's x86intrin.h...
[436/1448] Copying clang's xmmintrin.h...
[437/1448] Copying clang's xopintrin.h...
[438/1448] Copying clang's xsavecintrin.h...
[439/1448] Copying clang's xsaveintrin.h...
[440/1448] Copying clang's xsaveoptintrin.h...
[441/1448] Copying clang's xsavesintrin.h...
[442/1448] Copying clang's xtestintrin.h...
[443/1448] Copying clang's cet.h...
[444/1448] Copying clang's cpuid.h...
[445/1448] Copying clang's amdhsa_abi.h...
[446/1448] Copying clang's gpuintrin.h...
[447/1448] Copying clang's nvptxintrin.h...
[448/1448] Copying clang's amdgpuintrin.h...
[449/1448] Copying clang's spirvintrin.h...
[450/1448] Copying clang's __clang_gpu_builtin_vars.h...
[451/1448] Copying clang's __clang_gpu_device_functions.h...
[452/1448] Copying clang's __clang_gpu_intrinsics.h...
[453/1448] Copying clang's wasm_simd128.h...
[454/1448] Copying clang's intrin0.h...
[455/1448] Copying clang's intrin.h...
[456/1448] Copying clang's vadefs.h...
[457/1448] Copying clang's yvals_core.h...
[458/1448] Copying clang's mm_malloc.h...
[459/1448] Copying clang's cuda_wrappers/algorithm...
[460/1448] Copying clang's cuda_wrappers/cmath...
[461/1448] Copying clang's cuda_wrappers/complex...
[462/1448] Copying clang's cuda_wrappers/new...
[463/1448] Copying clang's cuda_wrappers/bits/c++config.h...
[464/1448] Copying clang's cuda_wrappers/bits/shared_ptr_base.h...
[465/1448] Copying clang's cuda_wrappers/bits/basic_string.h...
[466/1448] Copying clang's cuda_wrappers/bits/basic_string.tcc...
[467/1448] Copying clang's cuda_wrappers/__utility/declval.h...
[468/1448] Copying clang's ppc_wrappers/mmintrin.h...
[469/1448] Copying clang's ppc_wrappers/xmmintrin.h...
[470/1448] Copying clang's ppc_wrappers/mm_malloc.h...
[471/1448] Copying clang's ppc_wrappers/emmintrin.h...
[472/1448] Copying clang's ppc_wrappers/pmmintrin.h...
[473/1448] Copying clang's ppc_wrappers/tmmintrin.h...
[474/1448] Copying clang's ppc_wrappers/smmintrin.h...
[475/1448] Copying clang's ppc_wrappers/nmmintrin.h...
[476/1448] Copying clang's ppc_wrappers/bmiintrin.h...
[477/1448] Copying clang's ppc_wrappers/bmi2intrin.h...
[478/1448] Copying clang's ppc_wrappers/immintrin.h...
[479/1448] Copying clang's ppc_wrappers/x86intrin.h...
[480/1448] Copying clang's ppc_wrappers/x86gprintrin.h...
[481/1448] Copying clang's openmp_wrappers/math.h...
[482/1448] Copying clang's openmp_wrappers/cmath...
[483/1448] Copying clang's openmp_wrappers/complex...
[484/1448] Copying clang's openmp_wrappers/complex.h...
[485/1448] Copying clang's openmp_wrappers/__clang_openmp_device_functions.h...
[486/1448] Copying clang's openmp_wrappers/complex_cmath.h...
[487/1448] Copying clang's openmp_wrappers/new...
[488/1448] Copying clang's zos_wrappers/builtins.h...
[489/1448] Copying clang's zos_wrappers/grp.h...
[490/1448] Copying clang's zos_wrappers/locale.h...
[491/1448] Copying clang's zos_wrappers/math.h...
[492/1448] Copying clang's zos_wrappers/poll.h...
[493/1448] Copying clang's zos_wrappers/stdlib.h...
[494/1448] Copying clang's zos_wrappers/string.h...
[495/1448] Copying clang's zos_wrappers/time.h...
[496/1448] Copying clang's zos_wrappers/variant.h...
[497/1448] Copying clang's hlsl.h...
[498/1448] Copying clang's hlsl/hlsl_basic_types.h...
[499/1448] Copying clang's hlsl/hlsl_alias_intrinsics.h...
[500/1448] Copying clang's hlsl/hlsl_compat_overloads.h...
[501/1448] Copying clang's hlsl/hlsl_intrinsic_helpers.h...
[502/1448] Copying clang's hlsl/hlsl_intrinsics.h...
[503/1448] Copying clang's hlsl/hlsl_detail.h...
[504/1448] Copying clang's hlsl/hlsl_spirv.h...
[505/1448] Copying clang's llvm_libc_wrappers/assert.h...
[506/1448] Copying clang's llvm_libc_wrappers/stdio.h...
[507/1448] Copying clang's llvm_libc_wrappers/stdlib.h...
[508/1448] Copying clang's llvm_libc_wrappers/string.h...
[509/1448] Copying clang's llvm_libc_wrappers/ctype.h...
[510/1448] Copying clang's llvm_libc_wrappers/inttypes.h...
[511/1448] Copying clang's llvm_libc_wrappers/time.h...
[512/1448] Copying clang's llvm_offload_wrappers/__llvm_offload.h...
[513/1448] Copying clang's llvm_offload_wrappers/__llvm_offload_host.h...
[514/1448] Copying clang's llvm_offload_wrappers/__llvm_offload_device.h...
[515/1448] Copying clang's hlsl/hlsl_alias_intrinsics_gen.inc...
[516/1448] Copying clang's hlsl/hlsl_inline_intrinsics_gen.inc...
[517/1448] Building CXX object tools/clang/lib/Basic/CMakeFiles/obj.clangBasic.dir/ASTSourceDescriptor.cpp.obj
[518/1448] Building CXX object tools/clang/lib/Basic/CMakeFiles/obj.clangBasic.dir/AtomicLineLogger.cpp.obj
[519/1448] Building CXX object tools/clang/lib/Basic/CMakeFiles/obj.clangBasic.dir/Builtins.cpp.obj
[520/1448] Building CXX object tools/clang/lib/Basic/CMakeFiles/obj.clangBasic.dir/BuiltinTraits.cpp.obj
[521/1448] Building CXX object tools/clang/lib/Basic/CMakeFiles/obj.clangBasic.dir/CLWarnings.cpp.obj
[522/1448] Building CXX object tools/clang/lib/Basic/CMakeFiles/obj.clangBasic.dir/CharInfo.cpp.obj
[523/1448] Building CXX object tools/clang/lib/Basic/CMakeFiles/obj.clangBasic.dir/Attributes.cpp.obj
[524/1448] Building CXX object tools/clang/lib/Basic/CMakeFiles/obj.clangBasic.dir/CodeGenOptions.cpp.obj
[525/1448] Building CXX object tools/clang/lib/Basic/CMakeFiles/obj.clangBasic.dir/Cuda.cpp.obj
[526/1448] Building CXX object tools/clang/lib/Basic/CMakeFiles/obj.clangBasic.dir/DarwinSDKInfo.cpp.obj
[527/1448] Building CXX object tools/clang/lib/Basic/CMakeFiles/obj.clangBasic.dir/Diagnostic.cpp.obj
[528/1448] Building CXX object tools/clang/lib/Basic/CMakeFiles/obj.clangBasic.dir/DiagnosticOptions.cpp.obj
[529/1448] Building CXX object tools/clang/lib/Basic/CMakeFiles/obj.clangBasic.dir/FileEntry.cpp.obj
[530/1448] Building CXX object tools/clang/lib/Basic/CMakeFiles/obj.clangBasic.dir/DiagnosticIDs.cpp.obj
[531/1448] Building CXX object tools/clang/lib/Basic/CMakeFiles/obj.clangBasic.dir/FileManager.cpp.obj
[532/1448] Building CXX object tools/clang/lib/Basic/CMakeFiles/obj.clangBasic.dir/LangOptions.cpp.obj
[533/1448] Building CXX object tools/clang/lib/Basic/CMakeFiles/obj.clangBasic.dir/IdentifierTable.cpp.obj
[534/1448] Building CXX object tools/clang/lib/Basic/CMakeFiles/obj.clangBasic.dir/LangStandards.cpp.obj
[535/1448] Building CXX object tools/clang/lib/Basic/CMakeFiles/obj.clangBasic.dir/MakeSupport.cpp.obj
[536/1448] Building CXX object tools/clang/lib/Basic/CMakeFiles/obj.clangBasic.dir/ObjCRuntime.cpp.obj
[537/1448] Building CXX object tools/clang/lib/Basic/CMakeFiles/obj.clangBasic.dir/OffloadArch.cpp.obj
[538/1448] Building CXX object tools/clang/lib/Basic/CMakeFiles/obj.clangBasic.dir/Module.cpp.obj
[539/1448] Building CXX object tools/clang/lib/Basic/CMakeFiles/obj.clangBasic.dir/OpenCLOptions.cpp.obj
[540/1448] Building CXX object tools/clang/lib/Basic/CMakeFiles/obj.clangBasic.dir/OperatorPrecedence.cpp.obj
[541/1448] Building CXX object tools/clang/lib/Basic/CMakeFiles/obj.clangBasic.dir/OpenMPKinds.cpp.obj
[542/1448] Building CXX object tools/clang/lib/Basic/CMakeFiles/obj.clangBasic.dir/ParsedAttrInfo.cpp.obj
[543/1448] Building CXX object tools/clang/lib/Basic/CMakeFiles/obj.clangBasic.dir/ProfileList.cpp.obj
[544/1448] Building CXX object tools/clang/lib/Basic/CMakeFiles/obj.clangBasic.dir/NoSanitizeList.cpp.obj
[545/1448] Building CXX object tools/clang/lib/Basic/CMakeFiles/obj.clangBasic.dir/SanitizerSpecialCaseList.cpp.obj
[546/1448] Building CXX object tools/clang/lib/Basic/CMakeFiles/obj.clangBasic.dir/Sanitizers.cpp.obj
[547/1448] Building CXX object tools/clang/lib/Basic/CMakeFiles/obj.clangBasic.dir/SimpleTypoCorrection.cpp.obj
[548/1448] Building CXX object tools/clang/lib/Basic/CMakeFiles/obj.clangBasic.dir/Sarif.cpp.obj
[549/1448] Building CXX object tools/clang/lib/Basic/CMakeFiles/obj.clangBasic.dir/SourceLocation.cpp.obj
[550/1448] Building CXX object tools/clang/lib/Basic/CMakeFiles/obj.clangBasic.dir/SourceMgrAdapter.cpp.obj
[551/1448] Building CXX object tools/clang/lib/Basic/CMakeFiles/obj.clangBasic.dir/Stack.cpp.obj
[552/1448] Building CXX object tools/clang/lib/Basic/CMakeFiles/obj.clangBasic.dir/StackExhaustionHandler.cpp.obj
[553/1448] Building CXX object tools/clang/lib/Basic/CMakeFiles/obj.clangBasic.dir/SourceManager.cpp.obj
[554/1448] Building CXX object tools/clang/lib/Basic/CMakeFiles/obj.clangBasic.dir/TargetID.cpp.obj
[555/1448] Building CXX object tools/clang/lib/Basic/CMakeFiles/obj.clangBasic.dir/TargetInfo.cpp.obj
[556/1448] Building CXX object tools/clang/lib/Basic/CMakeFiles/obj.clangBasic.dir/Targets/AArch64.cpp.obj
[557/1448] Building CXX object tools/clang/lib/Basic/CMakeFiles/obj.clangBasic.dir/Targets.cpp.obj
[558/1448] Building CXX object tools/clang/lib/Basic/CMakeFiles/obj.clangBasic.dir/Targets/AMDGPU.cpp.obj
[559/1448] Building CXX object tools/clang/lib/Basic/CMakeFiles/obj.clangBasic.dir/Targets/ARC.cpp.obj
[560/1448] Building CXX object tools/clang/lib/Basic/CMakeFiles/obj.clangBasic.dir/Targets/AVR.cpp.obj
[561/1448] Building CXX object tools/clang/lib/Basic/CMakeFiles/obj.clangBasic.dir/Targets/ARM.cpp.obj
[562/1448] Building CXX object tools/clang/lib/Basic/CMakeFiles/obj.clangBasic.dir/Targets/BPF.cpp.obj
[563/1448] Building CXX object tools/clang/lib/Basic/CMakeFiles/obj.clangBasic.dir/Targets/CSKY.cpp.obj
[564/1448] Building CXX object tools/clang/lib/Basic/CMakeFiles/obj.clangBasic.dir/Targets/DirectX.cpp.obj
[565/1448] Building CXX object tools/clang/lib/Basic/CMakeFiles/obj.clangBasic.dir/Targets/Hexagon.cpp.obj
[566/1448] Building CXX object tools/clang/lib/Basic/CMakeFiles/obj.clangBasic.dir/Targets/Lanai.cpp.obj
[567/1448] Building CXX object tools/clang/lib/Basic/CMakeFiles/obj.clangBasic.dir/Targets/LoongArch.cpp.obj
[568/1448] Building CXX object tools/clang/lib/Basic/CMakeFiles/obj.clangBasic.dir/Targets/M68k.cpp.obj
[569/1448] Building CXX object tools/clang/lib/Basic/CMakeFiles/obj.clangBasic.dir/Targets/MSP430.cpp.obj
[570/1448] Building CXX object tools/clang/lib/Basic/CMakeFiles/obj.clangBasic.dir/Targets/Mips.cpp.obj
[571/1448] Building CXX object tools/clang/lib/Basic/CMakeFiles/obj.clangBasic.dir/Targets/NVPTX.cpp.obj
[572/1448] Building CXX object tools/clang/lib/Basic/CMakeFiles/obj.clangBasic.dir/Targets/OSTargets.cpp.obj
[573/1448] Building CXX object tools/clang/lib/Basic/CMakeFiles/obj.clangBasic.dir/Targets/PPC.cpp.obj
[574/1448] Building CXX object tools/clang/lib/Basic/CMakeFiles/obj.clangBasic.dir/Targets/RISCV.cpp.obj
[575/1448] Building CXX object tools/clang/lib/Basic/CMakeFiles/obj.clangBasic.dir/Targets/SPIR.cpp.obj
[576/1448] Building CXX object tools/clang/lib/Basic/CMakeFiles/obj.clangBasic.dir/Targets/Sparc.cpp.obj
[577/1448] Building CXX object tools/clang/lib/Basic/CMakeFiles/obj.clangBasic.dir/Targets/SystemZ.cpp.obj
[578/1448] Building CXX object tools/clang/lib/Basic/CMakeFiles/obj.clangBasic.dir/Targets/TCE.cpp.obj
[579/1448] Building CXX object tools/clang/lib/Basic/CMakeFiles/obj.clangBasic.dir/Targets/VE.cpp.obj
[580/1448] Building CXX object tools/clang/lib/Basic/CMakeFiles/obj.clangBasic.dir/Targets/WebAssembly.cpp.obj
[581/1448] Building CXX object tools/clang/lib/Basic/CMakeFiles/obj.clangBasic.dir/Targets/XCore.cpp.obj
[582/1448] Building CXX object tools/clang/lib/Basic/CMakeFiles/obj.clangBasic.dir/Targets/X86.cpp.obj
[583/1448] Building CXX object tools/clang/lib/Basic/CMakeFiles/obj.clangBasic.dir/Targets/Xtensa.cpp.obj
[584/1448] Building CXX object tools/clang/lib/Basic/CMakeFiles/obj.clangBasic.dir/TokenKinds.cpp.obj
[585/1448] Building CXX object tools/clang/lib/Basic/CMakeFiles/obj.clangBasic.dir/Version.cpp.obj
[586/1448] Building CXX object tools/clang/lib/Basic/CMakeFiles/obj.clangBasic.dir/XRayInstr.cpp.obj
[587/1448] Building CXX object tools/clang/lib/Basic/CMakeFiles/obj.clangBasic.dir/Warnings.cpp.obj
[588/1448] Building CXX object tools/clang/lib/Basic/CMakeFiles/obj.clangBasic.dir/XRayLists.cpp.obj
[589/1448] Linking CXX static library lib\libclangBasic.a
[590/1448] Building CXX object tools/clang/lib/APINotes/CMakeFiles/obj.clangAPINotes.dir/APINotesManager.cpp.obj
[591/1448] Building CXX object tools/clang/lib/APINotes/CMakeFiles/obj.clangAPINotes.dir/APINotesTypes.cpp.obj
[592/1448] Building CXX object tools/clang/lib/APINotes/CMakeFiles/obj.clangAPINotes.dir/APINotesReader.cpp.obj
[593/1448] Building CXX object tools/clang/lib/APINotes/CMakeFiles/obj.clangAPINotes.dir/APINotesYAMLCompiler.cpp.obj
[594/1448] Building CXX object tools/clang/lib/Lex/CMakeFiles/obj.clangLex.dir/DependencyDirectivesScanner.cpp.obj
[595/1448] Building CXX object tools/clang/lib/Lex/CMakeFiles/obj.clangLex.dir/HeaderMap.cpp.obj
[596/1448] Building CXX object tools/clang/lib/APINotes/CMakeFiles/obj.clangAPINotes.dir/APINotesWriter.cpp.obj
[597/1448] Linking CXX static library lib\libclangAPINotes.a
[598/1448] Building CXX object tools/clang/lib/Lex/CMakeFiles/obj.clangLex.dir/InitHeaderSearch.cpp.obj
[599/1448] Building CXX object tools/clang/lib/Lex/CMakeFiles/obj.clangLex.dir/HeaderSearch.cpp.obj
[600/1448] Building CXX object tools/clang/lib/Lex/CMakeFiles/obj.clangLex.dir/LexHLSLRootSignature.cpp.obj
[601/1448] Building CXX object tools/clang/lib/Lex/CMakeFiles/obj.clangLex.dir/Lexer.cpp.obj
[602/1448] Building CXX object tools/clang/lib/Lex/CMakeFiles/obj.clangLex.dir/LiteralSupport.cpp.obj
[603/1448] Building CXX object tools/clang/lib/Lex/CMakeFiles/obj.clangLex.dir/MacroArgs.cpp.obj
[604/1448] Building CXX object tools/clang/lib/Lex/CMakeFiles/obj.clangLex.dir/MacroInfo.cpp.obj
[605/1448] Building CXX object tools/clang/lib/Lex/CMakeFiles/obj.clangLex.dir/ModuleMapFile.cpp.obj
[606/1448] Building CXX object tools/clang/lib/Lex/CMakeFiles/obj.clangLex.dir/ModuleMap.cpp.obj
[607/1448] Building CXX object tools/clang/lib/Lex/CMakeFiles/obj.clangLex.dir/PPCallbacks.cpp.obj
[608/1448] Building CXX object tools/clang/lib/Lex/CMakeFiles/obj.clangLex.dir/PPCaching.cpp.obj
[609/1448] Building CXX object tools/clang/lib/Lex/CMakeFiles/obj.clangLex.dir/PPConditionalDirectiveRecord.cpp.obj
[610/1448] Building CXX object tools/clang/lib/Lex/CMakeFiles/obj.clangLex.dir/PPExpressions.cpp.obj
[611/1448] Building CXX object tools/clang/lib/Lex/CMakeFiles/obj.clangLex.dir/PPDirectives.cpp.obj
[612/1448] Building CXX object tools/clang/lib/Lex/CMakeFiles/obj.clangLex.dir/PPLexerChange.cpp.obj
[613/1448] Building CXX object tools/clang/lib/Lex/CMakeFiles/obj.clangLex.dir/PPMacroExpansion.cpp.obj
[614/1448] Building CXX object tools/clang/lib/Lex/CMakeFiles/obj.clangLex.dir/Pragma.cpp.obj
[615/1448] Building CXX object tools/clang/lib/Lex/CMakeFiles/obj.clangLex.dir/PreprocessingRecord.cpp.obj
[616/1448] Building CXX object tools/clang/lib/Lex/CMakeFiles/obj.clangLex.dir/PreprocessorLexer.cpp.obj
[617/1448] Building CXX object tools/clang/lib/Lex/CMakeFiles/obj.clangLex.dir/ScratchBuffer.cpp.obj
[618/1448] Building CXX object tools/clang/lib/Lex/CMakeFiles/obj.clangLex.dir/TextEncoding.cpp.obj
[619/1448] Building CXX object tools/clang/lib/Lex/CMakeFiles/obj.clangLex.dir/Preprocessor.cpp.obj
[620/1448] Building CXX object tools/clang/lib/Lex/CMakeFiles/obj.clangLex.dir/TokenConcatenation.cpp.obj
[621/1448] Building CXX object tools/clang/lib/Lex/CMakeFiles/obj.clangLex.dir/TokenLexer.cpp.obj
[622/1448] Linking CXX static library lib\libclangLex.a
[623/1448] Building CXX object tools/clang/lib/Parse/CMakeFiles/obj.clangParse.dir/ParseAST.cpp.obj
[624/1448] Building CXX object tools/clang/lib/Parse/CMakeFiles/obj.clangParse.dir/ParseCXXInlineMethods.cpp.obj
[625/1448] Building CXX object tools/clang/lib/Parse/CMakeFiles/obj.clangParse.dir/ParseDeclCXX.cpp.obj
[626/1448] Building CXX object tools/clang/lib/Parse/CMakeFiles/obj.clangParse.dir/ParseDecl.cpp.obj
[627/1448] Building CXX object tools/clang/lib/Parse/CMakeFiles/obj.clangParse.dir/ParseExpr.cpp.obj
[628/1448] Building CXX object tools/clang/lib/Parse/CMakeFiles/obj.clangParse.dir/ParseExprCXX.cpp.obj
[629/1448] Building CXX object tools/clang/lib/Parse/CMakeFiles/obj.clangParse.dir/ParseHLSL.cpp.obj
[630/1448] Building CXX object tools/clang/lib/Parse/CMakeFiles/obj.clangParse.dir/ParseHLSLRootSignature.cpp.obj
[631/1448] Building CXX object tools/clang/lib/Parse/CMakeFiles/obj.clangParse.dir/ParseInit.cpp.obj
[632/1448] Building CXX object tools/clang/lib/Parse/CMakeFiles/obj.clangParse.dir/ParseObjc.cpp.obj
[633/1448] Building CXX object tools/clang/lib/Parse/CMakeFiles/obj.clangParse.dir/ParseOpenMP.cpp.obj
[634/1448] Building CXX object tools/clang/lib/Parse/CMakeFiles/obj.clangParse.dir/ParsePragma.cpp.obj
[635/1448] Building CXX object tools/clang/lib/Parse/CMakeFiles/obj.clangParse.dir/ParseStmt.cpp.obj
[636/1448] Building CXX object tools/clang/lib/Parse/CMakeFiles/obj.clangParse.dir/ParseStmtAsm.cpp.obj
[637/1448] Building CXX object tools/clang/lib/Parse/CMakeFiles/obj.clangParse.dir/ParseTemplate.cpp.obj
[638/1448] Building CXX object tools/clang/lib/Parse/CMakeFiles/obj.clangParse.dir/ParseTentative.cpp.obj
[639/1448] Building CXX object tools/clang/lib/Parse/CMakeFiles/obj.clangParse.dir/Parser.cpp.obj
[640/1448] Building CXX object tools/clang/lib/Parse/CMakeFiles/obj.clangParse.dir/ParseOpenACC.cpp.obj
[641/1448] Building Opcodes.inc...
[642/1448] Building AttrDocTable.inc...
[643/1448] Building CXX object tools/clang/lib/Parse/CMakeFiles/obj.clangParse.dir/ParseReflect.cpp.obj
[644/1448] Building OpenCLBuiltins.inc...
[645/1448] Building CXX object tools/clang/lib/AST/CMakeFiles/obj.clangAST.dir/cmake_pch.hxx.pch
[646/1448] Building CXX object tools/clang/lib/AST/CMakeFiles/obj.clangAST.dir/APValue.cpp.obj
[647/1448] Building CXX object tools/clang/lib/AST/CMakeFiles/obj.clangAST.dir/ASTConcept.cpp.obj
[648/1448] Building CXX object tools/clang/lib/AST/CMakeFiles/obj.clangAST.dir/ASTConsumer.cpp.obj
[649/1448] Building CXX object tools/clang/lib/CodeGen/CMakeFiles/obj.clangCodeGen.dir/cmake_pch.hxx.pch
[650/1448] Building CXX object tools/clang/lib/AST/CMakeFiles/obj.clangAST.dir/ASTDiagnostic.cpp.obj
[651/1448] Building CXX object tools/clang/lib/AST/CMakeFiles/obj.clangAST.dir/ASTDumper.cpp.obj
[652/1448] Building CXX object tools/clang/lib/AST/CMakeFiles/obj.clangAST.dir/ASTContext.cpp.obj
[653/1448] Building CXX object tools/clang/lib/AST/CMakeFiles/obj.clangAST.dir/ASTImporterLookupTable.cpp.obj
[654/1448] Building CXX object tools/clang/lib/AST/CMakeFiles/obj.clangAST.dir/ASTImporter.cpp.obj
[655/1448] Building CXX object tools/clang/lib/AST/CMakeFiles/obj.clangAST.dir/ASTTypeTraits.cpp.obj
[656/1448] Building CXX object tools/clang/lib/AST/CMakeFiles/obj.clangAST.dir/AttrDocTable.cpp.obj
[657/1448] Building CXX object tools/clang/lib/AST/CMakeFiles/obj.clangAST.dir/ASTStructuralEquivalence.cpp.obj
[658/1448] Building CXX object tools/clang/lib/AST/CMakeFiles/obj.clangAST.dir/Availability.cpp.obj
[659/1448] Building CXX object tools/clang/lib/AST/CMakeFiles/obj.clangAST.dir/Comment.cpp.obj
[660/1448] Building CXX object tools/clang/lib/AST/CMakeFiles/obj.clangAST.dir/CommentBriefParser.cpp.obj
[661/1448] Building CXX object tools/clang/lib/AST/CMakeFiles/obj.clangAST.dir/CommentCommandTraits.cpp.obj
[662/1448] Building CXX object tools/clang/lib/AST/CMakeFiles/obj.clangAST.dir/CommentLexer.cpp.obj
[663/1448] Building CXX object tools/clang/lib/AST/CMakeFiles/obj.clangAST.dir/CommentParser.cpp.obj
[664/1448] Building CXX object tools/clang/lib/AST/CMakeFiles/obj.clangAST.dir/CommentSema.cpp.obj
[665/1448] Building CXX object tools/clang/lib/AST/CMakeFiles/obj.clangAST.dir/ComparisonCategories.cpp.obj
[666/1448] Building CXX object tools/clang/lib/AST/CMakeFiles/obj.clangAST.dir/ComputeDependence.cpp.obj
[667/1448] Building CXX object tools/clang/lib/AST/CMakeFiles/obj.clangAST.dir/CXXInheritance.cpp.obj
[668/1448] Building CXX object tools/clang/lib/AST/CMakeFiles/obj.clangAST.dir/DataCollection.cpp.obj
[669/1448] Building CXX object tools/clang/lib/AST/CMakeFiles/obj.clangAST.dir/AttrImpl.cpp.obj
[670/1448] Building CXX object tools/clang/lib/AST/CMakeFiles/obj.clangAST.dir/DeclarationName.cpp.obj
[671/1448] Building CXX object tools/clang/lib/AST/CMakeFiles/obj.clangAST.dir/Decl.cpp.obj
[672/1448] Building CXX object tools/clang/lib/AST/CMakeFiles/obj.clangAST.dir/DeclBase.cpp.obj
[673/1448] Building CXX object tools/clang/lib/AST/CMakeFiles/obj.clangAST.dir/DeclCXX.cpp.obj
[674/1448] Building CXX object tools/clang/lib/AST/CMakeFiles/obj.clangAST.dir/DeclFriend.cpp.obj
[675/1448] Building CXX object tools/clang/lib/AST/CMakeFiles/obj.clangAST.dir/DeclGroup.cpp.obj
[676/1448] Building CXX object tools/clang/lib/AST/CMakeFiles/obj.clangAST.dir/DeclOpenACC.cpp.obj
[677/1448] Building CXX object tools/clang/lib/AST/CMakeFiles/obj.clangAST.dir/DeclOpenMP.cpp.obj
[678/1448] Building CXX object tools/clang/lib/AST/CMakeFiles/obj.clangAST.dir/DeclObjC.cpp.obj
[679/1448] Building CXX object tools/clang/lib/AST/CMakeFiles/obj.clangAST.dir/DeclPrinter.cpp.obj
[680/1448] Building CXX object tools/clang/lib/AST/CMakeFiles/obj.clangAST.dir/DeclTemplate.cpp.obj
[681/1448] Building CXX object tools/clang/lib/AST/CMakeFiles/obj.clangAST.dir/ParentMapContext.cpp.obj
[682/1448] Building CXX object tools/clang/lib/AST/CMakeFiles/obj.clangAST.dir/Expr.cpp.obj
[683/1448] Building CXX object tools/clang/lib/AST/CMakeFiles/obj.clangAST.dir/ExprClassification.cpp.obj
[684/1448] Building CXX object tools/clang/lib/AST/CMakeFiles/obj.clangAST.dir/ExprConcepts.cpp.obj
[685/1448] Building CXX object tools/clang/lib/AST/CMakeFiles/obj.clangAST.dir/DynamicRecursiveASTVisitor.cpp.obj
[686/1448] Building CXX object tools/clang/lib/AST/CMakeFiles/obj.clangAST.dir/ExprCXX.cpp.obj
[687/1448] Building CXX object tools/clang/lib/AST/CMakeFiles/obj.clangAST.dir/ExprObjC.cpp.obj
[688/1448] Building CXX object tools/clang/lib/AST/CMakeFiles/obj.clangAST.dir/ExternalASTMerger.cpp.obj
[689/1448] Building CXX object tools/clang/lib/AST/CMakeFiles/obj.clangAST.dir/ExternalASTSource.cpp.obj
[690/1448] Building CXX object tools/clang/lib/AST/CMakeFiles/obj.clangAST.dir/FormatString.cpp.obj
[691/1448] Building CXX object tools/clang/lib/AST/CMakeFiles/obj.clangAST.dir/InferAlloc.cpp.obj
[692/1448] Building CXX object tools/clang/lib/AST/CMakeFiles/obj.clangAST.dir/InheritViz.cpp.obj
[693/1448] Building CXX object tools/clang/lib/AST/CMakeFiles/obj.clangAST.dir/ByteCode/BitcastBuffer.cpp.obj
[694/1448] Building CXX object tools/clang/lib/AST/CMakeFiles/obj.clangAST.dir/ByteCode/ByteCodeEmitter.cpp.obj
[695/1448] Building CXX object tools/clang/lib/AST/CMakeFiles/obj.clangAST.dir/ExprConstant.cpp.obj
[696/1448] Building CXX object tools/clang/lib/AST/CMakeFiles/obj.clangAST.dir/ByteCode/Compiler.cpp.obj
[697/1448] Building CXX object tools/clang/lib/AST/CMakeFiles/obj.clangAST.dir/ByteCode/Context.cpp.obj
[698/1448] Building CXX object tools/clang/lib/AST/CMakeFiles/obj.clangAST.dir/ByteCode/Descriptor.cpp.obj
[699/1448] Building CXX object tools/clang/lib/AST/CMakeFiles/obj.clangAST.dir/ByteCode/Disasm.cpp.obj
[700/1448] Building CXX object tools/clang/lib/AST/CMakeFiles/obj.clangAST.dir/ByteCode/Function.cpp.obj
[701/1448] Building CXX object tools/clang/lib/AST/CMakeFiles/obj.clangAST.dir/ByteCode/InterpBuiltin.cpp.obj
[702/1448] Building CXX object tools/clang/lib/AST/CMakeFiles/obj.clangAST.dir/ByteCode/InterpBuiltinBitCast.cpp.obj
[703/1448] Building CXX object tools/clang/lib/AST/CMakeFiles/obj.clangAST.dir/ByteCode/Floating.cpp.obj
[704/1448] Building CXX object tools/clang/lib/AST/CMakeFiles/obj.clangAST.dir/ByteCode/EvaluationResult.cpp.obj
[705/1448] Building CXX object tools/clang/lib/AST/CMakeFiles/obj.clangAST.dir/ByteCode/EvalEmitter.cpp.obj
[706/1448] Building CXX object tools/clang/lib/AST/CMakeFiles/obj.clangAST.dir/ByteCode/InitMap.cpp.obj
[707/1448] Building CXX object tools/clang/lib/AST/CMakeFiles/obj.clangAST.dir/ByteCode/DynamicAllocator.cpp.obj
[708/1448] Building CXX object tools/clang/lib/AST/CMakeFiles/obj.clangAST.dir/ByteCode/InterpBlock.cpp.obj
[709/1448] Building CXX object tools/clang/lib/AST/CMakeFiles/obj.clangAST.dir/ByteCode/InterpFrame.cpp.obj
[710/1448] Building CXX object tools/clang/lib/AST/CMakeFiles/obj.clangAST.dir/ByteCode/InterpStack.cpp.obj
[711/1448] Building CXX object tools/clang/lib/AST/CMakeFiles/obj.clangAST.dir/ByteCode/InterpState.cpp.obj
[712/1448] Building CXX object tools/clang/lib/AST/CMakeFiles/obj.clangAST.dir/ByteCode/Pointer.cpp.obj
[713/1448] Building CXX object tools/clang/lib/AST/CMakeFiles/obj.clangAST.dir/ByteCode/PrimType.cpp.obj
[714/1448] Building CXX object tools/clang/lib/AST/CMakeFiles/obj.clangAST.dir/ByteCode/Program.cpp.obj
[715/1448] Building CXX object tools/clang/lib/AST/CMakeFiles/obj.clangAST.dir/ByteCode/Record.cpp.obj
[716/1448] Building CXX object tools/clang/lib/AST/CMakeFiles/obj.clangAST.dir/ByteCode/Source.cpp.obj
[717/1448] Building CXX object tools/clang/lib/AST/CMakeFiles/obj.clangAST.dir/ByteCode/State.cpp.obj
[718/1448] Building CXX object tools/clang/lib/AST/CMakeFiles/obj.clangAST.dir/ByteCode/MemberPointer.cpp.obj
[719/1448] Building CXX object tools/clang/lib/AST/CMakeFiles/obj.clangAST.dir/ByteCode/InterpShared.cpp.obj
[720/1448] Building CXX object tools/clang/lib/AST/CMakeFiles/obj.clangAST.dir/HLSLResource.cpp.obj
[721/1448] Building CXX object tools/clang/lib/AST/CMakeFiles/obj.clangAST.dir/ItaniumCXXABI.cpp.obj
[722/1448] Building CXX object tools/clang/lib/AST/CMakeFiles/obj.clangAST.dir/ByteCode/Interp.cpp.obj
[723/1448] Building CXX object tools/clang/lib/AST/CMakeFiles/obj.clangAST.dir/ItaniumMangle.cpp.obj
[724/1448] Building CXX object tools/clang/lib/AST/CMakeFiles/obj.clangAST.dir/Mangle.cpp.obj
[725/1448] Building CXX object tools/clang/lib/AST/CMakeFiles/obj.clangAST.dir/JSONNodeDumper.cpp.obj
[726/1448] Building CXX object tools/clang/lib/AST/CMakeFiles/obj.clangAST.dir/MicrosoftCXXABI.cpp.obj
[727/1448] Building CXX object tools/clang/lib/AST/CMakeFiles/obj.clangAST.dir/NestedNameSpecifier.cpp.obj
[728/1448] Building CXX object tools/clang/lib/AST/CMakeFiles/obj.clangAST.dir/NSAPI.cpp.obj
[729/1448] Building CXX object tools/clang/lib/AST/CMakeFiles/obj.clangAST.dir/MicrosoftMangle.cpp.obj
[730/1448] Building CXX object tools/clang/lib/AST/CMakeFiles/obj.clangAST.dir/ODRDiagsEmitter.cpp.obj
[731/1448] Building CXX object tools/clang/lib/AST/CMakeFiles/obj.clangAST.dir/ODRHash.cpp.obj
[732/1448] Building CXX object tools/clang/lib/AST/CMakeFiles/obj.clangAST.dir/OpenACCClause.cpp.obj
[733/1448] Building CXX object tools/clang/lib/AST/CMakeFiles/obj.clangAST.dir/OSLog.cpp.obj
[734/1448] Building CXX object tools/clang/lib/AST/CMakeFiles/obj.clangAST.dir/ParentMap.cpp.obj
[735/1448] Building CXX object tools/clang/lib/AST/CMakeFiles/obj.clangAST.dir/OpenMPClause.cpp.obj
[736/1448] Building CXX object tools/clang/lib/AST/CMakeFiles/obj.clangAST.dir/PrintfFormatString.cpp.obj
[737/1448] Building CXX object tools/clang/lib/AST/CMakeFiles/obj.clangAST.dir/QualTypeNames.cpp.obj
[738/1448] Building CXX object tools/clang/lib/AST/CMakeFiles/obj.clangAST.dir/Randstruct.cpp.obj
[739/1448] Building CXX object tools/clang/lib/AST/CMakeFiles/obj.clangAST.dir/RecordLayout.cpp.obj
[740/1448] Building CXX object tools/clang/lib/AST/CMakeFiles/obj.clangAST.dir/RawCommentList.cpp.obj
[741/1448] Building CXX object tools/clang/lib/AST/CMakeFiles/obj.clangAST.dir/ScanfFormatString.cpp.obj
[742/1448] Building CXX object tools/clang/lib/AST/CMakeFiles/obj.clangAST.dir/SelectorLocationsKind.cpp.obj
[743/1448] Building CXX object tools/clang/lib/AST/CMakeFiles/obj.clangAST.dir/RecordLayoutBuilder.cpp.obj
[744/1448] Building CXX object tools/clang/lib/AST/CMakeFiles/obj.clangAST.dir/StmtCXX.cpp.obj
[745/1448] Building CXX object tools/clang/lib/AST/CMakeFiles/obj.clangAST.dir/Stmt.cpp.obj
[746/1448] Building CXX object tools/clang/lib/AST/CMakeFiles/obj.clangAST.dir/StmtIterator.cpp.obj
[747/1448] Building CXX object tools/clang/lib/AST/CMakeFiles/obj.clangAST.dir/StmtObjC.cpp.obj
[748/1448] Building CXX object tools/clang/lib/AST/CMakeFiles/obj.clangAST.dir/StmtOpenACC.cpp.obj
[749/1448] Building CXX object tools/clang/lib/AST/CMakeFiles/obj.clangAST.dir/StmtOpenMP.cpp.obj
[750/1448] Building CXX object tools/clang/lib/AST/CMakeFiles/obj.clangAST.dir/StmtProfile.cpp.obj
[751/1448] Building CXX object tools/clang/lib/AST/CMakeFiles/obj.clangAST.dir/StmtPrinter.cpp.obj
[752/1448] Building CXX object tools/clang/lib/AST/CMakeFiles/obj.clangAST.dir/StmtViz.cpp.obj
[753/1448] Building CXX object tools/clang/lib/AST/CMakeFiles/obj.clangAST.dir/TemplateBase.cpp.obj
[754/1448] Building CXX object tools/clang/lib/AST/CMakeFiles/obj.clangAST.dir/TemplateName.cpp.obj
[755/1448] Building CXX object tools/clang/lib/AST/CMakeFiles/obj.clangAST.dir/Type.cpp.obj
[756/1448] Building CXX object tools/clang/lib/AST/CMakeFiles/obj.clangAST.dir/TypeLoc.cpp.obj
[757/1448] Building CXX object tools/clang/lib/AST/CMakeFiles/obj.clangAST.dir/TextNodeDumper.cpp.obj
[758/1448] Building CXX object tools/clang/lib/AST/CMakeFiles/obj.clangAST.dir/TypePrinter.cpp.obj
[759/1448] Building CXX object tools/clang/lib/AST/CMakeFiles/obj.clangAST.dir/VTTBuilder.cpp.obj
[760/1448] Building CXX object tools/clang/lib/AST/CMakeFiles/obj.clangAST.dir/VTableBuilder.cpp.obj
[761/1448] Linking CXX static library lib\libclangAST.a
[762/1448] Building CXX object tools/clang/lib/ASTMatchers/CMakeFiles/obj.clangASTMatchers.dir/ASTMatchersInternal.cpp.obj
[763/1448] Building CXX object tools/clang/lib/ASTMatchers/CMakeFiles/obj.clangASTMatchers.dir/LowLevelHelpers.cpp.obj
[764/1448] Building CXX object tools/clang/lib/ASTMatchers/CMakeFiles/obj.clangASTMatchers.dir/ASTMatchFinder.cpp.obj
[765/1448] Building CXX object tools/clang/lib/CrossTU/CMakeFiles/obj.clangCrossTU.dir/CrossTranslationUnit.cpp.obj
[766/1448] Linking CXX static library lib\libclangASTMatchers.a
[767/1448] Building CXX object tools/clang/lib/Sema/CMakeFiles/obj.clangSema.dir/CheckExprLifetime.cpp.obj
[768/1448] Building CXX object tools/clang/lib/Sema/CMakeFiles/obj.clangSema.dir/CodeCompleteConsumer.cpp.obj
[769/1448] Building CXX object tools/clang/lib/Sema/CMakeFiles/obj.clangSema.dir/AnalysisBasedWarnings.cpp.obj
[770/1448] Building CXX object tools/clang/lib/Sema/CMakeFiles/obj.clangSema.dir/DeclSpec.cpp.obj
[771/1448] Building CXX object tools/clang/lib/Sema/CMakeFiles/obj.clangSema.dir/DelayedDiagnostic.cpp.obj
[772/1448] Building CXX object tools/clang/lib/Sema/CMakeFiles/obj.clangSema.dir/HeuristicResolver.cpp.obj
[773/1448] Building CXX object tools/clang/lib/Sema/CMakeFiles/obj.clangSema.dir/HLSLBuiltinTypeDeclBuilder.cpp.obj
[774/1448] Building CXX object tools/clang/lib/Sema/CMakeFiles/obj.clangSema.dir/HLSLExternalSemaSource.cpp.obj
[775/1448] Building CXX object tools/clang/lib/Sema/CMakeFiles/obj.clangSema.dir/IdentifierResolver.cpp.obj
[776/1448] Building CXX object tools/clang/lib/Sema/CMakeFiles/obj.clangSema.dir/MultiplexExternalSemaSource.cpp.obj
[777/1448] Building CXX object tools/clang/lib/Sema/CMakeFiles/obj.clangSema.dir/JumpDiagnostics.cpp.obj
[778/1448] Building CXX object tools/clang/lib/Sema/CMakeFiles/obj.clangSema.dir/Scope.cpp.obj
[779/1448] Building CXX object tools/clang/lib/Sema/CMakeFiles/obj.clangSema.dir/ScopeInfo.cpp.obj
[780/1448] Building CXX object tools/clang/lib/Sema/CMakeFiles/obj.clangSema.dir/ParsedAttr.cpp.obj
[781/1448] Building CXX object tools/clang/lib/Sema/CMakeFiles/obj.clangSema.dir/SemaAMDGPU.cpp.obj
[782/1448] Building CXX object tools/clang/lib/Sema/CMakeFiles/obj.clangSema.dir/Sema.cpp.obj
[783/1448] Building CXX object tools/clang/lib/Sema/CMakeFiles/obj.clangSema.dir/SemaAVR.cpp.obj
[784/1448] Building CXX object tools/clang/lib/Sema/CMakeFiles/obj.clangSema.dir/SemaAccess.cpp.obj
[785/1448] Building CXX object tools/clang/lib/Sema/CMakeFiles/obj.clangSema.dir/SemaARM.cpp.obj
[786/1448] Building CXX object tools/clang/lib/Sema/CMakeFiles/obj.clangSema.dir/SemaAttr.cpp.obj
[787/1448] Building CXX object tools/clang/lib/Sema/CMakeFiles/obj.clangSema.dir/SemaAPINotes.cpp.obj
[788/1448] Building CXX object tools/clang/lib/Sema/CMakeFiles/obj.clangSema.dir/SemaBPF.cpp.obj
[789/1448] Building CXX object tools/clang/lib/Sema/CMakeFiles/obj.clangSema.dir/SemaAvailability.cpp.obj
[790/1448] Building CXX object tools/clang/lib/Sema/CMakeFiles/obj.clangSema.dir/SemaBase.cpp.obj
[791/1448] Building CXX object tools/clang/lib/Sema/CMakeFiles/obj.clangSema.dir/SemaBoundsSafety.cpp.obj
[792/1448] Building CXX object tools/clang/lib/Sema/CMakeFiles/obj.clangSema.dir/SemaCXXScopeSpec.cpp.obj
[793/1448] Building CXX object tools/clang/lib/Sema/CMakeFiles/obj.clangSema.dir/SemaCast.cpp.obj
[794/1448] Building CXX object tools/clang/lib/Sema/CMakeFiles/obj.clangSema.dir/SemaChecking.cpp.obj
[795/1448] Building CXX object tools/clang/lib/Sema/CMakeFiles/obj.clangSema.dir/SemaCodeComplete.cpp.obj
[796/1448] Building CXX object tools/clang/lib/Sema/CMakeFiles/obj.clangSema.dir/SemaConsumer.cpp.obj
[797/1448] Building CXX object tools/clang/lib/Sema/CMakeFiles/obj.clangSema.dir/SemaCoroutine.cpp.obj
[798/1448] Building CXX object tools/clang/lib/Sema/CMakeFiles/obj.clangSema.dir/SemaCUDA.cpp.obj
[799/1448] Building CXX object tools/clang/lib/Sema/CMakeFiles/obj.clangSema.dir/SemaDirectX.cpp.obj
[800/1448] Building CXX object tools/clang/lib/Sema/CMakeFiles/obj.clangSema.dir/SemaConcept.cpp.obj
[801/1448] Building CXX object tools/clang/lib/Sema/CMakeFiles/obj.clangSema.dir/SemaDecl.cpp.obj
[802/1448] Building CXX object tools/clang/lib/Sema/CMakeFiles/obj.clangSema.dir/SemaDeclAttr.cpp.obj
[803/1448] Building CXX object tools/clang/lib/Sema/CMakeFiles/obj.clangSema.dir/SemaDeclObjC.cpp.obj
[804/1448] Building CXX object tools/clang/lib/Sema/CMakeFiles/obj.clangSema.dir/SemaExceptionSpec.cpp.obj
[805/1448] Building CXX object tools/clang/lib/Sema/CMakeFiles/obj.clangSema.dir/SemaDeclCXX.cpp.obj
[806/1448] Building CXX object tools/clang/lib/Sema/CMakeFiles/obj.clangSema.dir/SemaExpand.cpp.obj
[807/1448] Building CXX object tools/clang/lib/Sema/CMakeFiles/obj.clangSema.dir/SemaExprCXX.cpp.obj
[808/1448] Building CXX object tools/clang/lib/Sema/CMakeFiles/obj.clangSema.dir/SemaExprMember.cpp.obj
[809/1448] Building CXX object tools/clang/lib/Sema/CMakeFiles/obj.clangSema.dir/SemaExprObjC.cpp.obj
[810/1448] Building CXX object tools/clang/lib/Sema/CMakeFiles/obj.clangSema.dir/SemaFixItUtils.cpp.obj
[811/1448] Building CXX object tools/clang/lib/Sema/CMakeFiles/obj.clangSema.dir/SemaFunctionEffects.cpp.obj
[812/1448] Building CXX object tools/clang/lib/Sema/CMakeFiles/obj.clangSema.dir/SemaExpr.cpp.obj
[813/1448] Building CXX object tools/clang/lib/Sema/CMakeFiles/obj.clangSema.dir/SemaHexagon.cpp.obj
[814/1448] Building CXX object tools/clang/lib/Sema/CMakeFiles/obj.clangSema.dir/SemaHLSL.cpp.obj
[815/1448] Building CXX object tools/clang/lib/Sema/CMakeFiles/obj.clangSema.dir/SemaLambda.cpp.obj
[816/1448] Building CXX object tools/clang/lib/Sema/CMakeFiles/obj.clangSema.dir/SemaInit.cpp.obj
[817/1448] Building CXX object tools/clang/lib/Sema/CMakeFiles/obj.clangSema.dir/SemaLoongArch.cpp.obj
[818/1448] Building CXX object tools/clang/lib/Sema/CMakeFiles/obj.clangSema.dir/SemaM68k.cpp.obj
[819/1448] Building CXX object tools/clang/lib/Sema/CMakeFiles/obj.clangSema.dir/SemaMIPS.cpp.obj
[820/1448] Building CXX object tools/clang/lib/Sema/CMakeFiles/obj.clangSema.dir/SemaMSP430.cpp.obj
[821/1448] Building CXX object tools/clang/lib/Sema/CMakeFiles/obj.clangSema.dir/SemaLookup.cpp.obj
[822/1448] Building CXX object tools/clang/lib/Sema/CMakeFiles/obj.clangSema.dir/SemaNVPTX.cpp.obj
[823/1448] Building CXX object tools/clang/lib/Sema/CMakeFiles/obj.clangSema.dir/SemaModule.cpp.obj
[824/1448] Building CXX object tools/clang/lib/Sema/CMakeFiles/obj.clangSema.dir/SemaObjC.cpp.obj
[825/1448] Building CXX object tools/clang/lib/Sema/CMakeFiles/obj.clangSema.dir/SemaObjCProperty.cpp.obj
[826/1448] Building CXX object tools/clang/lib/Sema/CMakeFiles/obj.clangSema.dir/SemaOpenACCAtomic.cpp.obj
[827/1448] Building CXX object tools/clang/lib/Sema/CMakeFiles/obj.clangSema.dir/SemaOpenACC.cpp.obj
[828/1448] Building CXX object tools/clang/lib/Sema/CMakeFiles/obj.clangSema.dir/SemaOpenACCClauseAppertainment.cpp.obj
[829/1448] Building CXX object tools/clang/lib/Sema/CMakeFiles/obj.clangSema.dir/SemaOpenACCClause.cpp.obj
[830/1448] Building CXX object tools/clang/lib/Sema/CMakeFiles/obj.clangSema.dir/SemaOpenCL.cpp.obj
[831/1448] Building CXX object tools/clang/lib/Sema/CMakeFiles/obj.clangSema.dir/SemaOverload.cpp.obj
[832/1448] Building CXX object tools/clang/lib/Sema/CMakeFiles/obj.clangSema.dir/SemaPPC.cpp.obj
[833/1448] Building CXX object tools/clang/lib/Sema/CMakeFiles/obj.clangSema.dir/SemaPseudoObject.cpp.obj
[834/1448] Building CXX object tools/clang/lib/Sema/CMakeFiles/obj.clangSema.dir/SemaRISCV.cpp.obj
[835/1448] Building CXX object tools/clang/lib/Sema/CMakeFiles/obj.clangSema.dir/SemaStmt.cpp.obj
[836/1448] Building CXX object tools/clang/lib/Sema/CMakeFiles/obj.clangSema.dir/SemaOpenMP.cpp.obj
[837/1448] Building CXX object tools/clang/lib/Sema/CMakeFiles/obj.clangSema.dir/SemaStmtAsm.cpp.obj
[838/1448] Building CXX object tools/clang/lib/Sema/CMakeFiles/obj.clangSema.dir/SemaStmtAttr.cpp.obj
[839/1448] Building CXX object tools/clang/lib/Sema/CMakeFiles/obj.clangSema.dir/SemaSPIRV.cpp.obj
[840/1448] Building CXX object tools/clang/lib/Sema/CMakeFiles/obj.clangSema.dir/SemaSwift.cpp.obj
[841/1448] Building CXX object tools/clang/lib/Sema/CMakeFiles/obj.clangSema.dir/SemaSystemZ.cpp.obj
[842/1448] Building CXX object tools/clang/lib/Sema/CMakeFiles/obj.clangSema.dir/SemaSYCL.cpp.obj
[843/1448] Building CXX object tools/clang/lib/Sema/CMakeFiles/obj.clangSema.dir/SemaTemplate.cpp.obj
[844/1448] Building CXX object tools/clang/lib/Sema/CMakeFiles/obj.clangSema.dir/SemaTemplateDeduction.cpp.obj
[845/1448] Building CXX object tools/clang/lib/Sema/CMakeFiles/obj.clangSema.dir/SemaTemplateDeductionGuide.cpp.obj
[846/1448] Building CXX object tools/clang/lib/Sema/CMakeFiles/obj.clangSema.dir/SemaTemplateInstantiate.cpp.obj
[847/1448] Building CXX object tools/clang/lib/Sema/CMakeFiles/obj.clangSema.dir/SemaTemplateVariadic.cpp.obj
[848/1448] Building CXX object tools/clang/lib/Sema/CMakeFiles/obj.clangSema.dir/SemaTemplateInstantiateDecl.cpp.obj
[849/1448] Building CXX object tools/clang/lib/Sema/CMakeFiles/obj.clangSema.dir/SemaTypeTraits.cpp.obj
[850/1448] Building CXX object tools/clang/lib/Sema/CMakeFiles/obj.clangSema.dir/SemaType.cpp.obj
[851/1448] Building CXX object tools/clang/lib/Sema/CMakeFiles/obj.clangSema.dir/SemaWasm.cpp.obj
[852/1448] Building CXX object tools/clang/lib/Sema/CMakeFiles/obj.clangSema.dir/TypeLocBuilder.cpp.obj
[853/1448] Building CXX object tools/clang/lib/Sema/CMakeFiles/obj.clangSema.dir/SemaX86.cpp.obj
[854/1448] Building CXX object tools/clang/lib/CodeGen/CMakeFiles/obj.clangCodeGen.dir/ABIInfo.cpp.obj
[855/1448] Building CXX object tools/clang/lib/CodeGen/CMakeFiles/obj.clangCodeGen.dir/ABIInfoImpl.cpp.obj
[856/1448] Building CXX object tools/clang/lib/CodeGen/CMakeFiles/obj.clangCodeGen.dir/CGAtomic.cpp.obj
[857/1448] Building CXX object tools/clang/lib/CodeGen/CMakeFiles/obj.clangCodeGen.dir/CGBlocks.cpp.obj
[858/1448] Building CXX object tools/clang/lib/CodeGen/CMakeFiles/obj.clangCodeGen.dir/BackendUtil.cpp.obj
[859/1448] Building CXX object tools/clang/lib/CodeGen/CMakeFiles/obj.clangCodeGen.dir/CGBuiltin.cpp.obj
[860/1448] Building CXX object tools/clang/lib/CodeGen/CMakeFiles/obj.clangCodeGen.dir/CGCUDARuntime.cpp.obj
[861/1448] Building CXX object tools/clang/lib/CodeGen/CMakeFiles/obj.clangCodeGen.dir/CGCXX.cpp.obj
[862/1448] Building CXX object tools/clang/lib/CodeGen/CMakeFiles/obj.clangCodeGen.dir/CGCUDANV.cpp.obj
[863/1448] Building CXX object tools/clang/lib/CodeGen/CMakeFiles/obj.clangCodeGen.dir/CGCXXABI.cpp.obj
[864/1448] Building CXX object tools/clang/lib/CodeGen/CMakeFiles/obj.clangCodeGen.dir/CGClass.cpp.obj
[865/1448] Building CXX object tools/clang/lib/CodeGen/CMakeFiles/obj.clangCodeGen.dir/CGCleanup.cpp.obj
[866/1448] Building CXX object tools/clang/lib/CodeGen/CMakeFiles/obj.clangCodeGen.dir/CGCall.cpp.obj
[867/1448] Building CXX object tools/clang/lib/CodeGen/CMakeFiles/obj.clangCodeGen.dir/CGCoroutine.cpp.obj
[868/1448] Building CXX object tools/clang/lib/CodeGen/CMakeFiles/obj.clangCodeGen.dir/CGDecl.cpp.obj
[869/1448] Building CXX object tools/clang/lib/CodeGen/CMakeFiles/obj.clangCodeGen.dir/CGDeclCXX.cpp.obj
[870/1448] Building CXX object tools/clang/lib/CodeGen/CMakeFiles/obj.clangCodeGen.dir/CGException.cpp.obj
[871/1448] Building CXX object tools/clang/lib/CodeGen/CMakeFiles/obj.clangCodeGen.dir/CGDebugInfo.cpp.obj
[872/1448] Building CXX object tools/clang/lib/CodeGen/CMakeFiles/obj.clangCodeGen.dir/CGExpr.cpp.obj
[873/1448] Building CXX object tools/clang/lib/CodeGen/CMakeFiles/obj.clangCodeGen.dir/CGExprAgg.cpp.obj
[874/1448] Building CXX object tools/clang/lib/CodeGen/CMakeFiles/obj.clangCodeGen.dir/CGExprComplex.cpp.obj
[875/1448] Building CXX object tools/clang/lib/CodeGen/CMakeFiles/obj.clangCodeGen.dir/CGExprCXX.cpp.obj
[876/1448] Building CXX object tools/clang/lib/CodeGen/CMakeFiles/obj.clangCodeGen.dir/CGExprConstant.cpp.obj
[877/1448] Building CXX object tools/clang/lib/CodeGen/CMakeFiles/obj.clangCodeGen.dir/CGGPUBuiltin.cpp.obj
[878/1448] Building CXX object tools/clang/lib/CodeGen/CMakeFiles/obj.clangCodeGen.dir/CGExprScalar.cpp.obj
[879/1448] Building CXX object tools/clang/lib/CodeGen/CMakeFiles/obj.clangCodeGen.dir/CGHLSLBuiltins.cpp.obj
[880/1448] Building CXX object tools/clang/lib/CodeGen/CMakeFiles/obj.clangCodeGen.dir/CGLoopInfo.cpp.obj
[881/1448] Building CXX object tools/clang/lib/CodeGen/CMakeFiles/obj.clangCodeGen.dir/CGNonTrivialStruct.cpp.obj
[882/1448] Building CXX object tools/clang/lib/CodeGen/CMakeFiles/obj.clangCodeGen.dir/CGHLSLRuntime.cpp.obj
[883/1448] Building CXX object tools/clang/lib/CodeGen/CMakeFiles/obj.clangCodeGen.dir/CGObjC.cpp.obj
[884/1448] Building CXX object tools/clang/lib/CodeGen/CMakeFiles/obj.clangCodeGen.dir/CGObjCGNU.cpp.obj
[885/1448] Building CXX object tools/clang/lib/CodeGen/CMakeFiles/obj.clangCodeGen.dir/CGObjCMac.cpp.obj
[886/1448] Building CXX object tools/clang/lib/CodeGen/CMakeFiles/obj.clangCodeGen.dir/CGObjCRuntime.cpp.obj
[887/1448] Building CXX object tools/clang/lib/CodeGen/CMakeFiles/obj.clangCodeGen.dir/CGOpenCLRuntime.cpp.obj
[888/1448] Building CXX object tools/clang/lib/CodeGen/CMakeFiles/obj.clangCodeGen.dir/CGOpenMPRuntimeGPU.cpp.obj
[889/1448] Building CXX object tools/clang/lib/CodeGen/CMakeFiles/obj.clangCodeGen.dir/CGPointerAuth.cpp.obj
[890/1448] Building CXX object tools/clang/lib/CodeGen/CMakeFiles/obj.clangCodeGen.dir/CGRecordLayoutBuilder.cpp.obj
[891/1448] Building CXX object tools/clang/lib/CodeGen/CMakeFiles/obj.clangCodeGen.dir/CGStmt.cpp.obj
[892/1448] Building CXX object tools/clang/lib/CodeGen/CMakeFiles/obj.clangCodeGen.dir/CGOpenMPRuntime.cpp.obj
[893/1448] Building CXX object tools/clang/lib/CodeGen/CMakeFiles/obj.clangCodeGen.dir/CGVTT.cpp.obj
[894/1448] Building CXX object tools/clang/lib/CodeGen/CMakeFiles/obj.clangCodeGen.dir/CGVTables.cpp.obj
[895/1448] Building CXX object tools/clang/lib/CodeGen/CMakeFiles/obj.clangCodeGen.dir/CodeGenABITypes.cpp.obj
[896/1448] Building CXX object tools/clang/lib/CodeGen/CMakeFiles/obj.clangCodeGen.dir/CGStmtOpenMP.cpp.obj
[897/1448] Building CXX object tools/clang/lib/CodeGen/CMakeFiles/obj.clangCodeGen.dir/CodeGenAction.cpp.obj
[898/1448] Building CXX object tools/clang/lib/CodeGen/CMakeFiles/obj.clangCodeGen.dir/CodeGenFunction.cpp.obj
[899/1448] Building CXX object tools/clang/lib/CodeGen/CMakeFiles/obj.clangCodeGen.dir/CodeGenPGO.cpp.obj
[900/1448] Building CXX object tools/clang/lib/CodeGen/CMakeFiles/obj.clangCodeGen.dir/CodeGenSYCL.cpp.obj
[901/1448] Building CXX object tools/clang/lib/CodeGen/CMakeFiles/obj.clangCodeGen.dir/CodeGenTBAA.cpp.obj
[902/1448] Building CXX object tools/clang/lib/CodeGen/CMakeFiles/obj.clangCodeGen.dir/CodeGenModule.cpp.obj
[903/1448] Building CXX object tools/clang/lib/CodeGen/CMakeFiles/obj.clangCodeGen.dir/ConstantInitBuilder.cpp.obj
[904/1448] Building CXX object tools/clang/lib/CodeGen/CMakeFiles/obj.clangCodeGen.dir/CodeGenTypes.cpp.obj
[905/1448] Building CXX object tools/clang/lib/CodeGen/CMakeFiles/obj.clangCodeGen.dir/ItaniumCXXABI.cpp.obj
[906/1448] Building CXX object tools/clang/lib/CodeGen/CMakeFiles/obj.clangCodeGen.dir/HLSLBufferLayoutBuilder.cpp.obj
[907/1448] Building CXX object tools/clang/lib/CodeGen/CMakeFiles/obj.clangCodeGen.dir/CoverageMappingGen.cpp.obj
[908/1448] Building CXX object tools/clang/lib/CodeGen/CMakeFiles/obj.clangCodeGen.dir/MacroPPCallbacks.cpp.obj
[909/1448] Building CXX object tools/clang/lib/CodeGen/CMakeFiles/obj.clangCodeGen.dir/LinkInModulesPass.cpp.obj
[910/1448] Building CXX object tools/clang/lib/CodeGen/CMakeFiles/obj.clangCodeGen.dir/ModuleBuilder.cpp.obj
[911/1448] Building CXX object tools/clang/lib/CodeGen/CMakeFiles/obj.clangCodeGen.dir/MicrosoftCXXABI.cpp.obj
[912/1448] Building CXX object tools/clang/lib/CodeGen/CMakeFiles/obj.clangCodeGen.dir/ModuleLinker.cpp.obj
[913/1448] Building CXX object tools/clang/lib/CodeGen/CMakeFiles/obj.clangCodeGen.dir/PatternInit.cpp.obj
[914/1448] Building CXX object tools/clang/lib/CodeGen/CMakeFiles/obj.clangCodeGen.dir/QualTypeMapper.cpp.obj
[915/1448] Building CXX object tools/clang/lib/CodeGen/CMakeFiles/obj.clangCodeGen.dir/SanitizerMetadata.cpp.obj
[916/1448] Building CXX object tools/clang/lib/CodeGen/CMakeFiles/obj.clangCodeGen.dir/SwiftCallingConv.cpp.obj
[917/1448] Building CXX object tools/clang/lib/CodeGen/CMakeFiles/obj.clangCodeGen.dir/ObjectFilePCHContainerWriter.cpp.obj
[918/1448] Building CXX object tools/clang/lib/CodeGen/CMakeFiles/obj.clangCodeGen.dir/TargetBuiltins/AVR.cpp.obj
[919/1448] Building CXX object tools/clang/lib/CodeGen/CMakeFiles/obj.clangCodeGen.dir/TargetBuiltins/AMDGPU.cpp.obj
[920/1448] Building CXX object tools/clang/lib/CodeGen/CMakeFiles/obj.clangCodeGen.dir/TargetBuiltins/ARM.cpp.obj
[921/1448] Building CXX object tools/clang/lib/CodeGen/CMakeFiles/obj.clangCodeGen.dir/TargetBuiltins/DirectX.cpp.obj
[922/1448] Building CXX object tools/clang/lib/CodeGen/CMakeFiles/obj.clangCodeGen.dir/TargetBuiltins/Hexagon.cpp.obj
[923/1448] Building CXX object tools/clang/lib/CodeGen/CMakeFiles/obj.clangCodeGen.dir/TargetBuiltins/NVPTX.cpp.obj
[924/1448] Building CXX object tools/clang/lib/CodeGen/CMakeFiles/obj.clangCodeGen.dir/TargetBuiltins/PPC.cpp.obj
[925/1448] Building CXX object tools/clang/lib/CodeGen/CMakeFiles/obj.clangCodeGen.dir/TargetBuiltins/SPIR.cpp.obj
[926/1448] Building CXX object tools/clang/lib/CodeGen/CMakeFiles/obj.clangCodeGen.dir/TargetBuiltins/SystemZ.cpp.obj
[927/1448] Building CXX object tools/clang/lib/CodeGen/CMakeFiles/obj.clangCodeGen.dir/TargetBuiltins/WebAssembly.cpp.obj
[928/1448] Building CXX object tools/clang/lib/CodeGen/CMakeFiles/obj.clangCodeGen.dir/TargetBuiltins/X86.cpp.obj
[929/1448] Building CXX object tools/clang/lib/CodeGen/CMakeFiles/obj.clangCodeGen.dir/TargetInfo.cpp.obj
[930/1448] Building CXX object tools/clang/lib/CodeGen/CMakeFiles/obj.clangCodeGen.dir/TargetBuiltins/RISCV.cpp.obj
[931/1448] Building CXX object tools/clang/lib/CodeGen/CMakeFiles/obj.clangCodeGen.dir/Targets/AArch64.cpp.obj
[932/1448] Building CXX object tools/clang/lib/CodeGen/CMakeFiles/obj.clangCodeGen.dir/Targets/ARC.cpp.obj
[933/1448] Building CXX object tools/clang/lib/CodeGen/CMakeFiles/obj.clangCodeGen.dir/Targets/AMDGPU.cpp.obj
[934/1448] Building CXX object tools/clang/lib/CodeGen/CMakeFiles/obj.clangCodeGen.dir/Targets/AVR.cpp.obj
[935/1448] Building CXX object tools/clang/lib/CodeGen/CMakeFiles/obj.clangCodeGen.dir/Targets/ARM.cpp.obj
[936/1448] Building CXX object tools/clang/lib/CodeGen/CMakeFiles/obj.clangCodeGen.dir/Targets/BPF.cpp.obj
[937/1448] Building CXX object tools/clang/lib/CodeGen/CMakeFiles/obj.clangCodeGen.dir/Targets/CSKY.cpp.obj
[938/1448] Building CXX object tools/clang/lib/CodeGen/CMakeFiles/obj.clangCodeGen.dir/Targets/DirectX.cpp.obj
[939/1448] Building CXX object tools/clang/lib/CodeGen/CMakeFiles/obj.clangCodeGen.dir/Targets/Hexagon.cpp.obj
[940/1448] Building CXX object tools/clang/lib/CodeGen/CMakeFiles/obj.clangCodeGen.dir/Targets/Lanai.cpp.obj
[941/1448] Building CXX object tools/clang/lib/CodeGen/CMakeFiles/obj.clangCodeGen.dir/Targets/M68k.cpp.obj
[942/1448] Building CXX object tools/clang/lib/CodeGen/CMakeFiles/obj.clangCodeGen.dir/Targets/LoongArch.cpp.obj
[943/1448] Building CXX object tools/clang/lib/CodeGen/CMakeFiles/obj.clangCodeGen.dir/Targets/MSP430.cpp.obj
[944/1448] Building CXX object tools/clang/lib/CodeGen/CMakeFiles/obj.clangCodeGen.dir/Targets/Mips.cpp.obj
[945/1448] Building CXX object tools/clang/lib/CodeGen/CMakeFiles/obj.clangCodeGen.dir/Targets/NVPTX.cpp.obj
[946/1448] Building CXX object tools/clang/lib/CodeGen/CMakeFiles/obj.clangCodeGen.dir/Targets/PPC.cpp.obj
[947/1448] Building CXX object tools/clang/lib/CodeGen/CMakeFiles/obj.clangCodeGen.dir/Targets/RISCV.cpp.obj
[948/1448] Building CXX object tools/clang/lib/CodeGen/CMakeFiles/obj.clangCodeGen.dir/Targets/SPIR.cpp.obj
[949/1448] Building CXX object tools/clang/lib/CodeGen/CMakeFiles/obj.clangCodeGen.dir/Targets/Sparc.cpp.obj
[950/1448] Building CXX object tools/clang/lib/CodeGen/CMakeFiles/obj.clangCodeGen.dir/Targets/TCE.cpp.obj
[951/1448] Building CXX object tools/clang/lib/CodeGen/CMakeFiles/obj.clangCodeGen.dir/Targets/SystemZ.cpp.obj
[952/1448] Building CXX object tools/clang/lib/CodeGen/CMakeFiles/obj.clangCodeGen.dir/Targets/VE.cpp.obj
[953/1448] Building CXX object tools/clang/lib/CodeGen/CMakeFiles/obj.clangCodeGen.dir/Targets/WebAssembly.cpp.obj
[954/1448] Building CXX object tools/clang/lib/CodeGen/CMakeFiles/obj.clangCodeGen.dir/Targets/XCore.cpp.obj
[955/1448] Building CXX object tools/clang/lib/CodeGen/CMakeFiles/obj.clangCodeGen.dir/TrapReasonBuilder.cpp.obj
[956/1448] Building CXX object tools/clang/lib/CodeGen/CMakeFiles/obj.clangCodeGen.dir/Targets/X86.cpp.obj
[957/1448] Building CXX object tools/clang/lib/CodeGen/CMakeFiles/obj.clangCodeGen.dir/VarBypassDetector.cpp.obj
[958/1448] Building CXX object tools/clang/lib/Analysis/CMakeFiles/obj.clangAnalysis.dir/AnalysisDeclContext.cpp.obj
[959/1448] Building CXX object tools/clang/lib/Analysis/CMakeFiles/obj.clangAnalysis.dir/AnnexKDetection.cpp.obj
[960/1448] Building CXX object tools/clang/lib/Analysis/CMakeFiles/obj.clangAnalysis.dir/BodyFarm.cpp.obj
[961/1448] Building CXX object tools/clang/lib/Analysis/CMakeFiles/obj.clangAnalysis.dir/CalledOnceCheck.cpp.obj
[962/1448] Building CXX object tools/clang/lib/Analysis/CMakeFiles/obj.clangAnalysis.dir/CFGBackEdges.cpp.obj
[963/1448] Building CXX object tools/clang/lib/Analysis/CMakeFiles/obj.clangAnalysis.dir/CFGReachabilityAnalysis.cpp.obj
[964/1448] Building CXX object tools/clang/lib/Analysis/CMakeFiles/obj.clangAnalysis.dir/CFGStmtMap.cpp.obj
[965/1448] Building CXX object tools/clang/lib/Analysis/CMakeFiles/obj.clangAnalysis.dir/CFG.cpp.obj
[966/1448] Building CXX object tools/clang/lib/Analysis/CMakeFiles/obj.clangAnalysis.dir/CallGraph.cpp.obj
[967/1448] Building CXX object tools/clang/lib/Analysis/CMakeFiles/obj.clangAnalysis.dir/CocoaConventions.cpp.obj
[968/1448] Building CXX object tools/clang/lib/Analysis/CMakeFiles/obj.clangAnalysis.dir/CloneDetection.cpp.obj
[969/1448] Building CXX object tools/clang/lib/Analysis/CMakeFiles/obj.clangAnalysis.dir/ConstructionContext.cpp.obj
[970/1448] Building CXX object tools/clang/lib/Analysis/CMakeFiles/obj.clangAnalysis.dir/CodeInjector.cpp.obj
[971/1448] Building CXX object tools/clang/lib/Analysis/CMakeFiles/obj.clangAnalysis.dir/Consumed.cpp.obj
[972/1448] Building CXX object tools/clang/lib/Analysis/CMakeFiles/obj.clangAnalysis.dir/Dominators.cpp.obj
[973/1448] Building CXX object tools/clang/lib/Analysis/CMakeFiles/obj.clangAnalysis.dir/FixitUtil.cpp.obj
[974/1448] Building CXX object tools/clang/lib/Analysis/CMakeFiles/obj.clangAnalysis.dir/IntervalPartition.cpp.obj
[975/1448] Building CXX object tools/clang/lib/Analysis/CMakeFiles/obj.clangAnalysis.dir/IssueHash.cpp.obj
[976/1448] Building CXX object tools/clang/lib/Analysis/CMakeFiles/obj.clangAnalysis.dir/ExprMutationAnalyzer.cpp.obj
[977/1448] Building CXX object tools/clang/lib/Analysis/CMakeFiles/obj.clangAnalysis.dir/LiveVariables.cpp.obj
[978/1448] Building CXX object tools/clang/lib/Analysis/CMakeFiles/obj.clangAnalysis.dir/MacroExpansionContext.cpp.obj
[979/1448] Building CXX object tools/clang/lib/Analysis/CMakeFiles/obj.clangAnalysis.dir/ObjCNoReturn.cpp.obj
[980/1448] Building CXX object tools/clang/lib/Analysis/CMakeFiles/obj.clangAnalysis.dir/PostOrderCFGView.cpp.obj
[981/1448] Building CXX object tools/clang/lib/Analysis/CMakeFiles/obj.clangAnalysis.dir/PathDiagnostic.cpp.obj
[982/1448] Building CXX object tools/clang/lib/Analysis/CMakeFiles/obj.clangAnalysis.dir/ProgramPoint.cpp.obj
[983/1448] Building CXX object tools/clang/lib/Analysis/CMakeFiles/obj.clangAnalysis.dir/ReachableCode.cpp.obj
[984/1448] Building CXX object tools/clang/lib/Analysis/CMakeFiles/obj.clangAnalysis.dir/RetainSummaryManager.cpp.obj
[985/1448] Building CXX object tools/clang/lib/Analysis/CMakeFiles/obj.clangAnalysis.dir/ThreadSafety.cpp.obj
[986/1448] Building CXX object tools/clang/lib/Analysis/CMakeFiles/obj.clangAnalysis.dir/ThreadSafetyLogical.cpp.obj
[987/1448] Building CXX object tools/clang/lib/Analysis/CMakeFiles/obj.clangAnalysis.dir/ThreadSafetyTIL.cpp.obj
[988/1448] Building CXX object tools/clang/lib/Analysis/CMakeFiles/obj.clangAnalysis.dir/ThreadSafetyCommon.cpp.obj
[989/1448] Building CXX object tools/clang/lib/Analysis/CMakeFiles/obj.clangAnalysis.dir/UninitializedValues.cpp.obj
[990/1448] Building CXX object tools/clang/lib/Analysis/LifetimeSafety/CMakeFiles/obj.clangAnalysisLifetimeSafety.dir/Checker.cpp.obj
[991/1448] Building CXX object tools/clang/lib/Analysis/LifetimeSafety/CMakeFiles/obj.clangAnalysisLifetimeSafety.dir/Facts.cpp.obj
[992/1448] Building CXX object tools/clang/lib/Analysis/CMakeFiles/obj.clangAnalysis.dir/UnsafeBufferUsage.cpp.obj
[993/1448] Building CXX object tools/clang/lib/Analysis/LifetimeSafety/CMakeFiles/obj.clangAnalysisLifetimeSafety.dir/FactsGenerator.cpp.obj
[994/1448] Linking CXX static library lib\libclangAnalysis.a
[995/1448] Building CXX object tools/clang/lib/Analysis/LifetimeSafety/CMakeFiles/obj.clangAnalysisLifetimeSafety.dir/LifetimeAnnotations.cpp.obj
[996/1448] Building CXX object tools/clang/lib/Analysis/LifetimeSafety/CMakeFiles/obj.clangAnalysisLifetimeSafety.dir/LifetimeSafety.cpp.obj
[997/1448] Building CXX object tools/clang/lib/Analysis/LifetimeSafety/CMakeFiles/obj.clangAnalysisLifetimeSafety.dir/LifetimeStats.cpp.obj
[998/1448] Building CXX object tools/clang/lib/Analysis/LifetimeSafety/CMakeFiles/obj.clangAnalysisLifetimeSafety.dir/Loans.cpp.obj
[999/1448] Building CXX object tools/clang/lib/Analysis/LifetimeSafety/CMakeFiles/obj.clangAnalysisLifetimeSafety.dir/LiveOrigins.cpp.obj
[1000/1448] Building CXX object tools/clang/lib/Analysis/LifetimeSafety/CMakeFiles/obj.clangAnalysisLifetimeSafety.dir/MovedLoans.cpp.obj
[1001/1448] Building CXX object tools/clang/lib/Analysis/LifetimeSafety/CMakeFiles/obj.clangAnalysisLifetimeSafety.dir/LoanPropagation.cpp.obj
[1002/1448] Building CXX object tools/clang/lib/Edit/CMakeFiles/obj.clangEdit.dir/Commit.cpp.obj
[1003/1448] Building CXX object tools/clang/lib/Edit/CMakeFiles/obj.clangEdit.dir/EditedSource.cpp.obj
[1004/1448] Building CXX object tools/clang/lib/Edit/CMakeFiles/obj.clangEdit.dir/RewriteObjCFoundationAPI.cpp.obj
[1005/1448] Linking CXX static library lib\libclangEdit.a
[1006/1448] Building CXX object tools/clang/lib/ExtractAPI/CMakeFiles/obj.clangExtractAPI.dir/API.cpp.obj
[1007/1448] Building CXX object tools/clang/lib/ExtractAPI/CMakeFiles/obj.clangExtractAPI.dir/APIIgnoresList.cpp.obj
[1008/1448] Building CXX object tools/clang/lib/Analysis/LifetimeSafety/CMakeFiles/obj.clangAnalysisLifetimeSafety.dir/Origins.cpp.obj
[1009/1448] Linking CXX static library lib\libclangAnalysisLifetimeSafety.a
[1010/1448] Linking CXX static library lib\libclangSema.a
[1011/1448] Linking CXX static library lib\libclangParse.a
[1012/1448] Building CXX object tools/clang/lib/ExtractAPI/CMakeFiles/obj.clangExtractAPI.dir/DeclarationFragments.cpp.obj
[1013/1448] Building CXX object tools/clang/lib/ExtractAPI/CMakeFiles/obj.clangExtractAPI.dir/Serialization/SymbolGraphSerializer.cpp.obj
[1014/1448] Building CXX object tools/clang/lib/ExtractAPI/CMakeFiles/obj.clangExtractAPI.dir/TypedefUnderlyingTypeResolver.cpp.obj
[1015/1448] Building CXX object tools/clang/lib/Rewrite/CMakeFiles/obj.clangRewrite.dir/HTMLRewrite.cpp.obj
[1016/1448] Building CXX object tools/clang/lib/Rewrite/CMakeFiles/obj.clangRewrite.dir/Rewriter.cpp.obj
[1017/1448] Building CXX object tools/clang/lib/Rewrite/CMakeFiles/obj.clangRewrite.dir/TokenRewriter.cpp.obj
[1018/1448] Linking CXX static library lib\libclangRewrite.a
[1019/1448] Building CXX object tools/clang/lib/ExtractAPI/CMakeFiles/obj.clangExtractAPI.dir/ExtractAPIConsumer.cpp.obj
[1020/1448] Building CXX object tools/clang/lib/Driver/CMakeFiles/obj.clangDriver.dir/Action.cpp.obj
[1021/1448] Building CXX object tools/clang/lib/Driver/CMakeFiles/obj.clangDriver.dir/Compilation.cpp.obj
[1022/1448] Building CXX object tools/clang/lib/Driver/CMakeFiles/obj.clangDriver.dir/CreateASTUnitFromArgs.cpp.obj
[1023/1448] Building CXX object tools/clang/lib/Driver/CMakeFiles/obj.clangDriver.dir/CreateInvocationFromArgs.cpp.obj
[1024/1448] Building CXX object tools/clang/lib/Driver/CMakeFiles/obj.clangDriver.dir/Distro.cpp.obj
[1025/1448] Building CXX object tools/clang/lib/Driver/CMakeFiles/obj.clangDriver.dir/Job.cpp.obj
[1026/1448] Building CXX object tools/clang/lib/Driver/CMakeFiles/obj.clangDriver.dir/Driver.cpp.obj
[1027/1448] Building CXX object tools/clang/lib/Driver/CMakeFiles/obj.clangDriver.dir/ModulesDriver.cpp.obj
[1028/1448] Building CXX object tools/clang/lib/Driver/CMakeFiles/obj.clangDriver.dir/Multilib.cpp.obj
[1029/1448] Building CXX object tools/clang/lib/Driver/CMakeFiles/obj.clangDriver.dir/MultilibBuilder.cpp.obj
[1030/1448] Building CXX object tools/clang/lib/Driver/CMakeFiles/obj.clangDriver.dir/Phases.cpp.obj
[1031/1448] Building CXX object tools/clang/lib/Driver/CMakeFiles/obj.clangDriver.dir/OffloadBundler.cpp.obj
[1032/1448] Building CXX object tools/clang/lib/Driver/CMakeFiles/obj.clangDriver.dir/Tool.cpp.obj
[1033/1448] Building CXX object tools/clang/lib/Driver/CMakeFiles/obj.clangDriver.dir/SanitizerArgs.cpp.obj
[1034/1448] Building CXX object tools/clang/lib/Driver/CMakeFiles/obj.clangDriver.dir/ToolChains/Arch/AArch64.cpp.obj
[1035/1448] Building CXX object tools/clang/lib/Driver/CMakeFiles/obj.clangDriver.dir/ToolChain.cpp.obj
[1036/1448] Building CXX object tools/clang/lib/Driver/CMakeFiles/obj.clangDriver.dir/ToolChains/Arch/AMDGPU.cpp.obj
[1037/1448] Building CXX object tools/clang/lib/Driver/CMakeFiles/obj.clangDriver.dir/ToolChains/Arch/ARM.cpp.obj
[1038/1448] Building CXX object tools/clang/lib/Driver/CMakeFiles/obj.clangDriver.dir/ToolChains/Arch/CSKY.cpp.obj
[1039/1448] Building CXX object tools/clang/lib/Driver/CMakeFiles/obj.clangDriver.dir/ToolChains/Arch/M68k.cpp.obj
[1040/1448] Building CXX object tools/clang/lib/Driver/CMakeFiles/obj.clangDriver.dir/ToolChains/Arch/LoongArch.cpp.obj
[1041/1448] Building CXX object tools/clang/lib/Driver/CMakeFiles/obj.clangDriver.dir/ToolChains/Arch/PPC.cpp.obj
[1042/1448] Building CXX object tools/clang/lib/Driver/CMakeFiles/obj.clangDriver.dir/ToolChains/Arch/Mips.cpp.obj
[1043/1448] Building CXX object tools/clang/lib/Driver/CMakeFiles/obj.clangDriver.dir/ToolChains/Arch/Sparc.cpp.obj
[1044/1448] Building CXX object tools/clang/lib/Driver/CMakeFiles/obj.clangDriver.dir/ToolChains/Arch/RISCV.cpp.obj
[1045/1448] Building CXX object tools/clang/lib/Driver/CMakeFiles/obj.clangDriver.dir/ToolChains/Arch/SystemZ.cpp.obj
[1046/1448] Building CXX object tools/clang/lib/Driver/CMakeFiles/obj.clangDriver.dir/ToolChains/Arch/VE.cpp.obj
[1047/1448] Building CXX object tools/clang/lib/Driver/CMakeFiles/obj.clangDriver.dir/ToolChains/Arch/X86.cpp.obj
[1048/1448] Building CXX object tools/clang/lib/Driver/CMakeFiles/obj.clangDriver.dir/ToolChains/AIX.cpp.obj
[1049/1448] Building CXX object tools/clang/lib/Driver/CMakeFiles/obj.clangDriver.dir/ToolChains/AVR.cpp.obj
[1050/1448] Building CXX object tools/clang/lib/Driver/CMakeFiles/obj.clangDriver.dir/ToolChains/AMDGPU.cpp.obj
[1051/1448] Building CXX object tools/clang/lib/Driver/CMakeFiles/obj.clangDriver.dir/ToolChains/BareMetal.cpp.obj
[1052/1448] Building CXX object tools/clang/lib/Driver/CMakeFiles/obj.clangDriver.dir/ToolChains/CommonArgs.cpp.obj
[1053/1448] Building CXX object tools/clang/lib/Driver/CMakeFiles/obj.clangDriver.dir/ToolChains/Clang.cpp.obj
[1054/1448] Building CXX object tools/clang/lib/Driver/CMakeFiles/obj.clangDriver.dir/ToolChains/CrossWindows.cpp.obj
[1055/1448] Building CXX object tools/clang/lib/Driver/CMakeFiles/obj.clangDriver.dir/ToolChains/CSKYToolChain.cpp.obj
[1056/1448] Building CXX object tools/clang/lib/Driver/CMakeFiles/obj.clangDriver.dir/ToolChains/Cygwin.cpp.obj
[1057/1448] Building CXX object tools/clang/lib/Driver/CMakeFiles/obj.clangDriver.dir/ToolChains/Cuda.cpp.obj
[1058/1448] Building CXX object tools/clang/lib/Driver/CMakeFiles/obj.clangDriver.dir/ToolChains/DragonFly.cpp.obj
[1059/1448] Building CXX object tools/clang/lib/Driver/CMakeFiles/obj.clangDriver.dir/ToolChains/Flang.cpp.obj
[1060/1448] Building CXX object tools/clang/lib/Driver/CMakeFiles/obj.clangDriver.dir/ToolChains/Darwin.cpp.obj
[1061/1448] Building CXX object tools/clang/lib/Driver/CMakeFiles/obj.clangDriver.dir/ToolChains/FreeBSD.cpp.obj
[1062/1448] Building CXX object tools/clang/lib/Driver/CMakeFiles/obj.clangDriver.dir/ToolChains/Fuchsia.cpp.obj
[1063/1448] Building CXX object tools/clang/lib/Driver/CMakeFiles/obj.clangDriver.dir/ToolChains/Haiku.cpp.obj
[1064/1448] Building CXX object tools/clang/lib/Driver/CMakeFiles/obj.clangDriver.dir/ToolChains/HIPUtility.cpp.obj
[1065/1448] Building CXX object tools/clang/lib/Driver/CMakeFiles/obj.clangDriver.dir/ToolChains/Gnu.cpp.obj
[1066/1448] Building CXX object tools/clang/lib/Driver/CMakeFiles/obj.clangDriver.dir/ToolChains/HIPAMD.cpp.obj
[1067/1448] Building CXX object tools/clang/lib/Driver/CMakeFiles/obj.clangDriver.dir/ToolChains/HIPSPV.cpp.obj
[1068/1448] Building CXX object tools/clang/lib/Driver/CMakeFiles/obj.clangDriver.dir/ToolChains/Hexagon.cpp.obj
[1069/1448] Building CXX object tools/clang/lib/Driver/CMakeFiles/obj.clangDriver.dir/ToolChains/HLSL.cpp.obj
[1070/1448] Building CXX object tools/clang/lib/Driver/CMakeFiles/obj.clangDriver.dir/ToolChains/Hurd.cpp.obj
[1071/1448] Building CXX object tools/clang/lib/Driver/CMakeFiles/obj.clangDriver.dir/ToolChains/LFILinux.cpp.obj
[1072/1448] Building CXX object tools/clang/lib/Driver/CMakeFiles/obj.clangDriver.dir/ToolChains/Managarm.cpp.obj
[1073/1448] Building CXX object tools/clang/lib/Driver/CMakeFiles/obj.clangDriver.dir/ToolChains/Linux.cpp.obj
[1074/1448] Building CXX object tools/clang/lib/Driver/CMakeFiles/obj.clangDriver.dir/ToolChains/MipsLinux.cpp.obj
[1075/1448] Building CXX object tools/clang/lib/Driver/CMakeFiles/obj.clangDriver.dir/ToolChains/MinGW.cpp.obj
[1076/1448] Building CXX object tools/clang/lib/Driver/CMakeFiles/obj.clangDriver.dir/ToolChains/MSP430.cpp.obj
[1077/1448] Building CXX object tools/clang/lib/Driver/CMakeFiles/obj.clangDriver.dir/ToolChains/NetBSD.cpp.obj
[1078/1448] Building CXX object tools/clang/lib/Driver/CMakeFiles/obj.clangDriver.dir/ToolChains/MSVC.cpp.obj
[1079/1448] Building CXX object tools/clang/lib/Driver/CMakeFiles/obj.clangDriver.dir/ToolChains/OpenBSD.cpp.obj
[1080/1448] Building CXX object tools/clang/lib/Driver/CMakeFiles/obj.clangDriver.dir/ToolChains/OHOS.cpp.obj
[1081/1448] Building CXX object tools/clang/lib/Driver/CMakeFiles/obj.clangDriver.dir/ToolChains/PS4CPU.cpp.obj
[1082/1448] Building CXX object tools/clang/lib/Driver/CMakeFiles/obj.clangDriver.dir/ToolChains/Serenity.cpp.obj
[1083/1448] Building CXX object tools/clang/lib/Driver/CMakeFiles/obj.clangDriver.dir/ToolChains/SPIRV.cpp.obj
[1084/1448] Building CXX object tools/clang/lib/Driver/CMakeFiles/obj.clangDriver.dir/ToolChains/Solaris.cpp.obj
[1085/1448] Building CXX object tools/clang/lib/Driver/CMakeFiles/obj.clangDriver.dir/ToolChains/SPIRVOpenMP.cpp.obj
[1086/1448] Building CXX object tools/clang/lib/Driver/CMakeFiles/obj.clangDriver.dir/ToolChains/SYCL.cpp.obj
[1087/1448] Building CXX object tools/clang/lib/Driver/CMakeFiles/obj.clangDriver.dir/ToolChains/TCE.cpp.obj
[1088/1448] Building CXX object tools/clang/lib/Driver/CMakeFiles/obj.clangDriver.dir/ToolChains/UEFI.cpp.obj
[1089/1448] Building CXX object tools/clang/lib/Driver/CMakeFiles/obj.clangDriver.dir/ToolChains/VEToolchain.cpp.obj
[1090/1448] Building CXX object tools/clang/lib/Driver/CMakeFiles/obj.clangDriver.dir/ToolChains/WebAssembly.cpp.obj
[1091/1448] Building CXX object tools/clang/lib/Driver/CMakeFiles/obj.clangDriver.dir/ToolChains/XCore.cpp.obj
[1092/1448] Building CXX object tools/clang/lib/Driver/CMakeFiles/obj.clangDriver.dir/ToolChains/PPCLinux.cpp.obj
[1093/1448] Building CXX object tools/clang/lib/Driver/CMakeFiles/obj.clangDriver.dir/ToolChains/PPCFreeBSD.cpp.obj
[1094/1448] Building CXX object tools/clang/lib/Driver/CMakeFiles/obj.clangDriver.dir/ToolChains/InterfaceStubs.cpp.obj
[1095/1448] Building CXX object tools/clang/lib/Driver/CMakeFiles/obj.clangDriver.dir/ToolChains/ZOS.cpp.obj
[1096/1448] Building CXX object tools/clang/lib/Driver/CMakeFiles/obj.clangDriver.dir/Types.cpp.obj
[1097/1448] Building CXX object tools/clang/lib/Driver/CMakeFiles/obj.clangDriver.dir/XRayArgs.cpp.obj
[1098/1448] Building CXX object tools/clang/lib/Options/CMakeFiles/obj.clangOptions.dir/DriverOptions.cpp.obj
[1099/1448] Building CXX object tools/clang/lib/Options/CMakeFiles/obj.clangOptions.dir/OptionUtils.cpp.obj
[1100/1448] Building CXX object tools/clang/lib/Serialization/CMakeFiles/obj.clangSerialization.dir/ASTCommon.cpp.obj
[1101/1448] Linking CXX static library lib\libclangOptions.a
[1102/1448] Building CXX object tools/clang/lib/Serialization/CMakeFiles/obj.clangSerialization.dir/ASTReaderDecl.cpp.obj
[1103/1448] Building CXX object tools/clang/lib/Serialization/CMakeFiles/obj.clangSerialization.dir/ASTReaderStmt.cpp.obj
[1104/1448] Building CXX object tools/clang/lib/Serialization/CMakeFiles/obj.clangSerialization.dir/ASTReader.cpp.obj
[1105/1448] Building CXX object tools/clang/lib/Serialization/CMakeFiles/obj.clangSerialization.dir/ASTWriterDecl.cpp.obj
[1106/1448] Building CXX object tools/clang/lib/Serialization/CMakeFiles/obj.clangSerialization.dir/ASTWriterStmt.cpp.obj
[1107/1448] Building CXX object tools/clang/lib/Serialization/CMakeFiles/obj.clangSerialization.dir/ASTWriter.cpp.obj
[1108/1448] Building CXX object tools/clang/lib/Serialization/CMakeFiles/obj.clangSerialization.dir/GeneratePCH.cpp.obj
[1109/1448] Building CXX object tools/clang/lib/Serialization/CMakeFiles/obj.clangSerialization.dir/InMemoryModuleCache.cpp.obj
[1110/1448] Building CXX object tools/clang/lib/Serialization/CMakeFiles/obj.clangSerialization.dir/ModuleCache.cpp.obj
[1111/1448] Building CXX object tools/clang/lib/Serialization/CMakeFiles/obj.clangSerialization.dir/GlobalModuleIndex.cpp.obj
[1112/1448] Building CXX object tools/clang/lib/Serialization/CMakeFiles/obj.clangSerialization.dir/ModuleFileExtension.cpp.obj
[1113/1448] Building CXX object tools/clang/lib/Serialization/CMakeFiles/obj.clangSerialization.dir/ModuleFile.cpp.obj
[1114/1448] Building CXX object tools/clang/lib/Serialization/CMakeFiles/obj.clangSerialization.dir/PCHContainerOperations.cpp.obj
[1115/1448] Building CXX object tools/clang/lib/Serialization/CMakeFiles/obj.clangSerialization.dir/ModuleManager.cpp.obj
[1116/1448] Building CXX object tools/clang/lib/Serialization/CMakeFiles/obj.clangSerialization.dir/ObjectFilePCHContainerReader.cpp.obj
[1117/1448] Building CXX object tools/clang/lib/Serialization/CMakeFiles/obj.clangSerialization.dir/TemplateArgumentHasher.cpp.obj
[1118/1448] Linking CXX static library lib\libclangSerialization.a
[1119/1448] Building CXX object tools/clang/lib/Frontend/CMakeFiles/obj.clangFrontend.dir/ASTMerge.cpp.obj
[1120/1448] Building CXX object tools/clang/lib/Frontend/CMakeFiles/obj.clangFrontend.dir/ASTConsumers.cpp.obj
[1121/1448] Building CXX object tools/clang/lib/Frontend/CMakeFiles/obj.clangFrontend.dir/ChainedDiagnosticConsumer.cpp.obj
[1122/1448] Building CXX object tools/clang/lib/Frontend/CMakeFiles/obj.clangFrontend.dir/ASTUnit.cpp.obj
[1123/1448] Building CXX object tools/clang/lib/Frontend/CMakeFiles/obj.clangFrontend.dir/ChainedIncludesSource.cpp.obj
[1124/1448] Building CXX object tools/clang/lib/Frontend/CMakeFiles/obj.clangFrontend.dir/CompilerInstance.cpp.obj
[1125/1448] Building CXX object tools/clang/lib/Frontend/CMakeFiles/obj.clangFrontend.dir/DependencyFile.cpp.obj
[1126/1448] Building CXX object tools/clang/lib/Frontend/CMakeFiles/obj.clangFrontend.dir/DependencyGraph.cpp.obj
[1127/1448] Building CXX object tools/clang/lib/Frontend/CMakeFiles/obj.clangFrontend.dir/DiagnosticRenderer.cpp.obj
[1128/1448] Building CXX object tools/clang/lib/Frontend/CMakeFiles/obj.clangFrontend.dir/CompilerInvocation.cpp.obj
[1129/1448] Building CXX object tools/clang/lib/Frontend/CMakeFiles/obj.clangFrontend.dir/FrontendAction.cpp.obj
[1130/1448] Building CXX object tools/clang/lib/Frontend/CMakeFiles/obj.clangFrontend.dir/FrontendActions.cpp.obj
[1131/1448] Building CXX object tools/clang/lib/Frontend/CMakeFiles/obj.clangFrontend.dir/FrontendOptions.cpp.obj
[1132/1448] Building CXX object tools/clang/lib/Frontend/CMakeFiles/obj.clangFrontend.dir/HeaderIncludeGen.cpp.obj
[1133/1448] Building CXX object tools/clang/lib/Frontend/CMakeFiles/obj.clangFrontend.dir/LayoutOverrideSource.cpp.obj
[1134/1448] Building CXX object tools/clang/lib/Frontend/CMakeFiles/obj.clangFrontend.dir/InitPreprocessor.cpp.obj
[1135/1448] Building CXX object tools/clang/lib/Frontend/CMakeFiles/obj.clangFrontend.dir/LogDiagnosticPrinter.cpp.obj
[1136/1448] Building CXX object tools/clang/lib/Frontend/CMakeFiles/obj.clangFrontend.dir/MultiplexConsumer.cpp.obj
[1137/1448] Building CXX object tools/clang/lib/Frontend/CMakeFiles/obj.clangFrontend.dir/ModuleDependencyCollector.cpp.obj
[1138/1448] Building CXX object tools/clang/lib/Frontend/CMakeFiles/obj.clangFrontend.dir/PrintPreprocessedOutput.cpp.obj
[1139/1448] Building CXX object tools/clang/lib/Frontend/CMakeFiles/obj.clangFrontend.dir/PrecompiledPreamble.cpp.obj
[1140/1448] Building CXX object tools/clang/lib/Frontend/CMakeFiles/obj.clangFrontend.dir/SARIFDiagnostic.cpp.obj
[1141/1448] Building CXX object tools/clang/lib/Frontend/CMakeFiles/obj.clangFrontend.dir/SARIFDiagnosticPrinter.cpp.obj
[1142/1448] Building CXX object tools/clang/lib/Frontend/CMakeFiles/obj.clangFrontend.dir/SerializedDiagnosticReader.cpp.obj
[1143/1448] Building CXX object tools/clang/lib/Frontend/CMakeFiles/obj.clangFrontend.dir/SerializedDiagnosticPrinter.cpp.obj
[1144/1448] Building CXX object tools/clang/lib/Frontend/CMakeFiles/obj.clangFrontend.dir/StandaloneDiagnostic.cpp.obj
[1145/1448] Building CXX object tools/clang/lib/Frontend/CMakeFiles/obj.clangFrontend.dir/TextDiagnostic.cpp.obj
[1146/1448] Building CXX object tools/clang/lib/Frontend/CMakeFiles/obj.clangFrontend.dir/TestModuleFileExtension.cpp.obj
[1147/1448] Building CXX object tools/clang/lib/Frontend/CMakeFiles/obj.clangFrontend.dir/TextDiagnosticBuffer.cpp.obj
[1148/1448] Building CXX object tools/clang/lib/Frontend/CMakeFiles/obj.clangFrontend.dir/TextDiagnosticPrinter.cpp.obj
[1149/1448] Building CXX object tools/clang/lib/Frontend/CMakeFiles/obj.clangFrontend.dir/VerifyDiagnosticConsumer.cpp.obj
[1150/1448] Building CXX object tools/clang/lib/Frontend/Rewrite/CMakeFiles/obj.clangRewriteFrontend.dir/FixItRewriter.cpp.obj
[1151/1448] Building CXX object tools/clang/lib/Frontend/Rewrite/CMakeFiles/obj.clangRewriteFrontend.dir/FrontendActions.cpp.obj
[1152/1448] Building CXX object tools/clang/lib/Frontend/Rewrite/CMakeFiles/obj.clangRewriteFrontend.dir/HTMLPrint.cpp.obj
[1153/1448] Building CXX object tools/clang/lib/Frontend/CMakeFiles/obj.clangFrontend.dir/InterfaceStubFunctionsConsumer.cpp.obj
[1154/1448] Linking CXX static library lib\libclangFrontend.a
[1155/1448] Linking CXX static library lib\libclangCodeGen.a
[1156/1448] Building CXX object tools/clang/lib/Frontend/Rewrite/CMakeFiles/obj.clangRewriteFrontend.dir/InclusionRewriter.cpp.obj
[1157/1448] Building CXX object tools/clang/lib/Frontend/Rewrite/CMakeFiles/obj.clangRewriteFrontend.dir/RewriteMacros.cpp.obj
[1158/1448] Building CXX object tools/clang/lib/Frontend/Rewrite/CMakeFiles/obj.clangRewriteFrontend.dir/RewriteModernObjC.cpp.obj
[1159/1448] Building CXX object tools/clang/lib/Frontend/Rewrite/CMakeFiles/obj.clangRewriteFrontend.dir/RewriteObjC.cpp.obj
[1160/1448] Building CXX object tools/clang/lib/Frontend/Rewrite/CMakeFiles/obj.clangRewriteFrontend.dir/RewriteTest.cpp.obj
[1161/1448] Linking CXX static library lib\libclangRewriteFrontend.a
[1162/1448] Building CXX object tools/clang/lib/Tooling/Core/CMakeFiles/obj.clangToolingCore.dir/Diagnostic.cpp.obj
[1163/1448] Building CXX object tools/clang/lib/Tooling/Core/CMakeFiles/obj.clangToolingCore.dir/Replacement.cpp.obj
[1164/1448] Linking CXX static library lib\libclangToolingCore.a
[1165/1448] Building CXX object tools/clang/lib/FrontendTool/CMakeFiles/obj.clangFrontendTool.dir/ExecuteCompilerInvocation.cpp.obj
[1166/1448] Building CXX object tools/clang/lib/DependencyScanning/CMakeFiles/obj.clangDependencyScanning.dir/DependencyScanningFilesystem.cpp.obj
[1167/1448] Building CXX object tools/clang/lib/DependencyScanning/CMakeFiles/obj.clangDependencyScanning.dir/DependencyGraph.cpp.obj
[1168/1448] Building CXX object tools/clang/lib/DependencyScanning/CMakeFiles/obj.clangDependencyScanning.dir/DependencyScanningService.cpp.obj
[1169/1448] Building CXX object tools/clang/lib/DependencyScanning/CMakeFiles/obj.clangDependencyScanning.dir/DependencyScanningUtils.cpp.obj
[1170/1448] Building CXX object tools/clang/lib/DependencyScanning/CMakeFiles/obj.clangDependencyScanning.dir/InProcessModuleCache.cpp.obj
[1171/1448] Building CXX object tools/clang/lib/DependencyScanning/CMakeFiles/obj.clangDependencyScanning.dir/DependencyScanningWorker.cpp.obj
[1172/1448] Building CXX object tools/clang/lib/InstallAPI/CMakeFiles/obj.clangInstallAPI.dir/DiagnosticBuilderWrappers.cpp.obj
[1173/1448] Building CXX object tools/clang/lib/InstallAPI/CMakeFiles/obj.clangInstallAPI.dir/DirectoryScanner.cpp.obj
[1174/1448] Building CXX object tools/clang/lib/DependencyScanning/CMakeFiles/obj.clangDependencyScanning.dir/ModuleDepCollector.cpp.obj
[1175/1448] Building CXX object tools/clang/lib/InstallAPI/CMakeFiles/obj.clangInstallAPI.dir/DylibVerifier.cpp.obj
[1176/1448] Linking CXX static library lib\libclangDependencyScanning.a
[1177/1448] Building CXX object tools/clang/lib/InstallAPI/CMakeFiles/obj.clangInstallAPI.dir/FileList.cpp.obj
[1178/1448] Building CXX object tools/clang/lib/InstallAPI/CMakeFiles/obj.clangInstallAPI.dir/HeaderFile.cpp.obj
[1179/1448] Building CXX object tools/clang/lib/InstallAPI/CMakeFiles/obj.clangInstallAPI.dir/Library.cpp.obj
[1180/1448] Building CXX object tools/clang/lib/InstallAPI/CMakeFiles/obj.clangInstallAPI.dir/Frontend.cpp.obj
[1181/1448] Building CXX object tools/clang/lib/ScalableStaticAnalysis/Analyses/CMakeFiles/obj.clangScalableStaticAnalysisAnalyses.dir/CallGraph/CallGraphExtractor.cpp.obj
[1182/1448] Building CXX object tools/clang/lib/ScalableStaticAnalysis/Analyses/CMakeFiles/obj.clangScalableStaticAnalysisAnalyses.dir/CallGraph/CallGraphJSONFormat.cpp.obj
[1183/1448] Building CXX object tools/clang/lib/ScalableStaticAnalysis/Analyses/CMakeFiles/obj.clangScalableStaticAnalysisAnalyses.dir/EntityPointerLevel/EntityPointerLevel.cpp.obj
[1184/1448] Building CXX object tools/clang/lib/ScalableStaticAnalysis/Analyses/CMakeFiles/obj.clangScalableStaticAnalysisAnalyses.dir/EntityPointerLevel/EntityPointerLevelFormat.cpp.obj
[1185/1448] Building CXX object tools/clang/lib/ScalableStaticAnalysis/Analyses/CMakeFiles/obj.clangScalableStaticAnalysisAnalyses.dir/PointerFlow/PointerFlow.cpp.obj
[1186/1448] Building CXX object tools/clang/lib/ScalableStaticAnalysis/Analyses/CMakeFiles/obj.clangScalableStaticAnalysisAnalyses.dir/PointerFlow/PointerFlowAnalysis.cpp.obj
[1187/1448] Building CXX object tools/clang/lib/ScalableStaticAnalysis/Analyses/CMakeFiles/obj.clangScalableStaticAnalysisAnalyses.dir/PointerFlow/PointerFlowExtractor.cpp.obj
[1188/1448] Building CXX object tools/clang/lib/InstallAPI/CMakeFiles/obj.clangInstallAPI.dir/Visitor.cpp.obj
[1189/1448] Linking CXX static library lib\libclangInstallAPI.a
[1190/1448] Building CXX object tools/clang/lib/ScalableStaticAnalysis/Analyses/CMakeFiles/obj.clangScalableStaticAnalysisAnalyses.dir/PointerFlow/PointerFlowFormat.cpp.obj
[1191/1448] Building CXX object tools/clang/lib/ScalableStaticAnalysis/Analyses/CMakeFiles/obj.clangScalableStaticAnalysisAnalyses.dir/SharedLexicalRepresentation/EntitySourceLocationExtractor.cpp.obj
[1192/1448] Building CXX object tools/clang/lib/ScalableStaticAnalysis/Analyses/CMakeFiles/obj.clangScalableStaticAnalysisAnalyses.dir/SharedLexicalRepresentation/SharedLexicalRepresentationFormat.cpp.obj
[1193/1448] Building CXX object tools/clang/lib/ScalableStaticAnalysis/Analyses/CMakeFiles/obj.clangScalableStaticAnalysisAnalyses.dir/SSAFAnalysesCommon.cpp.obj
[1194/1448] Building CXX object tools/clang/lib/ScalableStaticAnalysis/Analyses/CMakeFiles/obj.clangScalableStaticAnalysisAnalyses.dir/TypeConstrainedPointers/TypeConstrainedPointers.cpp.obj
[1195/1448] Building CXX object tools/clang/lib/ScalableStaticAnalysis/Analyses/CMakeFiles/obj.clangScalableStaticAnalysisAnalyses.dir/UnsafeBufferUsage/UnsafeBufferUsage.cpp.obj
[1196/1448] Building CXX object tools/clang/lib/ScalableStaticAnalysis/Analyses/CMakeFiles/obj.clangScalableStaticAnalysisAnalyses.dir/UnsafeBufferUsage/UnsafeBufferUsageExtractor.cpp.obj
[1197/1448] Building CXX object tools/clang/lib/ScalableStaticAnalysis/Analyses/CMakeFiles/obj.clangScalableStaticAnalysisAnalyses.dir/UnsafeBufferUsage/UnsafeBufferUsageAnalysis.cpp.obj
[1198/1448] Building CXX object tools/clang/lib/ScalableStaticAnalysis/Core/CMakeFiles/obj.clangScalableStaticAnalysisCore.dir/ASTEntityMapping.cpp.obj
[1199/1448] Building CXX object tools/clang/lib/ScalableStaticAnalysis/Analyses/CMakeFiles/obj.clangScalableStaticAnalysisAnalyses.dir/UnsafeBufferUsage/UnsafeBufferUsageFormat.cpp.obj
[1200/1448] Building CXX object tools/clang/lib/ScalableStaticAnalysis/Core/CMakeFiles/obj.clangScalableStaticAnalysisCore.dir/Model/BuildNamespace.cpp.obj
[1201/1448] Building CXX object tools/clang/lib/ScalableStaticAnalysis/Core/CMakeFiles/obj.clangScalableStaticAnalysisCore.dir/EntityLinker/EntityLinker.cpp.obj
[1202/1448] Building CXX object tools/clang/lib/ScalableStaticAnalysis/Core/CMakeFiles/obj.clangScalableStaticAnalysisCore.dir/Model/EntityId.cpp.obj
[1203/1448] Building CXX object tools/clang/lib/ScalableStaticAnalysis/Core/CMakeFiles/obj.clangScalableStaticAnalysisCore.dir/Model/EntityLinkage.cpp.obj
[1204/1448] Building CXX object tools/clang/lib/ScalableStaticAnalysis/Core/CMakeFiles/obj.clangScalableStaticAnalysisCore.dir/Model/EntityIdTable.cpp.obj
[1205/1448] Building CXX object tools/clang/lib/ScalableStaticAnalysis/Core/CMakeFiles/obj.clangScalableStaticAnalysisCore.dir/Model/SummaryName.cpp.obj
[1206/1448] Building CXX object tools/clang/lib/ScalableStaticAnalysis/Core/CMakeFiles/obj.clangScalableStaticAnalysisCore.dir/Model/EntityName.cpp.obj
[1207/1448] Building CXX object tools/clang/lib/ScalableStaticAnalysis/Core/CMakeFiles/obj.clangScalableStaticAnalysisCore.dir/Serialization/JSONFormat/JSONEntitySummaryEncoding.cpp.obj
[1208/1448] Building CXX object tools/clang/lib/ScalableStaticAnalysis/Core/CMakeFiles/obj.clangScalableStaticAnalysisCore.dir/Serialization/JSONFormat/Artifact.cpp.obj
[1209/1448] Building CXX object tools/clang/lib/ScalableStaticAnalysis/Core/CMakeFiles/obj.clangScalableStaticAnalysisCore.dir/Serialization/JSONFormat/LUSummary.cpp.obj
[1210/1448] Building CXX object tools/clang/lib/ScalableStaticAnalysis/Core/CMakeFiles/obj.clangScalableStaticAnalysisCore.dir/Serialization/JSONFormat/LUSummaryEncoding.cpp.obj
[1211/1448] Building CXX object tools/clang/lib/ScalableStaticAnalysis/Core/CMakeFiles/obj.clangScalableStaticAnalysisCore.dir/Serialization/JSONFormat/JSONFormatImpl.cpp.obj
[1212/1448] Building CXX object tools/clang/lib/ScalableStaticAnalysis/Core/CMakeFiles/obj.clangScalableStaticAnalysisCore.dir/Serialization/JSONFormat/MultiArchStaticLibrary.cpp.obj
[1213/1448] Building CXX object tools/clang/lib/ScalableStaticAnalysis/Core/CMakeFiles/obj.clangScalableStaticAnalysisCore.dir/Serialization/JSONFormat/MultiArchSharedLibrary.cpp.obj
[1214/1448] Building CXX object tools/clang/lib/ScalableStaticAnalysis/Core/CMakeFiles/obj.clangScalableStaticAnalysisCore.dir/Serialization/JSONFormat/StaticLibrary.cpp.obj
[1215/1448] Building CXX object tools/clang/lib/ScalableStaticAnalysis/Core/CMakeFiles/obj.clangScalableStaticAnalysisCore.dir/Serialization/JSONFormat/TUSummary.cpp.obj
[1216/1448] Building CXX object tools/clang/lib/ScalableStaticAnalysis/Core/CMakeFiles/obj.clangScalableStaticAnalysisCore.dir/Serialization/JSONFormat/TUSummaryEncoding.cpp.obj
[1217/1448] Building CXX object tools/clang/lib/ScalableStaticAnalysis/Core/CMakeFiles/obj.clangScalableStaticAnalysisCore.dir/Serialization/JSONFormat/WPASuite.cpp.obj
[1218/1448] Building CXX object tools/clang/lib/ScalableStaticAnalysis/Core/CMakeFiles/obj.clangScalableStaticAnalysisCore.dir/Serialization/SerializationFormatRegistry.cpp.obj
[1219/1448] Building CXX object tools/clang/lib/ScalableStaticAnalysis/Core/CMakeFiles/obj.clangScalableStaticAnalysisCore.dir/SummaryData/SummaryDataBuilderRegistry.cpp.obj
[1220/1448] Building CXX object tools/clang/lib/ScalableStaticAnalysis/Core/CMakeFiles/obj.clangScalableStaticAnalysisCore.dir/SummaryData/LUSummaryConsumer.cpp.obj
[1221/1448] Building CXX object tools/clang/lib/ScalableStaticAnalysis/Core/CMakeFiles/obj.clangScalableStaticAnalysisCore.dir/TUSummary/ExtractorRegistry.cpp.obj
[1222/1448] Building CXX object tools/clang/lib/ScalableStaticAnalysis/Core/CMakeFiles/obj.clangScalableStaticAnalysisCore.dir/Support/ErrorBuilder.cpp.obj
[1223/1448] Building CXX object tools/clang/lib/ScalableStaticAnalysis/Core/CMakeFiles/obj.clangScalableStaticAnalysisCore.dir/TUSummary/TUSummaryBuilder.cpp.obj
[1224/1448] Building CXX object tools/clang/lib/ScalableStaticAnalysis/Core/CMakeFiles/obj.clangScalableStaticAnalysisCore.dir/TUSummary/TUSummaryExtractor.cpp.obj
[1225/1448] Building CXX object tools/clang/lib/ScalableStaticAnalysis/Core/CMakeFiles/obj.clangScalableStaticAnalysisCore.dir/WholeProgramAnalysis/AnalysisName.cpp.obj
[1226/1448] Building CXX object tools/clang/lib/ScalableStaticAnalysis/Core/CMakeFiles/obj.clangScalableStaticAnalysisCore.dir/WholeProgramAnalysis/AnalysisDriver.cpp.obj
[1227/1448] Building CXX object tools/clang/lib/ScalableStaticAnalysis/Core/CMakeFiles/obj.clangScalableStaticAnalysisCore.dir/WholeProgramAnalysis/AnalysisRegistry.cpp.obj
[1228/1448] Building CXX object tools/clang/lib/ScalableStaticAnalysis/Frontend/CMakeFiles/obj.clangScalableStaticAnalysisFrontend.dir/TUSummaryExtractorFrontendAction.cpp.obj
[1229/1448] Building CXX object tools/clang/lib/ScalableStaticAnalysis/Frontend/CMakeFiles/obj.clangScalableStaticAnalysisFrontend.dir/SourceTransformationFrontendAction.cpp.obj
[1230/1448] Building CXX object tools/clang/lib/ScalableStaticAnalysis/SourceTransformation/CMakeFiles/obj.clangScalableStaticAnalysisSourceTransformation.dir/SARIFTransformationReportFormat.cpp.obj
[1231/1448] Building CXX object tools/clang/lib/ScalableStaticAnalysis/SourceTransformation/CMakeFiles/obj.clangScalableStaticAnalysisSourceTransformation.dir/TransformationRegistry.cpp.obj
[1232/1448] Building CXX object tools/clang/lib/StaticAnalyzer/Core/CMakeFiles/obj.clangStaticAnalyzerCore.dir/APSIntType.cpp.obj
[1233/1448] Building CXX object tools/clang/lib/StaticAnalyzer/Core/CMakeFiles/obj.clangStaticAnalyzerCore.dir/AnalysisManager.cpp.obj
[1234/1448] Building CXX object tools/clang/lib/ScalableStaticAnalysis/SourceTransformation/CMakeFiles/obj.clangScalableStaticAnalysisSourceTransformation.dir/YAMLSourceEditFormat.cpp.obj
[1235/1448] Building CXX object tools/clang/lib/StaticAnalyzer/Core/CMakeFiles/obj.clangStaticAnalyzerCore.dir/AnalyzerOptions.cpp.obj
[1236/1448] Building CXX object tools/clang/lib/StaticAnalyzer/Core/CMakeFiles/obj.clangStaticAnalyzerCore.dir/BasicValueFactory.cpp.obj
[1237/1448] Building CXX object tools/clang/lib/StaticAnalyzer/Core/CMakeFiles/obj.clangStaticAnalyzerCore.dir/BlockCounter.cpp.obj
[1238/1448] Building CXX object tools/clang/lib/StaticAnalyzer/Core/CMakeFiles/obj.clangStaticAnalyzerCore.dir/BugReporter.cpp.obj
[1239/1448] Building CXX object tools/clang/lib/StaticAnalyzer/Core/CMakeFiles/obj.clangStaticAnalyzerCore.dir/BugReporterVisitors.cpp.obj
[1240/1448] Building CXX object tools/clang/lib/StaticAnalyzer/Core/CMakeFiles/obj.clangStaticAnalyzerCore.dir/BugSuppression.cpp.obj
[1241/1448] Building CXX object tools/clang/lib/StaticAnalyzer/Core/CMakeFiles/obj.clangStaticAnalyzerCore.dir/CallDescription.cpp.obj
[1242/1448] Building CXX object tools/clang/lib/StaticAnalyzer/Core/CMakeFiles/obj.clangStaticAnalyzerCore.dir/Checker.cpp.obj
[1243/1448] Building CXX object tools/clang/lib/StaticAnalyzer/Core/CMakeFiles/obj.clangStaticAnalyzerCore.dir/CallEvent.cpp.obj
[1244/1448] Building CXX object tools/clang/lib/StaticAnalyzer/Core/CMakeFiles/obj.clangStaticAnalyzerCore.dir/CheckerHelpers.cpp.obj
[1245/1448] Building CXX object tools/clang/lib/StaticAnalyzer/Core/CMakeFiles/obj.clangStaticAnalyzerCore.dir/CheckerContext.cpp.obj
[1246/1448] Building CXX object tools/clang/lib/StaticAnalyzer/Core/CMakeFiles/obj.clangStaticAnalyzerCore.dir/CheckerRegistryData.cpp.obj
[1247/1448] Building CXX object tools/clang/lib/StaticAnalyzer/Core/CMakeFiles/obj.clangStaticAnalyzerCore.dir/CommonBugCategories.cpp.obj
[1248/1448] Building CXX object tools/clang/lib/StaticAnalyzer/Core/CMakeFiles/obj.clangStaticAnalyzerCore.dir/ConstraintManager.cpp.obj
[1249/1448] Building CXX object tools/clang/lib/StaticAnalyzer/Core/CMakeFiles/obj.clangStaticAnalyzerCore.dir/CheckerManager.cpp.obj
[1250/1448] Building CXX object tools/clang/lib/StaticAnalyzer/Core/CMakeFiles/obj.clangStaticAnalyzerCore.dir/DynamicExtent.cpp.obj
[1251/1448] Building CXX object tools/clang/lib/StaticAnalyzer/Core/CMakeFiles/obj.clangStaticAnalyzerCore.dir/CoreEngine.cpp.obj
[1252/1448] Building CXX object tools/clang/lib/StaticAnalyzer/Core/CMakeFiles/obj.clangStaticAnalyzerCore.dir/EntryPointStats.cpp.obj
[1253/1448] Building CXX object tools/clang/lib/StaticAnalyzer/Core/CMakeFiles/obj.clangStaticAnalyzerCore.dir/DynamicType.cpp.obj
[1254/1448] Building CXX object tools/clang/lib/StaticAnalyzer/Core/CMakeFiles/obj.clangStaticAnalyzerCore.dir/Environment.cpp.obj
[1255/1448] Building CXX object tools/clang/lib/StaticAnalyzer/Core/CMakeFiles/obj.clangStaticAnalyzerCore.dir/ExplodedGraph.cpp.obj
[1256/1448] Building CXX object tools/clang/lib/StaticAnalyzer/Core/CMakeFiles/obj.clangStaticAnalyzerCore.dir/ExprEngineC.cpp.obj
[1257/1448] Building CXX object tools/clang/lib/StaticAnalyzer/Core/CMakeFiles/obj.clangStaticAnalyzerCore.dir/ExprEngine.cpp.obj
[1258/1448] Building CXX object tools/clang/lib/StaticAnalyzer/Core/CMakeFiles/obj.clangStaticAnalyzerCore.dir/ExprEngineCXX.cpp.obj
[1259/1448] Building CXX object tools/clang/lib/StaticAnalyzer/Core/CMakeFiles/obj.clangStaticAnalyzerCore.dir/ExprEngineCallAndReturn.cpp.obj
[1260/1448] Building CXX object tools/clang/lib/StaticAnalyzer/Core/CMakeFiles/obj.clangStaticAnalyzerCore.dir/FunctionSummary.cpp.obj
[1261/1448] Building CXX object tools/clang/lib/StaticAnalyzer/Core/CMakeFiles/obj.clangStaticAnalyzerCore.dir/ExprEngineObjC.cpp.obj
[1262/1448] Building CXX object tools/clang/lib/StaticAnalyzer/Core/CMakeFiles/obj.clangStaticAnalyzerCore.dir/HTMLDiagnostics.cpp.obj
[1263/1448] Building CXX object tools/clang/lib/StaticAnalyzer/Core/CMakeFiles/obj.clangStaticAnalyzerCore.dir/LoopWidening.cpp.obj
[1264/1448] Building CXX object tools/clang/lib/StaticAnalyzer/Core/CMakeFiles/obj.clangStaticAnalyzerCore.dir/LoopUnrolling.cpp.obj
[1265/1448] Building CXX object tools/clang/lib/StaticAnalyzer/Core/CMakeFiles/obj.clangStaticAnalyzerCore.dir/MemRegion.cpp.obj
[1266/1448] Building CXX object tools/clang/lib/StaticAnalyzer/Core/CMakeFiles/obj.clangStaticAnalyzerCore.dir/PlistDiagnostics.cpp.obj
[1267/1448] Building CXX object tools/clang/lib/StaticAnalyzer/Core/CMakeFiles/obj.clangStaticAnalyzerCore.dir/ProgramState.cpp.obj
[1268/1448] Building CXX object tools/clang/lib/StaticAnalyzer/Core/CMakeFiles/obj.clangStaticAnalyzerCore.dir/RangedConstraintManager.cpp.obj
[1269/1448] Building CXX object tools/clang/lib/StaticAnalyzer/Core/CMakeFiles/obj.clangStaticAnalyzerCore.dir/RangeConstraintManager.cpp.obj
[1270/1448] Building CXX object tools/clang/lib/StaticAnalyzer/Core/CMakeFiles/obj.clangStaticAnalyzerCore.dir/SarifDiagnostics.cpp.obj
[1271/1448] Building CXX object tools/clang/lib/StaticAnalyzer/Core/CMakeFiles/obj.clangStaticAnalyzerCore.dir/SimpleConstraintManager.cpp.obj
[1272/1448] Building CXX object tools/clang/lib/StaticAnalyzer/Core/CMakeFiles/obj.clangStaticAnalyzerCore.dir/RegionStore.cpp.obj
[1273/1448] Building CXX object tools/clang/lib/StaticAnalyzer/Core/CMakeFiles/obj.clangStaticAnalyzerCore.dir/SimpleSValBuilder.cpp.obj
[1274/1448] Building CXX object tools/clang/lib/StaticAnalyzer/Core/CMakeFiles/obj.clangStaticAnalyzerCore.dir/SMTConstraintManager.cpp.obj
[1275/1448] Building CXX object tools/clang/lib/StaticAnalyzer/Core/CMakeFiles/obj.clangStaticAnalyzerCore.dir/Store.cpp.obj
[1276/1448] Building CXX object tools/clang/lib/StaticAnalyzer/Core/CMakeFiles/obj.clangStaticAnalyzerCore.dir/SValBuilder.cpp.obj
[1277/1448] Building CXX object tools/clang/lib/StaticAnalyzer/Core/CMakeFiles/obj.clangStaticAnalyzerCore.dir/SVals.cpp.obj
[1278/1448] Building CXX object tools/clang/lib/StaticAnalyzer/Core/CMakeFiles/obj.clangStaticAnalyzerCore.dir/SymbolManager.cpp.obj
[1279/1448] Building CXX object tools/clang/lib/StaticAnalyzer/Core/CMakeFiles/obj.clangStaticAnalyzerCore.dir/WorkList.cpp.obj
[1280/1448] Building CXX object tools/clang/lib/StaticAnalyzer/Core/CMakeFiles/obj.clangStaticAnalyzerCore.dir/TextDiagnostics.cpp.obj
[1281/1448] Building CXX object tools/clang/lib/StaticAnalyzer/Core/CMakeFiles/obj.clangStaticAnalyzerCore.dir/Z3CrosscheckVisitor.cpp.obj
[1282/1448] Building CXX object tools/clang/lib/StaticAnalyzer/Checkers/CMakeFiles/obj.clangStaticAnalyzerCheckers.dir/AnalysisOrderChecker.cpp.obj
[1283/1448] Building CXX object tools/clang/lib/StaticAnalyzer/Checkers/CMakeFiles/obj.clangStaticAnalyzerCheckers.dir/AnalyzerStatsChecker.cpp.obj
[1284/1448] Building CXX object tools/clang/lib/StaticAnalyzer/Checkers/CMakeFiles/obj.clangStaticAnalyzerCheckers.dir/ArrayBoundChecker.cpp.obj
[1285/1448] Building CXX object tools/clang/lib/StaticAnalyzer/Checkers/CMakeFiles/obj.clangStaticAnalyzerCheckers.dir/AssumeModeling.cpp.obj
[1286/1448] Building CXX object tools/clang/lib/StaticAnalyzer/Checkers/CMakeFiles/obj.clangStaticAnalyzerCheckers.dir/BasicObjCFoundationChecks.cpp.obj
[1287/1448] Building CXX object tools/clang/lib/StaticAnalyzer/Checkers/CMakeFiles/obj.clangStaticAnalyzerCheckers.dir/BitwiseShiftChecker.cpp.obj
[1288/1448] Building CXX object tools/clang/lib/StaticAnalyzer/Checkers/CMakeFiles/obj.clangStaticAnalyzerCheckers.dir/BlockInCriticalSectionChecker.cpp.obj
[1289/1448] Building CXX object tools/clang/lib/StaticAnalyzer/Checkers/CMakeFiles/obj.clangStaticAnalyzerCheckers.dir/BoolAssignmentChecker.cpp.obj
[1290/1448] Building CXX object tools/clang/lib/StaticAnalyzer/Checkers/CMakeFiles/obj.clangStaticAnalyzerCheckers.dir/BoundsChecking.cpp.obj
[1291/1448] Building CXX object tools/clang/lib/StaticAnalyzer/Checkers/CMakeFiles/obj.clangStaticAnalyzerCheckers.dir/BuiltinFunctionChecker.cpp.obj
[1292/1448] Building CXX object tools/clang/lib/StaticAnalyzer/Checkers/CMakeFiles/obj.clangStaticAnalyzerCheckers.dir/CStringSyntaxChecker.cpp.obj
[1293/1448] Building CXX object tools/clang/lib/StaticAnalyzer/Checkers/CMakeFiles/obj.clangStaticAnalyzerCheckers.dir/CStringChecker.cpp.obj
[1294/1448] Building CXX object tools/clang/lib/StaticAnalyzer/Checkers/CMakeFiles/obj.clangStaticAnalyzerCheckers.dir/CallAndMessageChecker.cpp.obj
[1295/1448] Building CXX object tools/clang/lib/StaticAnalyzer/Checkers/CMakeFiles/obj.clangStaticAnalyzerCheckers.dir/CastToStructChecker.cpp.obj
[1296/1448] Building CXX object tools/clang/lib/StaticAnalyzer/Checkers/CMakeFiles/obj.clangStaticAnalyzerCheckers.dir/CastValueChecker.cpp.obj
[1297/1448] Building CXX object tools/clang/lib/StaticAnalyzer/Checkers/CMakeFiles/obj.clangStaticAnalyzerCheckers.dir/CheckObjCDealloc.cpp.obj
[1298/1448] Building CXX object tools/clang/lib/StaticAnalyzer/Checkers/CMakeFiles/obj.clangStaticAnalyzerCheckers.dir/CheckObjCInstMethSignature.cpp.obj
[1299/1448] Building CXX object tools/clang/lib/StaticAnalyzer/Checkers/CMakeFiles/obj.clangStaticAnalyzerCheckers.dir/CheckPlacementNew.cpp.obj
[1300/1448] Building CXX object tools/clang/lib/StaticAnalyzer/Checkers/CMakeFiles/obj.clangStaticAnalyzerCheckers.dir/CheckSecuritySyntaxOnly.cpp.obj
[1301/1448] Building CXX object tools/clang/lib/StaticAnalyzer/Checkers/CMakeFiles/obj.clangStaticAnalyzerCheckers.dir/CheckerDocumentation.cpp.obj
[1302/1448] Building CXX object tools/clang/lib/StaticAnalyzer/Checkers/CMakeFiles/obj.clangStaticAnalyzerCheckers.dir/ChrootChecker.cpp.obj
[1303/1448] Building CXX object tools/clang/lib/StaticAnalyzer/Checkers/CMakeFiles/obj.clangStaticAnalyzerCheckers.dir/CloneChecker.cpp.obj
[1304/1448] Building CXX object tools/clang/lib/StaticAnalyzer/Checkers/CMakeFiles/obj.clangStaticAnalyzerCheckers.dir/ConversionChecker.cpp.obj
[1305/1448] Building CXX object tools/clang/lib/StaticAnalyzer/Checkers/CMakeFiles/obj.clangStaticAnalyzerCheckers.dir/ContainerModeling.cpp.obj
[1306/1448] Building CXX object tools/clang/lib/StaticAnalyzer/Checkers/CMakeFiles/obj.clangStaticAnalyzerCheckers.dir/CXXDeleteChecker.cpp.obj
[1307/1448] Building CXX object tools/clang/lib/StaticAnalyzer/Checkers/CMakeFiles/obj.clangStaticAnalyzerCheckers.dir/CXXSelfAssignmentChecker.cpp.obj
[1308/1448] Building CXX object tools/clang/lib/StaticAnalyzer/Checkers/CMakeFiles/obj.clangStaticAnalyzerCheckers.dir/DanglingPtrDeref.cpp.obj
[1309/1448] Building CXX object tools/clang/lib/StaticAnalyzer/Checkers/CMakeFiles/obj.clangStaticAnalyzerCheckers.dir/DeadStoresChecker.cpp.obj
[1310/1448] Building CXX object tools/clang/lib/StaticAnalyzer/Checkers/CMakeFiles/obj.clangStaticAnalyzerCheckers.dir/DebugContainerModeling.cpp.obj
[1311/1448] Building CXX object tools/clang/lib/StaticAnalyzer/Checkers/CMakeFiles/obj.clangStaticAnalyzerCheckers.dir/DebugCheckers.cpp.obj
[1312/1448] Building CXX object tools/clang/lib/StaticAnalyzer/Checkers/CMakeFiles/obj.clangStaticAnalyzerCheckers.dir/DebugIteratorModeling.cpp.obj
[1313/1448] Building CXX object tools/clang/lib/StaticAnalyzer/Checkers/CMakeFiles/obj.clangStaticAnalyzerCheckers.dir/DereferenceChecker.cpp.obj
[1314/1448] Building CXX object tools/clang/lib/StaticAnalyzer/Checkers/CMakeFiles/obj.clangStaticAnalyzerCheckers.dir/DirectIvarAssignment.cpp.obj
[1315/1448] Building CXX object tools/clang/lib/StaticAnalyzer/Checkers/CMakeFiles/obj.clangStaticAnalyzerCheckers.dir/DivZeroChecker.cpp.obj
[1316/1448] Building CXX object tools/clang/lib/StaticAnalyzer/Checkers/CMakeFiles/obj.clangStaticAnalyzerCheckers.dir/DynamicTypeChecker.cpp.obj
[1317/1448] Building CXX object tools/clang/lib/StaticAnalyzer/Checkers/CMakeFiles/obj.clangStaticAnalyzerCheckers.dir/DynamicTypePropagation.cpp.obj
[1318/1448] Building CXX object tools/clang/lib/StaticAnalyzer/Checkers/CMakeFiles/obj.clangStaticAnalyzerCheckers.dir/EnumCastOutOfRangeChecker.cpp.obj
[1319/1448] Building CXX object tools/clang/lib/StaticAnalyzer/Checkers/CMakeFiles/obj.clangStaticAnalyzerCheckers.dir/ErrnoChecker.cpp.obj
[1320/1448] Building CXX object tools/clang/lib/StaticAnalyzer/Checkers/CMakeFiles/obj.clangStaticAnalyzerCheckers.dir/ErrnoTesterChecker.cpp.obj
[1321/1448] Building CXX object tools/clang/lib/StaticAnalyzer/Checkers/CMakeFiles/obj.clangStaticAnalyzerCheckers.dir/ErrnoModeling.cpp.obj
[1322/1448] Building CXX object tools/clang/lib/StaticAnalyzer/Checkers/CMakeFiles/obj.clangStaticAnalyzerCheckers.dir/FuchsiaHandleChecker.cpp.obj
[1323/1448] Building CXX object tools/clang/lib/StaticAnalyzer/Checkers/CMakeFiles/obj.clangStaticAnalyzerCheckers.dir/ExprInspectionChecker.cpp.obj
[1324/1448] Building CXX object tools/clang/lib/StaticAnalyzer/Checkers/CMakeFiles/obj.clangStaticAnalyzerCheckers.dir/GCDAntipatternChecker.cpp.obj
[1325/1448] Building CXX object tools/clang/lib/StaticAnalyzer/Checkers/CMakeFiles/obj.clangStaticAnalyzerCheckers.dir/GenericTaintChecker.cpp.obj
[1326/1448] Building CXX object tools/clang/lib/StaticAnalyzer/Checkers/CMakeFiles/obj.clangStaticAnalyzerCheckers.dir/GTestChecker.cpp.obj
[1327/1448] Building CXX object tools/clang/lib/StaticAnalyzer/Checkers/CMakeFiles/obj.clangStaticAnalyzerCheckers.dir/InnerPointerChecker.cpp.obj
[1328/1448] Building CXX object tools/clang/lib/StaticAnalyzer/Checkers/CMakeFiles/obj.clangStaticAnalyzerCheckers.dir/InvalidatedIteratorChecker.cpp.obj
[1329/1448] Building CXX object tools/clang/lib/StaticAnalyzer/Checkers/CMakeFiles/obj.clangStaticAnalyzerCheckers.dir/Iterator.cpp.obj
[1330/1448] Building CXX object tools/clang/lib/StaticAnalyzer/Checkers/CMakeFiles/obj.clangStaticAnalyzerCheckers.dir/cert/InvalidPtrChecker.cpp.obj
[1331/1448] Building CXX object tools/clang/lib/StaticAnalyzer/Checkers/CMakeFiles/obj.clangStaticAnalyzerCheckers.dir/IteratorRangeChecker.cpp.obj
[1332/1448] Building CXX object tools/clang/lib/StaticAnalyzer/Checkers/CMakeFiles/obj.clangStaticAnalyzerCheckers.dir/IteratorModeling.cpp.obj
[1333/1448] Building CXX object tools/clang/lib/StaticAnalyzer/Checkers/CMakeFiles/obj.clangStaticAnalyzerCheckers.dir/IvarInvalidationChecker.cpp.obj
[1334/1448] Building CXX object tools/clang/lib/StaticAnalyzer/Checkers/CMakeFiles/obj.clangStaticAnalyzerCheckers.dir/LifetimeModeling.cpp.obj
[1335/1448] Building CXX object tools/clang/lib/StaticAnalyzer/Checkers/CMakeFiles/obj.clangStaticAnalyzerCheckers.dir/LLVMConventionsChecker.cpp.obj
[1336/1448] Building CXX object tools/clang/lib/StaticAnalyzer/Checkers/CMakeFiles/obj.clangStaticAnalyzerCheckers.dir/LocalizationChecker.cpp.obj
[1337/1448] Building CXX object tools/clang/lib/StaticAnalyzer/Checkers/CMakeFiles/obj.clangStaticAnalyzerCheckers.dir/MacOSKeychainAPIChecker.cpp.obj
[1338/1448] Building CXX object tools/clang/lib/StaticAnalyzer/Checkers/CMakeFiles/obj.clangStaticAnalyzerCheckers.dir/MacOSXAPIChecker.cpp.obj
[1339/1448] Building CXX object tools/clang/lib/StaticAnalyzer/Checkers/CMakeFiles/obj.clangStaticAnalyzerCheckers.dir/MallocSizeofChecker.cpp.obj
[1340/1448] Building CXX object tools/clang/lib/StaticAnalyzer/Checkers/CMakeFiles/obj.clangStaticAnalyzerCheckers.dir/MismatchedIteratorChecker.cpp.obj
[1341/1448] Building CXX object tools/clang/lib/StaticAnalyzer/Checkers/CMakeFiles/obj.clangStaticAnalyzerCheckers.dir/MallocChecker.cpp.obj
[1342/1448] Building CXX object tools/clang/lib/StaticAnalyzer/Checkers/CMakeFiles/obj.clangStaticAnalyzerCheckers.dir/MmapWriteExecChecker.cpp.obj
[1343/1448] Building CXX object tools/clang/lib/StaticAnalyzer/Checkers/CMakeFiles/obj.clangStaticAnalyzerCheckers.dir/MIGChecker.cpp.obj
[1344/1448] Building CXX object tools/clang/lib/StaticAnalyzer/Checkers/CMakeFiles/obj.clangStaticAnalyzerCheckers.dir/MoveChecker.cpp.obj
[1345/1448] Building CXX object tools/clang/lib/StaticAnalyzer/Checkers/CMakeFiles/obj.clangStaticAnalyzerCheckers.dir/MPI-Checker/MPIBugReporter.cpp.obj
[1346/1448] Building CXX object tools/clang/lib/StaticAnalyzer/Checkers/CMakeFiles/obj.clangStaticAnalyzerCheckers.dir/MPI-Checker/MPIChecker.cpp.obj
[1347/1448] Building CXX object tools/clang/lib/StaticAnalyzer/Checkers/CMakeFiles/obj.clangStaticAnalyzerCheckers.dir/MPI-Checker/MPIFunctionClassifier.cpp.obj
[1348/1448] Building CXX object tools/clang/lib/StaticAnalyzer/Checkers/CMakeFiles/obj.clangStaticAnalyzerCheckers.dir/NSAutoreleasePoolChecker.cpp.obj
[1349/1448] Building CXX object tools/clang/lib/StaticAnalyzer/Checkers/CMakeFiles/obj.clangStaticAnalyzerCheckers.dir/NSErrorChecker.cpp.obj
[1350/1448] Building CXX object tools/clang/lib/StaticAnalyzer/Checkers/CMakeFiles/obj.clangStaticAnalyzerCheckers.dir/NoReturnFunctionChecker.cpp.obj
[1351/1448] Building CXX object tools/clang/lib/StaticAnalyzer/Checkers/CMakeFiles/obj.clangStaticAnalyzerCheckers.dir/NonNullParamChecker.cpp.obj
[1352/1448] Building CXX object tools/clang/lib/StaticAnalyzer/Checkers/CMakeFiles/obj.clangStaticAnalyzerCheckers.dir/NonnullGlobalConstantsChecker.cpp.obj
[1353/1448] Building CXX object tools/clang/lib/StaticAnalyzer/Checkers/CMakeFiles/obj.clangStaticAnalyzerCheckers.dir/NoOwnershipChangeVisitor.cpp.obj
[1354/1448] Building CXX object tools/clang/lib/StaticAnalyzer/Checkers/CMakeFiles/obj.clangStaticAnalyzerCheckers.dir/NullabilityChecker.cpp.obj
[1355/1448] Building CXX object tools/clang/lib/StaticAnalyzer/Checkers/CMakeFiles/obj.clangStaticAnalyzerCheckers.dir/ObjCAtSyncChecker.cpp.obj
[1356/1448] Building CXX object tools/clang/lib/StaticAnalyzer/Checkers/CMakeFiles/obj.clangStaticAnalyzerCheckers.dir/NumberObjectConversionChecker.cpp.obj
[1357/1448] Building CXX object tools/clang/lib/StaticAnalyzer/Checkers/CMakeFiles/obj.clangStaticAnalyzerCheckers.dir/ObjCContainersASTChecker.cpp.obj
[1358/1448] Building CXX object tools/clang/lib/StaticAnalyzer/Checkers/CMakeFiles/obj.clangStaticAnalyzerCheckers.dir/ObjCAutoreleaseWriteChecker.cpp.obj
[1359/1448] Building CXX object tools/clang/lib/StaticAnalyzer/Checkers/CMakeFiles/obj.clangStaticAnalyzerCheckers.dir/ObjCContainersChecker.cpp.obj
[1360/1448] Building CXX object tools/clang/lib/StaticAnalyzer/Checkers/CMakeFiles/obj.clangStaticAnalyzerCheckers.dir/ObjCPropertyChecker.cpp.obj
[1361/1448] Building CXX object tools/clang/lib/StaticAnalyzer/Checkers/CMakeFiles/obj.clangStaticAnalyzerCheckers.dir/ObjCMissingSuperCallChecker.cpp.obj
[1362/1448] Building CXX object tools/clang/lib/StaticAnalyzer/Checkers/CMakeFiles/obj.clangStaticAnalyzerCheckers.dir/ObjCSelfInitChecker.cpp.obj
[1363/1448] Building CXX object tools/clang/lib/StaticAnalyzer/Checkers/CMakeFiles/obj.clangStaticAnalyzerCheckers.dir/ObjCSuperDeallocChecker.cpp.obj
[1364/1448] Building CXX object tools/clang/lib/StaticAnalyzer/Checkers/CMakeFiles/obj.clangStaticAnalyzerCheckers.dir/OpaqueSTLFunctionsModeling.cpp.obj
[1365/1448] Building CXX object tools/clang/lib/StaticAnalyzer/Checkers/CMakeFiles/obj.clangStaticAnalyzerCheckers.dir/ObjCUnusedIVarsChecker.cpp.obj
[1366/1448] Building CXX object tools/clang/lib/StaticAnalyzer/Checkers/CMakeFiles/obj.clangStaticAnalyzerCheckers.dir/PaddingChecker.cpp.obj
[1367/1448] Building CXX object tools/clang/lib/StaticAnalyzer/Checkers/CMakeFiles/obj.clangStaticAnalyzerCheckers.dir/OSObjectCStyleCast.cpp.obj
[1368/1448] Building CXX object tools/clang/lib/StaticAnalyzer/Checkers/CMakeFiles/obj.clangStaticAnalyzerCheckers.dir/PointerArithChecker.cpp.obj
[1369/1448] Building CXX object tools/clang/lib/StaticAnalyzer/Checkers/CMakeFiles/obj.clangStaticAnalyzerCheckers.dir/PointerSubChecker.cpp.obj
[1370/1448] Building CXX object tools/clang/lib/StaticAnalyzer/Checkers/CMakeFiles/obj.clangStaticAnalyzerCheckers.dir/PthreadLockChecker.cpp.obj
[1371/1448] Building CXX object tools/clang/lib/StaticAnalyzer/Checkers/CMakeFiles/obj.clangStaticAnalyzerCheckers.dir/PutenvStackArrayChecker.cpp.obj
[1372/1448] Building CXX object tools/clang/lib/StaticAnalyzer/Checkers/CMakeFiles/obj.clangStaticAnalyzerCheckers.dir/RetainCountChecker/RetainCountChecker.cpp.obj
[1373/1448] Building CXX object tools/clang/lib/StaticAnalyzer/Checkers/CMakeFiles/obj.clangStaticAnalyzerCheckers.dir/RetainCountChecker/RetainCountDiagnostics.cpp.obj
[1374/1448] Building CXX object tools/clang/lib/StaticAnalyzer/Checkers/CMakeFiles/obj.clangStaticAnalyzerCheckers.dir/ReturnPointerRangeChecker.cpp.obj
[1375/1448] Building CXX object tools/clang/lib/StaticAnalyzer/Checkers/CMakeFiles/obj.clangStaticAnalyzerCheckers.dir/ReturnUndefChecker.cpp.obj
[1376/1448] Building CXX object tools/clang/lib/StaticAnalyzer/Checkers/CMakeFiles/obj.clangStaticAnalyzerCheckers.dir/ReturnValueChecker.cpp.obj
[1377/1448] Building CXX object tools/clang/lib/StaticAnalyzer/Checkers/CMakeFiles/obj.clangStaticAnalyzerCheckers.dir/RunLoopAutoreleaseLeakChecker.cpp.obj
[1378/1448] Building CXX object tools/clang/lib/StaticAnalyzer/Checkers/CMakeFiles/obj.clangStaticAnalyzerCheckers.dir/SetgidSetuidOrderChecker.cpp.obj
[1379/1448] Building CXX object tools/clang/lib/StaticAnalyzer/Checkers/CMakeFiles/obj.clangStaticAnalyzerCheckers.dir/SimpleStreamChecker.cpp.obj
[1380/1448] Building CXX object tools/clang/lib/StaticAnalyzer/Checkers/CMakeFiles/obj.clangStaticAnalyzerCheckers.dir/SmartPtrChecker.cpp.obj
[1381/1448] Building CXX object tools/clang/lib/StaticAnalyzer/Checkers/CMakeFiles/obj.clangStaticAnalyzerCheckers.dir/StackAddrEscapeChecker.cpp.obj
[1382/1448] Building CXX object tools/clang/lib/StaticAnalyzer/Checkers/CMakeFiles/obj.clangStaticAnalyzerCheckers.dir/SmartPtrModeling.cpp.obj
[1383/1448] Building CXX object tools/clang/lib/StaticAnalyzer/Checkers/CMakeFiles/obj.clangStaticAnalyzerCheckers.dir/StoreToImmutableChecker.cpp.obj
[1384/1448] Building CXX object tools/clang/lib/StaticAnalyzer/Checkers/CMakeFiles/obj.clangStaticAnalyzerCheckers.dir/StdLibraryFunctionsChecker.cpp.obj
[1385/1448] Building CXX object tools/clang/lib/StaticAnalyzer/Checkers/CMakeFiles/obj.clangStaticAnalyzerCheckers.dir/StdVariantChecker.cpp.obj
[1386/1448] Building CXX object tools/clang/lib/StaticAnalyzer/Checkers/CMakeFiles/obj.clangStaticAnalyzerCheckers.dir/STLAlgorithmModeling.cpp.obj
[1387/1448] Building CXX object tools/clang/lib/StaticAnalyzer/Checkers/CMakeFiles/obj.clangStaticAnalyzerCheckers.dir/StringChecker.cpp.obj
[1388/1448] Building CXX object tools/clang/lib/StaticAnalyzer/Checkers/CMakeFiles/obj.clangStaticAnalyzerCheckers.dir/StreamChecker.cpp.obj
[1389/1448] Building CXX object tools/clang/lib/StaticAnalyzer/Checkers/CMakeFiles/obj.clangStaticAnalyzerCheckers.dir/Taint.cpp.obj
[1390/1448] Building CXX object tools/clang/lib/StaticAnalyzer/Checkers/CMakeFiles/obj.clangStaticAnalyzerCheckers.dir/TaintTesterChecker.cpp.obj
[1391/1448] Building CXX object tools/clang/lib/StaticAnalyzer/Checkers/CMakeFiles/obj.clangStaticAnalyzerCheckers.dir/TraversalChecker.cpp.obj
[1392/1448] Building CXX object tools/clang/lib/StaticAnalyzer/Checkers/CMakeFiles/obj.clangStaticAnalyzerCheckers.dir/TestAfterDivZeroChecker.cpp.obj
[1393/1448] Building CXX object tools/clang/lib/StaticAnalyzer/Checkers/CMakeFiles/obj.clangStaticAnalyzerCheckers.dir/TrustNonnullChecker.cpp.obj
[1394/1448] Building CXX object tools/clang/lib/StaticAnalyzer/Checkers/CMakeFiles/obj.clangStaticAnalyzerCheckers.dir/TrustReturnsNonnullChecker.cpp.obj
[1395/1448] Building CXX object tools/clang/lib/StaticAnalyzer/Checkers/CMakeFiles/obj.clangStaticAnalyzerCheckers.dir/UndefBranchChecker.cpp.obj
[1396/1448] Building CXX object tools/clang/lib/StaticAnalyzer/Checkers/CMakeFiles/obj.clangStaticAnalyzerCheckers.dir/UnconditionalVAArgChecker.cpp.obj
[1397/1448] Building CXX object tools/clang/lib/StaticAnalyzer/Checkers/CMakeFiles/obj.clangStaticAnalyzerCheckers.dir/UndefResultChecker.cpp.obj
[1398/1448] Building CXX object tools/clang/lib/StaticAnalyzer/Checkers/CMakeFiles/obj.clangStaticAnalyzerCheckers.dir/UndefCapturedBlockVarChecker.cpp.obj
[1399/1448] Building CXX object tools/clang/lib/StaticAnalyzer/Checkers/CMakeFiles/obj.clangStaticAnalyzerCheckers.dir/UndefinedArraySubscriptChecker.cpp.obj
[1400/1448] Building CXX object tools/clang/lib/StaticAnalyzer/Checkers/CMakeFiles/obj.clangStaticAnalyzerCheckers.dir/UndefinedAssignmentChecker.cpp.obj
[1401/1448] Building CXX object tools/clang/lib/StaticAnalyzer/Checkers/CMakeFiles/obj.clangStaticAnalyzerCheckers.dir/UndefinedNewArraySizeChecker.cpp.obj
[1402/1448] Building CXX object tools/clang/lib/StaticAnalyzer/Checkers/CMakeFiles/obj.clangStaticAnalyzerCheckers.dir/UninitializedObject/UninitializedPointee.cpp.obj
[1403/1448] Building CXX object tools/clang/lib/StaticAnalyzer/Checkers/CMakeFiles/obj.clangStaticAnalyzerCheckers.dir/UninitializedObject/UninitializedObjectChecker.cpp.obj
[1404/1448] Building CXX object tools/clang/lib/StaticAnalyzer/Checkers/CMakeFiles/obj.clangStaticAnalyzerCheckers.dir/UnixAPIChecker.cpp.obj
[1405/1448] Building CXX object tools/clang/lib/StaticAnalyzer/Checkers/CMakeFiles/obj.clangStaticAnalyzerCheckers.dir/UnreachableCodeChecker.cpp.obj
[1406/1448] Building CXX object tools/clang/lib/StaticAnalyzer/Checkers/CMakeFiles/obj.clangStaticAnalyzerCheckers.dir/UseAfterLifetimeEnd.cpp.obj
[1407/1448] Building CXX object tools/clang/lib/StaticAnalyzer/Checkers/CMakeFiles/obj.clangStaticAnalyzerCheckers.dir/VforkChecker.cpp.obj
[1408/1448] Building CXX object tools/clang/lib/StaticAnalyzer/Checkers/CMakeFiles/obj.clangStaticAnalyzerCheckers.dir/VLASizeChecker.cpp.obj
[1409/1448] Building CXX object tools/clang/lib/StaticAnalyzer/Checkers/CMakeFiles/obj.clangStaticAnalyzerCheckers.dir/VAListChecker.cpp.obj
[1410/1448] Building CXX object tools/clang/lib/StaticAnalyzer/Checkers/CMakeFiles/obj.clangStaticAnalyzerCheckers.dir/WebKit/ASTUtils.cpp.obj
[1411/1448] Building CXX object tools/clang/lib/StaticAnalyzer/Checkers/CMakeFiles/obj.clangStaticAnalyzerCheckers.dir/VirtualCallChecker.cpp.obj
[1412/1448] Building CXX object tools/clang/lib/StaticAnalyzer/Checkers/CMakeFiles/obj.clangStaticAnalyzerCheckers.dir/WebKit/MemoryUnsafeCastChecker.cpp.obj
[1413/1448] Building CXX object tools/clang/lib/StaticAnalyzer/Checkers/CMakeFiles/obj.clangStaticAnalyzerCheckers.dir/WebKit/ForwardDeclChecker.cpp.obj
[1414/1448] Building CXX object tools/clang/lib/StaticAnalyzer/Checkers/CMakeFiles/obj.clangStaticAnalyzerCheckers.dir/WebKit/NoDeleteChecker.cpp.obj
[1415/1448] Building CXX object tools/clang/lib/StaticAnalyzer/Checkers/CMakeFiles/obj.clangStaticAnalyzerCheckers.dir/WebKit/PtrTypesSemantics.cpp.obj
[1416/1448] Building CXX object tools/clang/lib/StaticAnalyzer/Checkers/CMakeFiles/obj.clangStaticAnalyzerCheckers.dir/WebKit/RefCntblBaseVirtualDtorChecker.cpp.obj
[1417/1448] Building CXX object tools/clang/lib/StaticAnalyzer/Checkers/CMakeFiles/obj.clangStaticAnalyzerCheckers.dir/WebKit/RawPtrRefCallArgsChecker.cpp.obj
[1418/1448] Building CXX object tools/clang/lib/StaticAnalyzer/Checkers/CMakeFiles/obj.clangStaticAnalyzerCheckers.dir/WebKit/RawPtrRefLambdaCapturesChecker.cpp.obj
[1419/1448] Building CXX object tools/clang/lib/StaticAnalyzer/Checkers/CMakeFiles/obj.clangStaticAnalyzerCheckers.dir/WebKit/RetainPtrCtorAdoptChecker.cpp.obj
[1420/1448] Building CXX object tools/clang/lib/StaticAnalyzer/Checkers/CMakeFiles/obj.clangStaticAnalyzerCheckers.dir/WebKit/RawPtrRefLocalVarsChecker.cpp.obj
[1421/1448] Building CXX object tools/clang/lib/StaticAnalyzer/Checkers/CMakeFiles/obj.clangStaticAnalyzerCheckers.dir/WebKit/RawPtrRefSafetyModel.cpp.obj
[1422/1448] Building CXX object tools/clang/lib/StaticAnalyzer/Checkers/CMakeFiles/obj.clangStaticAnalyzerCheckers.dir/WebKit/RawPtrRefMemberChecker.cpp.obj
[1423/1448] Building CXX object tools/clang/lib/StaticAnalyzer/Frontend/CMakeFiles/obj.clangStaticAnalyzerFrontend.dir/AnalyzerHelpFlags.cpp.obj
[1424/1448] Building CXX object tools/clang/lib/StaticAnalyzer/Frontend/CMakeFiles/obj.clangStaticAnalyzerFrontend.dir/AnalysisConsumer.cpp.obj
[1425/1448] Building CXX object tools/clang/lib/StaticAnalyzer/Frontend/CMakeFiles/obj.clangStaticAnalyzerFrontend.dir/CheckerRegistry.cpp.obj
[1426/1448] Building CXX object tools/clang/lib/StaticAnalyzer/Frontend/CMakeFiles/obj.clangStaticAnalyzerFrontend.dir/CreateCheckerManager.cpp.obj
[1427/1448] Building CXX object tools/clang/lib/StaticAnalyzer/Frontend/CMakeFiles/obj.clangStaticAnalyzerFrontend.dir/ModelConsumer.cpp.obj
[1428/1448] Building CXX object tools/clang/lib/StaticAnalyzer/Frontend/CMakeFiles/obj.clangStaticAnalyzerFrontend.dir/FrontendActions.cpp.obj
[1429/1448] Building CXX object tools/clang/lib/StaticAnalyzer/Frontend/CMakeFiles/obj.clangStaticAnalyzerFrontend.dir/ModelInjector.cpp.obj
[1430/1448] Building CXX object tools/clang/lib/UnifiedSymbolResolution/CMakeFiles/obj.clangUnifiedSymbolResolution.dir/USRGeneration.cpp.obj
[1431/1448] Linking CXX static library lib\libclangUnifiedSymbolResolution.a
[1432/1448] Linking CXX static library lib\libclangExtractAPI.a
[1433/1448] Linking CXX static library lib\libclangScalableStaticAnalysisCore.a
[1434/1448] Linking CXX static library lib\libclangScalableStaticAnalysisAnalyses.a
[1435/1448] Linking CXX static library lib\libclangScalableStaticAnalysisSourceTransformation.a
[1436/1448] Linking CXX static library lib\libclangScalableStaticAnalysisFrontend.a
[1437/1448] Linking CXX static library lib\libclangDriver.a
[1438/1448] Linking CXX static library lib\libclangCrossTU.a
[1439/1448] Linking CXX static library lib\libclangStaticAnalyzerCore.a
[1440/1448] Linking CXX static library lib\libclangStaticAnalyzerCheckers.a
[1441/1448] Linking CXX static library lib\libclangStaticAnalyzerFrontend.a
[1442/1448] Linking CXX static library lib\libclangFrontendTool.a
[1443/1448] Building CXX object tools/clang/tools/driver/CMakeFiles/clang.dir/driver.cpp.obj
[1444/1448] Building CXX object tools/clang/tools/driver/CMakeFiles/clang.dir/cc1as_main.cpp.obj
[1445/1448] Building CXX object tools/clang/tools/driver/CMakeFiles/clang.dir/cc1gen_reproducer_main.cpp.obj
[1446/1448] Building CXX object tools/clang/tools/driver/CMakeFiles/clang.dir/clang-driver.cpp.obj
[1447/1448] Building CXX object tools/clang/tools/driver/CMakeFiles/clang.dir/cc1_main.cpp.obj
[1448/1448] Linking CXX executable bin\clang.exe
