ninja: Entering directory `<LEGACY_LOCAL_PROJECT_ROOT>\stages\stageA\S5-OCCUPANCY-CLIFF-JOINTCODEGEN\resume3-r3d\build\attempt2'
[1/1732] Building TargetLibraryInfo.inc...
[2/1732] Building GenVT.inc...
[3/1732] Building Attributes.inc...
[4/1732] Building IntrinsicEnums.inc...
[5/1732] Building IntrinsicImpl.inc...
[6/1732] Building IntrinsicsAArch64.h...
[7/1732] Building IntrinsicsAMDGPU.h...
[8/1732] Building IntrinsicsARM.h...
[9/1732] Building IntrinsicsAVR.h...
[10/1732] Building IntrinsicsBPF.h...
[11/1732] Building IntrinsicsDirectX.h...
[12/1732] Building IntrinsicsHexagon.h...
[13/1732] Building IntrinsicsLoongArch.h...
[14/1732] Building IntrinsicsMips.h...
[15/1732] Building IntrinsicsNVPTX.h...
[16/1732] Building IntrinsicsPowerPC.h...
[17/1732] Building IntrinsicsR600.h...
[18/1732] Building IntrinsicsRISCV.h...
[19/1732] Building IntrinsicsS390.h...
[20/1732] Building IntrinsicsSPIRV.h...
[21/1732] Building IntrinsicsVE.h...
[22/1732] Building IntrinsicsWebAssembly.h...
[23/1732] Building IntrinsicsX86.h...
[24/1732] Building RuntimeLibcalls.inc...
[25/1732] Building IntrinsicsXCore.h...
[26/1732] Building OMP.h.inc...
[27/1732] Building CXX object utils/TableGen/CMakeFiles/llvm-tblgen.dir/AsmWriterEmitter.cpp.obj
[28/1732] Building CXX object utils/TableGen/CMakeFiles/llvm-tblgen.dir/CallingConvEmitter.cpp.obj
[29/1732] Building CXX object utils/TableGen/CMakeFiles/llvm-tblgen.dir/AsmMatcherEmitter.cpp.obj
[30/1732] Building CXX object utils/TableGen/CMakeFiles/llvm-tblgen.dir/CodeEmitterGen.cpp.obj
[31/1732] Building CXX object utils/TableGen/CMakeFiles/llvm-tblgen.dir/CodeGenMapTable.cpp.obj
[32/1732] Building CXX object utils/TableGen/CMakeFiles/llvm-tblgen.dir/CTagsEmitter.cpp.obj
[33/1732] Building CXX object utils/TableGen/CMakeFiles/llvm-tblgen.dir/CompressInstEmitter.cpp.obj
[34/1732] Building CXX object utils/TableGen/CMakeFiles/llvm-tblgen.dir/DAGISelEmitter.cpp.obj
[35/1732] Building CXX object utils/TableGen/CMakeFiles/llvm-tblgen.dir/DAGISelMatcher.cpp.obj
[36/1732] Building CXX object utils/TableGen/CMakeFiles/llvm-tblgen.dir/DAGISelMatcherGen.cpp.obj
[37/1732] Building CXX object utils/TableGen/CMakeFiles/llvm-tblgen.dir/DAGISelMatcherEmitter.cpp.obj
[38/1732] Building CXX object utils/TableGen/CMakeFiles/llvm-tblgen.dir/DAGISelMatcherOpt.cpp.obj
[39/1732] Building CXX object utils/TableGen/CMakeFiles/llvm-tblgen.dir/DecoderTableEmitter.cpp.obj
[40/1732] Building CXX object utils/TableGen/CMakeFiles/llvm-tblgen.dir/DecoderTree.cpp.obj
[41/1732] Building CXX object utils/TableGen/CMakeFiles/llvm-tblgen.dir/DecoderEmitter.cpp.obj
[42/1732] Building CXX object utils/TableGen/CMakeFiles/llvm-tblgen.dir/DFAEmitter.cpp.obj
[43/1732] Building CXX object utils/TableGen/CMakeFiles/llvm-tblgen.dir/DFAPacketizerEmitter.cpp.obj
[44/1732] Building CXX object utils/TableGen/CMakeFiles/llvm-tblgen.dir/DisassemblerEmitter.cpp.obj
[45/1732] Building CXX object utils/TableGen/CMakeFiles/llvm-tblgen.dir/ExegesisEmitter.cpp.obj
[46/1732] Building CXX object utils/TableGen/CMakeFiles/llvm-tblgen.dir/DXILEmitter.cpp.obj
[47/1732] Building CXX object utils/TableGen/CMakeFiles/llvm-tblgen.dir/FastISelEmitter.cpp.obj
[48/1732] Building CXX object utils/TableGen/CMakeFiles/llvm-tblgen.dir/GlobalISelCombinerEmitter.cpp.obj
[49/1732] Building CXX object utils/TableGen/CMakeFiles/llvm-tblgen.dir/InstrDocsEmitter.cpp.obj
[50/1732] Building CXX object utils/TableGen/CMakeFiles/llvm-tblgen.dir/GlobalISelEmitter.cpp.obj
[51/1732] Building CXX object utils/TableGen/CMakeFiles/llvm-tblgen.dir/llvm-tblgen.cpp.obj
[52/1732] Building CXX object utils/TableGen/CMakeFiles/llvm-tblgen.dir/MacroFusionPredicatorEmitter.cpp.obj
[53/1732] Building CXX object utils/TableGen/CMakeFiles/llvm-tblgen.dir/InstrInfoEmitter.cpp.obj
[54/1732] Building CXX object utils/TableGen/CMakeFiles/llvm-tblgen.dir/OptionParserEmitter.cpp.obj
[55/1732] Building CXX object utils/TableGen/CMakeFiles/llvm-tblgen.dir/OptionRSTEmitter.cpp.obj
[56/1732] Building CXX object utils/TableGen/CMakeFiles/llvm-tblgen.dir/PseudoLoweringEmitter.cpp.obj
[57/1732] Building CXX object utils/TableGen/CMakeFiles/llvm-tblgen.dir/RegisterBankEmitter.cpp.obj
[58/1732] Building CXX object utils/TableGen/CMakeFiles/llvm-tblgen.dir/SDNodeInfoEmitter.cpp.obj
[59/1732] Building CXX object utils/TableGen/CMakeFiles/llvm-tblgen.dir/RegisterInfoEmitter.cpp.obj
[60/1732] Building CXX object utils/TableGen/CMakeFiles/llvm-tblgen.dir/SearchableTableEmitter.cpp.obj
[61/1732] Building CXX object utils/TableGen/CMakeFiles/llvm-tblgen.dir/WebAssemblyDisassemblerEmitter.cpp.obj
[62/1732] Building CXX object utils/TableGen/CMakeFiles/llvm-tblgen.dir/X86InstrMappingEmitter.cpp.obj
[63/1732] Building CXX object utils/TableGen/CMakeFiles/llvm-tblgen.dir/SubtargetEmitter.cpp.obj
[64/1732] Building CXX object utils/TableGen/CMakeFiles/llvm-tblgen.dir/X86DisassemblerTables.cpp.obj
[65/1732] Building CXX object utils/TableGen/CMakeFiles/llvm-tblgen.dir/X86MnemonicTables.cpp.obj
[66/1732] Building CXX object utils/TableGen/CMakeFiles/llvm-tblgen.dir/X86FoldTablesEmitter.cpp.obj
[67/1732] Building CXX object utils/TableGen/CMakeFiles/llvm-tblgen.dir/X86ModRMFilters.cpp.obj
[68/1732] Building CXX object utils/TableGen/Common/CMakeFiles/obj.LLVMTableGenCommon.dir/GlobalISel/MatchTable/MatchTable.cpp.obj
[69/1732] Building CXX object utils/TableGen/CMakeFiles/llvm-tblgen.dir/X86RecognizableInstr.cpp.obj
[70/1732] Building CXX object utils/TableGen/Common/CMakeFiles/obj.LLVMTableGenCommon.dir/GlobalISel/MatchTable/Types.cpp.obj
[71/1732] Building CXX object utils/TableGen/Common/CMakeFiles/obj.LLVMTableGenCommon.dir/GlobalISel/CodeExpander.cpp.obj
[72/1732] Building CXX object utils/TableGen/Common/CMakeFiles/obj.LLVMTableGenCommon.dir/GlobalISel/CombinerUtils.cpp.obj
[73/1732] Building CXX object utils/TableGen/Common/CMakeFiles/obj.LLVMTableGenCommon.dir/GlobalISel/CXXPredicates.cpp.obj
[74/1732] Building CXX object utils/TableGen/Common/CMakeFiles/obj.LLVMTableGenCommon.dir/GlobalISel/GlobalISelMatchTableExecutorEmitter.cpp.obj
[75/1732] Building CXX object utils/TableGen/Common/CMakeFiles/obj.LLVMTableGenCommon.dir/GlobalISel/MatchTable/Matchers.cpp.obj
[76/1732] Building CXX object utils/TableGen/Common/CMakeFiles/obj.LLVMTableGenCommon.dir/GlobalISel/PatternParser.cpp.obj
[77/1732] Building CXX object utils/TableGen/Common/CMakeFiles/obj.LLVMTableGenCommon.dir/AsmWriterInst.cpp.obj
[78/1732] Building CXX object utils/TableGen/Common/CMakeFiles/obj.LLVMTableGenCommon.dir/GlobalISel/Patterns.cpp.obj
[79/1732] Building CXX object utils/TableGen/Common/CMakeFiles/obj.LLVMTableGenCommon.dir/CodeGenHwModes.cpp.obj
[80/1732] Building CXX object utils/TableGen/Common/CMakeFiles/obj.LLVMTableGenCommon.dir/CodeGenInstAlias.cpp.obj
[81/1732] Building CXX object utils/TableGen/Common/CMakeFiles/obj.LLVMTableGenCommon.dir/CodeGenInstruction.cpp.obj
[82/1732] Building CXX object utils/TableGen/Common/CMakeFiles/obj.LLVMTableGenCommon.dir/CodeGenDAGPatterns.cpp.obj
[83/1732] Building CXX object utils/TableGen/Common/CMakeFiles/obj.LLVMTableGenCommon.dir/CodeGenSchedule.cpp.obj
[84/1732] Building CXX object utils/TableGen/Common/CMakeFiles/obj.LLVMTableGenCommon.dir/CodeGenRegisters.cpp.obj
[85/1732] Building CXX object utils/TableGen/Common/CMakeFiles/obj.LLVMTableGenCommon.dir/CodeGenTarget.cpp.obj
[86/1732] Building CXX object utils/TableGen/Common/CMakeFiles/obj.LLVMTableGenCommon.dir/InfoByHwMode.cpp.obj
[87/1732] Building CXX object utils/TableGen/Common/CMakeFiles/obj.LLVMTableGenCommon.dir/OptEmitter.cpp.obj
[88/1732] Building CXX object utils/TableGen/Common/CMakeFiles/obj.LLVMTableGenCommon.dir/InstructionEncoding.cpp.obj
[89/1732] Building CXX object utils/TableGen/Common/CMakeFiles/obj.LLVMTableGenCommon.dir/PredicateExpander.cpp.obj
[90/1732] Building CXX object utils/TableGen/Common/CMakeFiles/obj.LLVMTableGenCommon.dir/Types.cpp.obj
[91/1732] Building CXX object utils/TableGen/Common/CMakeFiles/obj.LLVMTableGenCommon.dir/SubtargetFeatureInfo.cpp.obj
[92/1732] Building CXX object utils/TableGen/Common/CMakeFiles/obj.LLVMTableGenCommon.dir/Utils.cpp.obj
[93/1732] Building OMP.inc...
[94/1732] Building CXX object utils/TableGen/Common/CMakeFiles/obj.LLVMTableGenCommon.dir/VarLenCodeEmitterGen.cpp.obj
[95/1732] Building AArch64TargetParserDef.inc...
[96/1732] Building ARMTargetParserDef.inc...
[97/1732] Building PPCGenTargetFeatures.inc...
[98/1732] Building R600TargetParserDef.inc...
[99/1732] Building RISCVTargetParserDef.inc...
[100/1732] Linking CXX static library lib\libLLVMFileCheck.a
[101/1732] Building CXX object lib/CodeGenTypes/CMakeFiles/LLVMCodeGenTypes.dir/LowLevelType.cpp.obj
[102/1732] Linking CXX static library lib\libLLVMCodeGenTypes.a
[103/1732] Linking CXX executable bin\llvm-tblgen.exe
[104/1732] Building CXX object lib/Bitstream/Reader/CMakeFiles/LLVMBitstreamReader.dir/BitstreamReader.cpp.obj
[105/1732] Linking CXX static library lib\libLLVMBitstreamReader.a
[106/1732] Building CXX object lib/Frontend/Directive/CMakeFiles/LLVMFrontendDirective.dir/Spelling.cpp.obj
[107/1732] Linking CXX static library lib\libLLVMFrontendDirective.a
[108/1732] Building AMDGPUTargetParserDef.inc...
[109/1732] Building CXX object lib/Remarks/CMakeFiles/LLVMRemarks.dir/BitstreamRemarkParser.cpp.obj
[110/1732] Building CXX object lib/IR/CMakeFiles/LLVMCore.dir/cmake_pch.hxx.pch
[111/1732] Building CXX object lib/IR/CMakeFiles/LLVMCore.dir/AbstractCallSite.cpp.obj
[112/1732] Building CXX object lib/CodeGen/CMakeFiles/LLVMCodeGen.dir/cmake_pch.hxx.pch
[113/1732] Building CXX object lib/IR/CMakeFiles/LLVMCore.dir/Assumptions.cpp.obj
[114/1732] Building CXX object lib/IR/CMakeFiles/LLVMCore.dir/AsmWriter.cpp.obj
[115/1732] Building CXX object lib/IR/CMakeFiles/LLVMCore.dir/Attributes.cpp.obj
[116/1732] Building CXX object lib/IR/CMakeFiles/LLVMCore.dir/BasicBlock.cpp.obj
[117/1732] Building CXX object lib/IR/CMakeFiles/LLVMCore.dir/BuiltinGCs.cpp.obj
[118/1732] Building CXX object lib/IR/CMakeFiles/LLVMCore.dir/BundleAttributes.cpp.obj
[119/1732] Building CXX object lib/IR/CMakeFiles/LLVMCore.dir/Comdat.cpp.obj
[120/1732] Building CXX object lib/IR/CMakeFiles/LLVMCore.dir/ConstantFold.cpp.obj
[121/1732] Building CXX object lib/IR/CMakeFiles/LLVMCore.dir/AutoUpgrade.cpp.obj
[122/1732] Building CXX object lib/IR/CMakeFiles/LLVMCore.dir/ConstantFPRange.cpp.obj
[123/1732] Building CXX object lib/IR/CMakeFiles/LLVMCore.dir/ConstantRangeList.cpp.obj
[124/1732] Building CXX object lib/IR/CMakeFiles/LLVMCore.dir/ConstantRange.cpp.obj
[125/1732] Building CXX object lib/IR/CMakeFiles/LLVMCore.dir/ConvergenceVerifier.cpp.obj
[126/1732] Building CXX object lib/IR/CMakeFiles/LLVMCore.dir/Constants.cpp.obj
[127/1732] Building CXX object lib/IR/CMakeFiles/LLVMCore.dir/Core.cpp.obj
[128/1732] Building CXX object lib/IR/CMakeFiles/LLVMCore.dir/CycleInfo.cpp.obj
[129/1732] Building CXX object lib/IR/CMakeFiles/LLVMCore.dir/DIBuilder.cpp.obj
[130/1732] Building CXX object lib/IR/CMakeFiles/LLVMCore.dir/DataLayout.cpp.obj
[131/1732] Building CXX object lib/IR/CMakeFiles/LLVMCore.dir/DebugInfo.cpp.obj
[132/1732] Building CXX object lib/IR/CMakeFiles/LLVMCore.dir/DIExpressionOptimizer.cpp.obj
[133/1732] Building CXX object lib/IR/CMakeFiles/LLVMCore.dir/DebugProgramInstruction.cpp.obj
[134/1732] Building CXX object lib/IR/CMakeFiles/LLVMCore.dir/DebugLoc.cpp.obj
[135/1732] Building CXX object lib/IR/CMakeFiles/LLVMCore.dir/DebugInfoMetadata.cpp.obj
[136/1732] Building CXX object lib/IR/CMakeFiles/LLVMCore.dir/DiagnosticHandler.cpp.obj
[137/1732] Building CXX object lib/IR/CMakeFiles/LLVMCore.dir/DiagnosticPrinter.cpp.obj
[138/1732] Building CXX object lib/IR/CMakeFiles/LLVMCore.dir/DiagnosticInfo.cpp.obj
[139/1732] Building CXX object lib/IR/CMakeFiles/LLVMCore.dir/DroppedVariableStats.cpp.obj
[140/1732] Building CXX object lib/IR/CMakeFiles/LLVMCore.dir/DroppedVariableStatsIR.cpp.obj
[141/1732] Building CXX object lib/IR/CMakeFiles/LLVMCore.dir/EHPersonalities.cpp.obj
[142/1732] Building CXX object lib/IR/CMakeFiles/LLVMCore.dir/FPEnv.cpp.obj
[143/1732] Building CXX object lib/IR/CMakeFiles/LLVMCore.dir/Function.cpp.obj
[144/1732] Building CXX object lib/IR/CMakeFiles/LLVMCore.dir/GCStrategy.cpp.obj
[145/1732] Building CXX object lib/IR/CMakeFiles/LLVMCore.dir/Dominators.cpp.obj
[146/1732] Building CXX object lib/IR/CMakeFiles/LLVMCore.dir/GVMaterializer.cpp.obj
[147/1732] Building CXX object lib/IR/CMakeFiles/LLVMCore.dir/Globals.cpp.obj
[148/1732] Building CXX object lib/IR/CMakeFiles/LLVMCore.dir/NVVMIntrinsicUtils.cpp.obj
[149/1732] Building CXX object lib/IR/CMakeFiles/LLVMCore.dir/Intrinsics.cpp.obj
[150/1732] Building CXX object lib/IR/CMakeFiles/LLVMCore.dir/IRPrintingPasses.cpp.obj
[151/1732] Building CXX object lib/IR/CMakeFiles/LLVMCore.dir/SSAContext.cpp.obj
[152/1732] Building CXX object lib/IR/CMakeFiles/LLVMCore.dir/IRBuilder.cpp.obj
[153/1732] Building CXX object lib/IR/CMakeFiles/LLVMCore.dir/InlineAsm.cpp.obj
[154/1732] Building CXX object lib/IR/CMakeFiles/LLVMCore.dir/Instruction.cpp.obj
[155/1732] Building CXX object lib/IR/CMakeFiles/LLVMCore.dir/IntrinsicInst.cpp.obj
[156/1732] Building CXX object lib/IR/CMakeFiles/LLVMCore.dir/Instructions.cpp.obj
[157/1732] Building CXX object lib/IR/CMakeFiles/LLVMCore.dir/LLVMContext.cpp.obj
[158/1732] Building CXX object lib/IR/CMakeFiles/LLVMCore.dir/LLVMRemarkStreamer.cpp.obj
[159/1732] Building CXX object lib/IR/CMakeFiles/LLVMCore.dir/LegacyPassManager.cpp.obj
[160/1732] Building CXX object lib/IR/CMakeFiles/LLVMCore.dir/LLVMContextImpl.cpp.obj
[161/1732] Building CXX object lib/IR/CMakeFiles/LLVMCore.dir/MDBuilder.cpp.obj
[162/1732] Building CXX object lib/IR/CMakeFiles/LLVMCore.dir/MemoryModelRelaxationAnnotations.cpp.obj
[163/1732] Building CXX object lib/IR/CMakeFiles/LLVMCore.dir/Mangler.cpp.obj
[164/1732] Building CXX object lib/IR/CMakeFiles/LLVMCore.dir/Module.cpp.obj
[165/1732] Building CXX object lib/IR/CMakeFiles/LLVMCore.dir/ModuleSummaryIndex.cpp.obj
[166/1732] Building CXX object lib/IR/CMakeFiles/LLVMCore.dir/Operator.cpp.obj
[167/1732] Building CXX object lib/IR/CMakeFiles/LLVMCore.dir/OptBisect.cpp.obj
[168/1732] Building CXX object lib/IR/CMakeFiles/LLVMCore.dir/PatternMatch.cpp.obj
[169/1732] Building CXX object lib/IR/CMakeFiles/LLVMCore.dir/Metadata.cpp.obj
[170/1732] Building CXX object lib/IR/CMakeFiles/LLVMCore.dir/Pass.cpp.obj
[171/1732] Building CXX object lib/IR/CMakeFiles/LLVMCore.dir/PassInstrumentation.cpp.obj
[172/1732] Building CXX object lib/IR/CMakeFiles/LLVMCore.dir/PassRegistry.cpp.obj
[173/1732] Building CXX object lib/IR/CMakeFiles/LLVMCore.dir/PassManager.cpp.obj
[174/1732] Building CXX object lib/IR/CMakeFiles/LLVMCore.dir/PassTimingInfo.cpp.obj
[175/1732] Building CXX object lib/IR/CMakeFiles/LLVMCore.dir/ProfDataUtils.cpp.obj
[176/1732] Building CXX object lib/IR/CMakeFiles/LLVMCore.dir/PrintPasses.cpp.obj
[177/1732] Building CXX object lib/IR/CMakeFiles/LLVMCore.dir/ProfileSummary.cpp.obj
[178/1732] Building CXX object lib/IR/CMakeFiles/LLVMCore.dir/PseudoProbe.cpp.obj
[179/1732] Building CXX object lib/IR/CMakeFiles/LLVMCore.dir/SafepointIRVerifier.cpp.obj
[180/1732] Building CXX object lib/IR/CMakeFiles/LLVMCore.dir/ReplaceConstant.cpp.obj
[181/1732] Building CXX object lib/IR/CMakeFiles/LLVMCore.dir/Statepoint.cpp.obj
[182/1732] Building CXX object lib/IR/CMakeFiles/LLVMCore.dir/StructuralHash.cpp.obj
[183/1732] Building CXX object lib/IR/CMakeFiles/LLVMCore.dir/Type.cpp.obj
[184/1732] Building CXX object lib/IR/CMakeFiles/LLVMCore.dir/TypedPointerType.cpp.obj
[185/1732] Building CXX object lib/IR/CMakeFiles/LLVMCore.dir/Use.cpp.obj
[186/1732] Building CXX object lib/IR/CMakeFiles/LLVMCore.dir/TypeFinder.cpp.obj
[187/1732] Building CXX object lib/IR/CMakeFiles/LLVMCore.dir/User.cpp.obj
[188/1732] Building CXX object lib/IR/CMakeFiles/LLVMCore.dir/ValueSymbolTable.cpp.obj
[189/1732] Building CXX object lib/IR/CMakeFiles/LLVMCore.dir/VectorTypeUtils.cpp.obj
[190/1732] Building CXX object lib/IR/CMakeFiles/LLVMCore.dir/Value.cpp.obj
[191/1732] Building CXX object lib/IR/CMakeFiles/LLVMCore.dir/VerifierAMDGPU.cpp.obj
[192/1732] Building CXX object lib/IR/CMakeFiles/LLVMCore.dir/VFABIDemangler.cpp.obj
[193/1732] Building CXX object lib/IR/CMakeFiles/LLVMCore.dir/RuntimeLibcalls.cpp.obj
[194/1732] Building CXX object lib/IRPrinter/CMakeFiles/LLVMIRPrinter.dir/IRPrintingPasses.cpp.obj
[195/1732] Building CXX object lib/IRReader/CMakeFiles/LLVMIRReader.dir/IRReader.cpp.obj
[196/1732] Building CXX object lib/CGData/CMakeFiles/LLVMCGData.dir/CodeGenData.cpp.obj
[197/1732] Building CXX object lib/CGData/CMakeFiles/LLVMCGData.dir/CodeGenDataReader.cpp.obj
[198/1732] Building CXX object lib/IR/CMakeFiles/LLVMCore.dir/Verifier.cpp.obj
[199/1732] Building CXX object lib/CGData/CMakeFiles/LLVMCGData.dir/CodeGenDataWriter.cpp.obj
[200/1732] Building CXX object lib/CGData/CMakeFiles/LLVMCGData.dir/OutlinedHashTree.cpp.obj
[201/1732] Building CXX object lib/CGData/CMakeFiles/LLVMCGData.dir/OutlinedHashTreeRecord.cpp.obj
[202/1732] Building CXX object lib/CGData/CMakeFiles/LLVMCGData.dir/StableFunctionMap.cpp.obj
[203/1732] Building CXX object lib/CGData/CMakeFiles/LLVMCGData.dir/StableFunctionMapRecord.cpp.obj
[204/1732] Building CXX object lib/CodeGen/CMakeFiles/LLVMCodeGen.dir/AllocationOrder.cpp.obj
[205/1732] Building CXX object lib/CodeGen/CMakeFiles/LLVMCodeGen.dir/AggressiveAntiDepBreaker.cpp.obj
[206/1732] Building CXX object lib/CodeGen/CMakeFiles/LLVMCodeGen.dir/Analysis.cpp.obj
[207/1732] Building CXX object lib/CodeGen/CMakeFiles/LLVMCodeGen.dir/AtomicExpandPass.cpp.obj
[208/1732] Building CXX object lib/CodeGen/CMakeFiles/LLVMCodeGen.dir/BasicTargetTransformInfo.cpp.obj
[209/1732] Building CXX object lib/CodeGen/CMakeFiles/LLVMCodeGen.dir/AssignmentTrackingAnalysis.cpp.obj
[210/1732] Building CXX object lib/CodeGen/CMakeFiles/LLVMCodeGen.dir/BranchRelaxation.cpp.obj
[211/1732] Building CXX object lib/CodeGen/CMakeFiles/LLVMCodeGen.dir/BranchFolding.cpp.obj
[212/1732] Building CXX object lib/CodeGen/CMakeFiles/LLVMCodeGen.dir/BreakFalseDeps.cpp.obj
[213/1732] Building CXX object lib/CodeGen/CMakeFiles/LLVMCodeGen.dir/BasicBlockSections.cpp.obj
[214/1732] Building CXX object lib/CodeGen/CMakeFiles/LLVMCodeGen.dir/BasicBlockPathCloning.cpp.obj
[215/1732] Building CXX object lib/CodeGen/CMakeFiles/LLVMCodeGen.dir/BasicBlockSectionsProfileReader.cpp.obj
[216/1732] Building CXX object lib/CodeGen/CMakeFiles/LLVMCodeGen.dir/BasicBlockMatchingAndInference.cpp.obj
[217/1732] Building CXX object lib/CodeGen/CMakeFiles/LLVMCodeGen.dir/CalcSpillWeights.cpp.obj
[218/1732] Building CXX object lib/CodeGen/CMakeFiles/LLVMCodeGen.dir/CallingConvLower.cpp.obj
[219/1732] Building CXX object lib/CodeGen/CMakeFiles/LLVMCodeGen.dir/CFGuardLongjmp.cpp.obj
[220/1732] Building CXX object lib/CodeGen/CMakeFiles/LLVMCodeGen.dir/CFIFixup.cpp.obj
[221/1732] Building CXX object lib/CodeGen/CMakeFiles/LLVMCodeGen.dir/CodeGen.cpp.obj
[222/1732] Building CXX object lib/CodeGen/CMakeFiles/LLVMCodeGen.dir/CFIInstrInserter.cpp.obj
[223/1732] Building CXX object lib/CodeGen/CMakeFiles/LLVMCodeGen.dir/CodeGenCommonISel.cpp.obj
[224/1732] Building CXX object lib/CodeGen/CMakeFiles/LLVMCodeGen.dir/CommandFlags.cpp.obj
[225/1732] Building CXX object lib/CodeGen/CMakeFiles/LLVMCodeGen.dir/ComplexDeinterleavingPass.cpp.obj
[226/1732] Building CXX object lib/CodeGen/CMakeFiles/LLVMCodeGen.dir/CriticalAntiDepBreaker.cpp.obj
[227/1732] Building CXX object lib/CodeGen/CMakeFiles/LLVMCodeGen.dir/DeadMachineInstructionElim.cpp.obj
[228/1732] Building CXX object lib/CodeGen/CMakeFiles/LLVMCodeGen.dir/DetectDeadLanes.cpp.obj
[229/1732] Building CXX object lib/CodeGen/CMakeFiles/LLVMCodeGen.dir/CodeGenPrepare.cpp.obj
[230/1732] Building CXX object lib/CodeGen/CMakeFiles/LLVMCodeGen.dir/DFAPacketizer.cpp.obj
[231/1732] Building CXX object lib/CodeGen/CMakeFiles/LLVMCodeGen.dir/DroppedVariableStatsMIR.cpp.obj
[232/1732] Building CXX object lib/CodeGen/CMakeFiles/LLVMCodeGen.dir/DwarfEHPrepare.cpp.obj
[233/1732] Building CXX object lib/CodeGen/CMakeFiles/LLVMCodeGen.dir/EdgeBundles.cpp.obj
[234/1732] Building CXX object lib/CodeGen/CMakeFiles/LLVMCodeGen.dir/EarlyIfConversion.cpp.obj
[235/1732] Building CXX object lib/CodeGen/CMakeFiles/LLVMCodeGen.dir/EHContGuardTargets.cpp.obj
[236/1732] Building CXX object lib/CodeGen/CMakeFiles/LLVMCodeGen.dir/ExecutionDomainFix.cpp.obj
[237/1732] Building CXX object lib/CodeGen/CMakeFiles/LLVMCodeGen.dir/ExpandPostRAPseudos.cpp.obj
[238/1732] Building CXX object lib/CodeGen/CMakeFiles/LLVMCodeGen.dir/ExpandIRInsts.cpp.obj
[239/1732] Building CXX object lib/CodeGen/CMakeFiles/LLVMCodeGen.dir/ExpandReductions.cpp.obj
[240/1732] Building CXX object lib/CodeGen/CMakeFiles/LLVMCodeGen.dir/ExpandVectorPredication.cpp.obj
[241/1732] Building CXX object lib/CodeGen/CMakeFiles/LLVMCodeGen.dir/FEntryInserter.cpp.obj
[242/1732] Building CXX object lib/CodeGen/CMakeFiles/LLVMCodeGen.dir/FaultMaps.cpp.obj
[243/1732] Building CXX object lib/CodeGen/CMakeFiles/LLVMCodeGen.dir/FinalizeISel.cpp.obj
[244/1732] Building CXX object lib/CodeGen/CMakeFiles/LLVMCodeGen.dir/FuncletLayout.cpp.obj
[245/1732] Building CXX object lib/CodeGen/CMakeFiles/LLVMCodeGen.dir/MachineFunctionAnalysis.cpp.obj
[246/1732] Building CXX object lib/CodeGen/CMakeFiles/LLVMCodeGen.dir/FixupStatepointCallerSaved.cpp.obj
[247/1732] Building CXX object lib/CodeGen/CMakeFiles/LLVMCodeGen.dir/GCMetadataPrinter.cpp.obj
[248/1732] Building CXX object lib/CodeGen/CMakeFiles/LLVMCodeGen.dir/GCMetadata.cpp.obj
[249/1732] Building CXX object lib/CodeGen/CMakeFiles/LLVMCodeGen.dir/GCRootLowering.cpp.obj
[250/1732] Building CXX object lib/CodeGen/CMakeFiles/LLVMCodeGen.dir/GlobalMerge.cpp.obj
[251/1732] Building CXX object lib/CodeGen/CMakeFiles/LLVMCodeGen.dir/GlobalMergeFunctions.cpp.obj
[252/1732] Building CXX object lib/CodeGen/CMakeFiles/LLVMCodeGen.dir/HardwareLoops.cpp.obj
[253/1732] Building CXX object lib/CodeGen/CMakeFiles/LLVMCodeGen.dir/IfConversion.cpp.obj
[254/1732] Building CXX object lib/CodeGen/CMakeFiles/LLVMCodeGen.dir/ImplicitNullChecks.cpp.obj
[255/1732] Building CXX object lib/CodeGen/CMakeFiles/LLVMCodeGen.dir/IndirectBrExpandPass.cpp.obj
[256/1732] Building CXX object lib/CodeGen/CMakeFiles/LLVMCodeGen.dir/InitUndef.cpp.obj
[257/1732] Building CXX object lib/CodeGen/CMakeFiles/LLVMCodeGen.dir/InlineAsmPrepare.cpp.obj
[258/1732] Building CXX object lib/CodeGen/CMakeFiles/LLVMCodeGen.dir/InsertCodePrefetch.cpp.obj
[259/1732] Building CXX object lib/CodeGen/CMakeFiles/LLVMCodeGen.dir/InterferenceCache.cpp.obj
[260/1732] Building CXX object lib/CodeGen/CMakeFiles/LLVMCodeGen.dir/InlineSpiller.cpp.obj
[261/1732] Building CXX object lib/CodeGen/CMakeFiles/LLVMCodeGen.dir/InterleavedAccessPass.cpp.obj
[262/1732] Building CXX object lib/CodeGen/CMakeFiles/LLVMCodeGen.dir/InterleavedLoadCombinePass.cpp.obj
[263/1732] Building CXX object lib/CodeGen/CMakeFiles/LLVMCodeGen.dir/IntrinsicLowering.cpp.obj
[264/1732] Building CXX object lib/CodeGen/CMakeFiles/LLVMCodeGen.dir/JMCInstrumenter.cpp.obj
[265/1732] Building CXX object lib/CodeGen/CMakeFiles/LLVMCodeGen.dir/KCFI.cpp.obj
[266/1732] Building CXX object lib/CodeGen/CMakeFiles/LLVMCodeGen.dir/LazyMachineBlockFrequencyInfo.cpp.obj
[267/1732] Building CXX object lib/CodeGen/CMakeFiles/LLVMCodeGen.dir/LatencyPriorityQueue.cpp.obj
[268/1732] Building CXX object lib/CodeGen/CMakeFiles/LLVMCodeGen.dir/LibcallLoweringInfo.cpp.obj
[269/1732] Building CXX object lib/CodeGen/CMakeFiles/LLVMCodeGen.dir/LexicalScopes.cpp.obj
[270/1732] Building CXX object lib/CodeGen/CMakeFiles/LLVMCodeGen.dir/LiveIntervals.cpp.obj
[271/1732] Building CXX object lib/CodeGen/CMakeFiles/LLVMCodeGen.dir/LiveDebugVariables.cpp.obj
[272/1732] Building CXX object lib/CodeGen/CMakeFiles/LLVMCodeGen.dir/LiveInterval.cpp.obj
[273/1732] Building CXX object lib/CodeGen/CMakeFiles/LLVMCodeGen.dir/LiveIntervalUnion.cpp.obj
[274/1732] Building CXX object lib/CodeGen/CMakeFiles/LLVMCodeGen.dir/LivePhysRegs.cpp.obj
[275/1732] Building CXX object lib/CodeGen/CMakeFiles/LLVMCodeGen.dir/LiveRangeCalc.cpp.obj
[276/1732] Building CXX object lib/CodeGen/CMakeFiles/LLVMCodeGen.dir/LiveIntervalCalc.cpp.obj
[277/1732] Building CXX object lib/CodeGen/CMakeFiles/LLVMCodeGen.dir/LiveRangeShrink.cpp.obj
[278/1732] Building CXX object lib/CodeGen/CMakeFiles/LLVMCodeGen.dir/LiveRangeEdit.cpp.obj
[279/1732] Building CXX object lib/CodeGen/CMakeFiles/LLVMCodeGen.dir/LiveRegUnits.cpp.obj
[280/1732] Building CXX object lib/CodeGen/CMakeFiles/LLVMCodeGen.dir/LiveRegMatrix.cpp.obj
[281/1732] Building CXX object lib/CodeGen/CMakeFiles/LLVMCodeGen.dir/LiveStacks.cpp.obj
[282/1732] Building CXX object lib/CodeGen/CMakeFiles/LLVMCodeGen.dir/LiveVariables.cpp.obj
[283/1732] Building CXX object lib/CodeGen/CMakeFiles/LLVMCodeGen.dir/CodeGenTargetMachineImpl.cpp.obj
[284/1732] Building CXX object lib/CodeGen/CMakeFiles/LLVMCodeGen.dir/LocalStackSlotAllocation.cpp.obj
[285/1732] Building CXX object lib/CodeGen/CMakeFiles/LLVMCodeGen.dir/LowLevelTypeUtils.cpp.obj
[286/1732] Building CXX object lib/CodeGen/CMakeFiles/LLVMCodeGen.dir/LoopTraversal.cpp.obj
[287/1732] Building CXX object lib/CodeGen/CMakeFiles/LLVMCodeGen.dir/LowerEmuTLS.cpp.obj
[288/1732] Building CXX object lib/CodeGen/CMakeFiles/LLVMCodeGen.dir/MachineBasicBlock.cpp.obj
[289/1732] Building CXX object lib/CodeGen/CMakeFiles/LLVMCodeGen.dir/MachineBlockFrequencyInfo.cpp.obj
[290/1732] Building CXX object lib/CodeGen/CMakeFiles/LLVMCodeGen.dir/MachineBlockHashInfo.cpp.obj
[291/1732] Building CXX object lib/CodeGen/CMakeFiles/LLVMCodeGen.dir/MachineBranchProbabilityInfo.cpp.obj
[292/1732] Building CXX object lib/CodeGen/CMakeFiles/LLVMCodeGen.dir/MachineCFGPrinter.cpp.obj
[293/1732] Building CXX object lib/CodeGen/CMakeFiles/LLVMCodeGen.dir/MachineCombiner.cpp.obj
[294/1732] Building CXX object lib/CodeGen/CMakeFiles/LLVMCodeGen.dir/MachineConvergenceVerifier.cpp.obj
[295/1732] Building CXX object lib/CodeGen/CMakeFiles/LLVMCodeGen.dir/MachineBlockPlacement.cpp.obj
[296/1732] Building CXX object lib/CodeGen/CMakeFiles/LLVMCodeGen.dir/MachineCSE.cpp.obj
[297/1732] Building CXX object lib/CodeGen/CMakeFiles/LLVMCodeGen.dir/MachineCopyPropagation.cpp.obj
[298/1732] Building CXX object lib/CodeGen/CMakeFiles/LLVMCodeGen.dir/MachineCheckDebugify.cpp.obj
[299/1732] Building CXX object lib/CodeGen/CMakeFiles/LLVMCodeGen.dir/MachineDebugify.cpp.obj
[300/1732] Building CXX object lib/CodeGen/CMakeFiles/LLVMCodeGen.dir/MachineCycleAnalysis.cpp.obj
[301/1732] Building CXX object lib/CodeGen/CMakeFiles/LLVMCodeGen.dir/MachineDomTreeUpdater.cpp.obj
[302/1732] Building CXX object lib/CodeGen/CMakeFiles/LLVMCodeGen.dir/MachineDominanceFrontier.cpp.obj
[303/1732] Building CXX object lib/CodeGen/CMakeFiles/LLVMCodeGen.dir/MachineFrameInfo.cpp.obj
[304/1732] Building CXX object lib/CodeGen/CMakeFiles/LLVMCodeGen.dir/MachineDominators.cpp.obj
[305/1732] Building CXX object lib/CodeGen/CMakeFiles/LLVMCodeGen.dir/MachineFunction.cpp.obj
[306/1732] Building CXX object lib/CodeGen/CMakeFiles/LLVMCodeGen.dir/MachineFunctionPass.cpp.obj
[307/1732] Building CXX object lib/CodeGen/CMakeFiles/LLVMCodeGen.dir/MachineFunctionPrinterPass.cpp.obj
[308/1732] Building CXX object lib/CodeGen/CMakeFiles/LLVMCodeGen.dir/MachineFunctionSplitter.cpp.obj
[309/1732] Building CXX object lib/CodeGen/CMakeFiles/LLVMCodeGen.dir/MachineIDFSSAUpdater.cpp.obj
[310/1732] Building CXX object lib/CodeGen/CMakeFiles/LLVMCodeGen.dir/MachineInstrBundle.cpp.obj
[311/1732] Building CXX object lib/CodeGen/CMakeFiles/LLVMCodeGen.dir/MachineLateInstrsCleanup.cpp.obj
[312/1732] Building CXX object lib/CodeGen/CMakeFiles/LLVMCodeGen.dir/MachineInstr.cpp.obj
[313/1732] Building CXX object lib/CodeGen/CMakeFiles/LLVMCodeGen.dir/MachineLoopInfo.cpp.obj
[314/1732] Building CXX object lib/CodeGen/CMakeFiles/LLVMCodeGen.dir/MachineLICM.cpp.obj
[315/1732] Building CXX object lib/CodeGen/CMakeFiles/LLVMCodeGen.dir/MachineLoopUtils.cpp.obj
[316/1732] Building CXX object lib/CodeGen/CMakeFiles/LLVMCodeGen.dir/MachineModuleInfo.cpp.obj
[317/1732] Building CXX object lib/CodeGen/CMakeFiles/LLVMCodeGen.dir/MachineModuleInfoImpls.cpp.obj
[318/1732] Building CXX object lib/CodeGen/CMakeFiles/LLVMCodeGen.dir/MachineModuleSlotTracker.cpp.obj
[319/1732] Building CXX object lib/CodeGen/CMakeFiles/LLVMCodeGen.dir/MachineOptimizationRemarkEmitter.cpp.obj
[320/1732] Building CXX object lib/CodeGen/CMakeFiles/LLVMCodeGen.dir/MachineOperand.cpp.obj
[321/1732] Building CXX object lib/CodeGen/CMakeFiles/LLVMCodeGen.dir/MachinePassManager.cpp.obj
[322/1732] Building CXX object lib/CodeGen/CMakeFiles/LLVMCodeGen.dir/MachineOutliner.cpp.obj
[323/1732] Building CXX object lib/CodeGen/CMakeFiles/LLVMCodeGen.dir/MachinePostDominators.cpp.obj
[324/1732] Building CXX object lib/CodeGen/CMakeFiles/LLVMCodeGen.dir/MachineRegionInfo.cpp.obj
[325/1732] Building CXX object lib/CodeGen/CMakeFiles/LLVMCodeGen.dir/MachineRegisterInfo.cpp.obj
[326/1732] Building CXX object lib/CodeGen/CMakeFiles/LLVMCodeGen.dir/MachinePipeliner.cpp.obj
[327/1732] Building CXX object lib/CodeGen/CMakeFiles/LLVMCodeGen.dir/MachineScheduler.cpp.obj
[328/1732] Building CXX object lib/CodeGen/CMakeFiles/LLVMCodeGen.dir/MachineSink.cpp.obj
[329/1732] Building CXX object lib/CodeGen/CMakeFiles/LLVMCodeGen.dir/MachineSizeOpts.cpp.obj
[330/1732] Building CXX object lib/CodeGen/CMakeFiles/LLVMCodeGen.dir/MachineSSAContext.cpp.obj
[331/1732] Building CXX object lib/CodeGen/CMakeFiles/LLVMCodeGen.dir/MachineSSAUpdater.cpp.obj
[332/1732] Building CXX object lib/CodeGen/CMakeFiles/LLVMCodeGen.dir/MachineStripDebug.cpp.obj
[333/1732] Building CXX object lib/CodeGen/CMakeFiles/LLVMCodeGen.dir/MachineTraceMetrics.cpp.obj
[334/1732] Building CXX object lib/CodeGen/CMakeFiles/LLVMCodeGen.dir/MachineUniformityAnalysis.cpp.obj
[335/1732] Building CXX object lib/CodeGen/CMakeFiles/LLVMCodeGen.dir/MIRFSDiscriminator.cpp.obj
[336/1732] Building CXX object lib/CodeGen/CMakeFiles/LLVMCodeGen.dir/MachineVerifier.cpp.obj
[337/1732] Building CXX object lib/CodeGen/CMakeFiles/LLVMCodeGen.dir/MIRYamlMapping.cpp.obj
[338/1732] Building CXX object lib/CodeGen/CMakeFiles/LLVMCodeGen.dir/MIRSampleProfile.cpp.obj
[339/1732] Building CXX object lib/CodeGen/CMakeFiles/LLVMCodeGen.dir/MIR2Vec.cpp.obj
[340/1732] Building CXX object lib/CodeGen/CMakeFiles/LLVMCodeGen.dir/MLRegAllocEvictAdvisor.cpp.obj
[341/1732] Building CXX object lib/CodeGen/CMakeFiles/LLVMCodeGen.dir/MLRegAllocPriorityAdvisor.cpp.obj
[342/1732] Building CXX object lib/CodeGen/CMakeFiles/LLVMCodeGen.dir/MultiHazardRecognizer.cpp.obj
[343/1732] Building CXX object lib/CodeGen/CMakeFiles/LLVMCodeGen.dir/PatchableFunction.cpp.obj
[344/1732] Building CXX object lib/CodeGen/CMakeFiles/LLVMCodeGen.dir/MBFIWrapper.cpp.obj
[345/1732] Building CXX object lib/CodeGen/CMakeFiles/LLVMCodeGen.dir/ModuloSchedule.cpp.obj
[346/1732] Building CXX object lib/CodeGen/CMakeFiles/LLVMCodeGen.dir/MIRPrintingPass.cpp.obj
[347/1732] Building CXX object lib/CodeGen/CMakeFiles/LLVMCodeGen.dir/MacroFusion.cpp.obj
[348/1732] Building CXX object lib/CodeGen/CMakeFiles/LLVMCodeGen.dir/NonRelocatableStringpool.cpp.obj
[349/1732] Building CXX object lib/CodeGen/CMakeFiles/LLVMCodeGen.dir/OptimizePHIs.cpp.obj
[350/1732] Building CXX object lib/CodeGen/CMakeFiles/LLVMCodeGen.dir/MIRPrinter.cpp.obj
[351/1732] Building CXX object lib/CodeGen/CMakeFiles/LLVMCodeGen.dir/PeepholeOptimizer.cpp.obj
[352/1732] Building CXX object lib/CodeGen/CMakeFiles/LLVMCodeGen.dir/PHIEliminationUtils.cpp.obj
[353/1732] Building CXX object lib/CodeGen/CMakeFiles/LLVMCodeGen.dir/PostRAHazardRecognizer.cpp.obj
[354/1732] Building CXX object lib/CodeGen/CMakeFiles/LLVMCodeGen.dir/PHIElimination.cpp.obj
[355/1732] Building CXX object lib/CodeGen/CMakeFiles/LLVMCodeGen.dir/PostRASchedulerList.cpp.obj
[356/1732] Building CXX object lib/CodeGen/CMakeFiles/LLVMCodeGen.dir/PreISelIntrinsicLowering.cpp.obj
[357/1732] Building CXX object lib/CodeGen/CMakeFiles/LLVMCodeGen.dir/ProcessImplicitDefs.cpp.obj
[358/1732] Building CXX object lib/CodeGen/CMakeFiles/LLVMCodeGen.dir/PseudoProbeInserter.cpp.obj
[359/1732] Building CXX object lib/CodeGen/CMakeFiles/LLVMCodeGen.dir/PseudoSourceValue.cpp.obj
[360/1732] Building CXX object lib/CodeGen/CMakeFiles/LLVMCodeGen.dir/PrologEpilogInserter.cpp.obj
[361/1732] Building CXX object lib/CodeGen/CMakeFiles/LLVMCodeGen.dir/RDFGraph.cpp.obj
[362/1732] Building CXX object lib/CodeGen/CMakeFiles/LLVMCodeGen.dir/RDFRegisters.cpp.obj
[363/1732] Building CXX object lib/CodeGen/CMakeFiles/LLVMCodeGen.dir/RDFLiveness.cpp.obj
[364/1732] Building CXX object lib/CodeGen/CMakeFiles/LLVMCodeGen.dir/RegAllocBase.cpp.obj
[365/1732] Building CXX object lib/CodeGen/CMakeFiles/LLVMCodeGen.dir/ReachingDefAnalysis.cpp.obj
[366/1732] Building CXX object lib/CodeGen/CMakeFiles/LLVMCodeGen.dir/RegAllocBasic.cpp.obj
[367/1732] Building CXX object lib/CodeGen/CMakeFiles/LLVMCodeGen.dir/RegAllocEvictionAdvisor.cpp.obj
[368/1732] Building CXX object lib/CodeGen/CMakeFiles/LLVMCodeGen.dir/RegAllocFast.cpp.obj
[369/1732] Building CXX object lib/CodeGen/CMakeFiles/LLVMCodeGen.dir/RegAllocGreedy.cpp.obj
[370/1732] Building CXX object lib/CodeGen/CMakeFiles/LLVMCodeGen.dir/RegAllocPriorityAdvisor.cpp.obj
[371/1732] Building CXX object lib/CodeGen/CMakeFiles/LLVMCodeGen.dir/RegAllocPBQP.cpp.obj
[372/1732] Building CXX object lib/CodeGen/CMakeFiles/LLVMCodeGen.dir/RegAllocScore.cpp.obj
[373/1732] Building CXX object lib/CodeGen/CMakeFiles/LLVMCodeGen.dir/RegisterClassInfo.cpp.obj
[374/1732] Building CXX object lib/CodeGen/CMakeFiles/LLVMCodeGen.dir/RegisterPressure.cpp.obj
[375/1732] Building CXX object lib/CodeGen/CMakeFiles/LLVMCodeGen.dir/RegisterScavenging.cpp.obj
[376/1732] Building CXX object lib/CodeGen/CMakeFiles/LLVMCodeGen.dir/GCEmptyBasicBlocks.cpp.obj
[377/1732] Building CXX object lib/CodeGen/CMakeFiles/LLVMCodeGen.dir/RegisterCoalescer.cpp.obj
[378/1732] Building CXX object lib/CodeGen/CMakeFiles/LLVMCodeGen.dir/RemoveRedundantDebugValues.cpp.obj
[379/1732] Building CXX object lib/CodeGen/CMakeFiles/LLVMCodeGen.dir/RenameIndependentSubregs.cpp.obj
[380/1732] Building CXX object lib/CodeGen/CMakeFiles/LLVMCodeGen.dir/MachineStableHash.cpp.obj
[381/1732] Building CXX object lib/CodeGen/CMakeFiles/LLVMCodeGen.dir/Rematerializer.cpp.obj
[382/1732] Building CXX object lib/CodeGen/CMakeFiles/LLVMCodeGen.dir/MIRVRegNamerUtils.cpp.obj
[383/1732] Building CXX object lib/CodeGen/CMakeFiles/LLVMCodeGen.dir/MIRNamerPass.cpp.obj
[384/1732] Building CXX object lib/CodeGen/CMakeFiles/LLVMCodeGen.dir/RegisterUsageInfo.cpp.obj
[385/1732] Building CXX object lib/CodeGen/CMakeFiles/LLVMCodeGen.dir/MIRCanonicalizerPass.cpp.obj
[386/1732] Building CXX object lib/CodeGen/CMakeFiles/LLVMCodeGen.dir/RegUsageInfoCollector.cpp.obj
[387/1732] Building CXX object lib/CodeGen/CMakeFiles/LLVMCodeGen.dir/RegUsageInfoPropagate.cpp.obj
[388/1732] Building CXX object lib/CodeGen/CMakeFiles/LLVMCodeGen.dir/RemoveLoadsIntoFakeUses.cpp.obj
[389/1732] Building CXX object lib/CodeGen/CMakeFiles/LLVMCodeGen.dir/ResetMachineFunctionPass.cpp.obj
[390/1732] Building CXX object lib/CodeGen/CMakeFiles/LLVMCodeGen.dir/ReplaceWithVeclib.cpp.obj
[391/1732] Building CXX object lib/CodeGen/CMakeFiles/LLVMCodeGen.dir/RegisterBank.cpp.obj
[392/1732] Building CXX object lib/CodeGen/CMakeFiles/LLVMCodeGen.dir/RegisterBankInfo.cpp.obj
[393/1732] Building CXX object lib/CodeGen/CMakeFiles/LLVMCodeGen.dir/SafeStackLayout.cpp.obj
[394/1732] Building CXX object lib/CodeGen/CMakeFiles/LLVMCodeGen.dir/SanitizerBinaryMetadata.cpp.obj
[395/1732] Building CXX object lib/CodeGen/CMakeFiles/LLVMCodeGen.dir/SafeStack.cpp.obj
[396/1732] Building CXX object lib/CodeGen/CMakeFiles/LLVMCodeGen.dir/ScheduleDAG.cpp.obj
[397/1732] Building CXX object lib/CodeGen/CMakeFiles/LLVMCodeGen.dir/ScheduleDAGPrinter.cpp.obj
[398/1732] Building CXX object lib/CodeGen/CMakeFiles/LLVMCodeGen.dir/ScheduleDAGInstrs.cpp.obj
[399/1732] Building CXX object lib/CodeGen/CMakeFiles/LLVMCodeGen.dir/ScoreboardHazardRecognizer.cpp.obj
[400/1732] Building CXX object lib/CodeGen/CMakeFiles/LLVMCodeGen.dir/ShadowStackGCLowering.cpp.obj
[401/1732] Building CXX object lib/CodeGen/CMakeFiles/LLVMCodeGen.dir/SelectOptimize.cpp.obj
[402/1732] Building CXX object lib/CodeGen/CMakeFiles/LLVMCodeGen.dir/ShrinkWrap.cpp.obj
[403/1732] Building CXX object lib/CodeGen/CMakeFiles/LLVMCodeGen.dir/SjLjEHPrepare.cpp.obj
[404/1732] Building CXX object lib/CodeGen/CMakeFiles/LLVMCodeGen.dir/SlotIndexes.cpp.obj
[405/1732] Building CXX object lib/CodeGen/CMakeFiles/LLVMCodeGen.dir/SpillPlacement.cpp.obj
[406/1732] Building CXX object lib/CodeGen/CMakeFiles/LLVMCodeGen.dir/SplitKit.cpp.obj
[407/1732] Building CXX object lib/CodeGen/CMakeFiles/LLVMCodeGen.dir/StackColoring.cpp.obj
[408/1732] Building CXX object lib/CodeGen/CMakeFiles/LLVMCodeGen.dir/StackMapLivenessAnalysis.cpp.obj
[409/1732] Building CXX object lib/CodeGen/CMakeFiles/LLVMCodeGen.dir/StackFrameLayoutAnalysisPass.cpp.obj
[410/1732] Building CXX object lib/CodeGen/CMakeFiles/LLVMCodeGen.dir/StackMaps.cpp.obj
[411/1732] Building CXX object lib/CodeGen/CMakeFiles/LLVMCodeGen.dir/StackProtector.cpp.obj
[412/1732] Building CXX object lib/CodeGen/CMakeFiles/LLVMCodeGen.dir/StaticDataSplitter.cpp.obj
[413/1732] Building CXX object lib/CodeGen/CMakeFiles/LLVMCodeGen.dir/StaticDataAnnotator.cpp.obj
[414/1732] Building CXX object lib/CodeGen/CMakeFiles/LLVMCodeGen.dir/StackSlotColoring.cpp.obj
[415/1732] Building CXX object lib/CodeGen/CMakeFiles/LLVMCodeGen.dir/SwiftErrorValueTracking.cpp.obj
[416/1732] Building CXX object lib/CodeGen/CMakeFiles/LLVMCodeGen.dir/TailDuplication.cpp.obj
[417/1732] Building CXX object lib/CodeGen/CMakeFiles/LLVMCodeGen.dir/SwitchLoweringUtils.cpp.obj
[418/1732] Building CXX object lib/CodeGen/CMakeFiles/LLVMCodeGen.dir/TargetFrameLoweringImpl.cpp.obj
[419/1732] Building CXX object lib/CodeGen/CMakeFiles/LLVMCodeGen.dir/TailDuplicator.cpp.obj
[420/1732] Building CXX object lib/CodeGen/CMakeFiles/LLVMCodeGen.dir/TargetInstrInfo.cpp.obj
[421/1732] Building CXX object lib/CodeGen/CMakeFiles/LLVMCodeGen.dir/TargetLoweringBase.cpp.obj
[422/1732] Building CXX object lib/CodeGen/CMakeFiles/LLVMCodeGen.dir/TargetOptionsImpl.cpp.obj
[423/1732] Building CXX object lib/CodeGen/CMakeFiles/LLVMCodeGen.dir/TargetLoweringObjectFileImpl.cpp.obj
[424/1732] Building CXX object lib/CodeGen/CMakeFiles/LLVMCodeGen.dir/TargetPassConfig.cpp.obj
[425/1732] Building CXX object lib/CodeGen/CMakeFiles/LLVMCodeGen.dir/TargetRegisterInfo.cpp.obj
[426/1732] Building CXX object lib/CodeGen/CMakeFiles/LLVMCodeGen.dir/TargetSchedule.cpp.obj
[427/1732] Building CXX object lib/CodeGen/CMakeFiles/LLVMCodeGen.dir/TargetSubtargetInfo.cpp.obj
[428/1732] Building CXX object lib/CodeGen/CMakeFiles/LLVMCodeGen.dir/TypePromotion.cpp.obj
[429/1732] Building CXX object lib/CodeGen/CMakeFiles/LLVMCodeGen.dir/TwoAddressInstructionPass.cpp.obj
[430/1732] Building CXX object lib/CodeGen/CMakeFiles/LLVMCodeGen.dir/UnreachableBlockElim.cpp.obj
[431/1732] Building CXX object lib/CodeGen/CMakeFiles/LLVMCodeGen.dir/ValueTypes.cpp.obj
[432/1732] Building CXX object lib/CodeGen/CMakeFiles/LLVMCodeGen.dir/VLIWMachineScheduler.cpp.obj
[433/1732] Building CXX object lib/CodeGen/CMakeFiles/LLVMCodeGen.dir/VirtRegMap.cpp.obj
[434/1732] Building CXX object lib/CodeGen/CMakeFiles/LLVMCodeGen.dir/WasmEHPrepare.cpp.obj
[435/1732] Building CXX object lib/CodeGen/CMakeFiles/LLVMCodeGen.dir/WindowsSecureHotPatching.cpp.obj
[436/1732] Building CXX object lib/CodeGen/CMakeFiles/LLVMCodeGen.dir/WindowScheduler.cpp.obj
[437/1732] Building CXX object lib/CodeGen/CMakeFiles/LLVMCodeGen.dir/XRayInstrumentation.cpp.obj
[438/1732] Building CXX object lib/CodeGen/CMakeFiles/LLVMCodeGen.dir/LiveDebugValues/LiveDebugValues.cpp.obj
[439/1732] Building CXX object lib/CodeGen/CMakeFiles/LLVMCodeGen.dir/WinEHPrepare.cpp.obj
[440/1732] Building CXX object lib/CodeGen/CMakeFiles/LLVMCodeGen.dir/LiveDebugValues/VarLocBasedImpl.cpp.obj
[441/1732] Building CXX object lib/CodeGen/CMakeFiles/LLVMCodeGen.dir/LiveDebugValues/InstrRefBasedImpl.cpp.obj
[442/1732] Building CXX object lib/CodeGen/SelectionDAG/CMakeFiles/LLVMSelectionDAG.dir/FastISel.cpp.obj
[443/1732] Building CXX object lib/CodeGen/SelectionDAG/CMakeFiles/LLVMSelectionDAG.dir/FunctionLoweringInfo.cpp.obj
[444/1732] Building CXX object lib/CodeGen/SelectionDAG/CMakeFiles/LLVMSelectionDAG.dir/InstrEmitter.cpp.obj
[445/1732] Building CXX object lib/CodeGen/SelectionDAG/CMakeFiles/LLVMSelectionDAG.dir/LegalizeDAG.cpp.obj
[446/1732] Building CXX object lib/CodeGen/SelectionDAG/CMakeFiles/LLVMSelectionDAG.dir/LegalizeFloatTypes.cpp.obj
[447/1732] Building CXX object lib/CodeGen/SelectionDAG/CMakeFiles/LLVMSelectionDAG.dir/DAGCombiner.cpp.obj
[448/1732] Building CXX object lib/CodeGen/SelectionDAG/CMakeFiles/LLVMSelectionDAG.dir/LegalizeIntegerTypes.cpp.obj
[449/1732] Building CXX object lib/CodeGen/SelectionDAG/CMakeFiles/LLVMSelectionDAG.dir/LegalizeTypes.cpp.obj
[450/1732] Building CXX object lib/CodeGen/SelectionDAG/CMakeFiles/LLVMSelectionDAG.dir/LegalizeTypesGeneric.cpp.obj
[451/1732] Building CXX object lib/CodeGen/SelectionDAG/CMakeFiles/LLVMSelectionDAG.dir/LegalizeVectorOps.cpp.obj
[452/1732] Building CXX object lib/CodeGen/SelectionDAG/CMakeFiles/LLVMSelectionDAG.dir/ResourcePriorityQueue.cpp.obj
[453/1732] Building CXX object lib/CodeGen/SelectionDAG/CMakeFiles/LLVMSelectionDAG.dir/SDNodeInfo.cpp.obj
[454/1732] Building CXX object lib/CodeGen/SelectionDAG/CMakeFiles/LLVMSelectionDAG.dir/LegalizeVectorTypes.cpp.obj
[455/1732] Building CXX object lib/CodeGen/SelectionDAG/CMakeFiles/LLVMSelectionDAG.dir/ScheduleDAGFast.cpp.obj
[456/1732] Building CXX object lib/CodeGen/SelectionDAG/CMakeFiles/LLVMSelectionDAG.dir/ScheduleDAGSDNodes.cpp.obj
[457/1732] Building CXX object lib/CodeGen/SelectionDAG/CMakeFiles/LLVMSelectionDAG.dir/ScheduleDAGRRList.cpp.obj
[458/1732] Building CXX object lib/CodeGen/SelectionDAG/CMakeFiles/LLVMSelectionDAG.dir/ScheduleDAGVLIW.cpp.obj
[459/1732] Building CXX object lib/CodeGen/SelectionDAG/CMakeFiles/LLVMSelectionDAG.dir/SelectionDAGBuilder.cpp.obj
[460/1732] Building CXX object lib/CodeGen/SelectionDAG/CMakeFiles/LLVMSelectionDAG.dir/SelectionDAG.cpp.obj
[461/1732] Building CXX object lib/CodeGen/SelectionDAG/CMakeFiles/LLVMSelectionDAG.dir/SelectionDAGAddressAnalysis.cpp.obj
[462/1732] Building CXX object lib/CodeGen/SelectionDAG/CMakeFiles/LLVMSelectionDAG.dir/SelectionDAGDumper.cpp.obj
[463/1732] Building CXX object lib/CodeGen/SelectionDAG/CMakeFiles/LLVMSelectionDAG.dir/SelectionDAGPrinter.cpp.obj
[464/1732] Building CXX object lib/CodeGen/SelectionDAG/CMakeFiles/LLVMSelectionDAG.dir/SelectionDAGTargetInfo.cpp.obj
[465/1732] Building CXX object lib/CodeGen/SelectionDAG/CMakeFiles/LLVMSelectionDAG.dir/StatepointLowering.cpp.obj
[466/1732] Building CXX object lib/CodeGen/SelectionDAG/CMakeFiles/LLVMSelectionDAG.dir/SelectionDAGISel.cpp.obj
[467/1732] Building CXX object lib/CodeGen/AsmPrinter/CMakeFiles/LLVMAsmPrinter.dir/AccelTable.cpp.obj
[468/1732] Building CXX object lib/CodeGen/AsmPrinter/CMakeFiles/LLVMAsmPrinter.dir/AddressPool.cpp.obj
[469/1732] Building CXX object lib/CodeGen/AsmPrinter/CMakeFiles/LLVMAsmPrinter.dir/AIXException.cpp.obj
[470/1732] Building CXX object lib/CodeGen/AsmPrinter/CMakeFiles/LLVMAsmPrinter.dir/ARMException.cpp.obj
[471/1732] Building CXX object lib/CodeGen/SelectionDAG/CMakeFiles/LLVMSelectionDAG.dir/TargetLowering.cpp.obj
[472/1732] Building CXX object lib/CodeGen/AsmPrinter/CMakeFiles/LLVMAsmPrinter.dir/AsmPrinterDwarf.cpp.obj
[473/1732] Building CXX object lib/CodeGen/AsmPrinter/CMakeFiles/LLVMAsmPrinter.dir/AsmPrinterInlineAsm.cpp.obj
[474/1732] Building CXX object lib/CodeGen/AsmPrinter/CMakeFiles/LLVMAsmPrinter.dir/DbgEntityHistoryCalculator.cpp.obj
[475/1732] Building CXX object lib/CodeGen/AsmPrinter/CMakeFiles/LLVMAsmPrinter.dir/AsmPrinter.cpp.obj
[476/1732] Building CXX object lib/CodeGen/AsmPrinter/CMakeFiles/LLVMAsmPrinter.dir/DebugHandlerBase.cpp.obj
[477/1732] Building CXX object lib/CodeGen/AsmPrinter/CMakeFiles/LLVMAsmPrinter.dir/DebugLocStream.cpp.obj
[478/1732] Building CXX object lib/CodeGen/AsmPrinter/CMakeFiles/LLVMAsmPrinter.dir/DIE.cpp.obj
[479/1732] Building CXX object lib/CodeGen/AsmPrinter/CMakeFiles/LLVMAsmPrinter.dir/DwarfCFIException.cpp.obj
[480/1732] Building CXX object lib/CodeGen/AsmPrinter/CMakeFiles/LLVMAsmPrinter.dir/DIEHash.cpp.obj
[481/1732] Building CXX object lib/CodeGen/AsmPrinter/CMakeFiles/LLVMAsmPrinter.dir/DwarfCompileUnit.cpp.obj
[482/1732] Building CXX object lib/CodeGen/AsmPrinter/CMakeFiles/LLVMAsmPrinter.dir/DwarfExpression.cpp.obj
[483/1732] Building CXX object lib/CodeGen/AsmPrinter/CMakeFiles/LLVMAsmPrinter.dir/DwarfFile.cpp.obj
[484/1732] Building CXX object lib/CodeGen/AsmPrinter/CMakeFiles/LLVMAsmPrinter.dir/DwarfStringPool.cpp.obj
[485/1732] Building CXX object lib/CodeGen/AsmPrinter/CMakeFiles/LLVMAsmPrinter.dir/DwarfDebug.cpp.obj
[486/1732] Building CXX object lib/CodeGen/AsmPrinter/CMakeFiles/LLVMAsmPrinter.dir/DwarfUnit.cpp.obj
[487/1732] Building CXX object lib/CodeGen/AsmPrinter/CMakeFiles/LLVMAsmPrinter.dir/EHStreamer.cpp.obj
[488/1732] Building CXX object lib/CodeGen/AsmPrinter/CMakeFiles/LLVMAsmPrinter.dir/ErlangGCPrinter.cpp.obj
[489/1732] Building CXX object lib/CodeGen/AsmPrinter/CMakeFiles/LLVMAsmPrinter.dir/OcamlGCPrinter.cpp.obj
[490/1732] Building CXX object lib/CodeGen/AsmPrinter/CMakeFiles/LLVMAsmPrinter.dir/WinCFGuard.cpp.obj
[491/1732] Building CXX object lib/CodeGen/AsmPrinter/CMakeFiles/LLVMAsmPrinter.dir/PseudoProbePrinter.cpp.obj
[492/1732] Building CXX object lib/CodeGen/AsmPrinter/CMakeFiles/LLVMAsmPrinter.dir/WinException.cpp.obj
[493/1732] Building CXX object lib/CodeGen/AsmPrinter/CMakeFiles/LLVMAsmPrinter.dir/WasmException.cpp.obj
[494/1732] Building CXX object lib/CodeGen/MIRParser/CMakeFiles/LLVMMIRParser.dir/MILexer.cpp.obj
[495/1732] Building CXX object lib/CodeGen/MIRParser/CMakeFiles/LLVMMIRParser.dir/MIParser.cpp.obj
[496/1732] Building CXX object lib/CodeGen/AsmPrinter/CMakeFiles/LLVMAsmPrinter.dir/CodeViewDebug.cpp.obj
[497/1732] Building CXX object lib/CodeGen/GlobalISel/CMakeFiles/LLVMGlobalISel.dir/CSEInfo.cpp.obj
[498/1732] Building CXX object lib/CodeGen/GlobalISel/CMakeFiles/LLVMGlobalISel.dir/GISelValueTracking.cpp.obj
[499/1732] Building CXX object lib/CodeGen/MIRParser/CMakeFiles/LLVMMIRParser.dir/MIRParser.cpp.obj
[500/1732] Building CXX object lib/CodeGen/GlobalISel/CMakeFiles/LLVMGlobalISel.dir/CSEMIRBuilder.cpp.obj
[501/1732] Building CXX object lib/CodeGen/GlobalISel/CMakeFiles/LLVMGlobalISel.dir/GlobalISel.cpp.obj
[502/1732] Building CXX object lib/CodeGen/GlobalISel/CMakeFiles/LLVMGlobalISel.dir/CallLowering.cpp.obj
[503/1732] Building CXX object lib/CodeGen/GlobalISel/CMakeFiles/LLVMGlobalISel.dir/Combiner.cpp.obj
[504/1732] Building CXX object lib/CodeGen/GlobalISel/CMakeFiles/LLVMGlobalISel.dir/CombinerHelperArtifacts.cpp.obj
[505/1732] Building CXX object lib/CodeGen/GlobalISel/CMakeFiles/LLVMGlobalISel.dir/CombinerHelperCasts.cpp.obj
[506/1732] Building CXX object lib/CodeGen/GlobalISel/CMakeFiles/LLVMGlobalISel.dir/CombinerHelperCompares.cpp.obj
[507/1732] Building CXX object lib/CodeGen/GlobalISel/CMakeFiles/LLVMGlobalISel.dir/CombinerHelperVectorOps.cpp.obj
[508/1732] Building CXX object lib/CodeGen/GlobalISel/CMakeFiles/LLVMGlobalISel.dir/GIMatchTableExecutor.cpp.obj
[509/1732] Building CXX object lib/CodeGen/GlobalISel/CMakeFiles/LLVMGlobalISel.dir/GISelChangeObserver.cpp.obj
[510/1732] Building CXX object lib/CodeGen/GlobalISel/CMakeFiles/LLVMGlobalISel.dir/CombinerHelper.cpp.obj
[511/1732] Building CXX object lib/CodeGen/GlobalISel/CMakeFiles/LLVMGlobalISel.dir/InlineAsmLowering.cpp.obj
[512/1732] Building CXX object lib/CodeGen/GlobalISel/CMakeFiles/LLVMGlobalISel.dir/InstructionSelect.cpp.obj
[513/1732] Building CXX object lib/CodeGen/GlobalISel/CMakeFiles/LLVMGlobalISel.dir/InstructionSelector.cpp.obj
[514/1732] Building CXX object lib/CodeGen/GlobalISel/CMakeFiles/LLVMGlobalISel.dir/IRTranslator.cpp.obj
[515/1732] Building CXX object lib/CodeGen/GlobalISel/CMakeFiles/LLVMGlobalISel.dir/LegalityPredicates.cpp.obj
[516/1732] Building CXX object lib/CodeGen/GlobalISel/CMakeFiles/LLVMGlobalISel.dir/LegalizeMutations.cpp.obj
[517/1732] Building CXX object lib/CodeGen/GlobalISel/CMakeFiles/LLVMGlobalISel.dir/Legalizer.cpp.obj
[518/1732] Building CXX object lib/CodeGen/GlobalISel/CMakeFiles/LLVMGlobalISel.dir/LegalizerInfo.cpp.obj
[519/1732] Building CXX object lib/CodeGen/GlobalISel/CMakeFiles/LLVMGlobalISel.dir/LoadStoreOpt.cpp.obj
[520/1732] Building CXX object lib/CodeGen/GlobalISel/CMakeFiles/LLVMGlobalISel.dir/Localizer.cpp.obj
[521/1732] Building CXX object lib/CodeGen/GlobalISel/CMakeFiles/LLVMGlobalISel.dir/LegalizerHelper.cpp.obj
[522/1732] Building CXX object lib/CodeGen/GlobalISel/CMakeFiles/LLVMGlobalISel.dir/MachineFloatingPointPredicateUtils.cpp.obj
[523/1732] Building CXX object lib/CodeGen/GlobalISel/CMakeFiles/LLVMGlobalISel.dir/LostDebugLocObserver.cpp.obj
[524/1732] Building CXX object lib/CodeGen/GlobalISel/CMakeFiles/LLVMGlobalISel.dir/MachineIRBuilder.cpp.obj
[525/1732] Building CXX object lib/CodeGen/GlobalISel/CMakeFiles/LLVMGlobalISel.dir/RegBankSelect.cpp.obj
[526/1732] Building CXX object lib/BinaryFormat/CMakeFiles/LLVMBinaryFormat.dir/AMDGPUMetadataVerifier.cpp.obj
[527/1732] Building CXX object lib/BinaryFormat/CMakeFiles/LLVMBinaryFormat.dir/COFF.cpp.obj
[528/1732] Building CXX object lib/BinaryFormat/CMakeFiles/LLVMBinaryFormat.dir/Dwarf.cpp.obj
[529/1732] Building CXX object lib/CodeGen/GlobalISel/CMakeFiles/LLVMGlobalISel.dir/Utils.cpp.obj
[530/1732] Building CXX object lib/BinaryFormat/CMakeFiles/LLVMBinaryFormat.dir/DXContainer.cpp.obj
[531/1732] Building CXX object lib/BinaryFormat/CMakeFiles/LLVMBinaryFormat.dir/ELF.cpp.obj
[532/1732] Building CXX object lib/BinaryFormat/CMakeFiles/LLVMBinaryFormat.dir/MachO.cpp.obj
[533/1732] Building CXX object lib/BinaryFormat/CMakeFiles/LLVMBinaryFormat.dir/Magic.cpp.obj
[534/1732] Building CXX object lib/BinaryFormat/CMakeFiles/LLVMBinaryFormat.dir/MsgPackDocumentYAML.cpp.obj
[535/1732] Building CXX object lib/BinaryFormat/CMakeFiles/LLVMBinaryFormat.dir/MsgPackDocument.cpp.obj
[536/1732] Building CXX object lib/BinaryFormat/CMakeFiles/LLVMBinaryFormat.dir/MsgPackReader.cpp.obj
[537/1732] Building CXX object lib/BinaryFormat/CMakeFiles/LLVMBinaryFormat.dir/MsgPackWriter.cpp.obj
[538/1732] Building CXX object lib/BinaryFormat/CMakeFiles/LLVMBinaryFormat.dir/SFrame.cpp.obj
[539/1732] Building CXX object lib/BinaryFormat/CMakeFiles/LLVMBinaryFormat.dir/Wasm.cpp.obj
[540/1732] Building CXX object lib/BinaryFormat/CMakeFiles/LLVMBinaryFormat.dir/XCOFF.cpp.obj
[541/1732] Building CXX object lib/Bitcode/Reader/CMakeFiles/LLVMBitReader.dir/BitReader.cpp.obj
[542/1732] Building CXX object lib/Bitcode/Reader/CMakeFiles/LLVMBitReader.dir/BitcodeAnalyzer.cpp.obj
[543/1732] Building CXX object lib/Bitcode/Reader/CMakeFiles/LLVMBitReader.dir/MetadataLoader.cpp.obj
[544/1732] Building CXX object lib/Bitcode/Reader/CMakeFiles/LLVMBitReader.dir/ValueList.cpp.obj
[545/1732] Building CXX object lib/Bitcode/Writer/CMakeFiles/LLVMBitWriter.dir/BitWriter.cpp.obj
[546/1732] Building CXX object lib/Bitcode/Reader/CMakeFiles/LLVMBitReader.dir/BitcodeReader.cpp.obj
[547/1732] Building CXX object lib/Bitcode/Writer/CMakeFiles/LLVMBitWriter.dir/BitcodeWriterPass.cpp.obj
[548/1732] Building CXX object lib/Bitcode/Writer/CMakeFiles/LLVMBitWriter.dir/ValueEnumerator.cpp.obj
[549/1732] Building CXX object lib/Frontend/Atomic/CMakeFiles/LLVMFrontendAtomic.dir/Atomic.cpp.obj
[550/1732] Building CXX object lib/Bitcode/Writer/CMakeFiles/LLVMBitWriter.dir/BitcodeWriter.cpp.obj
[551/1732] Building CXX object lib/Frontend/HLSL/CMakeFiles/LLVMFrontendHLSL.dir/CBuffer.cpp.obj
[552/1732] Building CXX object lib/Frontend/HLSL/CMakeFiles/LLVMFrontendHLSL.dir/HLSLResource.cpp.obj
[553/1732] Building CXX object lib/Frontend/HLSL/CMakeFiles/LLVMFrontendHLSL.dir/HLSLBinding.cpp.obj
[554/1732] Building CXX object lib/Frontend/HLSL/CMakeFiles/LLVMFrontendHLSL.dir/HLSLRootSignature.cpp.obj
[555/1732] Building CXX object lib/Frontend/HLSL/CMakeFiles/LLVMFrontendHLSL.dir/RootSignatureValidations.cpp.obj
[556/1732] Building CXX object lib/Frontend/HLSL/CMakeFiles/LLVMFrontendHLSL.dir/RootSignatureMetadata.cpp.obj
[557/1732] Building CXX object lib/Frontend/HLSL/CMakeFiles/LLVMFrontendHLSL.dir/SemanticSignatures.cpp.obj
[558/1732] Building CXX object lib/Frontend/OpenMP/CMakeFiles/LLVMFrontendOpenMP.dir/OMPContext.cpp.obj
[559/1732] Building CXX object lib/Frontend/OpenMP/CMakeFiles/LLVMFrontendOpenMP.dir/OMP.cpp.obj
[560/1732] Building CXX object lib/Frontend/OpenMP/CMakeFiles/LLVMFrontendOpenMP.dir/DirectiveNameParser.cpp.obj
[561/1732] Building CXX object lib/Frontend/Offloading/CMakeFiles/LLVMFrontendOffloading.dir/Utility.cpp.obj
[562/1732] Building CXX object lib/Frontend/Offloading/CMakeFiles/LLVMFrontendOffloading.dir/OffloadWrapper.cpp.obj
[563/1732] Building CXX object lib/Frontend/Offloading/CMakeFiles/LLVMFrontendOffloading.dir/PropertySet.cpp.obj
[564/1732] Building CXX object lib/Transforms/Utils/CMakeFiles/LLVMTransformUtils.dir/AddDiscriminators.cpp.obj
[565/1732] Building CXX object lib/Transforms/Utils/CMakeFiles/LLVMTransformUtils.dir/AMDGPUEmitPrintf.cpp.obj
[566/1732] Building CXX object lib/Transforms/Utils/CMakeFiles/LLVMTransformUtils.dir/ASanStackFrameLayout.cpp.obj
[567/1732] Building CXX object lib/Transforms/Utils/CMakeFiles/LLVMTransformUtils.dir/AssignGUID.cpp.obj
[568/1732] Building CXX object lib/Transforms/Utils/CMakeFiles/LLVMTransformUtils.dir/AssumeBundleBuilder.cpp.obj
[569/1732] Building CXX object lib/Frontend/OpenMP/CMakeFiles/LLVMFrontendOpenMP.dir/OMPIRBuilder.cpp.obj
[570/1732] Building CXX object lib/Transforms/Utils/CMakeFiles/LLVMTransformUtils.dir/BreakCriticalEdges.cpp.obj
[571/1732] Building CXX object lib/Transforms/Utils/CMakeFiles/LLVMTransformUtils.dir/BasicBlockUtils.cpp.obj
[572/1732] Building CXX object lib/Transforms/Utils/CMakeFiles/LLVMTransformUtils.dir/BuildLibCalls.cpp.obj
[573/1732] Building CXX object lib/Transforms/Utils/CMakeFiles/LLVMTransformUtils.dir/BypassSlowDivision.cpp.obj
[574/1732] Building CXX object lib/Transforms/Utils/CMakeFiles/LLVMTransformUtils.dir/CallPromotionUtils.cpp.obj
[575/1732] Building CXX object lib/Transforms/Utils/CMakeFiles/LLVMTransformUtils.dir/CallGraphUpdater.cpp.obj
[576/1732] Building CXX object lib/Transforms/Utils/CMakeFiles/LLVMTransformUtils.dir/CanonicalizeAliases.cpp.obj
[577/1732] Building CXX object lib/Transforms/Utils/CMakeFiles/LLVMTransformUtils.dir/CanonicalizeFreezeInLoops.cpp.obj
[578/1732] Building CXX object lib/Transforms/Utils/CMakeFiles/LLVMTransformUtils.dir/CloneModule.cpp.obj
[579/1732] Building CXX object lib/Transforms/Utils/CMakeFiles/LLVMTransformUtils.dir/CloneFunction.cpp.obj
[580/1732] Building CXX object lib/Transforms/Utils/CMakeFiles/LLVMTransformUtils.dir/CodeLayout.cpp.obj
[581/1732] Building CXX object lib/Transforms/Utils/CMakeFiles/LLVMTransformUtils.dir/CodeExtractor.cpp.obj
[582/1732] Building CXX object lib/Transforms/Utils/CMakeFiles/LLVMTransformUtils.dir/CodeMoverUtils.cpp.obj
[583/1732] Building CXX object lib/Transforms/Utils/CMakeFiles/LLVMTransformUtils.dir/ControlFlowUtils.cpp.obj
[584/1732] Building CXX object lib/Transforms/Utils/CMakeFiles/LLVMTransformUtils.dir/CountVisits.cpp.obj
[585/1732] Building CXX object lib/Transforms/Utils/CMakeFiles/LLVMTransformUtils.dir/CtorUtils.cpp.obj
[586/1732] Building CXX object lib/Transforms/Utils/CMakeFiles/LLVMTransformUtils.dir/DebugSSAUpdater.cpp.obj
[587/1732] Building CXX object lib/Transforms/Utils/CMakeFiles/LLVMTransformUtils.dir/DeclareRuntimeLibcalls.cpp.obj
[588/1732] Building CXX object lib/Transforms/Utils/CMakeFiles/LLVMTransformUtils.dir/Debugify.cpp.obj
[589/1732] Building CXX object lib/Transforms/Utils/CMakeFiles/LLVMTransformUtils.dir/DXILUpgrade.cpp.obj
[590/1732] Building CXX object lib/Transforms/Utils/CMakeFiles/LLVMTransformUtils.dir/DemoteRegToStack.cpp.obj
[591/1732] Building CXX object lib/Transforms/Utils/CMakeFiles/LLVMTransformUtils.dir/EscapeEnumerator.cpp.obj
[592/1732] Building CXX object lib/Transforms/Utils/CMakeFiles/LLVMTransformUtils.dir/EntryExitInstrumenter.cpp.obj
[593/1732] Building CXX object lib/Transforms/Utils/CMakeFiles/LLVMTransformUtils.dir/Evaluator.cpp.obj
[594/1732] Building CXX object lib/Transforms/Utils/CMakeFiles/LLVMTransformUtils.dir/FixIrreducible.cpp.obj
[595/1732] Building CXX object lib/Transforms/Utils/CMakeFiles/LLVMTransformUtils.dir/FlattenCFG.cpp.obj
[596/1732] Building CXX object lib/Transforms/Utils/CMakeFiles/LLVMTransformUtils.dir/FunctionComparator.cpp.obj
[597/1732] Building CXX object lib/Transforms/Utils/CMakeFiles/LLVMTransformUtils.dir/GlobalStatus.cpp.obj
[598/1732] Building CXX object lib/Transforms/Utils/CMakeFiles/LLVMTransformUtils.dir/FunctionImportUtils.cpp.obj
[599/1732] Building CXX object lib/Transforms/Utils/CMakeFiles/LLVMTransformUtils.dir/HelloWorld.cpp.obj
[600/1732] Building CXX object lib/Transforms/Utils/CMakeFiles/LLVMTransformUtils.dir/GuardUtils.cpp.obj
[601/1732] Building CXX object lib/Transforms/Utils/CMakeFiles/LLVMTransformUtils.dir/InjectTLIMappings.cpp.obj
[602/1732] Building CXX object lib/Transforms/Utils/CMakeFiles/LLVMTransformUtils.dir/InstructionNamer.cpp.obj
[603/1732] Building CXX object lib/Transforms/Utils/CMakeFiles/LLVMTransformUtils.dir/Instrumentation.cpp.obj
[604/1732] Building CXX object lib/Transforms/Utils/CMakeFiles/LLVMTransformUtils.dir/IntegerDivision.cpp.obj
[605/1732] Building CXX object lib/Transforms/Utils/CMakeFiles/LLVMTransformUtils.dir/InlineFunction.cpp.obj
[606/1732] Building CXX object lib/Transforms/Utils/CMakeFiles/LLVMTransformUtils.dir/IRNormalizer.cpp.obj
[607/1732] Building CXX object lib/Transforms/Utils/CMakeFiles/LLVMTransformUtils.dir/KCFIHash.cpp.obj
[608/1732] Building CXX object lib/Transforms/Utils/CMakeFiles/LLVMTransformUtils.dir/LibCallsShrinkWrap.cpp.obj
[609/1732] Building CXX object lib/Transforms/Utils/CMakeFiles/LLVMTransformUtils.dir/LCSSA.cpp.obj
[610/1732] Building CXX object lib/Transforms/Utils/CMakeFiles/LLVMTransformUtils.dir/LoopConstrainer.cpp.obj
[611/1732] Building CXX object lib/Transforms/Utils/CMakeFiles/LLVMTransformUtils.dir/Local.cpp.obj
[612/1732] Building CXX object lib/Transforms/Utils/CMakeFiles/LLVMTransformUtils.dir/LoopPeel.cpp.obj
[613/1732] Building CXX object lib/Transforms/Utils/CMakeFiles/LLVMTransformUtils.dir/LoopRotationUtils.cpp.obj
[614/1732] Building CXX object lib/Transforms/Utils/CMakeFiles/LLVMTransformUtils.dir/LoopSimplify.cpp.obj
[615/1732] Building CXX object lib/Transforms/Utils/CMakeFiles/LLVMTransformUtils.dir/LoopSplitUtils.cpp.obj
[616/1732] Building CXX object lib/Transforms/Utils/CMakeFiles/LLVMTransformUtils.dir/LoopSplitUtilsPass.cpp.obj
[617/1732] Building CXX object lib/Transforms/Utils/CMakeFiles/LLVMTransformUtils.dir/LoopUnrollAndJam.cpp.obj
[618/1732] Building CXX object lib/Transforms/Utils/CMakeFiles/LLVMTransformUtils.dir/LoopUnroll.cpp.obj
[619/1732] Building CXX object lib/Transforms/Utils/CMakeFiles/LLVMTransformUtils.dir/LoopUnrollRuntime.cpp.obj
[620/1732] Building CXX object lib/Transforms/Utils/CMakeFiles/LLVMTransformUtils.dir/LoopUtils.cpp.obj
[621/1732] Building CXX object lib/Transforms/Utils/CMakeFiles/LLVMTransformUtils.dir/LoopVersioning.cpp.obj
[622/1732] Building CXX object lib/Transforms/Utils/CMakeFiles/LLVMTransformUtils.dir/LowerAtomic.cpp.obj
[623/1732] Building CXX object lib/Transforms/Utils/CMakeFiles/LLVMTransformUtils.dir/LowerCommentStringPass.cpp.obj
[624/1732] Building CXX object lib/Transforms/Utils/CMakeFiles/LLVMTransformUtils.dir/LowerIFunc.cpp.obj
[625/1732] Building CXX object lib/Transforms/Utils/CMakeFiles/LLVMTransformUtils.dir/LowerGlobalDtors.cpp.obj
[626/1732] Building CXX object lib/Transforms/Utils/CMakeFiles/LLVMTransformUtils.dir/LowerInvoke.cpp.obj
[627/1732] Building CXX object lib/Transforms/Utils/CMakeFiles/LLVMTransformUtils.dir/LowerSwitch.cpp.obj
[628/1732] Building CXX object lib/Transforms/Utils/CMakeFiles/LLVMTransformUtils.dir/LowerMemIntrinsics.cpp.obj
[629/1732] Building CXX object lib/Transforms/Utils/CMakeFiles/LLVMTransformUtils.dir/LowerVectorIntrinsics.cpp.obj
[630/1732] Building CXX object lib/Transforms/Utils/CMakeFiles/LLVMTransformUtils.dir/MatrixUtils.cpp.obj
[631/1732] Building CXX object lib/Transforms/Utils/CMakeFiles/LLVMTransformUtils.dir/MemoryOpRemark.cpp.obj
[632/1732] Building CXX object lib/Transforms/Utils/CMakeFiles/LLVMTransformUtils.dir/Mem2Reg.cpp.obj
[633/1732] Building CXX object lib/Transforms/Utils/CMakeFiles/LLVMTransformUtils.dir/MemoryTaggingSupport.cpp.obj
[634/1732] Building CXX object lib/Transforms/Utils/CMakeFiles/LLVMTransformUtils.dir/MetaRenamer.cpp.obj
[635/1732] Building CXX object lib/Transforms/Utils/CMakeFiles/LLVMTransformUtils.dir/MisExpect.cpp.obj
[636/1732] Building CXX object lib/Transforms/Utils/CMakeFiles/LLVMTransformUtils.dir/MoveAutoInit.cpp.obj
[637/1732] Building CXX object lib/Transforms/Utils/CMakeFiles/LLVMTransformUtils.dir/ModuleUtils.cpp.obj
[638/1732] Building CXX object lib/Transforms/Utils/CMakeFiles/LLVMTransformUtils.dir/NameAnonGlobals.cpp.obj
[639/1732] Building CXX object lib/Transforms/Utils/CMakeFiles/LLVMTransformUtils.dir/ProfileVerify.cpp.obj
[640/1732] Building CXX object lib/Transforms/Utils/CMakeFiles/LLVMTransformUtils.dir/PredicateInfo.cpp.obj
[641/1732] Building CXX object lib/Transforms/Utils/CMakeFiles/LLVMTransformUtils.dir/RelLookupTableConverter.cpp.obj
[642/1732] Building CXX object lib/Transforms/Utils/CMakeFiles/LLVMTransformUtils.dir/PromoteMemoryToRegister.cpp.obj
[643/1732] Building CXX object lib/Transforms/Utils/CMakeFiles/LLVMTransformUtils.dir/ScalarEvolutionExpander.cpp.obj
[644/1732] Building CXX object lib/Transforms/Utils/CMakeFiles/LLVMTransformUtils.dir/StripConvergenceIntrinsics.cpp.obj
[645/1732] Building CXX object lib/Transforms/Utils/CMakeFiles/LLVMTransformUtils.dir/SCCPSolver.cpp.obj
[646/1732] Building CXX object lib/Transforms/Utils/CMakeFiles/LLVMTransformUtils.dir/StripGCRelocates.cpp.obj
[647/1732] Building CXX object lib/Transforms/Utils/CMakeFiles/LLVMTransformUtils.dir/SSAUpdater.cpp.obj
[648/1732] Building CXX object lib/Transforms/Utils/CMakeFiles/LLVMTransformUtils.dir/SSAUpdaterBulk.cpp.obj
[649/1732] Building CXX object lib/Transforms/Utils/CMakeFiles/LLVMTransformUtils.dir/SampleProfileLoaderBaseUtil.cpp.obj
[650/1732] Building CXX object lib/Transforms/Utils/CMakeFiles/LLVMTransformUtils.dir/SampleProfileInference.cpp.obj
[651/1732] Building CXX object lib/Transforms/Utils/CMakeFiles/LLVMTransformUtils.dir/SanitizerStats.cpp.obj
[652/1732] Building CXX object lib/Transforms/Utils/CMakeFiles/LLVMTransformUtils.dir/SimplifyIndVar.cpp.obj
[653/1732] Building CXX object lib/Transforms/Utils/CMakeFiles/LLVMTransformUtils.dir/SimplifyLibCalls.cpp.obj
[654/1732] Building CXX object lib/Transforms/Utils/CMakeFiles/LLVMTransformUtils.dir/SizeOpts.cpp.obj
[655/1732] Building CXX object lib/Transforms/Utils/CMakeFiles/LLVMTransformUtils.dir/SplitModule.cpp.obj
[656/1732] Building CXX object lib/Transforms/Utils/CMakeFiles/LLVMTransformUtils.dir/SimplifyCFG.cpp.obj
[657/1732] Building CXX object lib/Transforms/Utils/CMakeFiles/LLVMTransformUtils.dir/SplitModuleByCategory.cpp.obj
[658/1732] Building CXX object lib/Transforms/Utils/CMakeFiles/LLVMTransformUtils.dir/StripNonLineTableDebugInfo.cpp.obj
[659/1732] Building CXX object lib/Transforms/Utils/CMakeFiles/LLVMTransformUtils.dir/TriggerCrashPass.cpp.obj
[660/1732] Building CXX object lib/Transforms/Utils/CMakeFiles/LLVMTransformUtils.dir/SymbolRewriter.cpp.obj
[661/1732] Building CXX object lib/Transforms/Utils/CMakeFiles/LLVMTransformUtils.dir/Utils.cpp.obj
[662/1732] Building CXX object lib/Transforms/Utils/CMakeFiles/LLVMTransformUtils.dir/UnifyLoopExits.cpp.obj
[663/1732] Building CXX object lib/Transforms/Utils/CMakeFiles/LLVMTransformUtils.dir/VNCoercion.cpp.obj
[664/1732] Building CXX object lib/Transforms/Utils/CMakeFiles/LLVMTransformUtils.dir/ValueMapper.cpp.obj
[665/1732] Building CXX object lib/Transforms/Instrumentation/CMakeFiles/LLVMInstrumentation.dir/AllocToken.cpp.obj
[666/1732] Building CXX object lib/Transforms/Instrumentation/CMakeFiles/LLVMInstrumentation.dir/BoundsChecking.cpp.obj
[667/1732] Building CXX object lib/Transforms/Instrumentation/CMakeFiles/LLVMInstrumentation.dir/AddressSanitizer.cpp.obj
[668/1732] Building CXX object lib/Transforms/Instrumentation/CMakeFiles/LLVMInstrumentation.dir/CGProfile.cpp.obj
[669/1732] Building CXX object lib/Transforms/Instrumentation/CMakeFiles/LLVMInstrumentation.dir/CopyProf.cpp.obj
[670/1732] Building CXX object lib/Transforms/Instrumentation/CMakeFiles/LLVMInstrumentation.dir/ControlHeightReduction.cpp.obj
[671/1732] Building CXX object lib/Transforms/Instrumentation/CMakeFiles/LLVMInstrumentation.dir/DataFlowSanitizer.cpp.obj
[672/1732] Building CXX object lib/Transforms/Instrumentation/CMakeFiles/LLVMInstrumentation.dir/BlockCoverageInference.cpp.obj
[673/1732] Building CXX object lib/Transforms/Instrumentation/CMakeFiles/LLVMInstrumentation.dir/GCOVProfiling.cpp.obj
[674/1732] Building CXX object lib/Transforms/Instrumentation/CMakeFiles/LLVMInstrumentation.dir/MemProfInstrumentation.cpp.obj
[675/1732] Building CXX object lib/Transforms/Instrumentation/CMakeFiles/LLVMInstrumentation.dir/MemProfUse.cpp.obj
[676/1732] Building CXX object lib/Transforms/Instrumentation/CMakeFiles/LLVMInstrumentation.dir/MemorySanitizer.cpp.obj
[677/1732] Building CXX object lib/Transforms/Instrumentation/CMakeFiles/LLVMInstrumentation.dir/NumericalStabilitySanitizer.cpp.obj
[678/1732] Building CXX object lib/Transforms/Instrumentation/CMakeFiles/LLVMInstrumentation.dir/IndirectCallPromotion.cpp.obj
[679/1732] Building CXX object lib/Transforms/Instrumentation/CMakeFiles/LLVMInstrumentation.dir/InstrProfiling.cpp.obj
[680/1732] Building CXX object lib/Transforms/Instrumentation/CMakeFiles/LLVMInstrumentation.dir/KCFI.cpp.obj
[681/1732] Building CXX object lib/Transforms/Instrumentation/CMakeFiles/LLVMInstrumentation.dir/LowerAllowCheckPass.cpp.obj
[682/1732] Building CXX object lib/Transforms/Instrumentation/CMakeFiles/LLVMInstrumentation.dir/PGOCtxProfFlattening.cpp.obj
[683/1732] Building CXX object lib/Transforms/Instrumentation/CMakeFiles/LLVMInstrumentation.dir/PGOCtxProfLowering.cpp.obj
[684/1732] Building CXX object lib/Transforms/Instrumentation/CMakeFiles/LLVMInstrumentation.dir/PGOForceFunctionAttrs.cpp.obj
[685/1732] Building CXX object lib/Transforms/Instrumentation/CMakeFiles/LLVMInstrumentation.dir/PGOMemOPSizeOpt.cpp.obj
[686/1732] Building CXX object lib/Transforms/Instrumentation/CMakeFiles/LLVMInstrumentation.dir/SanitizerCoverage.cpp.obj
[687/1732] Building CXX object lib/Transforms/Instrumentation/CMakeFiles/LLVMInstrumentation.dir/SanitizerBinaryMetadata.cpp.obj
[688/1732] Building CXX object lib/Transforms/Instrumentation/CMakeFiles/LLVMInstrumentation.dir/PGOInstrumentation.cpp.obj
[689/1732] Building CXX object lib/Transforms/Instrumentation/CMakeFiles/LLVMInstrumentation.dir/ValueProfileCollector.cpp.obj
[690/1732] Building CXX object lib/Transforms/Instrumentation/CMakeFiles/LLVMInstrumentation.dir/ThreadSanitizer.cpp.obj
[691/1732] Building CXX object lib/Transforms/Instrumentation/CMakeFiles/LLVMInstrumentation.dir/TypeSanitizer.cpp.obj
[692/1732] Building CXX object lib/Transforms/Instrumentation/CMakeFiles/LLVMInstrumentation.dir/RealtimeSanitizer.cpp.obj
[693/1732] Building CXX object lib/Transforms/Instrumentation/CMakeFiles/LLVMInstrumentation.dir/HWAddressSanitizer.cpp.obj
[694/1732] Building CXX object lib/Transforms/AggressiveInstCombine/CMakeFiles/LLVMAggressiveInstCombine.dir/AggressiveInstCombine.cpp.obj
[695/1732] Building CXX object lib/Transforms/AggressiveInstCombine/CMakeFiles/LLVMAggressiveInstCombine.dir/TruncInstCombine.cpp.obj
[696/1732] Building CXX object lib/Transforms/InstCombine/CMakeFiles/LLVMInstCombine.dir/InstCombineAddSub.cpp.obj
[697/1732] Building CXX object lib/Transforms/InstCombine/CMakeFiles/LLVMInstCombine.dir/InstCombineAtomicRMW.cpp.obj
[698/1732] Building CXX object lib/Transforms/InstCombine/CMakeFiles/LLVMInstCombine.dir/InstructionCombining.cpp.obj
[699/1732] Building CXX object lib/Transforms/InstCombine/CMakeFiles/LLVMInstCombine.dir/InstCombineAndOrXor.cpp.obj
[700/1732] Building CXX object lib/Transforms/InstCombine/CMakeFiles/LLVMInstCombine.dir/InstCombineCasts.cpp.obj
[701/1732] Building CXX object lib/Transforms/InstCombine/CMakeFiles/LLVMInstCombine.dir/InstCombineCalls.cpp.obj
[702/1732] Building CXX object lib/Transforms/InstCombine/CMakeFiles/LLVMInstCombine.dir/InstCombineLoadStoreAlloca.cpp.obj
[703/1732] Building CXX object lib/Transforms/InstCombine/CMakeFiles/LLVMInstCombine.dir/InstCombineCompares.cpp.obj
[704/1732] Building CXX object lib/Transforms/InstCombine/CMakeFiles/LLVMInstCombine.dir/InstCombineMulDivRem.cpp.obj
[705/1732] Building CXX object lib/Transforms/InstCombine/CMakeFiles/LLVMInstCombine.dir/InstCombineNegator.cpp.obj
[706/1732] Building CXX object lib/Transforms/InstCombine/CMakeFiles/LLVMInstCombine.dir/InstCombinePHI.cpp.obj
[707/1732] Building CXX object lib/Transforms/InstCombine/CMakeFiles/LLVMInstCombine.dir/InstCombineShifts.cpp.obj
[708/1732] Building CXX object lib/Transforms/InstCombine/CMakeFiles/LLVMInstCombine.dir/InstCombineSelect.cpp.obj
[709/1732] Building CXX object lib/Transforms/InstCombine/CMakeFiles/LLVMInstCombine.dir/InstCombineSimplifyDemanded.cpp.obj
[710/1732] Building CXX object lib/Transforms/InstCombine/CMakeFiles/LLVMInstCombine.dir/InstCombineVectorOps.cpp.obj
[711/1732] Building CXX object lib/Transforms/Scalar/CMakeFiles/LLVMScalarOpts.dir/ADCE.cpp.obj
[712/1732] Building CXX object lib/Transforms/Scalar/CMakeFiles/LLVMScalarOpts.dir/AlignmentFromAssumptions.cpp.obj
[713/1732] Building CXX object lib/Transforms/Scalar/CMakeFiles/LLVMScalarOpts.dir/AnnotationRemarks.cpp.obj
[714/1732] Building CXX object lib/Transforms/Scalar/CMakeFiles/LLVMScalarOpts.dir/BDCE.cpp.obj
[715/1732] Building CXX object lib/Transforms/Scalar/CMakeFiles/LLVMScalarOpts.dir/CallSiteSplitting.cpp.obj
[716/1732] Building CXX object lib/Transforms/Scalar/CMakeFiles/LLVMScalarOpts.dir/ConstantHoisting.cpp.obj
[717/1732] Building CXX object lib/Transforms/Scalar/CMakeFiles/LLVMScalarOpts.dir/CorrelatedValuePropagation.cpp.obj
[718/1732] Building CXX object lib/Transforms/Scalar/CMakeFiles/LLVMScalarOpts.dir/DCE.cpp.obj
[719/1732] Building CXX object lib/Transforms/Scalar/CMakeFiles/LLVMScalarOpts.dir/ConstraintElimination.cpp.obj
[720/1732] Building CXX object lib/Transforms/Scalar/CMakeFiles/LLVMScalarOpts.dir/DeadStoreElimination.cpp.obj
[721/1732] Building CXX object lib/Transforms/Scalar/CMakeFiles/LLVMScalarOpts.dir/DFAJumpThreading.cpp.obj
[722/1732] Building CXX object lib/Transforms/Scalar/CMakeFiles/LLVMScalarOpts.dir/DivRemPairs.cpp.obj
[723/1732] Building CXX object lib/Transforms/Scalar/CMakeFiles/LLVMScalarOpts.dir/DropUnnecessaryAssumes.cpp.obj
[724/1732] Building CXX object lib/Transforms/Scalar/CMakeFiles/LLVMScalarOpts.dir/ExpandMemCmp.cpp.obj
[725/1732] Building CXX object lib/Transforms/Scalar/CMakeFiles/LLVMScalarOpts.dir/FlattenCFGPass.cpp.obj
[726/1732] Building CXX object lib/Transforms/Scalar/CMakeFiles/LLVMScalarOpts.dir/EarlyCSE.cpp.obj
[727/1732] Building CXX object lib/Transforms/Scalar/CMakeFiles/LLVMScalarOpts.dir/Float2Int.cpp.obj
[728/1732] Building CXX object lib/Transforms/Scalar/CMakeFiles/LLVMScalarOpts.dir/GuardWidening.cpp.obj
[729/1732] Building CXX object lib/Transforms/Scalar/CMakeFiles/LLVMScalarOpts.dir/GVNHoist.cpp.obj
[730/1732] Building CXX object lib/Transforms/Scalar/CMakeFiles/LLVMScalarOpts.dir/GVN.cpp.obj
[731/1732] Building CXX object lib/Transforms/Scalar/CMakeFiles/LLVMScalarOpts.dir/IVUsersPrinter.cpp.obj
[732/1732] Building CXX object lib/Transforms/Scalar/CMakeFiles/LLVMScalarOpts.dir/GVNSink.cpp.obj
[733/1732] Building CXX object lib/Transforms/Scalar/CMakeFiles/LLVMScalarOpts.dir/InductiveRangeCheckElimination.cpp.obj
[734/1732] Building CXX object lib/Transforms/Scalar/CMakeFiles/LLVMScalarOpts.dir/InferAddressSpaces.cpp.obj
[735/1732] Building CXX object lib/Transforms/Scalar/CMakeFiles/LLVMScalarOpts.dir/IndVarSimplify.cpp.obj
[736/1732] Building CXX object lib/Transforms/Scalar/CMakeFiles/LLVMScalarOpts.dir/InferAlignment.cpp.obj
[737/1732] Building CXX object lib/Transforms/Scalar/CMakeFiles/LLVMScalarOpts.dir/InstSimplifyPass.cpp.obj
[738/1732] Building CXX object lib/Transforms/Scalar/CMakeFiles/LLVMScalarOpts.dir/JumpTableToSwitch.cpp.obj
[739/1732] Building CXX object lib/Transforms/Scalar/CMakeFiles/LLVMScalarOpts.dir/JumpThreading.cpp.obj
[740/1732] Building CXX object lib/Transforms/Scalar/CMakeFiles/LLVMScalarOpts.dir/LogicalSROA.cpp.obj
[741/1732] Building CXX object lib/Transforms/Scalar/CMakeFiles/LLVMScalarOpts.dir/LoopAccessAnalysisPrinter.cpp.obj
[742/1732] Building CXX object lib/Transforms/Scalar/CMakeFiles/LLVMScalarOpts.dir/LICM.cpp.obj
[743/1732] Building CXX object lib/Transforms/Scalar/CMakeFiles/LLVMScalarOpts.dir/LoopBoundSplit.cpp.obj
[744/1732] Building CXX object lib/Transforms/Scalar/CMakeFiles/LLVMScalarOpts.dir/LoopSink.cpp.obj
[745/1732] Building CXX object lib/Transforms/Scalar/CMakeFiles/LLVMScalarOpts.dir/LoopDeletion.cpp.obj
[746/1732] Building CXX object lib/Transforms/Scalar/CMakeFiles/LLVMScalarOpts.dir/LoopDataPrefetch.cpp.obj
[747/1732] Building CXX object lib/Transforms/Scalar/CMakeFiles/LLVMScalarOpts.dir/LoopDistribute.cpp.obj
[748/1732] Building CXX object lib/Transforms/Scalar/CMakeFiles/LLVMScalarOpts.dir/LoopFuse.cpp.obj
[749/1732] Building CXX object lib/Transforms/Scalar/CMakeFiles/LLVMScalarOpts.dir/LoopInstSimplify.cpp.obj
[750/1732] Building CXX object lib/Transforms/Scalar/CMakeFiles/LLVMScalarOpts.dir/LoopIdiomRecognize.cpp.obj
[751/1732] Building CXX object lib/Transforms/Scalar/CMakeFiles/LLVMScalarOpts.dir/LoopInterchange.cpp.obj
[752/1732] Building CXX object lib/Transforms/Scalar/CMakeFiles/LLVMScalarOpts.dir/LoopFlatten.cpp.obj
[753/1732] Building CXX object lib/Transforms/Scalar/CMakeFiles/LLVMScalarOpts.dir/LoopPassManager.cpp.obj
[754/1732] Building CXX object lib/Transforms/Scalar/CMakeFiles/LLVMScalarOpts.dir/LoopLoadElimination.cpp.obj
[755/1732] Building CXX object lib/Transforms/Scalar/CMakeFiles/LLVMScalarOpts.dir/LoopRotation.cpp.obj
[756/1732] Building CXX object lib/Transforms/Scalar/CMakeFiles/LLVMScalarOpts.dir/LoopPredication.cpp.obj
[757/1732] Building CXX object lib/Transforms/Scalar/CMakeFiles/LLVMScalarOpts.dir/LoopSimplifyCFG.cpp.obj
[758/1732] Building CXX object lib/Transforms/Scalar/CMakeFiles/LLVMScalarOpts.dir/LoopTermFold.cpp.obj
[759/1732] Building CXX object lib/Transforms/Scalar/CMakeFiles/LLVMScalarOpts.dir/LoopUnrollPass.cpp.obj
[760/1732] Building CXX object lib/Transforms/Scalar/CMakeFiles/LLVMScalarOpts.dir/LoopStrengthReduce.cpp.obj
[761/1732] Building CXX object lib/Transforms/Scalar/CMakeFiles/LLVMScalarOpts.dir/LoopUnrollAndJamPass.cpp.obj
[762/1732] Building CXX object lib/Transforms/Scalar/CMakeFiles/LLVMScalarOpts.dir/LowerAtomicPass.cpp.obj
[763/1732] Building CXX object lib/Transforms/Scalar/CMakeFiles/LLVMScalarOpts.dir/LoopVersioningLICM.cpp.obj
[764/1732] Building CXX object lib/Transforms/Scalar/CMakeFiles/LLVMScalarOpts.dir/LowerConstantIntrinsics.cpp.obj
[765/1732] Building CXX object lib/Transforms/Scalar/CMakeFiles/LLVMScalarOpts.dir/LowerExpectIntrinsic.cpp.obj
[766/1732] Building CXX object lib/Transforms/Scalar/CMakeFiles/LLVMScalarOpts.dir/LowerGuardIntrinsic.cpp.obj
[767/1732] Building CXX object lib/Transforms/Scalar/CMakeFiles/LLVMScalarOpts.dir/LowerWidenableCondition.cpp.obj
[768/1732] Building CXX object lib/Transforms/Scalar/CMakeFiles/LLVMScalarOpts.dir/MakeGuardsExplicit.cpp.obj
[769/1732] Building CXX object lib/Transforms/Scalar/CMakeFiles/LLVMScalarOpts.dir/MemCpyOptimizer.cpp.obj
[770/1732] Building CXX object lib/Transforms/Scalar/CMakeFiles/LLVMScalarOpts.dir/LowerMatrixIntrinsics.cpp.obj
[771/1732] Building CXX object lib/Transforms/Scalar/CMakeFiles/LLVMScalarOpts.dir/MergedLoadStoreMotion.cpp.obj
[772/1732] Building CXX object lib/Transforms/Scalar/CMakeFiles/LLVMScalarOpts.dir/MergeICmps.cpp.obj
[773/1732] Building CXX object lib/Transforms/Scalar/CMakeFiles/LLVMScalarOpts.dir/NaryReassociate.cpp.obj
[774/1732] Building CXX object lib/Transforms/Scalar/CMakeFiles/LLVMScalarOpts.dir/PartiallyInlineLibCalls.cpp.obj
[775/1732] Building CXX object lib/Transforms/Scalar/CMakeFiles/LLVMScalarOpts.dir/PlaceSafepoints.cpp.obj
[776/1732] Building CXX object lib/Transforms/Scalar/CMakeFiles/LLVMScalarOpts.dir/NewGVN.cpp.obj
[777/1732] Building CXX object lib/Transforms/Scalar/CMakeFiles/LLVMScalarOpts.dir/Reg2Mem.cpp.obj
[778/1732] Building CXX object lib/Transforms/Scalar/CMakeFiles/LLVMScalarOpts.dir/Reassociate.cpp.obj
[779/1732] Building CXX object lib/Transforms/Scalar/CMakeFiles/LLVMScalarOpts.dir/SCCP.cpp.obj
[780/1732] Building CXX object lib/Transforms/Scalar/CMakeFiles/LLVMScalarOpts.dir/RewriteStatepointsForGC.cpp.obj
[781/1732] Building CXX object lib/Transforms/Scalar/CMakeFiles/LLVMScalarOpts.dir/Scalar.cpp.obj
[782/1732] Building CXX object lib/Transforms/Scalar/CMakeFiles/LLVMScalarOpts.dir/Scalarizer.cpp.obj
[783/1732] Building CXX object lib/Transforms/Scalar/CMakeFiles/LLVMScalarOpts.dir/SROA.cpp.obj
[784/1732] Building CXX object lib/Transforms/Scalar/CMakeFiles/LLVMScalarOpts.dir/ScalarizeMaskedMemIntrin.cpp.obj
[785/1732] Building CXX object lib/Transforms/Scalar/CMakeFiles/LLVMScalarOpts.dir/SeparateConstOffsetFromGEP.cpp.obj
[786/1732] Building CXX object lib/Transforms/Scalar/CMakeFiles/LLVMScalarOpts.dir/SimplifyCFGPass.cpp.obj
[787/1732] Building CXX object lib/Transforms/Scalar/CMakeFiles/LLVMScalarOpts.dir/Sink.cpp.obj
[788/1732] Building CXX object lib/Transforms/Scalar/CMakeFiles/LLVMScalarOpts.dir/SpeculativeExecution.cpp.obj
[789/1732] Building CXX object lib/Transforms/Scalar/CMakeFiles/LLVMScalarOpts.dir/SimpleLoopUnswitch.cpp.obj
[790/1732] Building CXX object lib/Transforms/Scalar/CMakeFiles/LLVMScalarOpts.dir/StraightLineStrengthReduce.cpp.obj
[791/1732] Building CXX object lib/Transforms/Scalar/CMakeFiles/LLVMScalarOpts.dir/TailRecursionElimination.cpp.obj
[792/1732] Building CXX object lib/Transforms/Scalar/CMakeFiles/LLVMScalarOpts.dir/StructurizeCFG.cpp.obj
[793/1732] Building CXX object lib/Transforms/Scalar/CMakeFiles/LLVMScalarOpts.dir/WarnMissedTransforms.cpp.obj
[794/1732] Building CXX object lib/Transforms/IPO/CMakeFiles/LLVMipo.dir/Annotation2Metadata.cpp.obj
[795/1732] Building CXX object lib/Transforms/IPO/CMakeFiles/LLVMipo.dir/AlwaysInliner.cpp.obj
[796/1732] Building CXX object lib/Transforms/IPO/CMakeFiles/LLVMipo.dir/ArgumentPromotion.cpp.obj
[797/1732] Building CXX object lib/Transforms/IPO/CMakeFiles/LLVMipo.dir/Attributor.cpp.obj
[798/1732] Building CXX object lib/Transforms/IPO/CMakeFiles/LLVMipo.dir/BarrierNoopPass.cpp.obj
[799/1732] Building CXX object lib/Transforms/IPO/CMakeFiles/LLVMipo.dir/BlockExtractor.cpp.obj
[800/1732] Building CXX object lib/Transforms/IPO/CMakeFiles/LLVMipo.dir/CalledValuePropagation.cpp.obj
[801/1732] Building CXX object lib/Transforms/IPO/CMakeFiles/LLVMipo.dir/ConstantMerge.cpp.obj
[802/1732] Building CXX object lib/Transforms/IPO/CMakeFiles/LLVMipo.dir/CrossDSOCFI.cpp.obj
[803/1732] Building CXX object lib/Transforms/IPO/CMakeFiles/LLVMipo.dir/DeadArgumentElimination.cpp.obj
[804/1732] Building CXX object lib/Transforms/IPO/CMakeFiles/LLVMipo.dir/ElimAvailExtern.cpp.obj
[805/1732] Building CXX object lib/Transforms/IPO/CMakeFiles/LLVMipo.dir/EmbedBitcodePass.cpp.obj
[806/1732] Building CXX object lib/Transforms/IPO/CMakeFiles/LLVMipo.dir/ExpandVariadics.cpp.obj
[807/1732] Building CXX object lib/Transforms/IPO/CMakeFiles/LLVMipo.dir/AttributorAttributes.cpp.obj
[808/1732] Building CXX object lib/Transforms/IPO/CMakeFiles/LLVMipo.dir/ExtractGV.cpp.obj
[809/1732] Building CXX object lib/Transforms/IPO/CMakeFiles/LLVMipo.dir/FatLTOCleanup.cpp.obj
[810/1732] Building CXX object lib/Transforms/IPO/CMakeFiles/LLVMipo.dir/ForceFunctionAttrs.cpp.obj
[811/1732] Building CXX object lib/Transforms/IPO/CMakeFiles/LLVMipo.dir/FunctionAttrs.cpp.obj
[812/1732] Building CXX object lib/Transforms/IPO/CMakeFiles/LLVMipo.dir/FunctionImport.cpp.obj
[813/1732] Building CXX object lib/Transforms/IPO/CMakeFiles/LLVMipo.dir/GlobalDCE.cpp.obj
[814/1732] Building CXX object lib/Transforms/IPO/CMakeFiles/LLVMipo.dir/FunctionSpecialization.cpp.obj
[815/1732] Building CXX object lib/Transforms/IPO/CMakeFiles/LLVMipo.dir/GlobalSplit.cpp.obj
[816/1732] Building CXX object lib/Transforms/IPO/CMakeFiles/LLVMipo.dir/HotColdSplitting.cpp.obj
[817/1732] Building CXX object lib/Transforms/IPO/CMakeFiles/LLVMipo.dir/IPO.cpp.obj
[818/1732] Building CXX object lib/Transforms/IPO/CMakeFiles/LLVMipo.dir/GlobalOpt.cpp.obj
[819/1732] Building CXX object lib/Transforms/IPO/CMakeFiles/LLVMipo.dir/InferFunctionAttrs.cpp.obj
[820/1732] Building CXX object lib/Transforms/IPO/CMakeFiles/LLVMipo.dir/Inliner.cpp.obj
[821/1732] Building CXX object lib/Transforms/IPO/CMakeFiles/LLVMipo.dir/InstrumentorUtils.cpp.obj
[822/1732] Building CXX object lib/Transforms/IPO/CMakeFiles/LLVMipo.dir/Instrumentor.cpp.obj
[823/1732] Building CXX object lib/Transforms/IPO/CMakeFiles/LLVMipo.dir/InstrumentorConfigFile.cpp.obj
[824/1732] Building CXX object lib/Transforms/IPO/CMakeFiles/LLVMipo.dir/InstrumentorStubPrinter.cpp.obj
[825/1732] Building CXX object lib/Transforms/IPO/CMakeFiles/LLVMipo.dir/Internalize.cpp.obj
[826/1732] Building CXX object lib/Transforms/IPO/CMakeFiles/LLVMipo.dir/LowerTypeTests.cpp.obj
[827/1732] Building CXX object lib/Transforms/IPO/CMakeFiles/LLVMipo.dir/MergeFunctions.cpp.obj
[828/1732] Building CXX object lib/Transforms/IPO/CMakeFiles/LLVMipo.dir/ModuleInliner.cpp.obj
[829/1732] Building CXX object lib/Transforms/IPO/CMakeFiles/LLVMipo.dir/MemProfContextDisambiguation.cpp.obj
[830/1732] Building CXX object lib/Transforms/IPO/CMakeFiles/LLVMipo.dir/PartialInlining.cpp.obj
[831/1732] Building CXX object lib/Transforms/IPO/CMakeFiles/LLVMipo.dir/OpenMPOpt.cpp.obj
[832/1732] Building CXX object lib/Transforms/IPO/CMakeFiles/LLVMipo.dir/SampleContextTracker.cpp.obj
[833/1732] Building CXX object lib/Transforms/IPO/CMakeFiles/LLVMipo.dir/SampleProfileMatcher.cpp.obj
[834/1732] Building CXX object lib/Transforms/IPO/CMakeFiles/LLVMipo.dir/SampleProfileProbe.cpp.obj
[835/1732] Building CXX object lib/Transforms/IPO/CMakeFiles/LLVMipo.dir/SCCP.cpp.obj
[836/1732] Building CXX object lib/Transforms/IPO/CMakeFiles/LLVMipo.dir/SampleProfile.cpp.obj
[837/1732] Building CXX object lib/Transforms/IPO/CMakeFiles/LLVMipo.dir/StripDeadPrototypes.cpp.obj
[838/1732] Building CXX object lib/Transforms/IPO/CMakeFiles/LLVMipo.dir/StripSymbols.cpp.obj
[839/1732] Building CXX object lib/Transforms/IPO/CMakeFiles/LLVMipo.dir/ThinLTOBitcodeWriter.cpp.obj
[840/1732] Building CXX object lib/Transforms/Vectorize/CMakeFiles/LLVMVectorize.dir/LoadStoreVectorizer.cpp.obj
[841/1732] Building CXX object lib/Transforms/IPO/CMakeFiles/LLVMipo.dir/WholeProgramDevirt.cpp.obj
[842/1732] Building CXX object lib/Transforms/Vectorize/CMakeFiles/LLVMVectorize.dir/LoopIdiomVectorize.cpp.obj
[843/1732] Building CXX object lib/Transforms/Vectorize/CMakeFiles/LLVMVectorize.dir/LoopVectorizationPlanner.cpp.obj
[844/1732] Building CXX object lib/Transforms/Vectorize/CMakeFiles/LLVMVectorize.dir/LoopVectorizationLegality.cpp.obj
[845/1732] Building CXX object lib/Transforms/Vectorize/CMakeFiles/LLVMVectorize.dir/SandboxVectorizer/DependencyGraph.cpp.obj
[846/1732] Building CXX object lib/Transforms/Vectorize/CMakeFiles/LLVMVectorize.dir/SandboxVectorizer/InstrMaps.cpp.obj
[847/1732] Building CXX object lib/Transforms/Vectorize/CMakeFiles/LLVMVectorize.dir/SandboxVectorizer/Interval.cpp.obj
[848/1732] Building CXX object lib/Transforms/Vectorize/CMakeFiles/LLVMVectorize.dir/SandboxVectorizer/Legality.cpp.obj
[849/1732] Building CXX object lib/Transforms/Vectorize/CMakeFiles/LLVMVectorize.dir/SandboxVectorizer/Passes/BundleVec.cpp.obj
[850/1732] Building CXX object lib/Transforms/Vectorize/CMakeFiles/LLVMVectorize.dir/SandboxVectorizer/Passes/LoadStoreVec.cpp.obj
[851/1732] Building CXX object lib/Transforms/Vectorize/CMakeFiles/LLVMVectorize.dir/LoopVectorize.cpp.obj
[852/1732] Building CXX object lib/Transforms/Vectorize/CMakeFiles/LLVMVectorize.dir/SandboxVectorizer/Passes/RegionsFromBBs.cpp.obj
[853/1732] Building CXX object lib/Transforms/Vectorize/CMakeFiles/LLVMVectorize.dir/SandboxVectorizer/Passes/PackReuse.cpp.obj
[854/1732] Building CXX object lib/Transforms/Vectorize/CMakeFiles/LLVMVectorize.dir/SandboxVectorizer/Passes/RegionsFromMetadata.cpp.obj
[855/1732] Building CXX object lib/Transforms/Vectorize/CMakeFiles/LLVMVectorize.dir/SandboxVectorizer/Passes/SeedCollection.cpp.obj
[856/1732] Building CXX object lib/Transforms/Vectorize/CMakeFiles/LLVMVectorize.dir/SandboxVectorizer/Passes/TransactionAcceptOrRevert.cpp.obj
[857/1732] Building CXX object lib/Transforms/Vectorize/CMakeFiles/LLVMVectorize.dir/SandboxVectorizer/Passes/TransactionSave.cpp.obj
[858/1732] Building CXX object lib/Transforms/Vectorize/CMakeFiles/LLVMVectorize.dir/SandboxVectorizer/RegionWithScore.cpp.obj
[859/1732] Building CXX object lib/Transforms/Vectorize/CMakeFiles/LLVMVectorize.dir/SandboxVectorizer/SandboxVectorizer.cpp.obj
[860/1732] Building CXX object lib/Transforms/Vectorize/CMakeFiles/LLVMVectorize.dir/SandboxVectorizer/SandboxVectorizerIR.cpp.obj
[861/1732] Building CXX object lib/Transforms/Vectorize/CMakeFiles/LLVMVectorize.dir/SandboxVectorizer/SandboxVectorizerPassBuilder.cpp.obj
[862/1732] Building CXX object lib/Transforms/Vectorize/CMakeFiles/LLVMVectorize.dir/SandboxVectorizer/Scheduler.cpp.obj
[863/1732] Building CXX object lib/Transforms/Vectorize/CMakeFiles/LLVMVectorize.dir/SandboxVectorizer/SeedCollector.cpp.obj
[864/1732] Building CXX object lib/Transforms/Vectorize/CMakeFiles/LLVMVectorize.dir/SandboxVectorizer/VecUtils.cpp.obj
[865/1732] Building CXX object lib/Transforms/Vectorize/CMakeFiles/LLVMVectorize.dir/SLPVectorizer/SLPCostAnalysis.cpp.obj
[866/1732] Building CXX object lib/Transforms/Vectorize/CMakeFiles/LLVMVectorize.dir/SLPVectorizer/SLPCompatibilityAnalysis.cpp.obj
[867/1732] Building CXX object lib/Transforms/Vectorize/CMakeFiles/LLVMVectorize.dir/SLPVectorizer/SLPUtils.cpp.obj
[868/1732] Building CXX object lib/Transforms/Vectorize/CMakeFiles/LLVMVectorize.dir/Vectorize.cpp.obj
[869/1732] Building CXX object lib/Transforms/Vectorize/CMakeFiles/LLVMVectorize.dir/VectorCombine.cpp.obj
[870/1732] Building CXX object lib/Transforms/Vectorize/CMakeFiles/LLVMVectorize.dir/VPlan.cpp.obj
[871/1732] Building CXX object lib/Transforms/Vectorize/CMakeFiles/LLVMVectorize.dir/VPlanAnalysis.cpp.obj
[872/1732] Building CXX object lib/Transforms/Vectorize/CMakeFiles/LLVMVectorize.dir/VPlanConstruction.cpp.obj
[873/1732] Building CXX object lib/Transforms/Vectorize/CMakeFiles/LLVMVectorize.dir/VPlanDominatorTree.cpp.obj
[874/1732] Building CXX object lib/Transforms/Vectorize/CMakeFiles/LLVMVectorize.dir/VPlanEVLTailFolding.cpp.obj
[875/1732] Building CXX object lib/Transforms/Vectorize/CMakeFiles/LLVMVectorize.dir/VPlanLowering.cpp.obj
[876/1732] Building CXX object lib/Transforms/Vectorize/CMakeFiles/LLVMVectorize.dir/VPlanPredicator.cpp.obj
[877/1732] Building CXX object lib/Transforms/Vectorize/CMakeFiles/LLVMVectorize.dir/SLPVectorizer.cpp.obj
[878/1732] Building CXX object lib/Transforms/Vectorize/CMakeFiles/LLVMVectorize.dir/VPlanRecipes.cpp.obj
[879/1732] Building CXX object lib/Transforms/Vectorize/CMakeFiles/LLVMVectorize.dir/VPlanUnroll.cpp.obj
[880/1732] Building CXX object lib/Transforms/Vectorize/CMakeFiles/LLVMVectorize.dir/VPlanVerifier.cpp.obj
[881/1732] Building CXX object lib/Transforms/Vectorize/CMakeFiles/LLVMVectorize.dir/VPlanTransforms.cpp.obj
[882/1732] Building CXX object lib/Transforms/ObjCARC/CMakeFiles/LLVMObjCARCOpts.dir/ObjCARC.cpp.obj
[883/1732] Building CXX object lib/Transforms/Vectorize/CMakeFiles/LLVMVectorize.dir/VPlanUtils.cpp.obj
[884/1732] Building CXX object lib/Transforms/ObjCARC/CMakeFiles/LLVMObjCARCOpts.dir/ObjCARCOpts.cpp.obj
[885/1732] Building CXX object lib/Transforms/ObjCARC/CMakeFiles/LLVMObjCARCOpts.dir/ObjCARCExpand.cpp.obj
[886/1732] Building CXX object lib/Transforms/ObjCARC/CMakeFiles/LLVMObjCARCOpts.dir/DependencyAnalysis.cpp.obj
[887/1732] Building CXX object lib/Transforms/ObjCARC/CMakeFiles/LLVMObjCARCOpts.dir/ObjCARCContract.cpp.obj
[888/1732] Building CXX object lib/Transforms/ObjCARC/CMakeFiles/LLVMObjCARCOpts.dir/ProvenanceAnalysis.cpp.obj
[889/1732] Building CXX object lib/Transforms/ObjCARC/CMakeFiles/LLVMObjCARCOpts.dir/ProvenanceAnalysisEvaluator.cpp.obj
[890/1732] Building CXX object lib/Transforms/ObjCARC/CMakeFiles/LLVMObjCARCOpts.dir/PtrState.cpp.obj
[891/1732] Building CXX object lib/Transforms/Coroutines/CMakeFiles/LLVMCoroutines.dir/Coroutines.cpp.obj
[892/1732] Building CXX object lib/Transforms/Coroutines/CMakeFiles/LLVMCoroutines.dir/CoroAnnotationElide.cpp.obj
[893/1732] Building CXX object lib/Transforms/Coroutines/CMakeFiles/LLVMCoroutines.dir/CoroConditionalWrapper.cpp.obj
[894/1732] Building CXX object lib/Transforms/Coroutines/CMakeFiles/LLVMCoroutines.dir/CoroCleanup.cpp.obj
[895/1732] Building CXX object lib/Transforms/Coroutines/CMakeFiles/LLVMCoroutines.dir/CoroEarly.cpp.obj
[896/1732] Building CXX object lib/Transforms/Coroutines/CMakeFiles/LLVMCoroutines.dir/CoroElide.cpp.obj
[897/1732] Building CXX object lib/Transforms/Coroutines/CMakeFiles/LLVMCoroutines.dir/CoroFrame.cpp.obj
[898/1732] Building CXX object lib/Transforms/Coroutines/CMakeFiles/LLVMCoroutines.dir/SuspendCrossingInfo.cpp.obj
[899/1732] Building CXX object lib/Transforms/Coroutines/CMakeFiles/LLVMCoroutines.dir/CoroSplit.cpp.obj
[900/1732] Building CXX object lib/Transforms/Coroutines/CMakeFiles/LLVMCoroutines.dir/MaterializationUtils.cpp.obj
[901/1732] Building CXX object lib/Transforms/Coroutines/CMakeFiles/LLVMCoroutines.dir/SpillUtils.cpp.obj
[902/1732] Building CXX object lib/Transforms/CFGuard/CMakeFiles/LLVMCFGuard.dir/CFGuard.cpp.obj
[903/1732] Building CXX object lib/Transforms/HipStdPar/CMakeFiles/LLVMHipStdPar.dir/HipStdPar.cpp.obj
[904/1732] Building CXX object lib/Linker/CMakeFiles/LLVMLinker.dir/LinkModules.cpp.obj
[905/1732] Building CXX object lib/Linker/CMakeFiles/LLVMLinker.dir/IRMover.cpp.obj
[906/1732] Building CXX object lib/Analysis/CMakeFiles/LLVMAnalysis.dir/AliasAnalysis.cpp.obj
[907/1732] Building CXX object lib/Analysis/CMakeFiles/LLVMAnalysis.dir/AliasAnalysisEvaluator.cpp.obj
[908/1732] Building CXX object lib/Analysis/CMakeFiles/LLVMAnalysis.dir/Analysis.cpp.obj
[909/1732] Building CXX object lib/Analysis/CMakeFiles/LLVMAnalysis.dir/AliasSetTracker.cpp.obj
[910/1732] Building CXX object lib/Analysis/CMakeFiles/LLVMAnalysis.dir/AssumeBundleQueries.cpp.obj
[911/1732] Building CXX object lib/Analysis/CMakeFiles/LLVMAnalysis.dir/AssumptionCache.cpp.obj
[912/1732] Building CXX object lib/Analysis/CMakeFiles/LLVMAnalysis.dir/BasicAliasAnalysis.cpp.obj
[913/1732] Building CXX object lib/Analysis/CMakeFiles/LLVMAnalysis.dir/BlockFrequencyInfo.cpp.obj
[914/1732] Building CXX object lib/Analysis/CMakeFiles/LLVMAnalysis.dir/BlockFrequencyInfoImpl.cpp.obj
[915/1732] Building CXX object lib/Analysis/CMakeFiles/LLVMAnalysis.dir/CFG.cpp.obj
[916/1732] Building CXX object lib/Analysis/CMakeFiles/LLVMAnalysis.dir/BranchProbabilityInfo.cpp.obj
[917/1732] Building CXX object lib/Analysis/CMakeFiles/LLVMAnalysis.dir/CFGPrinter.cpp.obj
[918/1732] Building CXX object lib/Analysis/CMakeFiles/LLVMAnalysis.dir/CFGSCCPrinter.cpp.obj
[919/1732] Building CXX object lib/Analysis/CMakeFiles/LLVMAnalysis.dir/CallGraph.cpp.obj
[920/1732] Building CXX object lib/Analysis/CMakeFiles/LLVMAnalysis.dir/CallGraphSCCPass.cpp.obj
[921/1732] Building CXX object lib/Analysis/CMakeFiles/LLVMAnalysis.dir/CGSCCPassManager.cpp.obj
[922/1732] Building CXX object lib/Analysis/CMakeFiles/LLVMAnalysis.dir/CallPrinter.cpp.obj
[923/1732] Building CXX object lib/Analysis/CMakeFiles/LLVMAnalysis.dir/CaptureTracking.cpp.obj
[924/1732] Building CXX object lib/Analysis/CMakeFiles/LLVMAnalysis.dir/CmpInstAnalysis.cpp.obj
[925/1732] Building CXX object lib/Analysis/CMakeFiles/LLVMAnalysis.dir/CostModel.cpp.obj
[926/1732] Building CXX object lib/Analysis/CMakeFiles/LLVMAnalysis.dir/CodeMetrics.cpp.obj
[927/1732] Building CXX object lib/Analysis/CMakeFiles/LLVMAnalysis.dir/CtxProfAnalysis.cpp.obj
[928/1732] Building CXX object lib/Analysis/CMakeFiles/LLVMAnalysis.dir/CycleAnalysis.cpp.obj
[929/1732] Building CXX object lib/Analysis/CMakeFiles/LLVMAnalysis.dir/ConstantFolding.cpp.obj
[930/1732] Building CXX object lib/Analysis/CMakeFiles/LLVMAnalysis.dir/DDG.cpp.obj
[931/1732] Building CXX object lib/Analysis/CMakeFiles/LLVMAnalysis.dir/DDGPrinter.cpp.obj
[932/1732] Building CXX object lib/Analysis/CMakeFiles/LLVMAnalysis.dir/ConstraintSystem.cpp.obj
[933/1732] Building CXX object lib/Analysis/CMakeFiles/LLVMAnalysis.dir/DemandedBits.cpp.obj
[934/1732] Building CXX object lib/Analysis/CMakeFiles/LLVMAnalysis.dir/Delinearization.cpp.obj
[935/1732] Building CXX object lib/Analysis/CMakeFiles/LLVMAnalysis.dir/DependenceGraphBuilder.cpp.obj
[936/1732] Building CXX object lib/Analysis/CMakeFiles/LLVMAnalysis.dir/DependenceAnalysis.cpp.obj
[937/1732] Building CXX object lib/Analysis/CMakeFiles/LLVMAnalysis.dir/DevelopmentModeInlineAdvisor.cpp.obj
[938/1732] Building CXX object lib/Analysis/CMakeFiles/LLVMAnalysis.dir/DomConditionCache.cpp.obj
[939/1732] Building CXX object lib/Analysis/CMakeFiles/LLVMAnalysis.dir/DomPrinter.cpp.obj
[940/1732] Building CXX object lib/Analysis/CMakeFiles/LLVMAnalysis.dir/DomTreeUpdater.cpp.obj
[941/1732] Building CXX object lib/Analysis/CMakeFiles/LLVMAnalysis.dir/DominanceFrontier.cpp.obj
[942/1732] Building CXX object lib/Analysis/CMakeFiles/LLVMAnalysis.dir/DXILMetadataAnalysis.cpp.obj
[943/1732] Building CXX object lib/Analysis/CMakeFiles/LLVMAnalysis.dir/EphemeralValuesCache.cpp.obj
[944/1732] Building CXX object lib/Analysis/CMakeFiles/LLVMAnalysis.dir/DXILResource.cpp.obj
[945/1732] Building CXX object lib/Analysis/CMakeFiles/LLVMAnalysis.dir/FloatingPointPredicateUtils.cpp.obj
[946/1732] Building CXX object lib/Analysis/CMakeFiles/LLVMAnalysis.dir/FunctionPropertiesAnalysis.cpp.obj
[947/1732] Building CXX object lib/Analysis/CMakeFiles/LLVMAnalysis.dir/GuardUtils.cpp.obj
[948/1732] Building CXX object lib/Analysis/CMakeFiles/LLVMAnalysis.dir/GlobalsModRef.cpp.obj
[949/1732] Building CXX object lib/Analysis/CMakeFiles/LLVMAnalysis.dir/HeatUtils.cpp.obj
[950/1732] Building CXX object lib/Analysis/CMakeFiles/LLVMAnalysis.dir/HashRecognize.cpp.obj
[951/1732] Building CXX object lib/Analysis/CMakeFiles/LLVMAnalysis.dir/IR2Vec.cpp.obj
[952/1732] Building CXX object lib/Analysis/CMakeFiles/LLVMAnalysis.dir/IVDescriptors.cpp.obj
[953/1732] Building CXX object lib/Analysis/CMakeFiles/LLVMAnalysis.dir/IVUsers.cpp.obj
[954/1732] Building CXX object lib/Analysis/CMakeFiles/LLVMAnalysis.dir/ImportedFunctionsInliningStatistics.cpp.obj
[955/1732] Building CXX object lib/Analysis/CMakeFiles/LLVMAnalysis.dir/IndirectCallPromotionAnalysis.cpp.obj
[956/1732] Building CXX object lib/Analysis/CMakeFiles/LLVMAnalysis.dir/InlineAdvisor.cpp.obj
[957/1732] Building CXX object lib/Analysis/CMakeFiles/LLVMAnalysis.dir/InlineCost.cpp.obj
[958/1732] Building CXX object lib/Analysis/CMakeFiles/LLVMAnalysis.dir/InstCount.cpp.obj
[959/1732] Building CXX object lib/Analysis/CMakeFiles/LLVMAnalysis.dir/InlineOrder.cpp.obj
[960/1732] Building CXX object lib/Analysis/CMakeFiles/LLVMAnalysis.dir/InstructionPrecedenceTracking.cpp.obj
[961/1732] Building CXX object lib/Analysis/CMakeFiles/LLVMAnalysis.dir/InteractiveModelRunner.cpp.obj
[962/1732] Building CXX object lib/Analysis/CMakeFiles/LLVMAnalysis.dir/KernelInfo.cpp.obj
[963/1732] Building CXX object lib/Analysis/CMakeFiles/LLVMAnalysis.dir/LastRunTrackingAnalysis.cpp.obj
[964/1732] Building CXX object lib/Analysis/CMakeFiles/LLVMAnalysis.dir/LazyBranchProbabilityInfo.cpp.obj
[965/1732] Building CXX object lib/Analysis/CMakeFiles/LLVMAnalysis.dir/LazyBlockFrequencyInfo.cpp.obj
[966/1732] Building CXX object lib/Analysis/CMakeFiles/LLVMAnalysis.dir/InstructionSimplify.cpp.obj
[967/1732] Building CXX object lib/Analysis/CMakeFiles/LLVMAnalysis.dir/LazyCallGraph.cpp.obj
[968/1732] Building CXX object lib/Analysis/CMakeFiles/LLVMAnalysis.dir/LazyValueInfo.cpp.obj
[969/1732] Building CXX object lib/Analysis/CMakeFiles/LLVMAnalysis.dir/Lint.cpp.obj
[970/1732] Building CXX object lib/Analysis/CMakeFiles/LLVMAnalysis.dir/Local.cpp.obj
[971/1732] Building CXX object lib/Analysis/CMakeFiles/LLVMAnalysis.dir/Loads.cpp.obj
[972/1732] Building CXX object lib/Analysis/CMakeFiles/LLVMAnalysis.dir/LoopAnalysisManager.cpp.obj
[973/1732] Building CXX object lib/Analysis/CMakeFiles/LLVMAnalysis.dir/LoopCacheAnalysis.cpp.obj
[974/1732] Building CXX object lib/Analysis/CMakeFiles/LLVMAnalysis.dir/LoopAccessAnalysis.cpp.obj
[975/1732] Building CXX object lib/Analysis/CMakeFiles/LLVMAnalysis.dir/LoopNestAnalysis.cpp.obj
[976/1732] Building CXX object lib/Analysis/CMakeFiles/LLVMAnalysis.dir/LoopUnrollAnalyzer.cpp.obj
[977/1732] Building CXX object lib/Analysis/CMakeFiles/LLVMAnalysis.dir/LoopPass.cpp.obj
[978/1732] Building CXX object lib/Analysis/CMakeFiles/LLVMAnalysis.dir/LoopInfo.cpp.obj
[979/1732] Building CXX object lib/Analysis/CMakeFiles/LLVMAnalysis.dir/MemDerefPrinter.cpp.obj
[980/1732] Building CXX object lib/Analysis/CMakeFiles/LLVMAnalysis.dir/MLInlineAdvisor.cpp.obj
[981/1732] Building CXX object lib/Analysis/CMakeFiles/LLVMAnalysis.dir/MemoryBuiltins.cpp.obj
[982/1732] Building CXX object lib/Analysis/CMakeFiles/LLVMAnalysis.dir/MemoryLocation.cpp.obj
[983/1732] Building CXX object lib/Analysis/CMakeFiles/LLVMAnalysis.dir/MemoryDependenceAnalysis.cpp.obj
[984/1732] Building CXX object lib/Analysis/CMakeFiles/LLVMAnalysis.dir/MemoryProfileInfo.cpp.obj
[985/1732] Building CXX object lib/Analysis/CMakeFiles/LLVMAnalysis.dir/MemorySSA.cpp.obj
[986/1732] Building CXX object lib/Analysis/CMakeFiles/LLVMAnalysis.dir/ModelUnderTrainingRunner.cpp.obj
[987/1732] Building CXX object lib/Analysis/CMakeFiles/LLVMAnalysis.dir/ModuleDebugInfoPrinter.cpp.obj
[988/1732] Building CXX object lib/Analysis/CMakeFiles/LLVMAnalysis.dir/MemorySSAUpdater.cpp.obj
[989/1732] Building CXX object lib/Analysis/CMakeFiles/LLVMAnalysis.dir/MustExecute.cpp.obj
[990/1732] Building CXX object lib/Analysis/CMakeFiles/LLVMAnalysis.dir/NoInferenceModelRunner.cpp.obj
[991/1732] Building CXX object lib/Analysis/CMakeFiles/LLVMAnalysis.dir/ObjCARCAliasAnalysis.cpp.obj
[992/1732] Building CXX object lib/Analysis/CMakeFiles/LLVMAnalysis.dir/ObjCARCAnalysisUtils.cpp.obj
[993/1732] Building CXX object lib/Analysis/CMakeFiles/LLVMAnalysis.dir/ModuleSummaryAnalysis.cpp.obj
[994/1732] Building CXX object lib/Analysis/CMakeFiles/LLVMAnalysis.dir/ObjCARCInstKind.cpp.obj
[995/1732] Building CXX object lib/Analysis/CMakeFiles/LLVMAnalysis.dir/OverflowInstAnalysis.cpp.obj
[996/1732] Building CXX object lib/Analysis/CMakeFiles/LLVMAnalysis.dir/OptimizationRemarkEmitter.cpp.obj
[997/1732] Building CXX object lib/Analysis/CMakeFiles/LLVMAnalysis.dir/PHITransAddr.cpp.obj
[998/1732] Building CXX object lib/Analysis/CMakeFiles/LLVMAnalysis.dir/PhiValues.cpp.obj
[999/1732] Building CXX object lib/Analysis/CMakeFiles/LLVMAnalysis.dir/PostDominators.cpp.obj
[1000/1732] Building CXX object lib/Analysis/CMakeFiles/LLVMAnalysis.dir/PtrUseVisitor.cpp.obj
[1001/1732] Building CXX object lib/Analysis/CMakeFiles/LLVMAnalysis.dir/ProfileSummaryInfo.cpp.obj
[1002/1732] Building CXX object lib/Analysis/CMakeFiles/LLVMAnalysis.dir/RegionPass.cpp.obj
[1003/1732] Building CXX object lib/Analysis/CMakeFiles/LLVMAnalysis.dir/RegionInfo.cpp.obj
[1004/1732] Building CXX object lib/Analysis/CMakeFiles/LLVMAnalysis.dir/ReplayInlineAdvisor.cpp.obj
[1005/1732] Building CXX object lib/Analysis/CMakeFiles/LLVMAnalysis.dir/RegionPrinter.cpp.obj
[1006/1732] Building CXX object lib/Analysis/CMakeFiles/LLVMAnalysis.dir/RuntimeLibcallInfo.cpp.obj
[1007/1732] Building CXX object lib/Analysis/CMakeFiles/LLVMAnalysis.dir/ScalarEvolutionAliasAnalysis.cpp.obj
[1008/1732] Building CXX object lib/Analysis/CMakeFiles/LLVMAnalysis.dir/ScalarEvolutionDivision.cpp.obj
[1009/1732] Building CXX object lib/Analysis/CMakeFiles/LLVMAnalysis.dir/ScalarEvolutionNormalization.cpp.obj
[1010/1732] Building CXX object lib/Analysis/CMakeFiles/LLVMAnalysis.dir/StaticDataProfileInfo.cpp.obj
[1011/1732] Building CXX object lib/Analysis/CMakeFiles/LLVMAnalysis.dir/StackLifetime.cpp.obj
[1012/1732] Building CXX object lib/Analysis/CMakeFiles/LLVMAnalysis.dir/StackSafetyAnalysis.cpp.obj
[1013/1732] Building CXX object lib/Analysis/CMakeFiles/LLVMAnalysis.dir/StructuralHash.cpp.obj
[1014/1732] Building CXX object lib/Analysis/CMakeFiles/LLVMAnalysis.dir/SyntheticCountsUtils.cpp.obj
[1015/1732] Building CXX object lib/Analysis/CMakeFiles/LLVMAnalysis.dir/ScalarEvolution.cpp.obj
[1016/1732] Building CXX object lib/Analysis/CMakeFiles/LLVMAnalysis.dir/TFLiteUtils.cpp.obj
[1017/1732] Building CXX object lib/Analysis/CMakeFiles/LLVMAnalysis.dir/TargetTransformInfo.cpp.obj
[1018/1732] Building CXX object lib/Analysis/CMakeFiles/LLVMAnalysis.dir/TensorSpec.cpp.obj
[1019/1732] Building CXX object lib/Analysis/CMakeFiles/LLVMAnalysis.dir/Trace.cpp.obj
[1020/1732] Building CXX object lib/Analysis/CMakeFiles/LLVMAnalysis.dir/TrainingLogger.cpp.obj
[1021/1732] Building CXX object lib/Analysis/CMakeFiles/LLVMAnalysis.dir/TargetLibraryInfo.cpp.obj
[1022/1732] Building CXX object lib/Analysis/CMakeFiles/LLVMAnalysis.dir/TypeBasedAliasAnalysis.cpp.obj
[1023/1732] Building CXX object lib/Analysis/CMakeFiles/LLVMAnalysis.dir/TypeMetadataUtils.cpp.obj
[1024/1732] Building CXX object lib/Analysis/CMakeFiles/LLVMAnalysis.dir/ScopedNoAliasAA.cpp.obj
[1025/1732] Building CXX object lib/Analysis/CMakeFiles/LLVMAnalysis.dir/ValueLattice.cpp.obj
[1026/1732] Building CXX object lib/Analysis/CMakeFiles/LLVMAnalysis.dir/UniformityAnalysis.cpp.obj
[1027/1732] Building CXX object lib/Analysis/CMakeFiles/LLVMAnalysis.dir/ValueLatticeUtils.cpp.obj
[1028/1732] Building CXX object lib/Analysis/CMakeFiles/LLVMAnalysis.dir/VectorUtils.cpp.obj
[1029/1732] Building CXX object lib/MC/CMakeFiles/LLVMMC.dir/ConstantPools.cpp.obj
[1030/1732] Building CXX object lib/MC/CMakeFiles/LLVMMC.dir/DXContainerInfo.cpp.obj
[1031/1732] Building CXX object lib/MC/CMakeFiles/LLVMMC.dir/DXContainerPSVInfo.cpp.obj
[1032/1732] Building CXX object lib/Analysis/CMakeFiles/LLVMAnalysis.dir/ValueTracking.cpp.obj
[1033/1732] Building CXX object lib/MC/CMakeFiles/LLVMMC.dir/DXContainerRootSignature.cpp.obj
[1034/1732] Building CXX object lib/MC/CMakeFiles/LLVMMC.dir/GOFFObjectWriter.cpp.obj
[1035/1732] Building CXX object lib/MC/CMakeFiles/LLVMMC.dir/ELFObjectWriter.cpp.obj
[1036/1732] Building CXX object lib/MC/CMakeFiles/LLVMMC.dir/MCAsmBackend.cpp.obj
[1037/1732] Building CXX object lib/MC/CMakeFiles/LLVMMC.dir/MCAsmInfoCOFF.cpp.obj
[1038/1732] Building CXX object lib/MC/CMakeFiles/LLVMMC.dir/MCAsmInfo.cpp.obj
[1039/1732] Building CXX object lib/MC/CMakeFiles/LLVMMC.dir/MCAsmInfoDarwin.cpp.obj
[1040/1732] Building CXX object lib/MC/CMakeFiles/LLVMMC.dir/MCAsmInfoGOFF.cpp.obj
[1041/1732] Building CXX object lib/MC/CMakeFiles/LLVMMC.dir/MCAsmInfoELF.cpp.obj
[1042/1732] Building CXX object lib/MC/CMakeFiles/LLVMMC.dir/MCAsmInfoWasm.cpp.obj
[1043/1732] Building CXX object lib/MC/CMakeFiles/LLVMMC.dir/MCAsmInfoXCOFF.cpp.obj
[1044/1732] Building CXX object lib/MC/CMakeFiles/LLVMMC.dir/MCAsmMacro.cpp.obj
[1045/1732] Building CXX object lib/MC/CMakeFiles/LLVMMC.dir/MCAssembler.cpp.obj
[1046/1732] Building CXX object lib/MC/CMakeFiles/LLVMMC.dir/MCCodeEmitter.cpp.obj
[1047/1732] Building CXX object lib/MC/CMakeFiles/LLVMMC.dir/MCAsmStreamer.cpp.obj
[1048/1732] Building CXX object lib/MC/CMakeFiles/LLVMMC.dir/MCCodeView.cpp.obj
[1049/1732] Building CXX object lib/MC/CMakeFiles/LLVMMC.dir/MCContext.cpp.obj
[1050/1732] Building CXX object lib/MC/CMakeFiles/LLVMMC.dir/MCDXContainerStreamer.cpp.obj
[1051/1732] Building CXX object lib/MC/CMakeFiles/LLVMMC.dir/MCDwarf.cpp.obj
[1052/1732] Building CXX object lib/MC/CMakeFiles/LLVMMC.dir/MCELFObjectTargetWriter.cpp.obj
[1053/1732] Building CXX object lib/MC/CMakeFiles/LLVMMC.dir/MCDXContainerWriter.cpp.obj
[1054/1732] Building CXX object lib/MC/CMakeFiles/LLVMMC.dir/MCELFStreamer.cpp.obj
[1055/1732] Building CXX object lib/MC/CMakeFiles/LLVMMC.dir/MCExpr.cpp.obj
[1056/1732] Building CXX object lib/MC/CMakeFiles/LLVMMC.dir/MCFragment.cpp.obj
[1057/1732] Building CXX object lib/MC/CMakeFiles/LLVMMC.dir/MCGOFFStreamer.cpp.obj
[1058/1732] Building CXX object lib/MC/CMakeFiles/LLVMMC.dir/MCInstPrinter.cpp.obj
[1059/1732] Building CXX object lib/MC/CMakeFiles/LLVMMC.dir/MCInst.cpp.obj
[1060/1732] Building CXX object lib/MC/CMakeFiles/LLVMMC.dir/MCInstrAnalysis.cpp.obj
[1061/1732] Building CXX object lib/MC/CMakeFiles/LLVMMC.dir/MCInstrDesc.cpp.obj
[1062/1732] Building CXX object lib/MC/CMakeFiles/LLVMMC.dir/MCInstrInfo.cpp.obj
[1063/1732] Building CXX object lib/MC/CMakeFiles/LLVMMC.dir/MCLFI.cpp.obj
[1064/1732] Building CXX object lib/MC/CMakeFiles/LLVMMC.dir/MCLFIRewriter.cpp.obj
[1065/1732] Building CXX object lib/MC/CMakeFiles/LLVMMC.dir/MCLabel.cpp.obj
[1066/1732] Building CXX object lib/MC/CMakeFiles/LLVMMC.dir/MCLinkerOptimizationHint.cpp.obj
[1067/1732] Building CXX object lib/MC/CMakeFiles/LLVMMC.dir/MCMachObjectTargetWriter.cpp.obj
[1068/1732] Building CXX object lib/MC/CMakeFiles/LLVMMC.dir/MCMachOStreamer.cpp.obj
[1069/1732] Building CXX object lib/MC/CMakeFiles/LLVMMC.dir/MCNullStreamer.cpp.obj
[1070/1732] Building CXX object lib/MC/CMakeFiles/LLVMMC.dir/MCObjectFileInfo.cpp.obj
[1071/1732] Building CXX object lib/MC/CMakeFiles/LLVMMC.dir/MCObjectStreamer.cpp.obj
[1072/1732] Building CXX object lib/MC/CMakeFiles/LLVMMC.dir/MCObjectWriter.cpp.obj
[1073/1732] Building CXX object lib/MC/CMakeFiles/LLVMMC.dir/MCRegisterInfo.cpp.obj
[1074/1732] Building CXX object lib/MC/CMakeFiles/LLVMMC.dir/MCSchedule.cpp.obj
[1075/1732] Building CXX object lib/MC/CMakeFiles/LLVMMC.dir/MCPseudoProbe.cpp.obj
[1076/1732] Building CXX object lib/MC/CMakeFiles/LLVMMC.dir/MCSection.cpp.obj
[1077/1732] Building CXX object lib/MC/CMakeFiles/LLVMMC.dir/MCSectionMachO.cpp.obj
[1078/1732] Building CXX object lib/MC/CMakeFiles/LLVMMC.dir/MCSFrame.cpp.obj
[1079/1732] Building CXX object lib/MC/CMakeFiles/LLVMMC.dir/MCStreamer.cpp.obj
[1080/1732] Building CXX object lib/MC/CMakeFiles/LLVMMC.dir/MCSPIRVStreamer.cpp.obj
[1081/1732] Building CXX object lib/MC/CMakeFiles/LLVMMC.dir/MCSubtargetInfo.cpp.obj
[1082/1732] Building CXX object lib/MC/CMakeFiles/LLVMMC.dir/MCSymbol.cpp.obj
[1083/1732] Building CXX object lib/MC/CMakeFiles/LLVMMC.dir/MCSymbolELF.cpp.obj
[1084/1732] Building CXX object lib/MC/CMakeFiles/LLVMMC.dir/MCSymbolGOFF.cpp.obj
[1085/1732] Building CXX object lib/MC/CMakeFiles/LLVMMC.dir/MCSymbolXCOFF.cpp.obj
[1086/1732] Building CXX object lib/MC/CMakeFiles/LLVMMC.dir/MCTargetOptions.cpp.obj
[1087/1732] Building CXX object lib/MC/CMakeFiles/LLVMMC.dir/MCValue.cpp.obj
[1088/1732] Building CXX object lib/MC/CMakeFiles/LLVMMC.dir/MCTargetOptionsCommandFlags.cpp.obj
[1089/1732] Building CXX object lib/MC/CMakeFiles/LLVMMC.dir/MCWasmObjectTargetWriter.cpp.obj
[1090/1732] Building CXX object lib/MC/CMakeFiles/LLVMMC.dir/MCWasmStreamer.cpp.obj
[1091/1732] Building CXX object lib/MC/CMakeFiles/LLVMMC.dir/MCWinCOFFStreamer.cpp.obj
[1092/1732] Building CXX object lib/MC/CMakeFiles/LLVMMC.dir/MCWin64EH.cpp.obj
[1093/1732] Building CXX object lib/MC/CMakeFiles/LLVMMC.dir/MCWinEH.cpp.obj
[1094/1732] Building CXX object lib/MC/CMakeFiles/LLVMMC.dir/MCXCOFFObjectTargetWriter.cpp.obj
[1095/1732] Building CXX object lib/MC/CMakeFiles/LLVMMC.dir/MCXCOFFStreamer.cpp.obj
[1096/1732] Building CXX object lib/MC/CMakeFiles/LLVMMC.dir/SPIRVObjectWriter.cpp.obj
[1097/1732] Building CXX object lib/MC/CMakeFiles/LLVMMC.dir/MachObjectWriter.cpp.obj
[1098/1732] Building CXX object lib/MC/CMakeFiles/LLVMMC.dir/StringTableBuilder.cpp.obj
[1099/1732] Building CXX object lib/MC/CMakeFiles/LLVMMC.dir/TargetRegistry.cpp.obj
[1100/1732] Building CXX object lib/MC/CMakeFiles/LLVMMC.dir/WinCOFFObjectWriter.cpp.obj
[1101/1732] Building CXX object lib/MC/CMakeFiles/LLVMMC.dir/WasmObjectWriter.cpp.obj
[1102/1732] Building CXX object lib/MC/MCParser/CMakeFiles/LLVMMCParser.dir/AsmLexer.cpp.obj
[1103/1732] Building CXX object lib/MC/CMakeFiles/LLVMMC.dir/XCOFFObjectWriter.cpp.obj
[1104/1732] Building CXX object lib/MC/MCParser/CMakeFiles/LLVMMCParser.dir/COFFAsmParser.cpp.obj
[1105/1732] Building CXX object lib/MC/MCParser/CMakeFiles/LLVMMCParser.dir/COFFMasmParser.cpp.obj
[1106/1732] Building CXX object lib/MC/MCParser/CMakeFiles/LLVMMCParser.dir/AsmParser.cpp.obj
[1107/1732] Building CXX object lib/MC/MCParser/CMakeFiles/LLVMMCParser.dir/GOFFAsmParser.cpp.obj
[1108/1732] Building CXX object lib/MC/MCParser/CMakeFiles/LLVMMCParser.dir/DarwinAsmParser.cpp.obj
[1109/1732] Building CXX object lib/MC/MCParser/CMakeFiles/LLVMMCParser.dir/ELFAsmParser.cpp.obj
[1110/1732] Building CXX object lib/MC/MCParser/CMakeFiles/LLVMMCParser.dir/LFIAsmParser.cpp.obj
[1111/1732] Building CXX object lib/MC/MCParser/CMakeFiles/LLVMMCParser.dir/MCAsmParser.cpp.obj
[1112/1732] Building CXX object lib/MC/MCParser/CMakeFiles/LLVMMCParser.dir/MCAsmParserExtension.cpp.obj
[1113/1732] Building CXX object lib/MC/MCParser/CMakeFiles/LLVMMCParser.dir/MCTargetAsmParser.cpp.obj
[1114/1732] Building CXX object lib/MC/MCParser/CMakeFiles/LLVMMCParser.dir/WasmAsmParser.cpp.obj
[1115/1732] Building CXX object lib/MC/MCParser/CMakeFiles/LLVMMCParser.dir/XCOFFAsmParser.cpp.obj
[1116/1732] Building CXX object lib/Object/CMakeFiles/LLVMObject.dir/Archive.cpp.obj
[1117/1732] Building CXX object lib/MC/MCParser/CMakeFiles/LLVMMCParser.dir/MasmParser.cpp.obj
[1118/1732] Building CXX object lib/Object/CMakeFiles/LLVMObject.dir/BBAddrMap.cpp.obj
[1119/1732] Building CXX object lib/Object/CMakeFiles/LLVMObject.dir/ArchiveWriter.cpp.obj
[1120/1732] Building CXX object lib/Object/CMakeFiles/LLVMObject.dir/Binary.cpp.obj
[1121/1732] Building CXX object lib/Object/CMakeFiles/LLVMObject.dir/COFFImportFile.cpp.obj
[1122/1732] Building CXX object lib/Object/CMakeFiles/LLVMObject.dir/BuildID.cpp.obj
[1123/1732] Building CXX object lib/Object/CMakeFiles/LLVMObject.dir/COFFModuleDefinition.cpp.obj
[1124/1732] Building CXX object lib/Object/CMakeFiles/LLVMObject.dir/Decompressor.cpp.obj
[1125/1732] Building CXX object lib/Object/CMakeFiles/LLVMObject.dir/COFFObjectFile.cpp.obj
[1126/1732] Building CXX object lib/Object/CMakeFiles/LLVMObject.dir/DXContainer.cpp.obj
[1127/1732] Building CXX object lib/Object/CMakeFiles/LLVMObject.dir/ELFObjectFile.cpp.obj
[1128/1732] Building CXX object lib/Object/CMakeFiles/LLVMObject.dir/Error.cpp.obj
[1129/1732] Building CXX object lib/Object/CMakeFiles/LLVMObject.dir/ELF.cpp.obj
[1130/1732] Building CXX object lib/Object/CMakeFiles/LLVMObject.dir/FaultMapParser.cpp.obj
[1131/1732] Building CXX object lib/Object/CMakeFiles/LLVMObject.dir/GOFFObjectFile.cpp.obj
[1132/1732] Building CXX object lib/Object/CMakeFiles/LLVMObject.dir/IRObjectFile.cpp.obj
[1133/1732] Building CXX object lib/Object/CMakeFiles/LLVMObject.dir/IRSymtab.cpp.obj
[1134/1732] Building CXX object lib/Object/CMakeFiles/LLVMObject.dir/MachOUniversal.cpp.obj
[1135/1732] Building CXX object lib/Object/CMakeFiles/LLVMObject.dir/Minidump.cpp.obj
[1136/1732] Building CXX object lib/Object/CMakeFiles/LLVMObject.dir/MachOObjectFile.cpp.obj
[1137/1732] Building CXX object lib/Object/CMakeFiles/LLVMObject.dir/ModuleSymbolTable.cpp.obj
[1138/1732] Building CXX object lib/Object/CMakeFiles/LLVMObject.dir/Object.cpp.obj
[1139/1732] Building CXX object lib/Object/CMakeFiles/LLVMObject.dir/ObjectFile.cpp.obj
[1140/1732] Building CXX object lib/Object/CMakeFiles/LLVMObject.dir/OffloadBinary.cpp.obj
[1141/1732] Building CXX object lib/Object/CMakeFiles/LLVMObject.dir/RecordStreamer.cpp.obj
[1142/1732] Building CXX object lib/Object/CMakeFiles/LLVMObject.dir/OffloadBundle.cpp.obj
[1143/1732] Building CXX object lib/Object/CMakeFiles/LLVMObject.dir/RelocationResolver.cpp.obj
[1144/1732] Building CXX object lib/Object/CMakeFiles/LLVMObject.dir/SFrameParser.cpp.obj
[1145/1732] Building CXX object lib/Object/CMakeFiles/LLVMObject.dir/SymbolicFile.cpp.obj
[1146/1732] Building CXX object lib/Object/CMakeFiles/LLVMObject.dir/SymbolSize.cpp.obj
[1147/1732] Building CXX object lib/Object/CMakeFiles/LLVMObject.dir/TapiFile.cpp.obj
[1148/1732] Building CXX object lib/Object/CMakeFiles/LLVMObject.dir/TapiUniversal.cpp.obj
[1149/1732] Building CXX object lib/Object/CMakeFiles/LLVMObject.dir/MachOUniversalWriter.cpp.obj
[1150/1732] Building CXX object lib/Object/CMakeFiles/LLVMObject.dir/WindowsMachineFlag.cpp.obj
[1151/1732] Building CXX object lib/Object/CMakeFiles/LLVMObject.dir/WindowsResource.cpp.obj
[1152/1732] Building CXX object lib/Object/CMakeFiles/LLVMObject.dir/WasmObjectFile.cpp.obj
[1153/1732] Building CXX object lib/ObjectYAML/CMakeFiles/LLVMObjectYAML.dir/ArchiveEmitter.cpp.obj
[1154/1732] Building CXX object lib/ObjectYAML/CMakeFiles/LLVMObjectYAML.dir/ArchiveYAML.cpp.obj
[1155/1732] Building CXX object lib/Object/CMakeFiles/LLVMObject.dir/XCOFFObjectFile.cpp.obj
[1156/1732] Building CXX object lib/ObjectYAML/CMakeFiles/LLVMObjectYAML.dir/BBAddrMapYAML.cpp.obj
[1157/1732] Building CXX object lib/ObjectYAML/CMakeFiles/LLVMObjectYAML.dir/CodeViewYAMLDebugSections.cpp.obj
[1158/1732] Building CXX object lib/ObjectYAML/CMakeFiles/LLVMObjectYAML.dir/CodeViewYAMLTypeHashing.cpp.obj
[1159/1732] Building CXX object lib/ObjectYAML/CMakeFiles/LLVMObjectYAML.dir/CodeViewYAMLSymbols.cpp.obj
[1160/1732] Building CXX object lib/ObjectYAML/CMakeFiles/LLVMObjectYAML.dir/CodeViewYAMLTypes.cpp.obj
[1161/1732] Building CXX object lib/ObjectYAML/CMakeFiles/LLVMObjectYAML.dir/COFFEmitter.cpp.obj
[1162/1732] Building CXX object lib/ObjectYAML/CMakeFiles/LLVMObjectYAML.dir/ContiguousBlobAccumulator.cpp.obj
[1163/1732] Building CXX object lib/ObjectYAML/CMakeFiles/LLVMObjectYAML.dir/COFFYAML.cpp.obj
[1164/1732] Building CXX object lib/ObjectYAML/CMakeFiles/LLVMObjectYAML.dir/DWARFEmitter.cpp.obj
[1165/1732] Building CXX object lib/ObjectYAML/CMakeFiles/LLVMObjectYAML.dir/DWARFYAML.cpp.obj
[1166/1732] Building CXX object lib/ObjectYAML/CMakeFiles/LLVMObjectYAML.dir/DXContainerEmitter.cpp.obj
[1167/1732] Building CXX object lib/ObjectYAML/CMakeFiles/LLVMObjectYAML.dir/DXContainerYAML.cpp.obj
[1168/1732] Building CXX object lib/ObjectYAML/CMakeFiles/LLVMObjectYAML.dir/ELFEmitter.cpp.obj
[1169/1732] Building CXX object lib/ObjectYAML/CMakeFiles/LLVMObjectYAML.dir/GOFFEmitter.cpp.obj
[1170/1732] Building CXX object lib/ObjectYAML/CMakeFiles/LLVMObjectYAML.dir/GOFFYAML.cpp.obj
[1171/1732] Building CXX object lib/ObjectYAML/CMakeFiles/LLVMObjectYAML.dir/ELFYAML.cpp.obj
[1172/1732] Building CXX object lib/ObjectYAML/CMakeFiles/LLVMObjectYAML.dir/MachOEmitter.cpp.obj
[1173/1732] Building CXX object lib/ObjectYAML/CMakeFiles/LLVMObjectYAML.dir/MachOYAML.cpp.obj
[1174/1732] Building CXX object lib/ObjectYAML/CMakeFiles/LLVMObjectYAML.dir/MinidumpEmitter.cpp.obj
[1175/1732] Building CXX object lib/ObjectYAML/CMakeFiles/LLVMObjectYAML.dir/ObjectYAML.cpp.obj
[1176/1732] Building CXX object lib/ObjectYAML/CMakeFiles/LLVMObjectYAML.dir/OffloadEmitter.cpp.obj
[1177/1732] Building CXX object lib/ObjectYAML/CMakeFiles/LLVMObjectYAML.dir/OffloadYAML.cpp.obj
[1178/1732] Building CXX object lib/ObjectYAML/CMakeFiles/LLVMObjectYAML.dir/MinidumpYAML.cpp.obj
[1179/1732] Building CXX object lib/ObjectYAML/CMakeFiles/LLVMObjectYAML.dir/WasmYAML.cpp.obj
[1180/1732] Building CXX object lib/ObjectYAML/CMakeFiles/LLVMObjectYAML.dir/WasmEmitter.cpp.obj
[1181/1732] Building CXX object lib/ObjectYAML/CMakeFiles/LLVMObjectYAML.dir/XCOFFYAML.cpp.obj
[1182/1732] Building CXX object lib/ObjectYAML/CMakeFiles/LLVMObjectYAML.dir/YAML.cpp.obj
[1183/1732] Building CXX object lib/ObjectYAML/CMakeFiles/LLVMObjectYAML.dir/XCOFFEmitter.cpp.obj
[1184/1732] Building CXX object lib/Remarks/CMakeFiles/LLVMRemarks.dir/BitstreamRemarkSerializer.cpp.obj
[1185/1732] Building CXX object lib/Remarks/CMakeFiles/LLVMRemarks.dir/Remark.cpp.obj
[1186/1732] Building CXX object lib/ObjectYAML/CMakeFiles/LLVMObjectYAML.dir/yaml2obj.cpp.obj
[1187/1732] Building CXX object lib/Remarks/CMakeFiles/LLVMRemarks.dir/RemarkFormat.cpp.obj
[1188/1732] Building CXX object lib/Remarks/CMakeFiles/LLVMRemarks.dir/RemarkParser.cpp.obj
[1189/1732] Building CXX object lib/Remarks/CMakeFiles/LLVMRemarks.dir/RemarkLinker.cpp.obj
[1190/1732] Building CXX object lib/Remarks/CMakeFiles/LLVMRemarks.dir/RemarkStreamer.cpp.obj
[1191/1732] Building CXX object lib/Remarks/CMakeFiles/LLVMRemarks.dir/RemarkSerializer.cpp.obj
[1192/1732] Building CXX object lib/Remarks/CMakeFiles/LLVMRemarks.dir/RemarkStringTable.cpp.obj
[1193/1732] Building CXX object lib/Remarks/CMakeFiles/LLVMRemarks.dir/YAMLRemarkParser.cpp.obj
[1194/1732] Building CXX object lib/Remarks/CMakeFiles/LLVMRemarks.dir/YAMLRemarkSerializer.cpp.obj
[1195/1732] Linking CXX static library lib\libLLVMRemarks.a
[1196/1732] Building CXX object lib/DebugInfo/DWARF/CMakeFiles/LLVMDebugInfoDWARF.dir/DWARFAbbreviationDeclaration.cpp.obj
[1197/1732] Building CXX object lib/DebugInfo/DWARF/CMakeFiles/LLVMDebugInfoDWARF.dir/DWARFAddressRange.cpp.obj
[1198/1732] Building CXX object lib/DebugInfo/DWARF/CMakeFiles/LLVMDebugInfoDWARF.dir/DWARFCFIPrinter.cpp.obj
[1199/1732] Building CXX object lib/DebugInfo/DWARF/CMakeFiles/LLVMDebugInfoDWARF.dir/DWARFCompileUnit.cpp.obj
[1200/1732] Building CXX object lib/DebugInfo/DWARF/CMakeFiles/LLVMDebugInfoDWARF.dir/DWARFAcceleratorTable.cpp.obj
[1201/1732] Building CXX object lib/DebugInfo/DWARF/CMakeFiles/LLVMDebugInfoDWARF.dir/DWARFDebugAbbrev.cpp.obj
[1202/1732] Building CXX object lib/DebugInfo/DWARF/CMakeFiles/LLVMDebugInfoDWARF.dir/DWARFDebugAddr.cpp.obj
[1203/1732] Building CXX object lib/DebugInfo/DWARF/CMakeFiles/LLVMDebugInfoDWARF.dir/DWARFDebugArangeSet.cpp.obj
[1204/1732] Building CXX object lib/DebugInfo/DWARF/CMakeFiles/LLVMDebugInfoDWARF.dir/DWARFContext.cpp.obj
[1205/1732] Building CXX object lib/DebugInfo/DWARF/CMakeFiles/LLVMDebugInfoDWARF.dir/DWARFDebugAranges.cpp.obj
[1206/1732] Building CXX object lib/DebugInfo/DWARF/CMakeFiles/LLVMDebugInfoDWARF.dir/DWARFDebugFrame.cpp.obj
[1207/1732] Building CXX object lib/DebugInfo/DWARF/CMakeFiles/LLVMDebugInfoDWARF.dir/DWARFDebugInfoEntry.cpp.obj
[1208/1732] Building CXX object lib/DebugInfo/DWARF/CMakeFiles/LLVMDebugInfoDWARF.dir/DWARFDebugLoc.cpp.obj
[1209/1732] Building CXX object lib/DebugInfo/DWARF/CMakeFiles/LLVMDebugInfoDWARF.dir/DWARFDebugLine.cpp.obj
[1210/1732] Building CXX object lib/DebugInfo/DWARF/CMakeFiles/LLVMDebugInfoDWARF.dir/DWARFDebugMacro.cpp.obj
[1211/1732] Building CXX object lib/DebugInfo/DWARF/CMakeFiles/LLVMDebugInfoDWARF.dir/DWARFDebugPubTable.cpp.obj
[1212/1732] Building CXX object lib/DebugInfo/DWARF/CMakeFiles/LLVMDebugInfoDWARF.dir/DWARFDebugRangeList.cpp.obj
[1213/1732] Building CXX object lib/DebugInfo/DWARF/CMakeFiles/LLVMDebugInfoDWARF.dir/DWARFDebugRnglists.cpp.obj
[1214/1732] Building CXX object lib/DebugInfo/DWARF/CMakeFiles/LLVMDebugInfoDWARF.dir/DWARFDie.cpp.obj
[1215/1732] Building CXX object lib/DebugInfo/DWARF/CMakeFiles/LLVMDebugInfoDWARF.dir/DWARFExpressionPrinter.cpp.obj
[1216/1732] Building CXX object lib/DebugInfo/DWARF/CMakeFiles/LLVMDebugInfoDWARF.dir/DWARFGdbIndex.cpp.obj
[1217/1732] Building CXX object lib/DebugInfo/DWARF/CMakeFiles/LLVMDebugInfoDWARF.dir/DWARFFormValue.cpp.obj
[1218/1732] Building CXX object lib/DebugInfo/DWARF/CMakeFiles/LLVMDebugInfoDWARF.dir/DWARFLocationExpression.cpp.obj
[1219/1732] Building CXX object lib/DebugInfo/DWARF/CMakeFiles/LLVMDebugInfoDWARF.dir/DWARFListTable.cpp.obj
[1220/1732] Building CXX object lib/DebugInfo/DWARF/CMakeFiles/LLVMDebugInfoDWARF.dir/DWARFUnitIndex.cpp.obj
[1221/1732] Building CXX object lib/DebugInfo/DWARF/CMakeFiles/LLVMDebugInfoDWARF.dir/DWARFTypeUnit.cpp.obj
[1222/1732] Building CXX object lib/DebugInfo/DWARF/CMakeFiles/LLVMDebugInfoDWARF.dir/DWARFUnwindTablePrinter.cpp.obj
[1223/1732] Building CXX object lib/DebugInfo/DWARF/CMakeFiles/LLVMDebugInfoDWARF.dir/DWARFUnit.cpp.obj
[1224/1732] Building CXX object lib/DebugInfo/DWARF/LowLevel/CMakeFiles/LLVMDebugInfoDWARFLowLevel.dir/DWARFCFIProgram.cpp.obj
[1225/1732] Building CXX object lib/DebugInfo/DWARF/LowLevel/CMakeFiles/LLVMDebugInfoDWARFLowLevel.dir/DWARFExpression.cpp.obj
[1226/1732] Building CXX object lib/DebugInfo/DWARF/LowLevel/CMakeFiles/LLVMDebugInfoDWARFLowLevel.dir/DWARFUnwindTable.cpp.obj
[1227/1732] Building CXX object lib/DebugInfo/DWARF/CMakeFiles/LLVMDebugInfoDWARF.dir/DWARFVerifier.cpp.obj
[1228/1732] Building CXX object lib/DebugInfo/GSYM/CMakeFiles/LLVMDebugInfoGSYM.dir/Header.cpp.obj
[1229/1732] Building CXX object lib/DebugInfo/GSYM/CMakeFiles/LLVMDebugInfoGSYM.dir/DwarfTransformer.cpp.obj
[1230/1732] Building CXX object lib/DebugInfo/GSYM/CMakeFiles/LLVMDebugInfoGSYM.dir/HeaderV2.cpp.obj
[1231/1732] Building CXX object lib/DebugInfo/GSYM/CMakeFiles/LLVMDebugInfoGSYM.dir/FileWriter.cpp.obj
[1232/1732] Building CXX object lib/DebugInfo/GSYM/CMakeFiles/LLVMDebugInfoGSYM.dir/GlobalData.cpp.obj
[1233/1732] Building CXX object lib/DebugInfo/GSYM/CMakeFiles/LLVMDebugInfoGSYM.dir/FunctionInfo.cpp.obj
[1234/1732] Building CXX object lib/DebugInfo/GSYM/CMakeFiles/LLVMDebugInfoGSYM.dir/GsymCreatorV1.cpp.obj
[1235/1732] Building CXX object lib/DebugInfo/GSYM/CMakeFiles/LLVMDebugInfoGSYM.dir/GsymCreator.cpp.obj
[1236/1732] Building CXX object lib/DebugInfo/GSYM/CMakeFiles/LLVMDebugInfoGSYM.dir/GsymCreatorV2.cpp.obj
[1237/1732] Building CXX object lib/DebugInfo/GSYM/CMakeFiles/LLVMDebugInfoGSYM.dir/GsymContext.cpp.obj
[1238/1732] Building CXX object lib/DebugInfo/GSYM/CMakeFiles/LLVMDebugInfoGSYM.dir/GsymReaderV1.cpp.obj
[1239/1732] Building CXX object lib/DebugInfo/GSYM/CMakeFiles/LLVMDebugInfoGSYM.dir/GsymReader.cpp.obj
[1240/1732] Building CXX object lib/DebugInfo/GSYM/CMakeFiles/LLVMDebugInfoGSYM.dir/GsymReaderV2.cpp.obj
[1241/1732] Building CXX object lib/DebugInfo/GSYM/CMakeFiles/LLVMDebugInfoGSYM.dir/InlineInfo.cpp.obj
[1242/1732] Building CXX object lib/DebugInfo/GSYM/CMakeFiles/LLVMDebugInfoGSYM.dir/LookupResult.cpp.obj
[1243/1732] Building CXX object lib/DebugInfo/GSYM/CMakeFiles/LLVMDebugInfoGSYM.dir/LineTable.cpp.obj
[1244/1732] Building CXX object lib/DebugInfo/GSYM/CMakeFiles/LLVMDebugInfoGSYM.dir/MergedFunctionsInfo.cpp.obj
[1245/1732] Building CXX object lib/DebugInfo/GSYM/CMakeFiles/LLVMDebugInfoGSYM.dir/CallSiteInfo.cpp.obj
[1246/1732] Building CXX object lib/DebugInfo/GSYM/CMakeFiles/LLVMDebugInfoGSYM.dir/ExtractRanges.cpp.obj
[1247/1732] Building CXX object lib/DebugInfo/GSYM/CMakeFiles/LLVMDebugInfoGSYM.dir/ObjectFileTransformer.cpp.obj
[1248/1732] Building CXX object lib/DebugInfo/MSF/CMakeFiles/LLVMDebugInfoMSF.dir/MappedBlockStream.cpp.obj
[1249/1732] Building CXX object lib/DebugInfo/MSF/CMakeFiles/LLVMDebugInfoMSF.dir/MSFCommon.cpp.obj
[1250/1732] Building CXX object lib/DebugInfo/MSF/CMakeFiles/LLVMDebugInfoMSF.dir/MSFError.cpp.obj
[1251/1732] Building CXX object lib/DebugInfo/MSF/CMakeFiles/LLVMDebugInfoMSF.dir/MSFBuilder.cpp.obj
[1252/1732] Linking CXX static library lib\libLLVMDebugInfoMSF.a
[1253/1732] Building CXX object lib/DebugInfo/CodeView/CMakeFiles/LLVMDebugInfoCodeView.dir/AppendingTypeTableBuilder.cpp.obj
[1254/1732] Building CXX object lib/DebugInfo/CodeView/CMakeFiles/LLVMDebugInfoCodeView.dir/CodeViewError.cpp.obj
[1255/1732] Building CXX object lib/DebugInfo/CodeView/CMakeFiles/LLVMDebugInfoCodeView.dir/CodeViewRecordIO.cpp.obj
[1256/1732] Building CXX object lib/DebugInfo/CodeView/CMakeFiles/LLVMDebugInfoCodeView.dir/ContinuationRecordBuilder.cpp.obj
[1257/1732] Building CXX object lib/DebugInfo/CodeView/CMakeFiles/LLVMDebugInfoCodeView.dir/CVSymbolVisitor.cpp.obj
[1258/1732] Building CXX object lib/DebugInfo/CodeView/CMakeFiles/LLVMDebugInfoCodeView.dir/CVTypeVisitor.cpp.obj
[1259/1732] Building CXX object lib/DebugInfo/CodeView/CMakeFiles/LLVMDebugInfoCodeView.dir/DebugChecksumsSubsection.cpp.obj
[1260/1732] Building CXX object lib/DebugInfo/CodeView/CMakeFiles/LLVMDebugInfoCodeView.dir/DebugCrossExSubsection.cpp.obj
[1261/1732] Building CXX object lib/DebugInfo/CodeView/CMakeFiles/LLVMDebugInfoCodeView.dir/DebugCrossImpSubsection.cpp.obj
[1262/1732] Building CXX object lib/DebugInfo/CodeView/CMakeFiles/LLVMDebugInfoCodeView.dir/DebugFrameDataSubsection.cpp.obj
[1263/1732] Building CXX object lib/DebugInfo/CodeView/CMakeFiles/LLVMDebugInfoCodeView.dir/DebugInlineeLinesSubsection.cpp.obj
[1264/1732] Building CXX object lib/DebugInfo/CodeView/CMakeFiles/LLVMDebugInfoCodeView.dir/DebugLinesSubsection.cpp.obj
[1265/1732] Building CXX object lib/DebugInfo/CodeView/CMakeFiles/LLVMDebugInfoCodeView.dir/DebugStringTableSubsection.cpp.obj
[1266/1732] Building CXX object lib/DebugInfo/CodeView/CMakeFiles/LLVMDebugInfoCodeView.dir/DebugSubsection.cpp.obj
[1267/1732] Building CXX object lib/DebugInfo/CodeView/CMakeFiles/LLVMDebugInfoCodeView.dir/DebugSubsectionRecord.cpp.obj
[1268/1732] Building CXX object lib/DebugInfo/CodeView/CMakeFiles/LLVMDebugInfoCodeView.dir/DebugSubsectionVisitor.cpp.obj
[1269/1732] Building CXX object lib/DebugInfo/CodeView/CMakeFiles/LLVMDebugInfoCodeView.dir/DebugSymbolRVASubsection.cpp.obj
[1270/1732] Building CXX object lib/DebugInfo/CodeView/CMakeFiles/LLVMDebugInfoCodeView.dir/DebugSymbolsSubsection.cpp.obj
[1271/1732] Building CXX object lib/DebugInfo/CodeView/CMakeFiles/LLVMDebugInfoCodeView.dir/EnumTables.cpp.obj
[1272/1732] Building CXX object lib/DebugInfo/CodeView/CMakeFiles/LLVMDebugInfoCodeView.dir/Formatters.cpp.obj
[1273/1732] Building CXX object lib/DebugInfo/CodeView/CMakeFiles/LLVMDebugInfoCodeView.dir/GlobalTypeTableBuilder.cpp.obj
[1274/1732] Building CXX object lib/DebugInfo/CodeView/CMakeFiles/LLVMDebugInfoCodeView.dir/LazyRandomTypeCollection.cpp.obj
[1275/1732] Building CXX object lib/DebugInfo/CodeView/CMakeFiles/LLVMDebugInfoCodeView.dir/Line.cpp.obj
[1276/1732] Building CXX object lib/DebugInfo/CodeView/CMakeFiles/LLVMDebugInfoCodeView.dir/MergingTypeTableBuilder.cpp.obj
[1277/1732] Building CXX object lib/DebugInfo/CodeView/CMakeFiles/LLVMDebugInfoCodeView.dir/RecordName.cpp.obj
[1278/1732] Building CXX object lib/DebugInfo/CodeView/CMakeFiles/LLVMDebugInfoCodeView.dir/RecordSerialization.cpp.obj
[1279/1732] Building CXX object lib/DebugInfo/CodeView/CMakeFiles/LLVMDebugInfoCodeView.dir/SimpleTypeSerializer.cpp.obj
[1280/1732] Building CXX object lib/DebugInfo/CodeView/CMakeFiles/LLVMDebugInfoCodeView.dir/StringsAndChecksums.cpp.obj
[1281/1732] Building CXX object lib/DebugInfo/CodeView/CMakeFiles/LLVMDebugInfoCodeView.dir/SymbolRecordHelpers.cpp.obj
[1282/1732] Building CXX object lib/DebugInfo/CodeView/CMakeFiles/LLVMDebugInfoCodeView.dir/SymbolDumper.cpp.obj
[1283/1732] Building CXX object lib/DebugInfo/CodeView/CMakeFiles/LLVMDebugInfoCodeView.dir/SymbolRecordMapping.cpp.obj
[1284/1732] Building CXX object lib/DebugInfo/CodeView/CMakeFiles/LLVMDebugInfoCodeView.dir/SymbolSerializer.cpp.obj
[1285/1732] Building CXX object lib/DebugInfo/CodeView/CMakeFiles/LLVMDebugInfoCodeView.dir/TypeIndex.cpp.obj
[1286/1732] Building CXX object lib/DebugInfo/CodeView/CMakeFiles/LLVMDebugInfoCodeView.dir/TypeDumpVisitor.cpp.obj
[1287/1732] Building CXX object lib/DebugInfo/CodeView/CMakeFiles/LLVMDebugInfoCodeView.dir/TypeHashing.cpp.obj
[1288/1732] Building CXX object lib/DebugInfo/CodeView/CMakeFiles/LLVMDebugInfoCodeView.dir/TypeIndexDiscovery.cpp.obj
[1289/1732] Building CXX object lib/DebugInfo/CodeView/CMakeFiles/LLVMDebugInfoCodeView.dir/TypeRecordHelpers.cpp.obj
[1290/1732] Building CXX object lib/DebugInfo/CodeView/CMakeFiles/LLVMDebugInfoCodeView.dir/TypeRecordMapping.cpp.obj
[1291/1732] Building CXX object lib/DebugInfo/CodeView/CMakeFiles/LLVMDebugInfoCodeView.dir/TypeStreamMerger.cpp.obj
[1292/1732] Building CXX object lib/DebugInfo/PDB/CMakeFiles/LLVMDebugInfoPDB.dir/GenericError.cpp.obj
[1293/1732] Building CXX object lib/DebugInfo/CodeView/CMakeFiles/LLVMDebugInfoCodeView.dir/TypeTableCollection.cpp.obj
[1294/1732] Linking CXX static library lib\libLLVMDebugInfoCodeView.a
[1295/1732] Building CXX object lib/DebugInfo/PDB/CMakeFiles/LLVMDebugInfoPDB.dir/IPDBSourceFile.cpp.obj
[1296/1732] Building CXX object lib/DebugInfo/PDB/CMakeFiles/LLVMDebugInfoPDB.dir/PDB.cpp.obj
[1297/1732] Building CXX object lib/DebugInfo/PDB/CMakeFiles/LLVMDebugInfoPDB.dir/PDBContext.cpp.obj
[1298/1732] Building CXX object lib/DebugInfo/PDB/CMakeFiles/LLVMDebugInfoPDB.dir/PDBExtras.cpp.obj
[1299/1732] Building CXX object lib/DebugInfo/PDB/CMakeFiles/LLVMDebugInfoPDB.dir/PDBInterfaceAnchors.cpp.obj
[1300/1732] Building CXX object lib/DebugInfo/PDB/CMakeFiles/LLVMDebugInfoPDB.dir/PDBSymbol.cpp.obj
[1301/1732] Building CXX object lib/DebugInfo/PDB/CMakeFiles/LLVMDebugInfoPDB.dir/PDBSymbolAnnotation.cpp.obj
[1302/1732] Building CXX object lib/DebugInfo/PDB/CMakeFiles/LLVMDebugInfoPDB.dir/PDBSymbolBlock.cpp.obj
[1303/1732] Building CXX object lib/DebugInfo/PDB/CMakeFiles/LLVMDebugInfoPDB.dir/PDBSymbolCompiland.cpp.obj
[1304/1732] Building CXX object lib/DebugInfo/PDB/CMakeFiles/LLVMDebugInfoPDB.dir/PDBSymbolCompilandDetails.cpp.obj
[1305/1732] Building CXX object lib/DebugInfo/PDB/CMakeFiles/LLVMDebugInfoPDB.dir/PDBSymbolCompilandEnv.cpp.obj
[1306/1732] Building CXX object lib/DebugInfo/PDB/CMakeFiles/LLVMDebugInfoPDB.dir/PDBSymbolCustom.cpp.obj
[1307/1732] Building CXX object lib/DebugInfo/PDB/CMakeFiles/LLVMDebugInfoPDB.dir/PDBSymbolData.cpp.obj
[1308/1732] Building CXX object lib/DebugInfo/PDB/CMakeFiles/LLVMDebugInfoPDB.dir/PDBSymbolExe.cpp.obj
[1309/1732] Building CXX object lib/DebugInfo/PDB/CMakeFiles/LLVMDebugInfoPDB.dir/PDBSymbolFunc.cpp.obj
[1310/1732] Building CXX object lib/DebugInfo/PDB/CMakeFiles/LLVMDebugInfoPDB.dir/PDBSymbolFuncDebugEnd.cpp.obj
[1311/1732] Building CXX object lib/DebugInfo/PDB/CMakeFiles/LLVMDebugInfoPDB.dir/PDBSymbolFuncDebugStart.cpp.obj
[1312/1732] Building CXX object lib/DebugInfo/PDB/CMakeFiles/LLVMDebugInfoPDB.dir/PDBSymbolLabel.cpp.obj
[1313/1732] Building CXX object lib/DebugInfo/PDB/CMakeFiles/LLVMDebugInfoPDB.dir/PDBSymbolPublicSymbol.cpp.obj
[1314/1732] Building CXX object lib/DebugInfo/PDB/CMakeFiles/LLVMDebugInfoPDB.dir/PDBSymbolThunk.cpp.obj
[1315/1732] Building CXX object lib/DebugInfo/PDB/CMakeFiles/LLVMDebugInfoPDB.dir/PDBSymbolTypeArray.cpp.obj
[1316/1732] Building CXX object lib/DebugInfo/PDB/CMakeFiles/LLVMDebugInfoPDB.dir/PDBSymbolTypeBaseClass.cpp.obj
[1317/1732] Building CXX object lib/DebugInfo/PDB/CMakeFiles/LLVMDebugInfoPDB.dir/PDBSymbolTypeBuiltin.cpp.obj
[1318/1732] Building CXX object lib/DebugInfo/PDB/CMakeFiles/LLVMDebugInfoPDB.dir/PDBSymbolTypeCustom.cpp.obj
[1319/1732] Building CXX object lib/DebugInfo/PDB/CMakeFiles/LLVMDebugInfoPDB.dir/PDBSymbolTypeDimension.cpp.obj
[1320/1732] Building CXX object lib/DebugInfo/PDB/CMakeFiles/LLVMDebugInfoPDB.dir/PDBSymbolTypeEnum.cpp.obj
[1321/1732] Building CXX object lib/DebugInfo/PDB/CMakeFiles/LLVMDebugInfoPDB.dir/PDBSymbolTypeFriend.cpp.obj
[1322/1732] Building CXX object lib/DebugInfo/PDB/CMakeFiles/LLVMDebugInfoPDB.dir/PDBSymbolTypeFunctionArg.cpp.obj
[1323/1732] Building CXX object lib/DebugInfo/PDB/CMakeFiles/LLVMDebugInfoPDB.dir/PDBSymbolTypeFunctionSig.cpp.obj
[1324/1732] Building CXX object lib/DebugInfo/PDB/CMakeFiles/LLVMDebugInfoPDB.dir/PDBSymbolTypeManaged.cpp.obj
[1325/1732] Building CXX object lib/DebugInfo/PDB/CMakeFiles/LLVMDebugInfoPDB.dir/PDBSymbolTypePointer.cpp.obj
[1326/1732] Building CXX object lib/DebugInfo/PDB/CMakeFiles/LLVMDebugInfoPDB.dir/PDBSymbolTypeTypedef.cpp.obj
[1327/1732] Building CXX object lib/DebugInfo/PDB/CMakeFiles/LLVMDebugInfoPDB.dir/PDBSymbolTypeUDT.cpp.obj
[1328/1732] Building CXX object lib/DebugInfo/PDB/CMakeFiles/LLVMDebugInfoPDB.dir/PDBSymbolTypeVTable.cpp.obj
[1329/1732] Building CXX object lib/DebugInfo/PDB/CMakeFiles/LLVMDebugInfoPDB.dir/PDBSymbolTypeVTableShape.cpp.obj
[1330/1732] Building CXX object lib/DebugInfo/PDB/CMakeFiles/LLVMDebugInfoPDB.dir/PDBSymbolUnknown.cpp.obj
[1331/1732] Building CXX object lib/DebugInfo/PDB/CMakeFiles/LLVMDebugInfoPDB.dir/PDBSymbolUsingNamespace.cpp.obj
[1332/1732] Building CXX object lib/DebugInfo/PDB/CMakeFiles/LLVMDebugInfoPDB.dir/PDBSymDumper.cpp.obj
[1333/1732] Building CXX object lib/DebugInfo/PDB/CMakeFiles/LLVMDebugInfoPDB.dir/Native/DbiModuleDescriptor.cpp.obj
[1334/1732] Building CXX object lib/DebugInfo/PDB/CMakeFiles/LLVMDebugInfoPDB.dir/UDTLayout.cpp.obj
[1335/1732] Building CXX object lib/DebugInfo/PDB/CMakeFiles/LLVMDebugInfoPDB.dir/Native/DbiModuleDescriptorBuilder.cpp.obj
[1336/1732] Building CXX object lib/DebugInfo/PDB/CMakeFiles/LLVMDebugInfoPDB.dir/Native/DbiModuleList.cpp.obj
[1337/1732] Building CXX object lib/DebugInfo/PDB/CMakeFiles/LLVMDebugInfoPDB.dir/Native/DbiStream.cpp.obj
[1338/1732] Building CXX object lib/DebugInfo/PDB/CMakeFiles/LLVMDebugInfoPDB.dir/Native/EnumTables.cpp.obj
[1339/1732] Building CXX object lib/DebugInfo/PDB/CMakeFiles/LLVMDebugInfoPDB.dir/Native/DbiStreamBuilder.cpp.obj
[1340/1732] Building CXX object lib/DebugInfo/PDB/CMakeFiles/LLVMDebugInfoPDB.dir/Native/FormatUtil.cpp.obj
[1341/1732] Building CXX object lib/DebugInfo/PDB/CMakeFiles/LLVMDebugInfoPDB.dir/Native/Hash.cpp.obj
[1342/1732] Building CXX object lib/DebugInfo/PDB/CMakeFiles/LLVMDebugInfoPDB.dir/Native/GlobalsStream.cpp.obj
[1343/1732] Building CXX object lib/DebugInfo/PDB/CMakeFiles/LLVMDebugInfoPDB.dir/Native/HashTable.cpp.obj
[1344/1732] Building CXX object lib/DebugInfo/PDB/CMakeFiles/LLVMDebugInfoPDB.dir/Native/InfoStream.cpp.obj
[1345/1732] Building CXX object lib/DebugInfo/PDB/CMakeFiles/LLVMDebugInfoPDB.dir/Native/InfoStreamBuilder.cpp.obj
[1346/1732] Building CXX object lib/DebugInfo/PDB/CMakeFiles/LLVMDebugInfoPDB.dir/Native/InjectedSourceStream.cpp.obj
[1347/1732] Building CXX object lib/DebugInfo/PDB/CMakeFiles/LLVMDebugInfoPDB.dir/Native/InputFile.cpp.obj
[1348/1732] Building CXX object lib/DebugInfo/PDB/CMakeFiles/LLVMDebugInfoPDB.dir/Native/LinePrinter.cpp.obj
[1349/1732] Building CXX object lib/DebugInfo/PDB/CMakeFiles/LLVMDebugInfoPDB.dir/Native/ModuleDebugStream.cpp.obj
[1350/1732] Building CXX object lib/DebugInfo/PDB/CMakeFiles/LLVMDebugInfoPDB.dir/Native/NativeCompilandSymbol.cpp.obj
[1351/1732] Building CXX object lib/DebugInfo/PDB/CMakeFiles/LLVMDebugInfoPDB.dir/Native/NativeEnumGlobals.cpp.obj
[1352/1732] Building CXX object lib/DebugInfo/PDB/CMakeFiles/LLVMDebugInfoPDB.dir/Native/NativeEnumInjectedSources.cpp.obj
[1353/1732] Building CXX object lib/DebugInfo/PDB/CMakeFiles/LLVMDebugInfoPDB.dir/Native/NativeEnumLineNumbers.cpp.obj
[1354/1732] Building CXX object lib/DebugInfo/PDB/CMakeFiles/LLVMDebugInfoPDB.dir/Native/NativeEnumModules.cpp.obj
[1355/1732] Building CXX object lib/DebugInfo/PDB/CMakeFiles/LLVMDebugInfoPDB.dir/Native/NativeEnumTypes.cpp.obj
[1356/1732] Building CXX object lib/DebugInfo/PDB/CMakeFiles/LLVMDebugInfoPDB.dir/Native/NativeEnumSymbols.cpp.obj
[1357/1732] Building CXX object lib/DebugInfo/PDB/CMakeFiles/LLVMDebugInfoPDB.dir/Native/NativeExeSymbol.cpp.obj
[1358/1732] Building CXX object lib/DebugInfo/PDB/CMakeFiles/LLVMDebugInfoPDB.dir/Native/NativeFunctionSymbol.cpp.obj
[1359/1732] Building CXX object lib/DebugInfo/PDB/CMakeFiles/LLVMDebugInfoPDB.dir/Native/NativeLineNumber.cpp.obj
[1360/1732] Building CXX object lib/DebugInfo/PDB/CMakeFiles/LLVMDebugInfoPDB.dir/Native/NativeInlineSiteSymbol.cpp.obj
[1361/1732] Building CXX object lib/DebugInfo/PDB/CMakeFiles/LLVMDebugInfoPDB.dir/Native/NativePublicSymbol.cpp.obj
[1362/1732] Building CXX object lib/DebugInfo/PDB/CMakeFiles/LLVMDebugInfoPDB.dir/Native/NativeRawSymbol.cpp.obj
[1363/1732] Building CXX object lib/DebugInfo/PDB/CMakeFiles/LLVMDebugInfoPDB.dir/Native/NativeSourceFile.cpp.obj
[1364/1732] Building CXX object lib/DebugInfo/PDB/CMakeFiles/LLVMDebugInfoPDB.dir/Native/NativeSymbolEnumerator.cpp.obj
[1365/1732] Building CXX object lib/DebugInfo/PDB/CMakeFiles/LLVMDebugInfoPDB.dir/Native/NativeTypeBuiltin.cpp.obj
[1366/1732] Building CXX object lib/DebugInfo/PDB/CMakeFiles/LLVMDebugInfoPDB.dir/Native/NativeTypeArray.cpp.obj
[1367/1732] Building CXX object lib/DebugInfo/PDB/CMakeFiles/LLVMDebugInfoPDB.dir/Native/NativeTypeFunctionSig.cpp.obj
[1368/1732] Building CXX object lib/DebugInfo/PDB/CMakeFiles/LLVMDebugInfoPDB.dir/Native/NativeTypeEnum.cpp.obj
[1369/1732] Building CXX object lib/DebugInfo/PDB/CMakeFiles/LLVMDebugInfoPDB.dir/Native/NativeTypePointer.cpp.obj
[1370/1732] Building CXX object lib/DebugInfo/PDB/CMakeFiles/LLVMDebugInfoPDB.dir/Native/NativeTypeTypedef.cpp.obj
[1371/1732] Building CXX object lib/DebugInfo/PDB/CMakeFiles/LLVMDebugInfoPDB.dir/Native/NativeTypeVTShape.cpp.obj
[1372/1732] Building CXX object lib/DebugInfo/PDB/CMakeFiles/LLVMDebugInfoPDB.dir/Native/NativeTypeUDT.cpp.obj
[1373/1732] Building CXX object lib/DebugInfo/PDB/CMakeFiles/LLVMDebugInfoPDB.dir/Native/NamedStreamMap.cpp.obj
[1374/1732] Building CXX object lib/DebugInfo/PDB/CMakeFiles/LLVMDebugInfoPDB.dir/Native/NativeSession.cpp.obj
[1375/1732] Building CXX object lib/DebugInfo/PDB/CMakeFiles/LLVMDebugInfoPDB.dir/Native/PDBFile.cpp.obj
[1376/1732] Building CXX object lib/DebugInfo/PDB/CMakeFiles/LLVMDebugInfoPDB.dir/Native/PDBStringTable.cpp.obj
[1377/1732] Building CXX object lib/DebugInfo/PDB/CMakeFiles/LLVMDebugInfoPDB.dir/Native/PDBFileBuilder.cpp.obj
[1378/1732] Building CXX object lib/DebugInfo/PDB/CMakeFiles/LLVMDebugInfoPDB.dir/Native/PDBStringTableBuilder.cpp.obj
[1379/1732] Building CXX object lib/DebugInfo/PDB/CMakeFiles/LLVMDebugInfoPDB.dir/Native/PublicsStream.cpp.obj
[1380/1732] Building CXX object lib/DebugInfo/PDB/CMakeFiles/LLVMDebugInfoPDB.dir/Native/RawError.cpp.obj
[1381/1732] Building CXX object lib/DebugInfo/PDB/CMakeFiles/LLVMDebugInfoPDB.dir/Native/GSIStreamBuilder.cpp.obj
[1382/1732] Building CXX object lib/DebugInfo/PDB/CMakeFiles/LLVMDebugInfoPDB.dir/Native/SymbolStream.cpp.obj
[1383/1732] Building CXX object lib/DebugInfo/PDB/CMakeFiles/LLVMDebugInfoPDB.dir/Native/TpiHashing.cpp.obj
[1384/1732] Building CXX object lib/DebugInfo/PDB/CMakeFiles/LLVMDebugInfoPDB.dir/Native/SymbolCache.cpp.obj
[1385/1732] Building CXX object lib/DebugInfo/PDB/CMakeFiles/LLVMDebugInfoPDB.dir/Native/TpiStream.cpp.obj
[1386/1732] Building CXX object lib/DebugInfo/PDB/CMakeFiles/LLVMDebugInfoPDB.dir/Native/TpiStreamBuilder.cpp.obj
[1387/1732] Building CXX object lib/DebugInfo/Symbolize/CMakeFiles/LLVMSymbolize.dir/Markup.cpp.obj
[1388/1732] Building CXX object lib/DebugInfo/Symbolize/CMakeFiles/LLVMSymbolize.dir/DIPrinter.cpp.obj
[1389/1732] Building CXX object lib/DebugInfo/Symbolize/CMakeFiles/LLVMSymbolize.dir/MarkupFilter.cpp.obj
[1390/1732] Building CXX object lib/DebugInfo/Symbolize/CMakeFiles/LLVMSymbolize.dir/SymbolizableObjectFile.cpp.obj
[1391/1732] Building CXX object lib/DebugInfo/BTF/CMakeFiles/LLVMDebugInfoBTF.dir/BTFParser.cpp.obj
[1392/1732] Building CXX object lib/DebugInfo/BTF/CMakeFiles/LLVMDebugInfoBTF.dir/BTFContext.cpp.obj
[1393/1732] Linking CXX static library lib\libLLVMDebugInfoBTF.a
[1394/1732] Building CXX object lib/DebugInfo/Symbolize/CMakeFiles/LLVMSymbolize.dir/Symbolize.cpp.obj
[1395/1732] Building CXX object lib/Target/CMakeFiles/LLVMTarget.dir/RegisterTargetPassConfigCallback.cpp.obj
[1396/1732] Building CXX object lib/Target/CMakeFiles/LLVMTarget.dir/Target.cpp.obj
[1397/1732] Building CXX object lib/Target/CMakeFiles/LLVMTarget.dir/TargetLoweringObjectFile.cpp.obj
[1398/1732] Building CXX object lib/Target/CMakeFiles/LLVMTarget.dir/TargetMachine.cpp.obj
[1399/1732] Building CXX object lib/Target/CMakeFiles/LLVMTarget.dir/TargetMachineC.cpp.obj
[1400/1732] Building AMDGPUGenAsmWriter.inc...
[1401/1732] Building AMDGPUGenAsmMatcher.inc...
[1402/1732] Building AMDGPUGenCallingConv.inc...
[1403/1732] Building AMDGPUGenDisassemblerTables.inc...
[1404/1732] Building AMDGPUGenDAGISel.inc...
[1405/1732] Building AMDGPUGenGlobalISel.inc...
[1406/1732] Building AMDGPUGenInstrInfo.inc...
[1407/1732] Building AMDGPUGenMCCodeEmitter.inc...
[1408/1732] Building AMDGPUGenMCPseudoLowering.inc...
[1409/1732] Building AMDGPUGenPostLegalizeGICombiner.inc...
[1410/1732] Building AMDGPUGenPreLegalizeGICombiner.inc...
[1411/1732] Building AMDGPUGenRegBankGICombiner.inc...
[1412/1732] Building AMDGPUGenRegisterBank.inc...
[1413/1732] Building AMDGPUGenRegisterInfo.inc...
[1414/1732] Building AMDGPUGenSDNodeInfo.inc...
[1415/1732] Building AMDGPUGenSearchableTables.inc...
[1416/1732] Building R600GenAsmWriter.inc...
[1417/1732] Building R600GenCallingConv.inc...
[1418/1732] Building R600GenDAGISel.inc...
[1419/1732] Building AMDGPUGenSubtargetInfo.inc...
[1420/1732] Building R600GenDFAPacketizer.inc...
[1421/1732] Building R600GenInstrInfo.inc...
[1422/1732] Building R600GenMCCodeEmitter.inc...
[1423/1732] Building R600GenRegisterInfo.inc...
[1424/1732] Building R600GenSubtargetInfo.inc...
[1425/1732] Building CXX object lib/SandboxIR/CMakeFiles/LLVMSandboxIR.dir/Argument.cpp.obj
[1426/1732] Building CXX object lib/Target/AMDGPU/CMakeFiles/LLVMAMDGPUCodeGen.dir/AMDGPUAliasAnalysis.cpp.obj
[1427/1732] Building CXX object lib/Target/AMDGPU/CMakeFiles/LLVMAMDGPUCodeGen.dir/AMDGPUAlwaysInlinePass.cpp.obj
[1428/1732] Building CXX object lib/Target/AMDGPU/CMakeFiles/LLVMAMDGPUCodeGen.dir/AMDGPUAnnotateUniformValues.cpp.obj
[1429/1732] Building CXX object lib/Target/AMDGPU/CMakeFiles/LLVMAMDGPUCodeGen.dir/AMDGPUArgumentUsageInfo.cpp.obj
[1430/1732] Building CXX object lib/Target/AMDGPU/CMakeFiles/LLVMAMDGPUCodeGen.dir/AMDGPUAsanInstrumentation.cpp.obj
[1431/1732] Building CXX object lib/Target/AMDGPU/CMakeFiles/LLVMAMDGPUCodeGen.dir/AMDGPUAtomicOptimizer.cpp.obj
[1432/1732] Building CXX object lib/Target/AMDGPU/CMakeFiles/LLVMAMDGPUCodeGen.dir/AMDGPUAsmPrinter.cpp.obj
[1433/1732] Building CXX object lib/Target/AMDGPU/CMakeFiles/LLVMAMDGPUCodeGen.dir/AMDGPUBarrierLatency.cpp.obj
[1434/1732] Building CXX object lib/Target/AMDGPU/CMakeFiles/LLVMAMDGPUCodeGen.dir/AMDGPUAttributor.cpp.obj
[1435/1732] Building CXX object lib/Target/AMDGPU/CMakeFiles/LLVMAMDGPUCodeGen.dir/AMDGPUCallLowering.cpp.obj
[1436/1732] Building CXX object lib/Target/AMDGPU/CMakeFiles/LLVMAMDGPUCodeGen.dir/AMDGPUCombinerHelper.cpp.obj
[1437/1732] Building CXX object lib/Target/AMDGPU/CMakeFiles/LLVMAMDGPUCodeGen.dir/AMDGPUCodeGenPrepare.cpp.obj
[1438/1732] Building CXX object lib/Target/AMDGPU/CMakeFiles/LLVMAMDGPUCodeGen.dir/AMDGPUCtorDtorLowering.cpp.obj
[1439/1732] Building CXX object lib/Target/AMDGPU/CMakeFiles/LLVMAMDGPUCodeGen.dir/AMDGPUExportClustering.cpp.obj
[1440/1732] Building CXX object lib/Target/AMDGPU/CMakeFiles/LLVMAMDGPUCodeGen.dir/AMDGPUExportKernelRuntimeHandles.cpp.obj
[1441/1732] Building CXX object lib/Target/AMDGPU/CMakeFiles/LLVMAMDGPUCodeGen.dir/AMDGPUFrameLowering.cpp.obj
[1442/1732] Building CXX object lib/Target/AMDGPU/CMakeFiles/LLVMAMDGPUCodeGen.dir/AMDGPUGlobalISelUtils.cpp.obj
[1443/1732] Building CXX object lib/Target/AMDGPU/CMakeFiles/LLVMAMDGPUCodeGen.dir/AMDGPUGlobalISelDivergenceLowering.cpp.obj
[1444/1732] Building CXX object lib/Target/AMDGPU/CMakeFiles/LLVMAMDGPUCodeGen.dir/AMDGPUHazardLatency.cpp.obj
[1445/1732] Building CXX object lib/Target/AMDGPU/CMakeFiles/LLVMAMDGPUCodeGen.dir/AMDGPUHWEvents.cpp.obj
[1446/1732] Building CXX object lib/Target/AMDGPU/CMakeFiles/LLVMAMDGPUCodeGen.dir/AMDGPUHSAMetadataStreamer.cpp.obj
[1447/1732] Building CXX object lib/Target/AMDGPU/CMakeFiles/LLVMAMDGPUCodeGen.dir/AMDGPUInsertDelayAlu.cpp.obj
[1448/1732] Building CXX object lib/Target/AMDGPU/CMakeFiles/LLVMAMDGPUCodeGen.dir/AMDGPUInstCombineIntrinsic.cpp.obj
[1449/1732] Building CXX object lib/Target/AMDGPU/CMakeFiles/LLVMAMDGPUCodeGen.dir/AMDGPUUniformIntrinsicCombine.cpp.obj
[1450/1732] Building CXX object lib/Target/AMDGPU/CMakeFiles/LLVMAMDGPUCodeGen.dir/AMDGPUInstrInfo.cpp.obj
[1451/1732] Building CXX object lib/Target/AMDGPU/CMakeFiles/LLVMAMDGPUCodeGen.dir/AMDGPUISelDAGToDAG.cpp.obj
[1452/1732] Building CXX object lib/Target/AMDGPU/CMakeFiles/LLVMAMDGPUCodeGen.dir/AMDGPUISelLowering.cpp.obj
[1453/1732] Building CXX object lib/Target/AMDGPU/CMakeFiles/LLVMAMDGPUCodeGen.dir/AMDGPUInstructionSelector.cpp.obj
[1454/1732] Building CXX object lib/Target/AMDGPU/CMakeFiles/LLVMAMDGPUCodeGen.dir/AMDGPULateCodeGenPrepare.cpp.obj
[1455/1732] Building CXX object lib/Target/AMDGPU/CMakeFiles/LLVMAMDGPUCodeGen.dir/AMDGPULibCalls.cpp.obj
[1456/1732] Building CXX object lib/Target/AMDGPU/CMakeFiles/LLVMAMDGPUCodeGen.dir/AMDGPUImageIntrinsicOptimizer.cpp.obj
[1457/1732] Building CXX object lib/Target/AMDGPU/CMakeFiles/LLVMAMDGPUCodeGen.dir/AMDGPULibFunc.cpp.obj
[1458/1732] Building CXX object lib/Target/AMDGPU/CMakeFiles/LLVMAMDGPUCodeGen.dir/AMDGPULegalizerInfo.cpp.obj
[1459/1732] Building CXX object lib/Target/AMDGPU/CMakeFiles/LLVMAMDGPUCodeGen.dir/AMDGPULowerIntrinsics.cpp.obj
[1460/1732] Building CXX object lib/Target/AMDGPU/CMakeFiles/LLVMAMDGPUCodeGen.dir/AMDGPULowerKernelArguments.cpp.obj
[1461/1732] Building CXX object lib/Target/AMDGPU/CMakeFiles/LLVMAMDGPUCodeGen.dir/AMDGPULowerBufferFatPointers.cpp.obj
[1462/1732] Building CXX object lib/Target/AMDGPU/CMakeFiles/LLVMAMDGPUCodeGen.dir/AMDGPULowerKernelAttributes.cpp.obj
[1463/1732] Building CXX object lib/Target/AMDGPU/CMakeFiles/LLVMAMDGPUCodeGen.dir/AMDGPUPrepareAGPRAlloc.cpp.obj
[1464/1732] Building CXX object lib/Target/AMDGPU/CMakeFiles/LLVMAMDGPUCodeGen.dir/AMDGPULowerModuleLDSPass.cpp.obj
[1465/1732] Building CXX object lib/Target/AMDGPU/CMakeFiles/LLVMAMDGPUCodeGen.dir/AMDGPULowerExecSync.cpp.obj
[1466/1732] Building CXX object lib/Target/AMDGPU/CMakeFiles/LLVMAMDGPUCodeGen.dir/AMDGPUMachineFunctionInfo.cpp.obj
[1467/1732] Building CXX object lib/Target/AMDGPU/CMakeFiles/LLVMAMDGPUCodeGen.dir/AMDGPUSwLowerLDS.cpp.obj
[1468/1732] Building CXX object lib/Target/AMDGPU/CMakeFiles/LLVMAMDGPUCodeGen.dir/AMDGPUMachineModuleInfo.cpp.obj
[1469/1732] Building CXX object lib/Target/AMDGPU/CMakeFiles/LLVMAMDGPUCodeGen.dir/AMDGPUMacroFusion.cpp.obj
[1470/1732] Building CXX object lib/Target/AMDGPU/CMakeFiles/LLVMAMDGPUCodeGen.dir/AMDGPUMemoryUtils.cpp.obj
[1471/1732] Building CXX object lib/Target/AMDGPU/CMakeFiles/LLVMAMDGPUCodeGen.dir/AMDGPUMCInstLower.cpp.obj
[1472/1732] Building CXX object lib/Target/AMDGPU/CMakeFiles/LLVMAMDGPUCodeGen.dir/AMDGPUCoExecSchedStrategy.cpp.obj
[1473/1732] Building CXX object lib/Target/AMDGPU/CMakeFiles/LLVMAMDGPUCodeGen.dir/AMDGPULowerVGPREncoding.cpp.obj
[1474/1732] Building CXX object lib/Target/AMDGPU/CMakeFiles/LLVMAMDGPUCodeGen.dir/AMDGPUIGroupLP.cpp.obj
[1475/1732] Building CXX object lib/Target/AMDGPU/CMakeFiles/LLVMAMDGPUCodeGen.dir/AMDGPUMCResourceInfo.cpp.obj
[1476/1732] Building CXX object lib/Target/AMDGPU/CMakeFiles/LLVMAMDGPUCodeGen.dir/AMDGPUMarkLastScratchLoad.cpp.obj
[1477/1732] Building CXX object lib/Target/AMDGPU/CMakeFiles/LLVMAMDGPUCodeGen.dir/AMDGPUMIRFormatter.cpp.obj
[1478/1732] Building CXX object lib/Target/AMDGPU/CMakeFiles/LLVMAMDGPUCodeGen.dir/AMDGPUPerfHintAnalysis.cpp.obj
[1479/1732] Building CXX object lib/Target/AMDGPU/CMakeFiles/LLVMAMDGPUCodeGen.dir/AMDGPUNextUseAnalysis.cpp.obj
[1480/1732] Building CXX object lib/Target/AMDGPU/CMakeFiles/LLVMAMDGPUCodeGen.dir/AMDGPUPostLegalizerCombiner.cpp.obj
[1481/1732] Building CXX object lib/Target/AMDGPU/CMakeFiles/LLVMAMDGPUCodeGen.dir/AMDGPUPreLegalizerCombiner.cpp.obj
[1482/1732] Building CXX object lib/Target/AMDGPU/CMakeFiles/LLVMAMDGPUCodeGen.dir/AMDGPUPreloadKernArgProlog.cpp.obj
[1483/1732] Building CXX object lib/Target/AMDGPU/CMakeFiles/LLVMAMDGPUCodeGen.dir/AMDGPUPreloadKernelArguments.cpp.obj
[1484/1732] Building CXX object lib/Target/AMDGPU/CMakeFiles/LLVMAMDGPUCodeGen.dir/AMDGPUPrintfRuntimeBinding.cpp.obj
[1485/1732] Building CXX object lib/Target/AMDGPU/CMakeFiles/LLVMAMDGPUCodeGen.dir/AMDGPUPromoteKernelArguments.cpp.obj
[1486/1732] Building CXX object lib/Target/AMDGPU/CMakeFiles/LLVMAMDGPUCodeGen.dir/AMDGPUPromoteAlloca.cpp.obj
[1487/1732] Building CXX object lib/Target/AMDGPU/CMakeFiles/LLVMAMDGPUCodeGen.dir/AMDGPURegBankLegalize.cpp.obj
[1488/1732] Building CXX object lib/Target/AMDGPU/CMakeFiles/LLVMAMDGPUCodeGen.dir/AMDGPURegBankCombiner.cpp.obj
[1489/1732] Building CXX object lib/Target/AMDGPU/CMakeFiles/LLVMAMDGPUCodeGen.dir/AMDGPURegBankLegalizeHelper.cpp.obj
[1490/1732] Building CXX object lib/Target/AMDGPU/CMakeFiles/LLVMAMDGPUCodeGen.dir/AMDGPURegBankSelect.cpp.obj
[1491/1732] Building CXX object lib/Target/AMDGPU/CMakeFiles/LLVMAMDGPUCodeGen.dir/AMDGPURegBankLegalizeRules.cpp.obj
[1492/1732] Building CXX object lib/Target/AMDGPU/CMakeFiles/LLVMAMDGPUCodeGen.dir/AMDGPURegisterBankInfo.cpp.obj
[1493/1732] Building CXX object lib/Target/AMDGPU/CMakeFiles/LLVMAMDGPUCodeGen.dir/AMDGPURemoveIncompatibleFunctions.cpp.obj
[1494/1732] Building CXX object lib/Target/AMDGPU/CMakeFiles/LLVMAMDGPUCodeGen.dir/AMDGPUReserveWWMRegs.cpp.obj
[1495/1732] Building CXX object lib/Target/AMDGPU/CMakeFiles/LLVMAMDGPUCodeGen.dir/AMDGPUResourceUsageAnalysis.cpp.obj
[1496/1732] Building CXX object lib/Target/AMDGPU/CMakeFiles/LLVMAMDGPUCodeGen.dir/AMDGPURewriteOutArguments.cpp.obj
[1497/1732] Building CXX object lib/Target/AMDGPU/CMakeFiles/LLVMAMDGPUCodeGen.dir/AMDGPURewriteAGPRCopyMFMA.cpp.obj
[1498/1732] Building CXX object lib/Target/AMDGPU/CMakeFiles/LLVMAMDGPUCodeGen.dir/AMDGPUSelectionDAGInfo.cpp.obj
[1499/1732] Building CXX object lib/Target/AMDGPU/CMakeFiles/LLVMAMDGPUCodeGen.dir/AMDGPURewriteUndefForPHI.cpp.obj
[1500/1732] Building CXX object lib/Target/AMDGPU/CMakeFiles/LLVMAMDGPUCodeGen.dir/AMDGPUSetWavePriority.cpp.obj
[1501/1732] Building CXX object lib/Target/AMDGPU/CMakeFiles/LLVMAMDGPUCodeGen.dir/AMDGPUSubtarget.cpp.obj
[1502/1732] Building CXX object lib/Target/AMDGPU/CMakeFiles/LLVMAMDGPUCodeGen.dir/AMDGPUSplitModule.cpp.obj
[1503/1732] Building CXX object lib/Target/AMDGPU/CMakeFiles/LLVMAMDGPUCodeGen.dir/AMDGPUTargetObjectFile.cpp.obj
[1504/1732] Building CXX object lib/Target/AMDGPU/CMakeFiles/LLVMAMDGPUCodeGen.dir/AMDGPUTargetTransformInfo.cpp.obj
[1505/1732] Building CXX object lib/Target/AMDGPU/CMakeFiles/LLVMAMDGPUCodeGen.dir/AMDGPUWaitcntUtils.cpp.obj
[1506/1732] Building CXX object lib/Target/AMDGPU/CMakeFiles/LLVMAMDGPUCodeGen.dir/AMDGPUWaitSGPRHazards.cpp.obj
[1507/1732] Building CXX object lib/Target/AMDGPU/CMakeFiles/LLVMAMDGPUCodeGen.dir/AMDGPUUnifyDivergentExitNodes.cpp.obj
[1508/1732] Building CXX object lib/Target/AMDGPU/CMakeFiles/LLVMAMDGPUCodeGen.dir/R600MachineCFGStructurizer.cpp.obj
[1509/1732] Building CXX object lib/Target/AMDGPU/CMakeFiles/LLVMAMDGPUCodeGen.dir/AMDGPUTargetMachine.cpp.obj
[1510/1732] Building CXX object lib/Target/AMDGPU/CMakeFiles/LLVMAMDGPUCodeGen.dir/GCNCreateVOPD.cpp.obj
[1511/1732] Building CXX object lib/Target/AMDGPU/CMakeFiles/LLVMAMDGPUCodeGen.dir/GCNDPPCombine.cpp.obj
[1512/1732] Building CXX object lib/Target/AMDGPU/CMakeFiles/LLVMAMDGPUCodeGen.dir/GCNILPSched.cpp.obj
[1513/1732] Building CXX object lib/Target/AMDGPU/CMakeFiles/LLVMAMDGPUCodeGen.dir/GCNHazardRecognizer.cpp.obj
[1514/1732] Building CXX object lib/Target/AMDGPU/CMakeFiles/LLVMAMDGPUCodeGen.dir/GCNMinRegStrategy.cpp.obj
[1515/1732] Building CXX object lib/Target/AMDGPU/CMakeFiles/LLVMAMDGPUCodeGen.dir/GCNIterativeScheduler.cpp.obj
[1516/1732] Building CXX object lib/Target/AMDGPU/CMakeFiles/LLVMAMDGPUCodeGen.dir/GCNPreRAOptimizations.cpp.obj
[1517/1732] Building CXX object lib/Target/AMDGPU/CMakeFiles/LLVMAMDGPUCodeGen.dir/GCNNSAReassign.cpp.obj
[1518/1732] Building CXX object lib/Target/AMDGPU/CMakeFiles/LLVMAMDGPUCodeGen.dir/GCNPreRALongBranchReg.cpp.obj
[1519/1732] Building CXX object lib/Target/AMDGPU/CMakeFiles/LLVMAMDGPUCodeGen.dir/GCNRegPressure.cpp.obj
[1520/1732] Building CXX object lib/Target/AMDGPU/CMakeFiles/LLVMAMDGPUCodeGen.dir/GCNRewritePartialRegUses.cpp.obj
[1521/1732] Building CXX object lib/Target/AMDGPU/CMakeFiles/LLVMAMDGPUCodeGen.dir/GCNSubtarget.cpp.obj
[1522/1732] Building CXX object lib/Target/AMDGPU/CMakeFiles/LLVMAMDGPUCodeGen.dir/GCNVOPDUtils.cpp.obj
[1523/1732] Building CXX object lib/Target/AMDGPU/CMakeFiles/LLVMAMDGPUCodeGen.dir/GCNSchedStrategy.cpp.obj
[1524/1732] Building CXX object lib/Target/AMDGPU/CMakeFiles/LLVMAMDGPUCodeGen.dir/R600AsmPrinter.cpp.obj
[1525/1732] Building CXX object lib/Target/AMDGPU/CMakeFiles/LLVMAMDGPUCodeGen.dir/R600ClauseMergePass.cpp.obj
[1526/1732] Building CXX object lib/Target/AMDGPU/CMakeFiles/LLVMAMDGPUCodeGen.dir/R600ControlFlowFinalizer.cpp.obj
[1527/1732] Building CXX object lib/Target/AMDGPU/CMakeFiles/LLVMAMDGPUCodeGen.dir/R600EmitClauseMarkers.cpp.obj
[1528/1732] Building CXX object lib/Target/AMDGPU/CMakeFiles/LLVMAMDGPUCodeGen.dir/R600ExpandSpecialInstrs.cpp.obj
[1529/1732] Building CXX object lib/Target/AMDGPU/CMakeFiles/LLVMAMDGPUCodeGen.dir/R600FrameLowering.cpp.obj
[1530/1732] Building CXX object lib/Target/AMDGPU/CMakeFiles/LLVMAMDGPUCodeGen.dir/R600InstrInfo.cpp.obj
[1531/1732] Building CXX object lib/Target/AMDGPU/CMakeFiles/LLVMAMDGPUCodeGen.dir/R600ISelDAGToDAG.cpp.obj
[1532/1732] Building CXX object lib/Target/AMDGPU/CMakeFiles/LLVMAMDGPUCodeGen.dir/R600ISelLowering.cpp.obj
[1533/1732] Building CXX object lib/Target/AMDGPU/CMakeFiles/LLVMAMDGPUCodeGen.dir/R600MachineFunctionInfo.cpp.obj
[1534/1732] Building CXX object lib/Target/AMDGPU/CMakeFiles/LLVMAMDGPUCodeGen.dir/R600MachineScheduler.cpp.obj
[1535/1732] Building CXX object lib/Target/AMDGPU/CMakeFiles/LLVMAMDGPUCodeGen.dir/R600MCInstLower.cpp.obj
[1536/1732] Building CXX object lib/Target/AMDGPU/CMakeFiles/LLVMAMDGPUCodeGen.dir/R600OpenCLImageTypeLoweringPass.cpp.obj
[1537/1732] Building CXX object lib/Target/AMDGPU/CMakeFiles/LLVMAMDGPUCodeGen.dir/R600OptimizeVectorRegisters.cpp.obj
[1538/1732] Building CXX object lib/Target/AMDGPU/CMakeFiles/LLVMAMDGPUCodeGen.dir/R600Packetizer.cpp.obj
[1539/1732] Building CXX object lib/Target/AMDGPU/CMakeFiles/LLVMAMDGPUCodeGen.dir/R600RegisterInfo.cpp.obj
[1540/1732] Building CXX object lib/Target/AMDGPU/CMakeFiles/LLVMAMDGPUCodeGen.dir/R600Subtarget.cpp.obj
[1541/1732] Building CXX object lib/Target/AMDGPU/CMakeFiles/LLVMAMDGPUCodeGen.dir/R600TargetTransformInfo.cpp.obj
[1542/1732] Building CXX object lib/Target/AMDGPU/CMakeFiles/LLVMAMDGPUCodeGen.dir/R600TargetMachine.cpp.obj
[1543/1732] Building CXX object lib/Target/AMDGPU/CMakeFiles/LLVMAMDGPUCodeGen.dir/SIAnnotateControlFlow.cpp.obj
[1544/1732] Building CXX object lib/Target/AMDGPU/CMakeFiles/LLVMAMDGPUCodeGen.dir/SIFixVGPRCopies.cpp.obj
[1545/1732] Building CXX object lib/Target/AMDGPU/CMakeFiles/LLVMAMDGPUCodeGen.dir/SIFixSGPRCopies.cpp.obj
[1546/1732] Building CXX object lib/Target/AMDGPU/CMakeFiles/LLVMAMDGPUCodeGen.dir/SIFoldOperands.cpp.obj
[1547/1732] Building CXX object lib/Target/AMDGPU/CMakeFiles/LLVMAMDGPUCodeGen.dir/SIFormMemoryClauses.cpp.obj
[1548/1732] Building CXX object lib/Target/AMDGPU/CMakeFiles/LLVMAMDGPUCodeGen.dir/SIInsertHardClauses.cpp.obj
[1549/1732] Building CXX object lib/Target/AMDGPU/CMakeFiles/LLVMAMDGPUCodeGen.dir/SIFrameLowering.cpp.obj
[1550/1732] Building CXX object lib/Target/AMDGPU/CMakeFiles/LLVMAMDGPUCodeGen.dir/SIInsertWaitcnts.cpp.obj
[1551/1732] Building CXX object lib/Target/AMDGPU/CMakeFiles/LLVMAMDGPUCodeGen.dir/SIInstrInfo.cpp.obj
[1552/1732] Building CXX object lib/Target/AMDGPU/CMakeFiles/LLVMAMDGPUCodeGen.dir/SILateBranchLowering.cpp.obj
[1553/1732] Building CXX object lib/Target/AMDGPU/CMakeFiles/LLVMAMDGPUCodeGen.dir/SILoadStoreOptimizer.cpp.obj
[1554/1732] Building CXX object lib/Target/AMDGPU/CMakeFiles/LLVMAMDGPUCodeGen.dir/SIISelLowering.cpp.obj
[1555/1732] Building CXX object lib/Target/AMDGPU/CMakeFiles/LLVMAMDGPUCodeGen.dir/SILowerControlFlow.cpp.obj
[1556/1732] Building CXX object lib/Target/AMDGPU/CMakeFiles/LLVMAMDGPUCodeGen.dir/SILowerI1Copies.cpp.obj
[1557/1732] Building CXX object lib/Target/AMDGPU/CMakeFiles/LLVMAMDGPUCodeGen.dir/SILowerWWMCopies.cpp.obj
[1558/1732] Building CXX object lib/Target/AMDGPU/CMakeFiles/LLVMAMDGPUCodeGen.dir/SILowerSGPRSpills.cpp.obj
[1559/1732] Building CXX object lib/Target/AMDGPU/CMakeFiles/LLVMAMDGPUCodeGen.dir/SISpillUtils.cpp.obj
[1560/1732] Building CXX object lib/Target/AMDGPU/CMakeFiles/LLVMAMDGPUCodeGen.dir/SIMachineFunctionInfo.cpp.obj
[1561/1732] Building CXX object lib/Target/AMDGPU/CMakeFiles/LLVMAMDGPUCodeGen.dir/SIMachineScheduler.cpp.obj
[1562/1732] Building CXX object lib/Target/AMDGPU/CMakeFiles/LLVMAMDGPUCodeGen.dir/SIMemoryLegalizer.cpp.obj
[1563/1732] Building CXX object lib/Target/AMDGPU/CMakeFiles/LLVMAMDGPUCodeGen.dir/SIModeRegisterDefaults.cpp.obj
[1564/1732] Building CXX object lib/Target/AMDGPU/CMakeFiles/LLVMAMDGPUCodeGen.dir/SIModeRegister.cpp.obj
[1565/1732] Building CXX object lib/Target/AMDGPU/CMakeFiles/LLVMAMDGPUCodeGen.dir/SIOptimizeExecMasking.cpp.obj
[1566/1732] Building CXX object lib/Target/AMDGPU/CMakeFiles/LLVMAMDGPUCodeGen.dir/SIOptimizeExecMaskingPreRA.cpp.obj
[1567/1732] Building CXX object lib/Target/AMDGPU/CMakeFiles/LLVMAMDGPUCodeGen.dir/SIPeepholeSDWA.cpp.obj
[1568/1732] Building CXX object lib/Target/AMDGPU/CMakeFiles/LLVMAMDGPUCodeGen.dir/SIOptimizeVGPRLiveRange.cpp.obj
[1569/1732] Building CXX object lib/Target/AMDGPU/CMakeFiles/LLVMAMDGPUCodeGen.dir/SIPostRABundler.cpp.obj
[1570/1732] Building CXX object lib/Target/AMDGPU/CMakeFiles/LLVMAMDGPUCodeGen.dir/SIPreAllocateWWMRegs.cpp.obj
[1571/1732] Building CXX object lib/Target/AMDGPU/CMakeFiles/LLVMAMDGPUCodeGen.dir/SIPreEmitPeephole.cpp.obj
[1572/1732] Building CXX object lib/Target/AMDGPU/CMakeFiles/LLVMAMDGPUCodeGen.dir/SIProgramInfo.cpp.obj
[1573/1732] Building CXX object lib/Target/AMDGPU/CMakeFiles/LLVMAMDGPUCodeGen.dir/SIShrinkInstructions.cpp.obj
[1574/1732] Building CXX object lib/Target/AMDGPU/CMakeFiles/LLVMAMDGPUCodeGen.dir/SIRegisterInfo.cpp.obj
[1575/1732] Building CXX object lib/Target/AMDGPU/CMakeFiles/LLVMAMDGPUCodeGen.dir/SIWholeQuadMode.cpp.obj
[1576/1732] Building CXX object lib/Target/AMDGPU/MCTargetDesc/CMakeFiles/LLVMAMDGPUDesc.dir/AMDGPUAsmBackend.cpp.obj
[1577/1732] Building CXX object lib/Target/AMDGPU/MCTargetDesc/CMakeFiles/LLVMAMDGPUDesc.dir/AMDGPUELFObjectWriter.cpp.obj
[1578/1732] Building CXX object lib/Target/AMDGPU/MCTargetDesc/CMakeFiles/LLVMAMDGPUDesc.dir/AMDGPUELFStreamer.cpp.obj
[1579/1732] Building CXX object lib/Target/AMDGPU/MCTargetDesc/CMakeFiles/LLVMAMDGPUDesc.dir/AMDGPUInstPrinter.cpp.obj
[1580/1732] Building CXX object lib/Target/AMDGPU/MCTargetDesc/CMakeFiles/LLVMAMDGPUDesc.dir/AMDGPUMCAsmInfo.cpp.obj
[1581/1732] Building CXX object lib/Target/AMDGPU/AsmParser/CMakeFiles/LLVMAMDGPUAsmParser.dir/AMDGPUAsmParser.cpp.obj
[1582/1732] Building CXX object lib/Target/AMDGPU/MCTargetDesc/CMakeFiles/LLVMAMDGPUDesc.dir/AMDGPUMCExpr.cpp.obj
[1583/1732] Building CXX object lib/Target/AMDGPU/MCTargetDesc/CMakeFiles/LLVMAMDGPUDesc.dir/AMDGPUMCCodeEmitter.cpp.obj
[1584/1732] Building CXX object lib/Target/AMDGPU/MCTargetDesc/CMakeFiles/LLVMAMDGPUDesc.dir/AMDGPUTargetStreamer.cpp.obj
[1585/1732] Building CXX object lib/Target/AMDGPU/MCTargetDesc/CMakeFiles/LLVMAMDGPUDesc.dir/AMDGPUMCKernelDescriptor.cpp.obj
[1586/1732] Building CXX object lib/Target/AMDGPU/MCTargetDesc/CMakeFiles/LLVMAMDGPUDesc.dir/R600InstPrinter.cpp.obj
[1587/1732] Building CXX object lib/Target/AMDGPU/MCTargetDesc/CMakeFiles/LLVMAMDGPUDesc.dir/R600MCCodeEmitter.cpp.obj
[1588/1732] Building CXX object lib/Target/AMDGPU/MCTargetDesc/CMakeFiles/LLVMAMDGPUDesc.dir/R600MCTargetDesc.cpp.obj
[1589/1732] Building CXX object lib/Target/AMDGPU/TargetInfo/CMakeFiles/LLVMAMDGPUInfo.dir/AMDGPUTargetInfo.cpp.obj
[1590/1732] Building CXX object lib/Target/AMDGPU/Utils/CMakeFiles/LLVMAMDGPUUtils.dir/AMDGPUAsmUtils.cpp.obj
[1591/1732] Building CXX object lib/Target/AMDGPU/Utils/CMakeFiles/LLVMAMDGPUUtils.dir/AMDGPUBaseInfo.cpp.obj
[1592/1732] Building CXX object lib/Target/AMDGPU/Utils/CMakeFiles/LLVMAMDGPUUtils.dir/AMDGPUDelayedMCExpr.cpp.obj
[1593/1732] Building CXX object lib/Target/AMDGPU/MCTargetDesc/CMakeFiles/LLVMAMDGPUDesc.dir/AMDGPUMCTargetDesc.cpp.obj
[1594/1732] Building CXX object lib/Target/AMDGPU/Utils/CMakeFiles/LLVMAMDGPUUtils.dir/AMDGPUPALMetadata.cpp.obj
[1595/1732] Building CXX object lib/Target/AMDGPU/Utils/CMakeFiles/LLVMAMDGPUUtils.dir/AMDKernelCodeTUtils.cpp.obj
[1596/1732] Building CXX object lib/SandboxIR/CMakeFiles/LLVMSandboxIR.dir/BasicBlock.cpp.obj
[1597/1732] Building CXX object lib/SandboxIR/CMakeFiles/LLVMSandboxIR.dir/Constant.cpp.obj
[1598/1732] Building CXX object lib/SandboxIR/CMakeFiles/LLVMSandboxIR.dir/Function.cpp.obj
[1599/1732] Building CXX object lib/SandboxIR/CMakeFiles/LLVMSandboxIR.dir/Context.cpp.obj
[1600/1732] Building CXX object lib/SandboxIR/CMakeFiles/LLVMSandboxIR.dir/Module.cpp.obj
[1601/1732] Building CXX object lib/SandboxIR/CMakeFiles/LLVMSandboxIR.dir/Pass.cpp.obj
[1602/1732] Building CXX object lib/SandboxIR/CMakeFiles/LLVMSandboxIR.dir/PassManager.cpp.obj
[1603/1732] Building CXX object lib/SandboxIR/CMakeFiles/LLVMSandboxIR.dir/Instruction.cpp.obj
[1604/1732] Building CXX object lib/SandboxIR/CMakeFiles/LLVMSandboxIR.dir/Region.cpp.obj
[1605/1732] Building CXX object lib/SandboxIR/CMakeFiles/LLVMSandboxIR.dir/Tracker.cpp.obj
[1606/1732] Building CXX object lib/SandboxIR/CMakeFiles/LLVMSandboxIR.dir/Type.cpp.obj
[1607/1732] Building CXX object lib/SandboxIR/CMakeFiles/LLVMSandboxIR.dir/User.cpp.obj
[1608/1732] Building CXX object lib/SandboxIR/CMakeFiles/LLVMSandboxIR.dir/Use.cpp.obj
[1609/1732] Building CXX object lib/SandboxIR/CMakeFiles/LLVMSandboxIR.dir/Value.cpp.obj
[1610/1732] Building CXX object lib/AsmParser/CMakeFiles/LLVMAsmParser.dir/AsmParserContext.cpp.obj
[1611/1732] Building CXX object lib/AsmParser/CMakeFiles/LLVMAsmParser.dir/LLLexer.cpp.obj
[1612/1732] Building CXX object lib/AsmParser/CMakeFiles/LLVMAsmParser.dir/Parser.cpp.obj
[1613/1732] Building CXX object lib/ProfileData/CMakeFiles/LLVMProfileData.dir/DataAccessProf.cpp.obj
[1614/1732] Building CXX object lib/ProfileData/CMakeFiles/LLVMProfileData.dir/ETMTraceDecoder.cpp.obj
[1615/1732] Building CXX object lib/ProfileData/CMakeFiles/LLVMProfileData.dir/GCOV.cpp.obj
[1616/1732] Building CXX object lib/AsmParser/CMakeFiles/LLVMAsmParser.dir/LLParser.cpp.obj
[1617/1732] Building CXX object lib/ProfileData/CMakeFiles/LLVMProfileData.dir/IndexedMemProfData.cpp.obj
[1618/1732] Building CXX object lib/ProfileData/CMakeFiles/LLVMProfileData.dir/InstrProfCorrelator.cpp.obj
[1619/1732] Building CXX object lib/ProfileData/CMakeFiles/LLVMProfileData.dir/InstrProf.cpp.obj
[1620/1732] Building CXX object lib/ProfileData/CMakeFiles/LLVMProfileData.dir/InstrProfWriter.cpp.obj
[1621/1732] Building CXX object lib/ProfileData/CMakeFiles/LLVMProfileData.dir/InstrProfReader.cpp.obj
[1622/1732] Building CXX object lib/ProfileData/CMakeFiles/LLVMProfileData.dir/MemProf.cpp.obj
[1623/1732] Building CXX object lib/ProfileData/CMakeFiles/LLVMProfileData.dir/MemProfCommon.cpp.obj
[1624/1732] Building CXX object lib/ProfileData/CMakeFiles/LLVMProfileData.dir/ItaniumManglingCanonicalizer.cpp.obj
[1625/1732] Building CXX object lib/ProfileData/CMakeFiles/LLVMProfileData.dir/MemProfRadixTree.cpp.obj
[1626/1732] Building CXX object lib/ProfileData/CMakeFiles/LLVMProfileData.dir/MemProfSummary.cpp.obj
[1627/1732] Building CXX object lib/ProfileData/CMakeFiles/LLVMProfileData.dir/MemProfReader.cpp.obj
[1628/1732] Building CXX object lib/ProfileData/CMakeFiles/LLVMProfileData.dir/MemProfSummaryBuilder.cpp.obj
[1629/1732] Building CXX object lib/ProfileData/CMakeFiles/LLVMProfileData.dir/PGOCtxProfReader.cpp.obj
[1630/1732] Building CXX object lib/ProfileData/CMakeFiles/LLVMProfileData.dir/PGOCtxProfWriter.cpp.obj
[1631/1732] Building CXX object lib/ProfileData/CMakeFiles/LLVMProfileData.dir/ProfileSummaryBuilder.cpp.obj
[1632/1732] Building CXX object lib/ProfileData/CMakeFiles/LLVMProfileData.dir/SampleProf.cpp.obj
[1633/1732] Building CXX object lib/ProfileData/CMakeFiles/LLVMProfileData.dir/SampleProfReader.cpp.obj
[1634/1732] Building CXX object lib/ProfileData/CMakeFiles/LLVMProfileData.dir/SymbolRemappingReader.cpp.obj
[1635/1732] Building CXX object lib/ProfileData/CMakeFiles/LLVMProfileData.dir/SampleProfWriter.cpp.obj
[1636/1732] Building CXX object lib/Passes/CMakeFiles/LLVMPasses.dir/CodeGenPassBuilder.cpp.obj
[1637/1732] Building CXX object lib/Passes/CMakeFiles/LLVMPasses.dir/PassBuilderBindings.cpp.obj
[1638/1732] Building CXX object lib/Passes/CMakeFiles/LLVMPasses.dir/PassBuilderPipelines.cpp.obj
[1639/1732] Building CXX object lib/Passes/CMakeFiles/LLVMPasses.dir/StandardInstrumentations.cpp.obj
[1640/1732] Building CXX object lib/Plugins/CMakeFiles/LLVMPlugins.dir/PassPlugin.cpp.obj
[1641/1732] Linking CXX static library lib\libLLVMPlugins.a
[1642/1732] Building CXX object lib/TargetParser/CMakeFiles/LLVMTargetParser.dir/AArch64TargetParser.cpp.obj
[1643/1732] Building CXX object lib/TargetParser/CMakeFiles/LLVMTargetParser.dir/AMDGPUTargetParser.cpp.obj
[1644/1732] Building CXX object lib/TargetParser/CMakeFiles/LLVMTargetParser.dir/ARMTargetParserCommon.cpp.obj
[1645/1732] Building CXX object lib/TargetParser/CMakeFiles/LLVMTargetParser.dir/ARMTargetParser.cpp.obj
[1646/1732] Building CXX object lib/TargetParser/CMakeFiles/LLVMTargetParser.dir/AVRTargetParser.cpp.obj
[1647/1732] Building CXX object lib/TargetParser/CMakeFiles/LLVMTargetParser.dir/CSKYTargetParser.cpp.obj
[1648/1732] Building CXX object lib/Passes/CMakeFiles/LLVMPasses.dir/PassBuilder.cpp.obj
[1649/1732] Building CXX object lib/TargetParser/CMakeFiles/LLVMTargetParser.dir/LoongArchTargetParser.cpp.obj
[1650/1732] Building CXX object lib/TargetParser/CMakeFiles/LLVMTargetParser.dir/Host.cpp.obj
[1651/1732] Building CXX object lib/TargetParser/CMakeFiles/LLVMTargetParser.dir/NVPTXTargetParser.cpp.obj
[1652/1732] Building CXX object lib/TargetParser/CMakeFiles/LLVMTargetParser.dir/PPCTargetParser.cpp.obj
[1653/1732] Building CXX object lib/TargetParser/CMakeFiles/LLVMTargetParser.dir/RISCVTargetParser.cpp.obj
[1654/1732] Building CXX object lib/TargetParser/CMakeFiles/LLVMTargetParser.dir/RISCVISAInfo.cpp.obj
[1655/1732] Building CXX object lib/TargetParser/CMakeFiles/LLVMTargetParser.dir/TargetParser.cpp.obj
[1656/1732] Building CXX object lib/TargetParser/CMakeFiles/LLVMTargetParser.dir/SubtargetFeature.cpp.obj
[1657/1732] Building CXX object lib/TargetParser/CMakeFiles/LLVMTargetParser.dir/TargetDataLayout.cpp.obj
[1658/1732] Building CXX object lib/TargetParser/CMakeFiles/LLVMTargetParser.dir/Triple.cpp.obj
[1659/1732] Building CXX object lib/TargetParser/CMakeFiles/LLVMTargetParser.dir/X86TargetParser.cpp.obj
[1660/1732] Building CXX object lib/TargetParser/CMakeFiles/LLVMTargetParser.dir/XtensaTargetParser.cpp.obj
[1661/1732] Building CXX object lib/TextAPI/CMakeFiles/LLVMTextAPI.dir/Architecture.cpp.obj
[1662/1732] Linking CXX static library lib\libLLVMTargetParser.a
[1663/1732] Linking CXX static library lib\libLLVMBinaryFormat.a
[1664/1732] Building CXX object lib/TextAPI/CMakeFiles/LLVMTextAPI.dir/ArchitectureSet.cpp.obj
[1665/1732] Linking CXX static library lib\libLLVMCore.a
[1666/1732] Linking CXX static library lib\libLLVMDebugInfoDWARFLowLevel.a
[1667/1732] Linking CXX static library lib\libLLVMBitReader.a
[1668/1732] Linking CXX static library lib\libLLVMFrontendHLSL.a
[1669/1732] Linking CXX static library lib\libLLVMCFGuard.a
[1670/1732] Linking CXX static library lib\libLLVMMC.a
[1671/1732] Linking CXX static library lib\libLLVMAsmParser.a
[1672/1732] Linking CXX static library lib\libLLVMMCParser.a
[1673/1732] Linking CXX static library lib\libLLVMIRReader.a
[1674/1732] Linking CXX static library lib\libLLVMAMDGPUInfo.a
[1675/1732] Building CXX object lib/TextAPI/CMakeFiles/LLVMTextAPI.dir/InterfaceFile.cpp.obj
[1676/1732] Building CXX object lib/TextAPI/CMakeFiles/LLVMTextAPI.dir/PackedVersion.cpp.obj
[1677/1732] Building CXX object lib/TextAPI/CMakeFiles/LLVMTextAPI.dir/Platform.cpp.obj
[1678/1732] Building CXX object lib/TextAPI/CMakeFiles/LLVMTextAPI.dir/TextStubV5.cpp.obj
[1679/1732] Building CXX object lib/TextAPI/CMakeFiles/LLVMTextAPI.dir/RecordVisitor.cpp.obj
[1680/1732] Building CXX object lib/TextAPI/CMakeFiles/LLVMTextAPI.dir/RecordsSlice.cpp.obj
[1681/1732] Building CXX object lib/TextAPI/CMakeFiles/LLVMTextAPI.dir/Symbol.cpp.obj
[1682/1732] Building CXX object lib/TextAPI/CMakeFiles/LLVMTextAPI.dir/SymbolSet.cpp.obj
[1683/1732] Building CXX object lib/TextAPI/CMakeFiles/LLVMTextAPI.dir/TextAPIError.cpp.obj
[1684/1732] Building CXX object lib/TextAPI/CMakeFiles/LLVMTextAPI.dir/Target.cpp.obj
[1685/1732] Building CXX object lib/TextAPI/CMakeFiles/LLVMTextAPI.dir/TextStubCommon.cpp.obj
[1686/1732] Building CXX object lib/TextAPI/CMakeFiles/LLVMTextAPI.dir/Utils.cpp.obj
[1687/1732] Building CXX object lib/TextAPI/CMakeFiles/LLVMTextAPI.dir/TextStub.cpp.obj
[1688/1732] Linking CXX static library lib\libLLVMTextAPI.a
[1689/1732] Linking CXX static library lib\libLLVMObject.a
[1690/1732] Linking CXX static library lib\libLLVMObjectYAML.a
[1691/1732] Linking CXX static library lib\libLLVMDebugInfoDWARF.a
[1692/1732] Linking CXX static library lib\libLLVMDebugInfoGSYM.a
[1693/1732] Linking CXX static library lib\libLLVMDebugInfoPDB.a
[1694/1732] Building CXX object utils/FileCheck/CMakeFiles/FileCheck.dir/FileCheck.cpp.obj
[1695/1732] Linking CXX static library lib\libLLVMSymbolize.a
[1696/1732] Linking CXX static library lib\libLLVMProfileData.a
[1697/1732] Linking CXX executable bin\FileCheck.exe
[1698/1732] Linking CXX static library lib\libLLVMAnalysis.a
[1699/1732] Linking CXX static library lib\libLLVMIRPrinter.a
[1700/1732] Linking CXX static library lib\libLLVMBitWriter.a
[1701/1732] Linking CXX static library lib\libLLVMCGData.a
[1702/1732] Linking CXX static library lib\libLLVMFrontendAtomic.a
[1703/1732] Linking CXX static library lib\libLLVMTransformUtils.a
[1704/1732] Linking CXX static library lib\libLLVMFrontendOffloading.a
[1705/1732] Linking CXX static library lib\libLLVMInstrumentation.a
[1706/1732] Linking CXX static library lib\libLLVMAggressiveInstCombine.a
[1707/1732] Linking CXX static library lib\libLLVMInstCombine.a
[1708/1732] Building CXX object tools/llc/CMakeFiles/llc.dir/llc.cpp.obj
[1709/1732] Linking CXX static library lib\libLLVMScalarOpts.a
[1710/1732] Linking CXX static library lib\libLLVMObjCARCOpts.a
[1711/1732] Linking CXX static library lib\libLLVMFrontendOpenMP.a
[1712/1732] Linking CXX static library lib\libLLVMHipStdPar.a
[1713/1732] Linking CXX static library lib\libLLVMLinker.a
[1714/1732] Linking CXX static library lib\libLLVMTarget.a
[1715/1732] Linking CXX static library lib\libLLVMAMDGPUUtils.a
[1716/1732] Linking CXX static library lib\libLLVMAMDGPUDesc.a
[1717/1732] Linking CXX static library lib\libLLVMCodeGen.a
[1718/1732] Linking CXX static library lib\libLLVMAMDGPUAsmParser.a
[1719/1732] Linking CXX static library lib\libLLVMSelectionDAG.a
[1720/1732] Linking CXX static library lib\libLLVMAsmPrinter.a
[1721/1732] Linking CXX static library lib\libLLVMMIRParser.a
[1722/1732] Linking CXX static library lib\libLLVMGlobalISel.a
[1723/1732] Linking CXX static library lib\libLLVMSandboxIR.a
[1724/1732] Linking CXX static library lib\libLLVMVectorize.a
[1725/1732] Linking CXX static library lib\libLLVMipo.a
[1726/1732] Linking CXX static library lib\libLLVMCoroutines.a
[1727/1732] Linking CXX static library lib\libLLVMPasses.a
[1728/1732] Linking CXX static library lib\libLLVMAMDGPUCodeGen.a
[1729/1732] Building CXX object tools/llc/CMakeFiles/llc.dir/NewPMDriver.cpp.obj
[1730/1732] Building CXX object tools/llvm-calc-occupancy/CMakeFiles/llvm-calc-occupancy.dir/llvm-calc-occupancy.cpp.obj
[1731/1732] Linking CXX executable bin\llvm-calc-occupancy.exe
[1732/1732] Linking CXX executable bin\llc.exe
