trace_id,variant,replay,preprocessing_time_ns,preprocessing_cost_source,dependency_graph_and_extraction_time_ns,order_and_batch_construction_time_ns,fallback_and_legality_oracle_time_ns,scheduling_total_time_ns,veripb_checker_time_ns,cakepb_checker_time_ns,full_time_ns,proof_bytes,kernel_bytes,certificate_bytes,disk_io_bytes,peak_rss_bytes,fallback_to_original,output_wcnf_sha256,output_hash_equal_to_frozen,objective_equality,veripb_forced_checked_accept,cakepb_equioptimal_accept,proof_sha256,kernel_sha256
zenodo__ConsistentQueryAnswering-synthetic-15,original,1,18772158,OFFICIAL_ARTIFACT_DATA_MAXPRE_DEFAULT_CHECKED_SOLVING_TIME,0,0,0,0,48963200,85357600,153092958,249279,483230,732509,862895,162410496,False,D164D035ADD3EAE9D6C31023E883B53CB3C6F8EA6BF5A3892E9C48D82B6499E2,True,True,True,True,BFC039D06A4FA509E8578577D8626B29F07FF4F7861B98DACEE15A1628C704F0,1853C794ABAFB37488E5F169158FBE51BCCBB27DD9E8B85B162E841354676080
zenodo__ConsistentQueryAnswering-synthetic-15,original,2,18772158,OFFICIAL_ARTIFACT_DATA_MAXPRE_DEFAULT_CHECKED_SOLVING_TIME,0,0,0,0,47032600,79623400,145428158,249279,483230,732509,862895,162410496,False,D164D035ADD3EAE9D6C31023E883B53CB3C6F8EA6BF5A3892E9C48D82B6499E2,True,True,True,True,BFC039D06A4FA509E8578577D8626B29F07FF4F7861B98DACEE15A1628C704F0,1853C794ABAFB37488E5F169158FBE51BCCBB27DD9E8B85B162E841354676080
zenodo__ConsistentQueryAnswering-synthetic-15,stable_legal,1,18772158,OFFICIAL_ARTIFACT_DATA_MAXPRE_DEFAULT_CHECKED_SOLVING_TIME,22066300,44189600,137783800,204039700,46685700,80696200,350193758,249279,483230,732509,862895,162406400,False,D164D035ADD3EAE9D6C31023E883B53CB3C6F8EA6BF5A3892E9C48D82B6499E2,True,True,True,True,F2F00FCA89365CB16727B0D77B6401859EAE2C7F8E6E38A4C5BB446A431E4EE2,524C87562ECC1ADB860611DA12142C18FDCF499ED9C019B4DE03D8DB682E2EE7
zenodo__ConsistentQueryAnswering-synthetic-15,stable_legal,2,18772158,OFFICIAL_ARTIFACT_DATA_MAXPRE_DEFAULT_CHECKED_SOLVING_TIME,22066300,44189600,137783800,204039700,53659100,79485600,355956558,249279,483230,732509,862895,162410496,False,D164D035ADD3EAE9D6C31023E883B53CB3C6F8EA6BF5A3892E9C48D82B6499E2,True,True,True,True,F2F00FCA89365CB16727B0D77B6401859EAE2C7F8E6E38A4C5BB446A431E4EE2,524C87562ECC1ADB860611DA12142C18FDCF499ED9C019B4DE03D8DB682E2EE7
zenodo__ConsistentQueryAnswering-synthetic-15,greedy_earliest_ready,1,18772158,OFFICIAL_ARTIFACT_DATA_MAXPRE_DEFAULT_CHECKED_SOLVING_TIME,22066300,44189600,137783800,204039700,54435400,82037900,359285158,249279,483230,732509,862895,162414592,False,D164D035ADD3EAE9D6C31023E883B53CB3C6F8EA6BF5A3892E9C48D82B6499E2,True,True,True,True,F2F00FCA89365CB16727B0D77B6401859EAE2C7F8E6E38A4C5BB446A431E4EE2,524C87562ECC1ADB860611DA12142C18FDCF499ED9C019B4DE03D8DB682E2EE7
zenodo__ConsistentQueryAnswering-synthetic-15,greedy_earliest_ready,2,18772158,OFFICIAL_ARTIFACT_DATA_MAXPRE_DEFAULT_CHECKED_SOLVING_TIME,22066300,44189600,137783800,204039700,53373800,84492100,360677758,249279,483230,732509,862895,162410496,False,D164D035ADD3EAE9D6C31023E883B53CB3C6F8EA6BF5A3892E9C48D82B6499E2,True,True,True,True,F2F00FCA89365CB16727B0D77B6401859EAE2C7F8E6E38A4C5BB446A431E4EE2,524C87562ECC1ADB860611DA12142C18FDCF499ED9C019B4DE03D8DB682E2EE7
zenodo__ConsistentQueryAnswering-synthetic-15,candidate_frontier,1,18772158,OFFICIAL_ARTIFACT_DATA_MAXPRE_DEFAULT_CHECKED_SOLVING_TIME,22066300,33869300,134147600,190083200,54265300,87134700,350255358,249279,483280,732559,862945,162418688,False,D164D035ADD3EAE9D6C31023E883B53CB3C6F8EA6BF5A3892E9C48D82B6499E2,True,True,True,True,D0DE3B1032323BF26223DD35295EF48D9FF2A66CBBFDA703F088070EE6BF3272,869B56932D97318448C5FFAA414A6287BC839CE2FA5E16C62983ACD53D51AFF0
zenodo__ConsistentQueryAnswering-synthetic-15,candidate_frontier,2,18772158,OFFICIAL_ARTIFACT_DATA_MAXPRE_DEFAULT_CHECKED_SOLVING_TIME,22066300,33869300,134147600,190083200,57183500,81568500,347607358,249279,483280,732559,862945,162426880,False,D164D035ADD3EAE9D6C31023E883B53CB3C6F8EA6BF5A3892E9C48D82B6499E2,True,True,True,True,D0DE3B1032323BF26223DD35295EF48D9FF2A66CBBFDA703F088070EE6BF3272,869B56932D97318448C5FFAA414A6287BC839CE2FA5E16C62983ACD53D51AFF0
zenodo__MaxSATQueriesinInterpretableClassifiers-parkinsons_train_5_DNF_2_1,original,1,22339194,OFFICIAL_ARTIFACT_DATA_MAXPRE_DEFAULT_CHECKED_SOLVING_TIME,0,0,0,0,112184500,260667700,395191394,1433062,2336969,3770031,3944857,538185728,False,010E863DF0466D50282166CB5A0399A04DD1A95275CDCE3827ACEA13121215EF,True,True,True,True,548BCFEB11DEA8BD739DD46F23F704D5FE10137BAA282BADAE346BC4B85AECF9,F21B70B90DCF326EA72ED872D71844AA541C8FC1414DC06B18322B1F7E254D1D
zenodo__MaxSATQueriesinInterpretableClassifiers-parkinsons_train_5_DNF_2_1,original,2,22339194,OFFICIAL_ARTIFACT_DATA_MAXPRE_DEFAULT_CHECKED_SOLVING_TIME,0,0,0,0,114452800,255145200,391937194,1433062,2336969,3770031,3944857,538161152,False,010E863DF0466D50282166CB5A0399A04DD1A95275CDCE3827ACEA13121215EF,True,True,True,True,548BCFEB11DEA8BD739DD46F23F704D5FE10137BAA282BADAE346BC4B85AECF9,F21B70B90DCF326EA72ED872D71844AA541C8FC1414DC06B18322B1F7E254D1D
zenodo__MaxSATQueriesinInterpretableClassifiers-parkinsons_train_5_DNF_2_1,stable_legal,1,22339194,OFFICIAL_ARTIFACT_DATA_MAXPRE_DEFAULT_CHECKED_SOLVING_TIME,43317200,0,0,43317200,109091600,251040600,425788594,1433062,2336969,3770031,3944857,538157056,True,010E863DF0466D50282166CB5A0399A04DD1A95275CDCE3827ACEA13121215EF,True,True,True,True,548BCFEB11DEA8BD739DD46F23F704D5FE10137BAA282BADAE346BC4B85AECF9,F21B70B90DCF326EA72ED872D71844AA541C8FC1414DC06B18322B1F7E254D1D
zenodo__MaxSATQueriesinInterpretableClassifiers-parkinsons_train_5_DNF_2_1,stable_legal,2,22339194,OFFICIAL_ARTIFACT_DATA_MAXPRE_DEFAULT_CHECKED_SOLVING_TIME,43317200,0,0,43317200,106388400,251842100,423886894,1433062,2336969,3770031,3944857,538198016,True,010E863DF0466D50282166CB5A0399A04DD1A95275CDCE3827ACEA13121215EF,True,True,True,True,548BCFEB11DEA8BD739DD46F23F704D5FE10137BAA282BADAE346BC4B85AECF9,F21B70B90DCF326EA72ED872D71844AA541C8FC1414DC06B18322B1F7E254D1D
zenodo__MaxSATQueriesinInterpretableClassifiers-parkinsons_train_5_DNF_2_1,greedy_earliest_ready,1,22339194,OFFICIAL_ARTIFACT_DATA_MAXPRE_DEFAULT_CHECKED_SOLVING_TIME,43317200,0,0,43317200,107271900,255266700,428194994,1433062,2336969,3770031,3944857,538198016,True,010E863DF0466D50282166CB5A0399A04DD1A95275CDCE3827ACEA13121215EF,True,True,True,True,548BCFEB11DEA8BD739DD46F23F704D5FE10137BAA282BADAE346BC4B85AECF9,F21B70B90DCF326EA72ED872D71844AA541C8FC1414DC06B18322B1F7E254D1D
zenodo__MaxSATQueriesinInterpretableClassifiers-parkinsons_train_5_DNF_2_1,greedy_earliest_ready,2,22339194,OFFICIAL_ARTIFACT_DATA_MAXPRE_DEFAULT_CHECKED_SOLVING_TIME,43317200,0,0,43317200,108886100,255592700,430135194,1433062,2336969,3770031,3944857,538185728,True,010E863DF0466D50282166CB5A0399A04DD1A95275CDCE3827ACEA13121215EF,True,True,True,True,548BCFEB11DEA8BD739DD46F23F704D5FE10137BAA282BADAE346BC4B85AECF9,F21B70B90DCF326EA72ED872D71844AA541C8FC1414DC06B18322B1F7E254D1D
zenodo__MaxSATQueriesinInterpretableClassifiers-parkinsons_train_5_DNF_2_1,candidate_frontier,1,22339194,OFFICIAL_ARTIFACT_DATA_MAXPRE_DEFAULT_CHECKED_SOLVING_TIME,43317200,12123400,381574700,437015300,114614500,266841500,840810494,1433062,2336969,3770031,3944857,538214400,False,010E863DF0466D50282166CB5A0399A04DD1A95275CDCE3827ACEA13121215EF,True,True,True,True,6735A2D1E9F64838B212111DECA0B78FE126C4AE081A49A88D22B1A8A7C87E96,8A01A457770B30BE1073D02038D04755380064EEF1C59CC41A8CA7E28121B3EE
zenodo__MaxSATQueriesinInterpretableClassifiers-parkinsons_train_5_DNF_2_1,candidate_frontier,2,22339194,OFFICIAL_ARTIFACT_DATA_MAXPRE_DEFAULT_CHECKED_SOLVING_TIME,43317200,12123400,381574700,437015300,113082900,263278400,835715794,1433062,2336969,3770031,3944857,538214400,False,010E863DF0466D50282166CB5A0399A04DD1A95275CDCE3827ACEA13121215EF,True,True,True,True,6735A2D1E9F64838B212111DECA0B78FE126C4AE081A49A88D22B1A8A7C87E96,8A01A457770B30BE1073D02038D04755380064EEF1C59CC41A8CA7E28121B3EE
zenodo__bcp-simp-nonunif-75_50.07,original,1,14042370,OFFICIAL_ARTIFACT_DATA_MAXPRE_DEFAULT_CHECKED_SOLVING_TIME,0,0,0,0,42289500,100366900,156698770,317343,515607,832950,887309,189841408,False,FCF6D87DF63009AEF7CCAF03F5AC2704179533FEC6933F66176F56A5BE64BE7A,True,True,True,True,87BB94C00C4347FCDDAA3555B2E44A59BE715F4A5F3628D95C297F0A9FD78704,3BF29528060C5831EA4602D79E772EBBB8869615F9D46D8F4B793ACE6B3CAC5F
zenodo__bcp-simp-nonunif-75_50.07,original,2,14042370,OFFICIAL_ARTIFACT_DATA_MAXPRE_DEFAULT_CHECKED_SOLVING_TIME,0,0,0,0,41546600,101157200,156746170,317343,515607,832950,887309,189800448,False,FCF6D87DF63009AEF7CCAF03F5AC2704179533FEC6933F66176F56A5BE64BE7A,True,True,True,True,87BB94C00C4347FCDDAA3555B2E44A59BE715F4A5F3628D95C297F0A9FD78704,3BF29528060C5831EA4602D79E772EBBB8869615F9D46D8F4B793ACE6B3CAC5F
zenodo__bcp-simp-nonunif-75_50.07,stable_legal,1,14042370,OFFICIAL_ARTIFACT_DATA_MAXPRE_DEFAULT_CHECKED_SOLVING_TIME,19270600,10545300,156469900,186285800,41227200,100206600,341761970,317343,515667,833010,887369,189845504,False,FCF6D87DF63009AEF7CCAF03F5AC2704179533FEC6933F66176F56A5BE64BE7A,True,True,True,True,BF60705AE54CC881A32C90A8962582EC33F57A8FBB5454214B0547C17BF24E2C,13E639115376A432A7A162B1091EBB98431BFBCB542E51C2E08291E6225C3D76
zenodo__bcp-simp-nonunif-75_50.07,stable_legal,2,14042370,OFFICIAL_ARTIFACT_DATA_MAXPRE_DEFAULT_CHECKED_SOLVING_TIME,19270600,10545300,156469900,186285800,41900700,101670700,343899570,317343,515667,833010,887369,189820928,False,FCF6D87DF63009AEF7CCAF03F5AC2704179533FEC6933F66176F56A5BE64BE7A,True,True,True,True,BF60705AE54CC881A32C90A8962582EC33F57A8FBB5454214B0547C17BF24E2C,13E639115376A432A7A162B1091EBB98431BFBCB542E51C2E08291E6225C3D76
zenodo__bcp-simp-nonunif-75_50.07,greedy_earliest_ready,1,14042370,OFFICIAL_ARTIFACT_DATA_MAXPRE_DEFAULT_CHECKED_SOLVING_TIME,19270600,10122100,143334600,172727300,42956700,102009600,331735970,317343,515607,832950,887309,189808640,False,FCF6D87DF63009AEF7CCAF03F5AC2704179533FEC6933F66176F56A5BE64BE7A,True,True,True,True,4F48DCBBDB6DF34FEED4A1CFC6F92195412628D2843F13CDC25D1BEBA30F4916,8269C2F9B17D2B2FA46124244FD1E6878410E791D3398E8DF269FDA7C8C4B0C9
zenodo__bcp-simp-nonunif-75_50.07,greedy_earliest_ready,2,14042370,OFFICIAL_ARTIFACT_DATA_MAXPRE_DEFAULT_CHECKED_SOLVING_TIME,19270600,10122100,143334600,172727300,51113300,101293000,339175970,317343,515607,832950,887309,189837312,False,FCF6D87DF63009AEF7CCAF03F5AC2704179533FEC6933F66176F56A5BE64BE7A,True,True,True,True,4F48DCBBDB6DF34FEED4A1CFC6F92195412628D2843F13CDC25D1BEBA30F4916,8269C2F9B17D2B2FA46124244FD1E6878410E791D3398E8DF269FDA7C8C4B0C9
zenodo__bcp-simp-nonunif-75_50.07,candidate_frontier,1,14042370,OFFICIAL_ARTIFACT_DATA_MAXPRE_DEFAULT_CHECKED_SOLVING_TIME,19270600,11372400,154503600,185146600,43082800,102722300,344994070,317343,515607,832950,887309,189812736,False,FCF6D87DF63009AEF7CCAF03F5AC2704179533FEC6933F66176F56A5BE64BE7A,True,True,True,True,ACE0D0CC6A722A9FFA93EE6585927E60B1F3C2FE9C4EE2A3DEB26B8F7686D3B9,2C0F2CA913AA5E34916DD805B0909FA8EF1AC23CFB5B9737EE8A9AC823E57FB3
zenodo__bcp-simp-nonunif-75_50.07,candidate_frontier,2,14042370,OFFICIAL_ARTIFACT_DATA_MAXPRE_DEFAULT_CHECKED_SOLVING_TIME,19270600,11372400,154503600,185146600,42895100,102580900,344664970,317343,515607,832950,887309,189812736,False,FCF6D87DF63009AEF7CCAF03F5AC2704179533FEC6933F66176F56A5BE64BE7A,True,True,True,True,ACE0D0CC6A722A9FFA93EE6585927E60B1F3C2FE9C4EE2A3DEB26B8F7686D3B9,2C0F2CA913AA5E34916DD805B0909FA8EF1AC23CFB5B9737EE8A9AC823E57FB3
zenodo__drmx-cryptogen-threshold128_4,original,1,50604092,OFFICIAL_ARTIFACT_DATA_MAXPRE_DEFAULT_CHECKED_SOLVING_TIME,0,0,0,0,184512000,619190300,854306392,2419900,3709909,6129809,6549243,542302208,False,E3CE105AB4F1FB1B2E694367AD8710D04472F9E229DE32AC87954FEF037B5B52,True,True,True,True,8FD6267D22837B86B41C1B7513E09A586317F57D3AC63A3E2E7E0711C7F2D3C1,D6C877434151C5B6B57D87A5DB85636B62B72D052CF4589A2A0920F6569F1F4B
zenodo__drmx-cryptogen-threshold128_4,original,2,50604092,OFFICIAL_ARTIFACT_DATA_MAXPRE_DEFAULT_CHECKED_SOLVING_TIME,0,0,0,0,181864500,618527100,850995692,2419900,3709909,6129809,6549243,542306304,False,E3CE105AB4F1FB1B2E694367AD8710D04472F9E229DE32AC87954FEF037B5B52,True,True,True,True,8FD6267D22837B86B41C1B7513E09A586317F57D3AC63A3E2E7E0711C7F2D3C1,D6C877434151C5B6B57D87A5DB85636B62B72D052CF4589A2A0920F6569F1F4B
zenodo__drmx-cryptogen-threshold128_4,stable_legal,1,50604092,OFFICIAL_ARTIFACT_DATA_MAXPRE_DEFAULT_CHECKED_SOLVING_TIME,60193900,0,0,60193900,190137900,657806200,958742092,2419900,3709909,6129809,6549243,542302208,True,E3CE105AB4F1FB1B2E694367AD8710D04472F9E229DE32AC87954FEF037B5B52,True,True,True,True,8FD6267D22837B86B41C1B7513E09A586317F57D3AC63A3E2E7E0711C7F2D3C1,D6C877434151C5B6B57D87A5DB85636B62B72D052CF4589A2A0920F6569F1F4B
zenodo__drmx-cryptogen-threshold128_4,stable_legal,2,50604092,OFFICIAL_ARTIFACT_DATA_MAXPRE_DEFAULT_CHECKED_SOLVING_TIME,60193900,0,0,60193900,187313700,644605500,942717192,2419900,3709909,6129809,6549243,542302208,True,E3CE105AB4F1FB1B2E694367AD8710D04472F9E229DE32AC87954FEF037B5B52,True,True,True,True,8FD6267D22837B86B41C1B7513E09A586317F57D3AC63A3E2E7E0711C7F2D3C1,D6C877434151C5B6B57D87A5DB85636B62B72D052CF4589A2A0920F6569F1F4B
zenodo__drmx-cryptogen-threshold128_4,greedy_earliest_ready,1,50604092,OFFICIAL_ARTIFACT_DATA_MAXPRE_DEFAULT_CHECKED_SOLVING_TIME,60193900,0,0,60193900,190771500,636815800,938385292,2419900,3709909,6129809,6549243,542306304,True,E3CE105AB4F1FB1B2E694367AD8710D04472F9E229DE32AC87954FEF037B5B52,True,True,True,True,8FD6267D22837B86B41C1B7513E09A586317F57D3AC63A3E2E7E0711C7F2D3C1,D6C877434151C5B6B57D87A5DB85636B62B72D052CF4589A2A0920F6569F1F4B
zenodo__drmx-cryptogen-threshold128_4,greedy_earliest_ready,2,50604092,OFFICIAL_ARTIFACT_DATA_MAXPRE_DEFAULT_CHECKED_SOLVING_TIME,60193900,0,0,60193900,199337100,616038900,926173992,2419900,3709909,6129809,6549243,542302208,True,E3CE105AB4F1FB1B2E694367AD8710D04472F9E229DE32AC87954FEF037B5B52,True,True,True,True,8FD6267D22837B86B41C1B7513E09A586317F57D3AC63A3E2E7E0711C7F2D3C1,D6C877434151C5B6B57D87A5DB85636B62B72D052CF4589A2A0920F6569F1F4B
zenodo__drmx-cryptogen-threshold128_4,candidate_frontier,1,50604092,OFFICIAL_ARTIFACT_DATA_MAXPRE_DEFAULT_CHECKED_SOLVING_TIME,60193900,13696800,747157300,821048000,180235700,605972100,1657859892,2419900,3709909,6129809,6549243,542302208,False,E3CE105AB4F1FB1B2E694367AD8710D04472F9E229DE32AC87954FEF037B5B52,True,True,True,True,15BDFE54EB678BAB8AF4402BBC36C9F4F18657A5D001340BCA8F635AF2598422,B92CD6A014144EBBD4797C09D9097169CE2129A8AEDC93F3EFC9B92A35E32A2E
zenodo__drmx-cryptogen-threshold128_4,candidate_frontier,2,50604092,OFFICIAL_ARTIFACT_DATA_MAXPRE_DEFAULT_CHECKED_SOLVING_TIME,60193900,13696800,747157300,821048000,185383200,632071400,1689106692,2419900,3709909,6129809,6549243,542302208,False,E3CE105AB4F1FB1B2E694367AD8710D04472F9E229DE32AC87954FEF037B5B52,True,True,True,True,15BDFE54EB678BAB8AF4402BBC36C9F4F18657A5D001340BCA8F635AF2598422,B92CD6A014144EBBD4797C09D9097169CE2129A8AEDC93F3EFC9B92A35E32A2E
zenodo__kbtree-kbtree9_7_3_5_80_6.wcsp,original,1,28891869,OFFICIAL_ARTIFACT_DATA_MAXPRE_DEFAULT_CHECKED_SOLVING_TIME,0,0,0,0,58220000,117899000,205010869,483552,854140,1337692,1379531,236126208,False,2110CBA33B61AFE3000E0AE91720444B965E9BA1081916B407B4A85ADF830026,True,True,True,True,A33BF0601FFCB221307F030BD4D0071524955B8DBFF827C31FD97CE8CF34346E,E8975C88C4435E08B04C4D3D7F90082E081350EE9FA667D1BB6756C5D7727DD2
zenodo__kbtree-kbtree9_7_3_5_80_6.wcsp,original,2,28891869,OFFICIAL_ARTIFACT_DATA_MAXPRE_DEFAULT_CHECKED_SOLVING_TIME,0,0,0,0,52549700,110883200,192324769,483552,854140,1337692,1379531,236134400,False,2110CBA33B61AFE3000E0AE91720444B965E9BA1081916B407B4A85ADF830026,True,True,True,True,A33BF0601FFCB221307F030BD4D0071524955B8DBFF827C31FD97CE8CF34346E,E8975C88C4435E08B04C4D3D7F90082E081350EE9FA667D1BB6756C5D7727DD2
zenodo__kbtree-kbtree9_7_3_5_80_6.wcsp,stable_legal,1,28891869,OFFICIAL_ARTIFACT_DATA_MAXPRE_DEFAULT_CHECKED_SOLVING_TIME,15334700,0,0,15334700,52307200,109281700,205815469,483552,854140,1337692,1379531,236109824,True,2110CBA33B61AFE3000E0AE91720444B965E9BA1081916B407B4A85ADF830026,True,True,True,True,A33BF0601FFCB221307F030BD4D0071524955B8DBFF827C31FD97CE8CF34346E,E8975C88C4435E08B04C4D3D7F90082E081350EE9FA667D1BB6756C5D7727DD2
zenodo__kbtree-kbtree9_7_3_5_80_6.wcsp,stable_legal,2,28891869,OFFICIAL_ARTIFACT_DATA_MAXPRE_DEFAULT_CHECKED_SOLVING_TIME,15334700,0,0,15334700,52627000,113816700,210670269,483552,854140,1337692,1379531,236109824,True,2110CBA33B61AFE3000E0AE91720444B965E9BA1081916B407B4A85ADF830026,True,True,True,True,A33BF0601FFCB221307F030BD4D0071524955B8DBFF827C31FD97CE8CF34346E,E8975C88C4435E08B04C4D3D7F90082E081350EE9FA667D1BB6756C5D7727DD2
zenodo__kbtree-kbtree9_7_3_5_80_6.wcsp,greedy_earliest_ready,1,28891869,OFFICIAL_ARTIFACT_DATA_MAXPRE_DEFAULT_CHECKED_SOLVING_TIME,15334700,0,0,15334700,52916800,113329500,210472869,483552,854140,1337692,1379531,236130304,True,2110CBA33B61AFE3000E0AE91720444B965E9BA1081916B407B4A85ADF830026,True,True,True,True,A33BF0601FFCB221307F030BD4D0071524955B8DBFF827C31FD97CE8CF34346E,E8975C88C4435E08B04C4D3D7F90082E081350EE9FA667D1BB6756C5D7727DD2
zenodo__kbtree-kbtree9_7_3_5_80_6.wcsp,greedy_earliest_ready,2,28891869,OFFICIAL_ARTIFACT_DATA_MAXPRE_DEFAULT_CHECKED_SOLVING_TIME,15334700,0,0,15334700,52931000,112903400,210060969,483552,854140,1337692,1379531,236118016,True,2110CBA33B61AFE3000E0AE91720444B965E9BA1081916B407B4A85ADF830026,True,True,True,True,A33BF0601FFCB221307F030BD4D0071524955B8DBFF827C31FD97CE8CF34346E,E8975C88C4435E08B04C4D3D7F90082E081350EE9FA667D1BB6756C5D7727DD2
zenodo__kbtree-kbtree9_7_3_5_80_6.wcsp,candidate_frontier,1,28891869,OFFICIAL_ARTIFACT_DATA_MAXPRE_DEFAULT_CHECKED_SOLVING_TIME,15334700,13731500,172431200,201497400,52743100,114146500,397278869,483552,854140,1337692,1379531,236101632,False,2110CBA33B61AFE3000E0AE91720444B965E9BA1081916B407B4A85ADF830026,True,True,True,True,3238D2A5C1AE20A788E8019545D92E0C22B3FF66F80CDEBFE4AE037BBBBAD775,AD96DDFD7912FCBEFFD1855684520AA62CD522923F5FAF5DD51471D625D42B5C
zenodo__kbtree-kbtree9_7_3_5_80_6.wcsp,candidate_frontier,2,28891869,OFFICIAL_ARTIFACT_DATA_MAXPRE_DEFAULT_CHECKED_SOLVING_TIME,15334700,13731500,172431200,201497400,53210000,114022500,397621769,483552,854140,1337692,1379531,236105728,False,2110CBA33B61AFE3000E0AE91720444B965E9BA1081916B407B4A85ADF830026,True,True,True,True,3238D2A5C1AE20A788E8019545D92E0C22B3FF66F80CDEBFE4AE037BBBBAD775,AD96DDFD7912FCBEFFD1855684520AA62CD522923F5FAF5DD51471D625D42B5C
zenodo__logic-synthesis-normalized-5xp1.b.opb.msat,original,1,74469906,OFFICIAL_ARTIFACT_DATA_MAXPRE_DEFAULT_CHECKED_SOLVING_TIME,0,0,0,0,92191300,270805700,437466906,833388,1628850,2462238,2613917,541962240,False,CF2D32A2A9864CDFE5799A4D091A0F99508C0DF6DA3F43975E46F3C78A4E7F65,True,True,True,True,09F9949EE8468D5522528464C554210797F3E826CF32BA7FC9C042C8C75182EB,830044543708BAA817865FF69F3A8AEF77F563093227EDA7030D69CF58407B31
zenodo__logic-synthesis-normalized-5xp1.b.opb.msat,original,2,74469906,OFFICIAL_ARTIFACT_DATA_MAXPRE_DEFAULT_CHECKED_SOLVING_TIME,0,0,0,0,97679400,279966200,452115506,833388,1628850,2462238,2613917,541962240,False,CF2D32A2A9864CDFE5799A4D091A0F99508C0DF6DA3F43975E46F3C78A4E7F65,True,True,True,True,09F9949EE8468D5522528464C554210797F3E826CF32BA7FC9C042C8C75182EB,830044543708BAA817865FF69F3A8AEF77F563093227EDA7030D69CF58407B31
zenodo__logic-synthesis-normalized-5xp1.b.opb.msat,stable_legal,1,74469906,OFFICIAL_ARTIFACT_DATA_MAXPRE_DEFAULT_CHECKED_SOLVING_TIME,28544000,0,0,28544000,103732400,284489200,491235506,833388,1628850,2462238,2613917,541962240,True,CF2D32A2A9864CDFE5799A4D091A0F99508C0DF6DA3F43975E46F3C78A4E7F65,True,True,True,True,09F9949EE8468D5522528464C554210797F3E826CF32BA7FC9C042C8C75182EB,830044543708BAA817865FF69F3A8AEF77F563093227EDA7030D69CF58407B31
zenodo__logic-synthesis-normalized-5xp1.b.opb.msat,stable_legal,2,74469906,OFFICIAL_ARTIFACT_DATA_MAXPRE_DEFAULT_CHECKED_SOLVING_TIME,28544000,0,0,28544000,98656700,271778000,473448606,833388,1628850,2462238,2613917,541962240,True,CF2D32A2A9864CDFE5799A4D091A0F99508C0DF6DA3F43975E46F3C78A4E7F65,True,True,True,True,09F9949EE8468D5522528464C554210797F3E826CF32BA7FC9C042C8C75182EB,830044543708BAA817865FF69F3A8AEF77F563093227EDA7030D69CF58407B31
zenodo__logic-synthesis-normalized-5xp1.b.opb.msat,greedy_earliest_ready,1,74469906,OFFICIAL_ARTIFACT_DATA_MAXPRE_DEFAULT_CHECKED_SOLVING_TIME,28544000,0,0,28544000,96219700,268836200,468069806,833388,1628850,2462238,2613917,541954048,True,CF2D32A2A9864CDFE5799A4D091A0F99508C0DF6DA3F43975E46F3C78A4E7F65,True,True,True,True,09F9949EE8468D5522528464C554210797F3E826CF32BA7FC9C042C8C75182EB,830044543708BAA817865FF69F3A8AEF77F563093227EDA7030D69CF58407B31
zenodo__logic-synthesis-normalized-5xp1.b.opb.msat,greedy_earliest_ready,2,74469906,OFFICIAL_ARTIFACT_DATA_MAXPRE_DEFAULT_CHECKED_SOLVING_TIME,28544000,0,0,28544000,96896800,267993600,467904306,833388,1628850,2462238,2613917,541958144,True,CF2D32A2A9864CDFE5799A4D091A0F99508C0DF6DA3F43975E46F3C78A4E7F65,True,True,True,True,09F9949EE8468D5522528464C554210797F3E826CF32BA7FC9C042C8C75182EB,830044543708BAA817865FF69F3A8AEF77F563093227EDA7030D69CF58407B31
zenodo__logic-synthesis-normalized-5xp1.b.opb.msat,candidate_frontier,1,74469906,OFFICIAL_ARTIFACT_DATA_MAXPRE_DEFAULT_CHECKED_SOLVING_TIME,28544000,8832500,337064000,374440500,97850300,256879600,803640306,833388,1628850,2462238,2613917,541958144,False,CF2D32A2A9864CDFE5799A4D091A0F99508C0DF6DA3F43975E46F3C78A4E7F65,True,True,True,True,8FE41D2EBFEC3A1880DCADB45FDDD421C8829CE1B7169F2468A04D3EE4CC1839,820978A470C4EE65149FC1122FBF9429727214E096124640C01CA7BE997CB2E4
zenodo__logic-synthesis-normalized-5xp1.b.opb.msat,candidate_frontier,2,74469906,OFFICIAL_ARTIFACT_DATA_MAXPRE_DEFAULT_CHECKED_SOLVING_TIME,28544000,8832500,337064000,374440500,98885300,269806100,817601806,833388,1628850,2462238,2613917,541958144,False,CF2D32A2A9864CDFE5799A4D091A0F99508C0DF6DA3F43975E46F3C78A4E7F65,True,True,True,True,8FE41D2EBFEC3A1880DCADB45FDDD421C8829CE1B7169F2468A04D3EE4CC1839,820978A470C4EE65149FC1122FBF9429727214E096124640C01CA7BE997CB2E4
zenodo__protein_ins_wt-1vii_.1cph_.g.wcnf.t,original,1,91846618,OFFICIAL_ARTIFACT_DATA_MAXPRE_DEFAULT_CHECKED_SOLVING_TIME,0,0,0,0,367251100,434323700,893421418,4113731,6499452,10613183,10885783,542433280,False,12790375D11927E7A3F6AA927A3000581A7EEEAC07B0CF55A776B163FB05EAC8,True,True,True,True,18F2E17119E420694715EDA64CCE78D42F414EDDD396844281DF068D445DF99D,24A41A3562CE7873A4DFE898418B6B8542B15780EF6416F84FDE5736B26CED40
zenodo__protein_ins_wt-1vii_.1cph_.g.wcnf.t,original,2,91846618,OFFICIAL_ARTIFACT_DATA_MAXPRE_DEFAULT_CHECKED_SOLVING_TIME,0,0,0,0,373179900,421752000,886778518,4113731,6499452,10613183,10885783,542441472,False,12790375D11927E7A3F6AA927A3000581A7EEEAC07B0CF55A776B163FB05EAC8,True,True,True,True,18F2E17119E420694715EDA64CCE78D42F414EDDD396844281DF068D445DF99D,24A41A3562CE7873A4DFE898418B6B8542B15780EF6416F84FDE5736B26CED40
zenodo__protein_ins_wt-1vii_.1cph_.g.wcnf.t,stable_legal,1,91846618,OFFICIAL_ARTIFACT_DATA_MAXPRE_DEFAULT_CHECKED_SOLVING_TIME,79553500,16373000,739684100,835610600,364880200,436012200,1728349618,4113731,6499452,10613183,10885783,542441472,False,12790375D11927E7A3F6AA927A3000581A7EEEAC07B0CF55A776B163FB05EAC8,True,True,True,True,B1E0147650A6AE3486A58A7F7FDA732FF73E7F1C02EC54A918B993A56C02C1F3,118EB6305F8E33F59D89515CA74E9A88CCD18D0CC3C4D3C96F170B383573ECAD
zenodo__protein_ins_wt-1vii_.1cph_.g.wcnf.t,stable_legal,2,91846618,OFFICIAL_ARTIFACT_DATA_MAXPRE_DEFAULT_CHECKED_SOLVING_TIME,79553500,16373000,739684100,835610600,380992000,417337900,1725787118,4113731,6499452,10613183,10885783,542437376,False,12790375D11927E7A3F6AA927A3000581A7EEEAC07B0CF55A776B163FB05EAC8,True,True,True,True,B1E0147650A6AE3486A58A7F7FDA732FF73E7F1C02EC54A918B993A56C02C1F3,118EB6305F8E33F59D89515CA74E9A88CCD18D0CC3C4D3C96F170B383573ECAD
zenodo__protein_ins_wt-1vii_.1cph_.g.wcnf.t,greedy_earliest_ready,1,91846618,OFFICIAL_ARTIFACT_DATA_MAXPRE_DEFAULT_CHECKED_SOLVING_TIME,79553500,16373000,739684100,835610600,373721600,413919600,1715098418,4113731,6499452,10613183,10885783,542437376,False,12790375D11927E7A3F6AA927A3000581A7EEEAC07B0CF55A776B163FB05EAC8,True,True,True,True,B1E0147650A6AE3486A58A7F7FDA732FF73E7F1C02EC54A918B993A56C02C1F3,118EB6305F8E33F59D89515CA74E9A88CCD18D0CC3C4D3C96F170B383573ECAD
zenodo__protein_ins_wt-1vii_.1cph_.g.wcnf.t,greedy_earliest_ready,2,91846618,OFFICIAL_ARTIFACT_DATA_MAXPRE_DEFAULT_CHECKED_SOLVING_TIME,79553500,16373000,739684100,835610600,367968500,393059900,1688485618,4113731,6499452,10613183,10885783,542441472,False,12790375D11927E7A3F6AA927A3000581A7EEEAC07B0CF55A776B163FB05EAC8,True,True,True,True,B1E0147650A6AE3486A58A7F7FDA732FF73E7F1C02EC54A918B993A56C02C1F3,118EB6305F8E33F59D89515CA74E9A88CCD18D0CC3C4D3C96F170B383573ECAD
zenodo__protein_ins_wt-1vii_.1cph_.g.wcnf.t,candidate_frontier,1,91846618,OFFICIAL_ARTIFACT_DATA_MAXPRE_DEFAULT_CHECKED_SOLVING_TIME,79553500,17954800,736341700,833850000,346507900,405763800,1677968318,4113731,6499452,10613183,10885783,542441472,False,12790375D11927E7A3F6AA927A3000581A7EEEAC07B0CF55A776B163FB05EAC8,True,True,True,True,23173F4A1CC57BE408BD4090A56EF7CD06F9C8DEEF7D0380391214081F3FF57A,F91FD3A2BD4165302B04F6755BE0A90BE3EDBDD2742DBE8B4BF75B11218D9A7D
zenodo__protein_ins_wt-1vii_.1cph_.g.wcnf.t,candidate_frontier,2,91846618,OFFICIAL_ARTIFACT_DATA_MAXPRE_DEFAULT_CHECKED_SOLVING_TIME,79553500,17954800,736341700,833850000,366231900,404836400,1696764918,4113731,6499452,10613183,10885783,542441472,False,12790375D11927E7A3F6AA927A3000581A7EEEAC07B0CF55A776B163FB05EAC8,True,True,True,True,23173F4A1CC57BE408BD4090A56EF7CD06F9C8DEEF7D0380391214081F3FF57A,F91FD3A2BD4165302B04F6755BE0A90BE3EDBDD2742DBE8B4BF75B11218D9A7D
zenodo__ramsey-ram_k3_n11.ra0,original,1,9526259,OFFICIAL_ARTIFACT_DATA_MAXPRE_DEFAULT_CHECKED_SOLVING_TIME,0,0,0,0,42150400,75438900,127115559,341502,568209,909711,945180,159645696,False,41C8576B1AD1165C34F3AA9A73A469B298C9BBB58E3B3E697E48B7C37C99C404,True,True,True,True,CC579A0EA3EB40C9A4527F34F1EB4933BC0074B3B62C7042CAFC98B24FE52B92,D5A543471ED0BBFCB047A8F280E7DC4254DEFF98EEABF8F40E40C709307DF9CA
zenodo__ramsey-ram_k3_n11.ra0,original,2,9526259,OFFICIAL_ARTIFACT_DATA_MAXPRE_DEFAULT_CHECKED_SOLVING_TIME,0,0,0,0,42718300,74213400,126457959,341502,568209,909711,945180,159608832,False,41C8576B1AD1165C34F3AA9A73A469B298C9BBB58E3B3E697E48B7C37C99C404,True,True,True,True,CC579A0EA3EB40C9A4527F34F1EB4933BC0074B3B62C7042CAFC98B24FE52B92,D5A543471ED0BBFCB047A8F280E7DC4254DEFF98EEABF8F40E40C709307DF9CA
zenodo__ramsey-ram_k3_n11.ra0,stable_legal,1,9526259,OFFICIAL_ARTIFACT_DATA_MAXPRE_DEFAULT_CHECKED_SOLVING_TIME,9781000,0,0,9781000,42729400,73744800,135781459,341502,568209,909711,945180,159625216,True,41C8576B1AD1165C34F3AA9A73A469B298C9BBB58E3B3E697E48B7C37C99C404,True,True,True,True,CC579A0EA3EB40C9A4527F34F1EB4933BC0074B3B62C7042CAFC98B24FE52B92,D5A543471ED0BBFCB047A8F280E7DC4254DEFF98EEABF8F40E40C709307DF9CA
zenodo__ramsey-ram_k3_n11.ra0,stable_legal,2,9526259,OFFICIAL_ARTIFACT_DATA_MAXPRE_DEFAULT_CHECKED_SOLVING_TIME,9781000,0,0,9781000,41169900,74941400,135418559,341502,568209,909711,945180,159637504,True,41C8576B1AD1165C34F3AA9A73A469B298C9BBB58E3B3E697E48B7C37C99C404,True,True,True,True,CC579A0EA3EB40C9A4527F34F1EB4933BC0074B3B62C7042CAFC98B24FE52B92,D5A543471ED0BBFCB047A8F280E7DC4254DEFF98EEABF8F40E40C709307DF9CA
zenodo__ramsey-ram_k3_n11.ra0,greedy_earliest_ready,1,9526259,OFFICIAL_ARTIFACT_DATA_MAXPRE_DEFAULT_CHECKED_SOLVING_TIME,9781000,0,0,9781000,46822800,74679400,140809459,341502,568209,909711,945180,159645696,True,41C8576B1AD1165C34F3AA9A73A469B298C9BBB58E3B3E697E48B7C37C99C404,True,True,True,True,CC579A0EA3EB40C9A4527F34F1EB4933BC0074B3B62C7042CAFC98B24FE52B92,D5A543471ED0BBFCB047A8F280E7DC4254DEFF98EEABF8F40E40C709307DF9CA
zenodo__ramsey-ram_k3_n11.ra0,greedy_earliest_ready,2,9526259,OFFICIAL_ARTIFACT_DATA_MAXPRE_DEFAULT_CHECKED_SOLVING_TIME,9781000,0,0,9781000,40964400,73041300,133312959,341502,568209,909711,945180,159666176,True,41C8576B1AD1165C34F3AA9A73A469B298C9BBB58E3B3E697E48B7C37C99C404,True,True,True,True,CC579A0EA3EB40C9A4527F34F1EB4933BC0074B3B62C7042CAFC98B24FE52B92,D5A543471ED0BBFCB047A8F280E7DC4254DEFF98EEABF8F40E40C709307DF9CA
zenodo__ramsey-ram_k3_n11.ra0,candidate_frontier,1,9526259,OFFICIAL_ARTIFACT_DATA_MAXPRE_DEFAULT_CHECKED_SOLVING_TIME,9781000,9065700,116032600,134879300,42756700,75173900,262336159,341502,568209,909711,945180,159641600,False,41C8576B1AD1165C34F3AA9A73A469B298C9BBB58E3B3E697E48B7C37C99C404,True,True,True,True,C3048524B715FD7BDD903C4EA0F26B1D7971E4574E88F01B0ABC7B2210FEA1D6,63698552B6811B312B663941653465285FE90C9D4FF6957E7B457076C558FC67
zenodo__ramsey-ram_k3_n11.ra0,candidate_frontier,2,9526259,OFFICIAL_ARTIFACT_DATA_MAXPRE_DEFAULT_CHECKED_SOLVING_TIME,9781000,9065700,116032600,134879300,40991200,75690700,261087459,341502,568209,909711,945180,159657984,False,41C8576B1AD1165C34F3AA9A73A469B298C9BBB58E3B3E697E48B7C37C99C404,True,True,True,True,C3048524B715FD7BDD903C4EA0F26B1D7971E4574E88F01B0ABC7B2210FEA1D6,63698552B6811B312B663941653465285FE90C9D4FF6957E7B457076C558FC67
zenodo__routing-normalized-s3-3-3-4pb,original,1,14698004,OFFICIAL_ARTIFACT_DATA_MAXPRE_DEFAULT_CHECKED_SOLVING_TIME,0,0,0,0,57018000,105617300,177333304,628086,952836,1580922,1675825,215982080,False,136EF7EC1ACE8CD573DE7AA85955ADCCDAA9675315CC86777071E6E6136ADE46,True,True,True,True,FCF31B9BB01C205B65A5920E76C15517A0BFCD49F705B9D1989B00BB02CE09EE,1C750450F40B04B8E2286279817772515CA370738240B78E57DE0EDDD9858046
zenodo__routing-normalized-s3-3-3-4pb,original,2,14698004,OFFICIAL_ARTIFACT_DATA_MAXPRE_DEFAULT_CHECKED_SOLVING_TIME,0,0,0,0,57871900,106823000,179392904,628086,952836,1580922,1675825,215994368,False,136EF7EC1ACE8CD573DE7AA85955ADCCDAA9675315CC86777071E6E6136ADE46,True,True,True,True,FCF31B9BB01C205B65A5920E76C15517A0BFCD49F705B9D1989B00BB02CE09EE,1C750450F40B04B8E2286279817772515CA370738240B78E57DE0EDDD9858046
zenodo__routing-normalized-s3-3-3-4pb,stable_legal,1,14698004,OFFICIAL_ARTIFACT_DATA_MAXPRE_DEFAULT_CHECKED_SOLVING_TIME,46637800,0,0,46637800,57674100,106677700,225687604,628086,952836,1580922,1675825,216043520,True,136EF7EC1ACE8CD573DE7AA85955ADCCDAA9675315CC86777071E6E6136ADE46,True,True,True,True,FCF31B9BB01C205B65A5920E76C15517A0BFCD49F705B9D1989B00BB02CE09EE,1C750450F40B04B8E2286279817772515CA370738240B78E57DE0EDDD9858046
zenodo__routing-normalized-s3-3-3-4pb,stable_legal,2,14698004,OFFICIAL_ARTIFACT_DATA_MAXPRE_DEFAULT_CHECKED_SOLVING_TIME,46637800,0,0,46637800,69085100,117987700,248408604,628086,952836,1580922,1675825,216018944,True,136EF7EC1ACE8CD573DE7AA85955ADCCDAA9675315CC86777071E6E6136ADE46,True,True,True,True,FCF31B9BB01C205B65A5920E76C15517A0BFCD49F705B9D1989B00BB02CE09EE,1C750450F40B04B8E2286279817772515CA370738240B78E57DE0EDDD9858046
zenodo__routing-normalized-s3-3-3-4pb,greedy_earliest_ready,1,14698004,OFFICIAL_ARTIFACT_DATA_MAXPRE_DEFAULT_CHECKED_SOLVING_TIME,46637800,0,0,46637800,64905000,111880500,238121304,628086,952836,1580922,1675825,215990272,True,136EF7EC1ACE8CD573DE7AA85955ADCCDAA9675315CC86777071E6E6136ADE46,True,True,True,True,FCF31B9BB01C205B65A5920E76C15517A0BFCD49F705B9D1989B00BB02CE09EE,1C750450F40B04B8E2286279817772515CA370738240B78E57DE0EDDD9858046
zenodo__routing-normalized-s3-3-3-4pb,greedy_earliest_ready,2,14698004,OFFICIAL_ARTIFACT_DATA_MAXPRE_DEFAULT_CHECKED_SOLVING_TIME,46637800,0,0,46637800,62871200,112230100,236437104,628086,952836,1580922,1675825,215994368,True,136EF7EC1ACE8CD573DE7AA85955ADCCDAA9675315CC86777071E6E6136ADE46,True,True,True,True,FCF31B9BB01C205B65A5920E76C15517A0BFCD49F705B9D1989B00BB02CE09EE,1C750450F40B04B8E2286279817772515CA370738240B78E57DE0EDDD9858046
zenodo__routing-normalized-s3-3-3-4pb,candidate_frontier,1,14698004,OFFICIAL_ARTIFACT_DATA_MAXPRE_DEFAULT_CHECKED_SOLVING_TIME,46637800,9202300,174199400,230039500,59150500,107406600,411294604,628086,952836,1580922,1675825,216010752,False,136EF7EC1ACE8CD573DE7AA85955ADCCDAA9675315CC86777071E6E6136ADE46,True,True,True,True,AE72DC89DC809DD1C7D7C83C3ACE3A2D30DCD78874738D4AFD8394B28483B714,998725052C0518EF3EB7957E524A7630774F9D3CFD90A21B598433B1B70B9D93
zenodo__routing-normalized-s3-3-3-4pb,candidate_frontier,2,14698004,OFFICIAL_ARTIFACT_DATA_MAXPRE_DEFAULT_CHECKED_SOLVING_TIME,46637800,9202300,174199400,230039500,64109400,112689100,421536004,628086,952836,1580922,1675825,216027136,False,136EF7EC1ACE8CD573DE7AA85955ADCCDAA9675315CC86777071E6E6136ADE46,True,True,True,True,AE72DC89DC809DD1C7D7C83C3ACE3A2D30DCD78874738D4AFD8394B28483B714,998725052C0518EF3EB7957E524A7630774F9D3CFD90A21B598433B1B70B9D93
zenodo__vpa-UAutomizer_McCarthy91_Iteration_true-termination_true-valid-memsafety.c_Abstraction1,original,1,14428532,OFFICIAL_ARTIFACT_DATA_MAXPRE_DEFAULT_CHECKED_SOLVING_TIME,0,0,0,0,41473300,75557000,131458832,129609,470644,600253,685849,147611648,False,8C781E250764E154623207908ABF79F35517BBB4E646FCF57E3EA4BC965C81B4,True,True,True,True,BE4B1C38F5EC7051B71EAE3DCA20933275C833EDD47EEDBCAC6A912B6E8E8532,E0B6CC30263A59A78A3435CD3B59A971CA9916B513A438AA5F314C692AB7A640
zenodo__vpa-UAutomizer_McCarthy91_Iteration_true-termination_true-valid-memsafety.c_Abstraction1,original,2,14428532,OFFICIAL_ARTIFACT_DATA_MAXPRE_DEFAULT_CHECKED_SOLVING_TIME,0,0,0,0,37151300,74428200,126008032,129609,470644,600253,685849,147591168,False,8C781E250764E154623207908ABF79F35517BBB4E646FCF57E3EA4BC965C81B4,True,True,True,True,BE4B1C38F5EC7051B71EAE3DCA20933275C833EDD47EEDBCAC6A912B6E8E8532,E0B6CC30263A59A78A3435CD3B59A971CA9916B513A438AA5F314C692AB7A640
zenodo__vpa-UAutomizer_McCarthy91_Iteration_true-termination_true-valid-memsafety.c_Abstraction1,stable_legal,1,14428532,OFFICIAL_ARTIFACT_DATA_MAXPRE_DEFAULT_CHECKED_SOLVING_TIME,2947300,11957900,115986300,130891500,36674900,75686800,257681732,129609,470644,600253,685849,147623936,False,8C781E250764E154623207908ABF79F35517BBB4E646FCF57E3EA4BC965C81B4,True,True,True,True,8AA7AEA443B239B6BED0318C79FDCB11512E5A0707C67E9BC36495BB4CDD5564,1AEF33518198234696F0F4C74710496584302D23EDDBE04950F569AD3EF29940
zenodo__vpa-UAutomizer_McCarthy91_Iteration_true-termination_true-valid-memsafety.c_Abstraction1,stable_legal,2,14428532,OFFICIAL_ARTIFACT_DATA_MAXPRE_DEFAULT_CHECKED_SOLVING_TIME,2947300,11957900,115986300,130891500,37222500,78863500,261406032,129609,470644,600253,685849,147623936,False,8C781E250764E154623207908ABF79F35517BBB4E646FCF57E3EA4BC965C81B4,True,True,True,True,8AA7AEA443B239B6BED0318C79FDCB11512E5A0707C67E9BC36495BB4CDD5564,1AEF33518198234696F0F4C74710496584302D23EDDBE04950F569AD3EF29940
zenodo__vpa-UAutomizer_McCarthy91_Iteration_true-termination_true-valid-memsafety.c_Abstraction1,greedy_earliest_ready,1,14428532,OFFICIAL_ARTIFACT_DATA_MAXPRE_DEFAULT_CHECKED_SOLVING_TIME,2947300,11606200,113584400,128137900,37402400,84724700,264693532,129609,470644,600253,685849,147595264,False,8C781E250764E154623207908ABF79F35517BBB4E646FCF57E3EA4BC965C81B4,True,True,True,True,693E1CEDE3253B50A6E7583184C07F019A6D6300FA5FC6ED8AA183F95EF4B352,DC2D78343503A526527B3681E1D2842D66DAE49CEB04E45E174FF2BD551E6D18
zenodo__vpa-UAutomizer_McCarthy91_Iteration_true-termination_true-valid-memsafety.c_Abstraction1,greedy_earliest_ready,2,14428532,OFFICIAL_ARTIFACT_DATA_MAXPRE_DEFAULT_CHECKED_SOLVING_TIME,2947300,11606200,113584400,128137900,37202300,78651200,258419932,129609,470644,600253,685849,147628032,False,8C781E250764E154623207908ABF79F35517BBB4E646FCF57E3EA4BC965C81B4,True,True,True,True,693E1CEDE3253B50A6E7583184C07F019A6D6300FA5FC6ED8AA183F95EF4B352,DC2D78343503A526527B3681E1D2842D66DAE49CEB04E45E174FF2BD551E6D18
zenodo__vpa-UAutomizer_McCarthy91_Iteration_true-termination_true-valid-memsafety.c_Abstraction1,candidate_frontier,1,14428532,OFFICIAL_ARTIFACT_DATA_MAXPRE_DEFAULT_CHECKED_SOLVING_TIME,2947300,11957900,115986300,130891500,37356400,78545700,261222132,129609,470644,600253,685849,147623936,False,8C781E250764E154623207908ABF79F35517BBB4E646FCF57E3EA4BC965C81B4,True,True,True,True,8AA7AEA443B239B6BED0318C79FDCB11512E5A0707C67E9BC36495BB4CDD5564,1AEF33518198234696F0F4C74710496584302D23EDDBE04950F569AD3EF29940
zenodo__vpa-UAutomizer_McCarthy91_Iteration_true-termination_true-valid-memsafety.c_Abstraction1,candidate_frontier,2,14428532,OFFICIAL_ARTIFACT_DATA_MAXPRE_DEFAULT_CHECKED_SOLVING_TIME,2947300,11957900,115986300,130891500,35209100,75294500,255823632,129609,470644,600253,685849,147623936,False,8C781E250764E154623207908ABF79F35517BBB4E646FCF57E3EA4BC965C81B4,True,True,True,True,8AA7AEA443B239B6BED0318C79FDCB11512E5A0707C67E9BC36495BB4CDD5564,1AEF33518198234696F0F4C74710496584302D23EDDBE04950F569AD3EF29940
mse23__MaxSATQueriesinInterpretableClassifiers_wt-ilpd_test_1_CNF_4_5,original,1,86476700,LOCAL_FROZEN_MAXPRE_RUN,0,0,0,0,26229500,37701800,150408000,44468,132768,177236,198723,64000000,False,22AEBECA1921783134DBF56FD142A3843E960A4DBC00A423E8035CF95B1BEAA8,True,True,True,True,576F8AE5D07D952B15C2FECE1C7B9E668B89697FC81DD09FCCF612677C75FD9A,0D49C0C69B55B2B660813A9228BCF998E4A29EE6CC8242C833231603326F1F86
mse23__MaxSATQueriesinInterpretableClassifiers_wt-ilpd_test_1_CNF_4_5,original,2,86476700,LOCAL_FROZEN_MAXPRE_RUN,0,0,0,0,25461600,36749100,148687400,44468,132768,177236,198723,63975424,False,22AEBECA1921783134DBF56FD142A3843E960A4DBC00A423E8035CF95B1BEAA8,True,True,True,True,576F8AE5D07D952B15C2FECE1C7B9E668B89697FC81DD09FCCF612677C75FD9A,0D49C0C69B55B2B660813A9228BCF998E4A29EE6CC8242C833231603326F1F86
mse23__MaxSATQueriesinInterpretableClassifiers_wt-ilpd_test_1_CNF_4_5,stable_legal,1,86476700,LOCAL_FROZEN_MAXPRE_RUN,1548300,10217400,61712800,73478500,27393800,36574700,223923700,41439,132768,174207,195694,64036864,False,22AEBECA1921783134DBF56FD142A3843E960A4DBC00A423E8035CF95B1BEAA8,True,True,True,True,E5825B48F7F5A6F3E93E2D5B6FEAFC96DDCA009DFE1FD8D7A6475E1867AA276B,324FB90053755CEC2A454B0205496D9FD5E91D365AC6B061E849B77B7B386552
mse23__MaxSATQueriesinInterpretableClassifiers_wt-ilpd_test_1_CNF_4_5,stable_legal,2,86476700,LOCAL_FROZEN_MAXPRE_RUN,1548300,10217400,61712800,73478500,25556300,36853100,222364600,41439,132768,174207,195694,64036864,False,22AEBECA1921783134DBF56FD142A3843E960A4DBC00A423E8035CF95B1BEAA8,True,True,True,True,E5825B48F7F5A6F3E93E2D5B6FEAFC96DDCA009DFE1FD8D7A6475E1867AA276B,324FB90053755CEC2A454B0205496D9FD5E91D365AC6B061E849B77B7B386552
mse23__MaxSATQueriesinInterpretableClassifiers_wt-ilpd_test_1_CNF_4_5,greedy_earliest_ready,1,86476700,LOCAL_FROZEN_MAXPRE_RUN,1548300,10217400,61712800,73478500,26771900,37318900,224046000,41439,132768,174207,195694,64040960,False,22AEBECA1921783134DBF56FD142A3843E960A4DBC00A423E8035CF95B1BEAA8,True,True,True,True,E5825B48F7F5A6F3E93E2D5B6FEAFC96DDCA009DFE1FD8D7A6475E1867AA276B,324FB90053755CEC2A454B0205496D9FD5E91D365AC6B061E849B77B7B386552
mse23__MaxSATQueriesinInterpretableClassifiers_wt-ilpd_test_1_CNF_4_5,greedy_earliest_ready,2,86476700,LOCAL_FROZEN_MAXPRE_RUN,1548300,10217400,61712800,73478500,26664900,36908100,223528200,41439,132768,174207,195694,64036864,False,22AEBECA1921783134DBF56FD142A3843E960A4DBC00A423E8035CF95B1BEAA8,True,True,True,True,E5825B48F7F5A6F3E93E2D5B6FEAFC96DDCA009DFE1FD8D7A6475E1867AA276B,324FB90053755CEC2A454B0205496D9FD5E91D365AC6B061E849B77B7B386552
mse23__MaxSATQueriesinInterpretableClassifiers_wt-ilpd_test_1_CNF_4_5,candidate_frontier,1,86476700,LOCAL_FROZEN_MAXPRE_RUN,1548300,8416400,61102300,71067000,26194200,36508900,220246800,41439,132768,174207,195694,63991808,False,22AEBECA1921783134DBF56FD142A3843E960A4DBC00A423E8035CF95B1BEAA8,True,True,True,True,40D2DC680B18BE5D1EC597AB0BD167C88D015088DF2C2B3AD6A8097F0BA81A7F,D8FEFCBBEF8CBD9004A7042BEF09F099DB8C9072ED87311EF46C8D98BFF17FCB
mse23__MaxSATQueriesinInterpretableClassifiers_wt-ilpd_test_1_CNF_4_5,candidate_frontier,2,86476700,LOCAL_FROZEN_MAXPRE_RUN,1548300,8416400,61102300,71067000,25059200,36731800,219334700,41439,132768,174207,195694,63991808,False,22AEBECA1921783134DBF56FD142A3843E960A4DBC00A423E8035CF95B1BEAA8,True,True,True,True,40D2DC680B18BE5D1EC597AB0BD167C88D015088DF2C2B3AD6A8097F0BA81A7F,D8FEFCBBEF8CBD9004A7042BEF09F099DB8C9072ED87311EF46C8D98BFF17FCB
mse23__MaxSATQueriesinInterpretableClassifiers_wt-iris_train_0_DNF_5_20,original,1,34318600,LOCAL_FROZEN_MAXPRE_RUN,0,0,0,0,41624800,80091100,156034500,391943,619420,1011363,1058189,160047104,False,CDC6C244D0D1DD88FBEB33108C6B25503544B86019E9873A7E5600966892CBA1,True,True,True,True,B6180BAD692A575D9C5B3E78C999B715002AEBF7457105876FB821E8D445C324,9F9945A81BDDAC4C7B724B63DFA76236C4F630D56ED01BF896E796B8F7A66609
mse23__MaxSATQueriesinInterpretableClassifiers_wt-iris_train_0_DNF_5_20,original,2,34318600,LOCAL_FROZEN_MAXPRE_RUN,0,0,0,0,41977300,78597900,154893800,391943,619420,1011363,1058189,160043008,False,CDC6C244D0D1DD88FBEB33108C6B25503544B86019E9873A7E5600966892CBA1,True,True,True,True,B6180BAD692A575D9C5B3E78C999B715002AEBF7457105876FB821E8D445C324,9F9945A81BDDAC4C7B724B63DFA76236C4F630D56ED01BF896E796B8F7A66609
mse23__MaxSATQueriesinInterpretableClassifiers_wt-iris_train_0_DNF_5_20,stable_legal,1,34318600,LOCAL_FROZEN_MAXPRE_RUN,11495200,0,0,11495200,47392600,84945200,178151600,391943,619420,1011363,1058189,160022528,True,CDC6C244D0D1DD88FBEB33108C6B25503544B86019E9873A7E5600966892CBA1,True,True,True,True,B6180BAD692A575D9C5B3E78C999B715002AEBF7457105876FB821E8D445C324,9F9945A81BDDAC4C7B724B63DFA76236C4F630D56ED01BF896E796B8F7A66609
mse23__MaxSATQueriesinInterpretableClassifiers_wt-iris_train_0_DNF_5_20,stable_legal,2,34318600,LOCAL_FROZEN_MAXPRE_RUN,11495200,0,0,11495200,42159300,84753400,172726500,391943,619420,1011363,1058189,160043008,True,CDC6C244D0D1DD88FBEB33108C6B25503544B86019E9873A7E5600966892CBA1,True,True,True,True,B6180BAD692A575D9C5B3E78C999B715002AEBF7457105876FB821E8D445C324,9F9945A81BDDAC4C7B724B63DFA76236C4F630D56ED01BF896E796B8F7A66609
mse23__MaxSATQueriesinInterpretableClassifiers_wt-iris_train_0_DNF_5_20,greedy_earliest_ready,1,34318600,LOCAL_FROZEN_MAXPRE_RUN,11495200,0,0,11495200,48557200,87069000,181440000,391943,619420,1011363,1058189,160010240,True,CDC6C244D0D1DD88FBEB33108C6B25503544B86019E9873A7E5600966892CBA1,True,True,True,True,B6180BAD692A575D9C5B3E78C999B715002AEBF7457105876FB821E8D445C324,9F9945A81BDDAC4C7B724B63DFA76236C4F630D56ED01BF896E796B8F7A66609
mse23__MaxSATQueriesinInterpretableClassifiers_wt-iris_train_0_DNF_5_20,greedy_earliest_ready,2,34318600,LOCAL_FROZEN_MAXPRE_RUN,11495200,0,0,11495200,46922800,86011900,178748500,391943,619420,1011363,1058189,160038912,True,CDC6C244D0D1DD88FBEB33108C6B25503544B86019E9873A7E5600966892CBA1,True,True,True,True,B6180BAD692A575D9C5B3E78C999B715002AEBF7457105876FB821E8D445C324,9F9945A81BDDAC4C7B724B63DFA76236C4F630D56ED01BF896E796B8F7A66609
mse23__MaxSATQueriesinInterpretableClassifiers_wt-iris_train_0_DNF_5_20,candidate_frontier,1,34318600,LOCAL_FROZEN_MAXPRE_RUN,11495200,11797600,126709000,150001800,50178900,85120400,319619700,374544,619420,993964,1040790,160026624,False,CDC6C244D0D1DD88FBEB33108C6B25503544B86019E9873A7E5600966892CBA1,True,True,True,True,362DA80BF2418FD7B4F65106A8B6E352FCE576EE0761BA4FB0CB962635569367,F0B96BA0AC65ED12A64AD75B11A01A3D78334E2DDE5AC5DF149BEE64CB98A3C9
mse23__MaxSATQueriesinInterpretableClassifiers_wt-iris_train_0_DNF_5_20,candidate_frontier,2,34318600,LOCAL_FROZEN_MAXPRE_RUN,11495200,11797600,126709000,150001800,43971500,81282300,309574200,374544,619420,993964,1040790,160026624,False,CDC6C244D0D1DD88FBEB33108C6B25503544B86019E9873A7E5600966892CBA1,True,True,True,True,362DA80BF2418FD7B4F65106A8B6E352FCE576EE0761BA4FB0CB962635569367,F0B96BA0AC65ED12A64AD75B11A01A3D78334E2DDE5AC5DF149BEE64CB98A3C9
mse23__MaxSATQueriesinInterpretableClassifiers_wt-pima_test_1_CNF_4_15,original,1,28961800,LOCAL_FROZEN_MAXPRE_RUN,0,0,0,0,26514700,36991900,92468400,54234,156453,210687,235550,68509696,False,33A7AA42096F45319FF57D447163EC43E9FE053343D6C0E8C9E70B293A6F1941,True,True,True,True,716F6BF76EC989C2B62D60CCA0F4E3600D104CDD508F92B952399889C5D8A2D9,379B90B7F692CF3D689A3BBBD8B8094D9AF800F388BA67D00BCDAA49BC6569A6
mse23__MaxSATQueriesinInterpretableClassifiers_wt-pima_test_1_CNF_4_15,original,2,28961800,LOCAL_FROZEN_MAXPRE_RUN,0,0,0,0,25734200,37210700,91906700,54234,156453,210687,235550,68554752,False,33A7AA42096F45319FF57D447163EC43E9FE053343D6C0E8C9E70B293A6F1941,True,True,True,True,716F6BF76EC989C2B62D60CCA0F4E3600D104CDD508F92B952399889C5D8A2D9,379B90B7F692CF3D689A3BBBD8B8094D9AF800F388BA67D00BCDAA49BC6569A6
mse23__MaxSATQueriesinInterpretableClassifiers_wt-pima_test_1_CNF_4_15,stable_legal,1,28961800,LOCAL_FROZEN_MAXPRE_RUN,1837700,8053800,64239000,74130500,25956600,36482500,165531400,50687,156453,207140,232003,68562944,False,33A7AA42096F45319FF57D447163EC43E9FE053343D6C0E8C9E70B293A6F1941,True,True,True,True,F774D0F683FA1AE2640CB6BEE6F0F6C66CCA4556C31B352A085F364D2A762F4C,786A5BD17D0BE005165524D8649D40157DB721AA881C26DAE6D969AE6B818B8C
mse23__MaxSATQueriesinInterpretableClassifiers_wt-pima_test_1_CNF_4_15,stable_legal,2,28961800,LOCAL_FROZEN_MAXPRE_RUN,1837700,8053800,64239000,74130500,26262300,37478200,166832800,50687,156453,207140,232003,68562944,False,33A7AA42096F45319FF57D447163EC43E9FE053343D6C0E8C9E70B293A6F1941,True,True,True,True,F774D0F683FA1AE2640CB6BEE6F0F6C66CCA4556C31B352A085F364D2A762F4C,786A5BD17D0BE005165524D8649D40157DB721AA881C26DAE6D969AE6B818B8C
mse23__MaxSATQueriesinInterpretableClassifiers_wt-pima_test_1_CNF_4_15,greedy_earliest_ready,1,28961800,LOCAL_FROZEN_MAXPRE_RUN,1837700,9490400,71936600,83264700,25405100,37512300,175143900,50687,156453,207140,232003,68542464,False,33A7AA42096F45319FF57D447163EC43E9FE053343D6C0E8C9E70B293A6F1941,True,True,True,True,2245B5AF7C989A83F1ED7C4D33710C75EE4939987805E71A311C3833BEA299E4,93977F370ECD0B9BDDC6D8B0F3B63A1DBA1C784F90FB972AD44DFC45F1193DAF
mse23__MaxSATQueriesinInterpretableClassifiers_wt-pima_test_1_CNF_4_15,greedy_earliest_ready,2,28961800,LOCAL_FROZEN_MAXPRE_RUN,1837700,9490400,71936600,83264700,24327400,36727200,173281100,50687,156453,207140,232003,68517888,False,33A7AA42096F45319FF57D447163EC43E9FE053343D6C0E8C9E70B293A6F1941,True,True,True,True,2245B5AF7C989A83F1ED7C4D33710C75EE4939987805E71A311C3833BEA299E4,93977F370ECD0B9BDDC6D8B0F3B63A1DBA1C784F90FB972AD44DFC45F1193DAF
mse23__MaxSATQueriesinInterpretableClassifiers_wt-pima_test_1_CNF_4_15,candidate_frontier,1,28961800,LOCAL_FROZEN_MAXPRE_RUN,1837700,8463300,62313400,72614400,31313200,37422200,170311600,50687,156453,207140,232003,68558848,False,33A7AA42096F45319FF57D447163EC43E9FE053343D6C0E8C9E70B293A6F1941,True,True,True,True,235011681770729CF1ECA5E29DB68AB58D32B6A9693751A698CB1266455E2A20,002B0FF26554A6B3AE07A359B905DF8BE459A4A3CDE603BC9C71095825465CF1
mse23__MaxSATQueriesinInterpretableClassifiers_wt-pima_test_1_CNF_4_15,candidate_frontier,2,28961800,LOCAL_FROZEN_MAXPRE_RUN,1837700,8463300,62313400,72614400,32807800,37043100,171427100,50687,156453,207140,232003,68530176,False,33A7AA42096F45319FF57D447163EC43E9FE053343D6C0E8C9E70B293A6F1941,True,True,True,True,235011681770729CF1ECA5E29DB68AB58D32B6A9693751A698CB1266455E2A20,002B0FF26554A6B3AE07A359B905DF8BE459A4A3CDE603BC9C71095825465CF1
mse23__MaxSATQueriesinInterpretableClassifiers_wt-tictactoe_test_2_CNF_2_15,original,1,30382800,LOCAL_FROZEN_MAXPRE_RUN,0,0,0,0,27550600,37829900,95763300,39739,107321,147060,163331,58957824,False,326E3F32F5EB01D0B8C38E1D15EBA21D3844EB4A909148D7E9D2AE396EF1B57F,True,True,True,True,0A35275A486EE61843B77A4FAA0D39E6C2D6165CAFBD1F95AC77059C3FD0C938,AAF39199BF81A0C974F226ED62D8446F2DEECE8128F880067B825E2969733E89
mse23__MaxSATQueriesinInterpretableClassifiers_wt-tictactoe_test_2_CNF_2_15,original,2,30382800,LOCAL_FROZEN_MAXPRE_RUN,0,0,0,0,26001900,31287700,87672400,39739,107321,147060,163331,58953728,False,326E3F32F5EB01D0B8C38E1D15EBA21D3844EB4A909148D7E9D2AE396EF1B57F,True,True,True,True,0A35275A486EE61843B77A4FAA0D39E6C2D6165CAFBD1F95AC77059C3FD0C938,AAF39199BF81A0C974F226ED62D8446F2DEECE8128F880067B825E2969733E89
mse23__MaxSATQueriesinInterpretableClassifiers_wt-tictactoe_test_2_CNF_2_15,stable_legal,1,30382800,LOCAL_FROZEN_MAXPRE_RUN,1319100,10161600,64053300,75534000,26274800,36523300,168714900,37081,107321,144402,160673,58961920,False,326E3F32F5EB01D0B8C38E1D15EBA21D3844EB4A909148D7E9D2AE396EF1B57F,True,True,True,True,212ABF32A2E20CE7ED1873F2C2165E3B62A02515257463F0299C810129F6C2EC,D0FFF1CFDB28E15941C08F836A565E39A27C6A9F8D65C9F15BE80A528FADA42B
mse23__MaxSATQueriesinInterpretableClassifiers_wt-tictactoe_test_2_CNF_2_15,stable_legal,2,30382800,LOCAL_FROZEN_MAXPRE_RUN,1319100,10161600,64053300,75534000,25873000,36547900,168337700,37081,107321,144402,160673,58961920,False,326E3F32F5EB01D0B8C38E1D15EBA21D3844EB4A909148D7E9D2AE396EF1B57F,True,True,True,True,212ABF32A2E20CE7ED1873F2C2165E3B62A02515257463F0299C810129F6C2EC,D0FFF1CFDB28E15941C08F836A565E39A27C6A9F8D65C9F15BE80A528FADA42B
mse23__MaxSATQueriesinInterpretableClassifiers_wt-tictactoe_test_2_CNF_2_15,greedy_earliest_ready,1,30382800,LOCAL_FROZEN_MAXPRE_RUN,1319100,10161600,64053300,75534000,25092900,32276300,163286000,37081,107321,144402,160673,58978304,False,326E3F32F5EB01D0B8C38E1D15EBA21D3844EB4A909148D7E9D2AE396EF1B57F,True,True,True,True,212ABF32A2E20CE7ED1873F2C2165E3B62A02515257463F0299C810129F6C2EC,D0FFF1CFDB28E15941C08F836A565E39A27C6A9F8D65C9F15BE80A528FADA42B
mse23__MaxSATQueriesinInterpretableClassifiers_wt-tictactoe_test_2_CNF_2_15,greedy_earliest_ready,2,30382800,LOCAL_FROZEN_MAXPRE_RUN,1319100,10161600,64053300,75534000,25682200,30264300,161863300,37081,107321,144402,160673,58961920,False,326E3F32F5EB01D0B8C38E1D15EBA21D3844EB4A909148D7E9D2AE396EF1B57F,True,True,True,True,212ABF32A2E20CE7ED1873F2C2165E3B62A02515257463F0299C810129F6C2EC,D0FFF1CFDB28E15941C08F836A565E39A27C6A9F8D65C9F15BE80A528FADA42B
mse23__MaxSATQueriesinInterpretableClassifiers_wt-tictactoe_test_2_CNF_2_15,candidate_frontier,1,30382800,LOCAL_FROZEN_MAXPRE_RUN,1319100,9656400,65890300,76865800,26516300,35229600,168994500,37081,107321,144402,160673,58990592,False,326E3F32F5EB01D0B8C38E1D15EBA21D3844EB4A909148D7E9D2AE396EF1B57F,True,True,True,True,5010D930D05B82F0F7D55A4CECAF7F8271AFA80B481CEBF0B7E0FD24E0BE9BA0,054598B411F33DDCE2F266BA9C61FFCDB654F18D620048B47648D4937836DAD9
mse23__MaxSATQueriesinInterpretableClassifiers_wt-tictactoe_test_2_CNF_2_15,candidate_frontier,2,30382800,LOCAL_FROZEN_MAXPRE_RUN,1319100,9656400,65890300,76865800,25418000,32240300,164906900,37081,107321,144402,160673,58990592,False,326E3F32F5EB01D0B8C38E1D15EBA21D3844EB4A909148D7E9D2AE396EF1B57F,True,True,True,True,5010D930D05B82F0F7D55A4CECAF7F8271AFA80B481CEBF0B7E0FD24E0BE9BA0,054598B411F33DDCE2F266BA9C61FFCDB654F18D620048B47648D4937836DAD9
mse23__MaxSATQueriesinInterpretableClassifiers_wt-titanic_test_6_CNF_3_5,original,1,29657800,LOCAL_FROZEN_MAXPRE_RUN,0,0,0,0,32161500,36724100,98543400,63528,182071,245599,274247,73191424,False,6FCBC23C0FE0ADA3F0A52CDCE60DA007CC7F8717F7ED0E5CA7B6E78186B7FE69,True,True,True,True,BDCB0AD3DE0A3E05DE62CE895DF1C807CAC5253BA14B176A70618CE97EDC6C37,60762BC413C65D2AF8AFFA62D979B24A5C58FD91DD3F76FB188EBC9750285AB6
mse23__MaxSATQueriesinInterpretableClassifiers_wt-titanic_test_6_CNF_3_5,original,2,29657800,LOCAL_FROZEN_MAXPRE_RUN,0,0,0,0,31182200,42185900,103025900,63528,182071,245599,274247,73170944,False,6FCBC23C0FE0ADA3F0A52CDCE60DA007CC7F8717F7ED0E5CA7B6E78186B7FE69,True,True,True,True,BDCB0AD3DE0A3E05DE62CE895DF1C807CAC5253BA14B176A70618CE97EDC6C37,60762BC413C65D2AF8AFFA62D979B24A5C58FD91DD3F76FB188EBC9750285AB6
mse23__MaxSATQueriesinInterpretableClassifiers_wt-titanic_test_6_CNF_3_5,stable_legal,1,29657800,LOCAL_FROZEN_MAXPRE_RUN,2106200,10196700,73702300,86005200,30787700,36710200,183160900,59380,182071,241451,270099,73207808,False,6FCBC23C0FE0ADA3F0A52CDCE60DA007CC7F8717F7ED0E5CA7B6E78186B7FE69,True,True,True,True,9426474C628FC50DAAF0241DF3547A7822912878E545F538F49261FF4F12A498,350EE365C369CC1B66DF18073D09B8166BB25809C5B38FC15EA36356C9424637
mse23__MaxSATQueriesinInterpretableClassifiers_wt-titanic_test_6_CNF_3_5,stable_legal,2,29657800,LOCAL_FROZEN_MAXPRE_RUN,2106200,10196700,73702300,86005200,30509000,41337800,187509800,59380,182071,241451,270099,73207808,False,6FCBC23C0FE0ADA3F0A52CDCE60DA007CC7F8717F7ED0E5CA7B6E78186B7FE69,True,True,True,True,9426474C628FC50DAAF0241DF3547A7822912878E545F538F49261FF4F12A498,350EE365C369CC1B66DF18073D09B8166BB25809C5B38FC15EA36356C9424637
mse23__MaxSATQueriesinInterpretableClassifiers_wt-titanic_test_6_CNF_3_5,greedy_earliest_ready,1,29657800,LOCAL_FROZEN_MAXPRE_RUN,2106200,10378600,76059500,88544300,32125700,37195800,187523600,59380,182071,241451,270099,73195520,False,6FCBC23C0FE0ADA3F0A52CDCE60DA007CC7F8717F7ED0E5CA7B6E78186B7FE69,True,True,True,True,700E363BA17C452E4D52BC7F5765CB8B7E8A94F8A62AB1C380E3C3E0363AE414,CE1BAE3D791BAD9F36737E1B8A51D69E112FC304C977DFE39F6322423C90B74C
mse23__MaxSATQueriesinInterpretableClassifiers_wt-titanic_test_6_CNF_3_5,greedy_earliest_ready,2,29657800,LOCAL_FROZEN_MAXPRE_RUN,2106200,10378600,76059500,88544300,31415100,40508200,190125400,59380,182071,241451,270099,73191424,False,6FCBC23C0FE0ADA3F0A52CDCE60DA007CC7F8717F7ED0E5CA7B6E78186B7FE69,True,True,True,True,700E363BA17C452E4D52BC7F5765CB8B7E8A94F8A62AB1C380E3C3E0363AE414,CE1BAE3D791BAD9F36737E1B8A51D69E112FC304C977DFE39F6322423C90B74C
mse23__MaxSATQueriesinInterpretableClassifiers_wt-titanic_test_6_CNF_3_5,candidate_frontier,1,29657800,LOCAL_FROZEN_MAXPRE_RUN,2106200,9900700,75644200,87651100,30968500,37492200,185769600,59380,182071,241451,270099,73195520,False,6FCBC23C0FE0ADA3F0A52CDCE60DA007CC7F8717F7ED0E5CA7B6E78186B7FE69,True,True,True,True,004160301A6E5920F1440DFE5603EA1C0CEAC1DA5E3A14F5EC375FC6C661A7A6,8938B2933EC53F3B1D12B39608EE17D7BBBC935EF360104DAEEE7EDC5D949025
mse23__MaxSATQueriesinInterpretableClassifiers_wt-titanic_test_6_CNF_3_5,candidate_frontier,2,29657800,LOCAL_FROZEN_MAXPRE_RUN,2106200,9900700,75644200,87651100,26280300,41657300,185246500,59380,182071,241451,270099,73211904,False,6FCBC23C0FE0ADA3F0A52CDCE60DA007CC7F8717F7ED0E5CA7B6E78186B7FE69,True,True,True,True,004160301A6E5920F1440DFE5603EA1C0CEAC1DA5E3A14F5EC375FC6C661A7A6,8938B2933EC53F3B1D12B39608EE17D7BBBC935EF360104DAEEE7EDC5D949025
mse23__MaxSATQueriesinInterpretableClassifiers_wt-transfusion_test_7_DNF_3_5,original,1,24212800,LOCAL_FROZEN_MAXPRE_RUN,0,0,0,0,25458700,26036100,75707600,29046,71885,100931,108841,50155520,False,FB4428C5B485D7C948187ECF85F2E9B20B916207A9C2501C0F006A5539B79C74,True,True,True,True,1FE6962832CF2675D770DD29DC601C2D750C500B3E64EC77B74589E8739908B8,705FC57BC261BF088DE8041B61F4804266A26389259226866834796400D3D7DC
mse23__MaxSATQueriesinInterpretableClassifiers_wt-transfusion_test_7_DNF_3_5,original,2,24212800,LOCAL_FROZEN_MAXPRE_RUN,0,0,0,0,20565900,31657200,76435900,29046,71885,100931,108841,50159616,False,FB4428C5B485D7C948187ECF85F2E9B20B916207A9C2501C0F006A5539B79C74,True,True,True,True,1FE6962832CF2675D770DD29DC601C2D750C500B3E64EC77B74589E8739908B8,705FC57BC261BF088DE8041B61F4804266A26389259226866834796400D3D7DC
mse23__MaxSATQueriesinInterpretableClassifiers_wt-transfusion_test_7_DNF_3_5,stable_legal,1,24212800,LOCAL_FROZEN_MAXPRE_RUN,1052800,0,0,1052800,20488000,31393600,77147200,29046,71885,100931,108841,50102272,True,FB4428C5B485D7C948187ECF85F2E9B20B916207A9C2501C0F006A5539B79C74,True,True,True,True,1FE6962832CF2675D770DD29DC601C2D750C500B3E64EC77B74589E8739908B8,705FC57BC261BF088DE8041B61F4804266A26389259226866834796400D3D7DC
mse23__MaxSATQueriesinInterpretableClassifiers_wt-transfusion_test_7_DNF_3_5,stable_legal,2,24212800,LOCAL_FROZEN_MAXPRE_RUN,1052800,0,0,1052800,26110300,32075500,83451400,29046,71885,100931,108841,50135040,True,FB4428C5B485D7C948187ECF85F2E9B20B916207A9C2501C0F006A5539B79C74,True,True,True,True,1FE6962832CF2675D770DD29DC601C2D750C500B3E64EC77B74589E8739908B8,705FC57BC261BF088DE8041B61F4804266A26389259226866834796400D3D7DC
mse23__MaxSATQueriesinInterpretableClassifiers_wt-transfusion_test_7_DNF_3_5,greedy_earliest_ready,1,24212800,LOCAL_FROZEN_MAXPRE_RUN,1052800,0,0,1052800,20806000,30840600,76912200,29046,71885,100931,108841,50114560,True,FB4428C5B485D7C948187ECF85F2E9B20B916207A9C2501C0F006A5539B79C74,True,True,True,True,1FE6962832CF2675D770DD29DC601C2D750C500B3E64EC77B74589E8739908B8,705FC57BC261BF088DE8041B61F4804266A26389259226866834796400D3D7DC
mse23__MaxSATQueriesinInterpretableClassifiers_wt-transfusion_test_7_DNF_3_5,greedy_earliest_ready,2,24212800,LOCAL_FROZEN_MAXPRE_RUN,1052800,0,0,1052800,25696800,31000700,81963100,29046,71885,100931,108841,50122752,True,FB4428C5B485D7C948187ECF85F2E9B20B916207A9C2501C0F006A5539B79C74,True,True,True,True,1FE6962832CF2675D770DD29DC601C2D750C500B3E64EC77B74589E8739908B8,705FC57BC261BF088DE8041B61F4804266A26389259226866834796400D3D7DC
mse23__MaxSATQueriesinInterpretableClassifiers_wt-transfusion_test_7_DNF_3_5,candidate_frontier,1,24212800,LOCAL_FROZEN_MAXPRE_RUN,1052800,9293600,57154800,67501200,21026900,31475900,144216800,27030,71885,98915,106825,50130944,False,FB4428C5B485D7C948187ECF85F2E9B20B916207A9C2501C0F006A5539B79C74,True,True,True,True,5A8D40767C86AB99B1A3AB7EF2C4CB2C7840F821DE3388E704299B836ADD2D41,CF6DB12C259CE10430A203546BE4C5F0BDEC803FD464308A541938C3FC9E9950
mse23__MaxSATQueriesinInterpretableClassifiers_wt-transfusion_test_7_DNF_3_5,candidate_frontier,2,24212800,LOCAL_FROZEN_MAXPRE_RUN,1052800,9293600,57154800,67501200,25065000,31009500,147788500,27030,71885,98915,106825,50159616,False,FB4428C5B485D7C948187ECF85F2E9B20B916207A9C2501C0F006A5539B79C74,True,True,True,True,5A8D40767C86AB99B1A3AB7EF2C4CB2C7840F821DE3388E704299B836ADD2D41,CF6DB12C259CE10430A203546BE4C5F0BDEC803FD464308A541938C3FC9E9950
mse23__MaxSATQueriesinInterpretableClassifiers_wt-wdbc_test_5_DNF_1_15,original,1,25204100,LOCAL_FROZEN_MAXPRE_RUN,0,0,0,0,26085500,31534400,82824000,41957,101326,143283,158111,58417152,False,AFC3705782C5672D3A199088B898569C4F77C42BFC72712292C8CF4B96539E4B,True,True,True,True,6242F3643DDB3210643DB5ACC6679953A843C8BF0E626AFD3D137F6ADFF1ACE4,77021FF5077203C786F349A7171DB1C1D797348D9B59952D4D1144CB82D584BA
mse23__MaxSATQueriesinInterpretableClassifiers_wt-wdbc_test_5_DNF_1_15,original,2,25204100,LOCAL_FROZEN_MAXPRE_RUN,0,0,0,0,24809200,31701800,81715100,41957,101326,143283,158111,58433536,False,AFC3705782C5672D3A199088B898569C4F77C42BFC72712292C8CF4B96539E4B,True,True,True,True,6242F3643DDB3210643DB5ACC6679953A843C8BF0E626AFD3D137F6ADFF1ACE4,77021FF5077203C786F349A7171DB1C1D797348D9B59952D4D1144CB82D584BA
mse23__MaxSATQueriesinInterpretableClassifiers_wt-wdbc_test_5_DNF_1_15,stable_legal,1,25204100,LOCAL_FROZEN_MAXPRE_RUN,1674000,10563200,57358400,69595600,25893200,31842800,152535700,39243,101326,140569,155397,58462208,False,AFC3705782C5672D3A199088B898569C4F77C42BFC72712292C8CF4B96539E4B,True,True,True,True,8DF59A640CC3C22E3AB7B10ECEBD40AC108F3EF31FCA0ACBEE4AE1E74367301A,7CB989950514567D7B80F32CBAAD27CF5289AB88552524173DB4B44BC470690F
mse23__MaxSATQueriesinInterpretableClassifiers_wt-wdbc_test_5_DNF_1_15,stable_legal,2,25204100,LOCAL_FROZEN_MAXPRE_RUN,1674000,10563200,57358400,69595600,26459300,30875100,152134100,39243,101326,140569,155397,58437632,False,AFC3705782C5672D3A199088B898569C4F77C42BFC72712292C8CF4B96539E4B,True,True,True,True,8DF59A640CC3C22E3AB7B10ECEBD40AC108F3EF31FCA0ACBEE4AE1E74367301A,7CB989950514567D7B80F32CBAAD27CF5289AB88552524173DB4B44BC470690F
mse23__MaxSATQueriesinInterpretableClassifiers_wt-wdbc_test_5_DNF_1_15,greedy_earliest_ready,1,25204100,LOCAL_FROZEN_MAXPRE_RUN,1674000,10563200,57358400,69595600,25639500,30385700,150824900,39243,101326,140569,155397,58449920,False,AFC3705782C5672D3A199088B898569C4F77C42BFC72712292C8CF4B96539E4B,True,True,True,True,8DF59A640CC3C22E3AB7B10ECEBD40AC108F3EF31FCA0ACBEE4AE1E74367301A,7CB989950514567D7B80F32CBAAD27CF5289AB88552524173DB4B44BC470690F
mse23__MaxSATQueriesinInterpretableClassifiers_wt-wdbc_test_5_DNF_1_15,greedy_earliest_ready,2,25204100,LOCAL_FROZEN_MAXPRE_RUN,1674000,10563200,57358400,69595600,25379900,35707200,155886800,39243,101326,140569,155397,58437632,False,AFC3705782C5672D3A199088B898569C4F77C42BFC72712292C8CF4B96539E4B,True,True,True,True,8DF59A640CC3C22E3AB7B10ECEBD40AC108F3EF31FCA0ACBEE4AE1E74367301A,7CB989950514567D7B80F32CBAAD27CF5289AB88552524173DB4B44BC470690F
mse23__MaxSATQueriesinInterpretableClassifiers_wt-wdbc_test_5_DNF_1_15,candidate_frontier,1,25204100,LOCAL_FROZEN_MAXPRE_RUN,1674000,9275200,57862600,68811800,24795500,30699400,149510800,39243,101326,140569,155397,58437632,False,AFC3705782C5672D3A199088B898569C4F77C42BFC72712292C8CF4B96539E4B,True,True,True,True,05DED99EFFEBEE84B29309662FB71863A17701AE65A567522722CC3B6E6CC6E1,B279DBC446EED4F5B4FE2621BC031694260BD8CA3F2E5A855944A8D1E2A4D9A4
mse23__MaxSATQueriesinInterpretableClassifiers_wt-wdbc_test_5_DNF_1_15,candidate_frontier,2,25204100,LOCAL_FROZEN_MAXPRE_RUN,1674000,9275200,57862600,68811800,26557900,29828600,150402400,39243,101326,140569,155397,58437632,False,AFC3705782C5672D3A199088B898569C4F77C42BFC72712292C8CF4B96539E4B,True,True,True,True,05DED99EFFEBEE84B29309662FB71863A17701AE65A567522722CC3B6E6CC6E1,B279DBC446EED4F5B4FE2621BC031694260BD8CA3F2E5A855944A8D1E2A4D9A4
mse23__auctions_wt-cat_paths_60_100_0002.txt,original,1,21562900,LOCAL_FROZEN_MAXPRE_RUN,0,0,0,0,30438500,43209100,95210500,173393,273456,446849,472341,86417408,False,701C7F37120D9F8602494ED74F9EE41CE07E8A5DE8E3459ABFB0C4451A92FAA3,True,True,True,True,B43F015EA4958B589D0A7DA1D80E73B6E614C786CC57B9F8061BC49892332F24,9A66216C34E282E74898431FD1DD9D3F6C0349923AC9B4D62EF333D356731E58
mse23__auctions_wt-cat_paths_60_100_0002.txt,original,2,21562900,LOCAL_FROZEN_MAXPRE_RUN,0,0,0,0,31595600,47656000,100814500,173393,273456,446849,472341,86417408,False,701C7F37120D9F8602494ED74F9EE41CE07E8A5DE8E3459ABFB0C4451A92FAA3,True,True,True,True,B43F015EA4958B589D0A7DA1D80E73B6E614C786CC57B9F8061BC49892332F24,9A66216C34E282E74898431FD1DD9D3F6C0349923AC9B4D62EF333D356731E58
mse23__auctions_wt-cat_paths_60_100_0002.txt,stable_legal,1,21562900,LOCAL_FROZEN_MAXPRE_RUN,6010200,0,0,6010200,32232300,41356600,101162000,173393,273456,446849,472341,86388736,True,701C7F37120D9F8602494ED74F9EE41CE07E8A5DE8E3459ABFB0C4451A92FAA3,True,True,True,True,B43F015EA4958B589D0A7DA1D80E73B6E614C786CC57B9F8061BC49892332F24,9A66216C34E282E74898431FD1DD9D3F6C0349923AC9B4D62EF333D356731E58
mse23__auctions_wt-cat_paths_60_100_0002.txt,stable_legal,2,21562900,LOCAL_FROZEN_MAXPRE_RUN,6010200,0,0,6010200,30868100,46272300,104713500,173393,273456,446849,472341,86433792,True,701C7F37120D9F8602494ED74F9EE41CE07E8A5DE8E3459ABFB0C4451A92FAA3,True,True,True,True,B43F015EA4958B589D0A7DA1D80E73B6E614C786CC57B9F8061BC49892332F24,9A66216C34E282E74898431FD1DD9D3F6C0349923AC9B4D62EF333D356731E58
mse23__auctions_wt-cat_paths_60_100_0002.txt,greedy_earliest_ready,1,21562900,LOCAL_FROZEN_MAXPRE_RUN,6010200,9793900,74780200,90584300,31637700,42892800,186677700,164655,273456,438111,463603,86425600,False,701C7F37120D9F8602494ED74F9EE41CE07E8A5DE8E3459ABFB0C4451A92FAA3,True,True,True,True,6C0E06B555845D4E5E36FBFD007251348AA6CC1AEC640AF0B97D89C84C6817AE,786365ED7B4B6C8C69E73C7AC4D8259021F7365F5FDE8B5FE26BAB08ADD32339
mse23__auctions_wt-cat_paths_60_100_0002.txt,greedy_earliest_ready,2,21562900,LOCAL_FROZEN_MAXPRE_RUN,6010200,9793900,74780200,90584300,31843400,42302100,186292700,164655,273456,438111,463603,86441984,False,701C7F37120D9F8602494ED74F9EE41CE07E8A5DE8E3459ABFB0C4451A92FAA3,True,True,True,True,6C0E06B555845D4E5E36FBFD007251348AA6CC1AEC640AF0B97D89C84C6817AE,786365ED7B4B6C8C69E73C7AC4D8259021F7365F5FDE8B5FE26BAB08ADD32339
mse23__auctions_wt-cat_paths_60_100_0002.txt,candidate_frontier,1,21562900,LOCAL_FROZEN_MAXPRE_RUN,6010200,8873700,74459100,89343000,31164400,41454600,183524900,164655,273456,438111,463603,86384640,False,701C7F37120D9F8602494ED74F9EE41CE07E8A5DE8E3459ABFB0C4451A92FAA3,True,True,True,True,9EE77341196FA6E42BECAF02CBB97DF29F86656216D13A9C7F696D5E5CA14A66,D5F18D7949FB42FD578043665646534C684CDC2CF522337CD352F3D5BDBC280F
mse23__auctions_wt-cat_paths_60_100_0002.txt,candidate_frontier,2,21562900,LOCAL_FROZEN_MAXPRE_RUN,6010200,8873700,74459100,89343000,31594000,41849000,184348900,164655,273456,438111,463603,86380544,False,701C7F37120D9F8602494ED74F9EE41CE07E8A5DE8E3459ABFB0C4451A92FAA3,True,True,True,True,9EE77341196FA6E42BECAF02CBB97DF29F86656216D13A9C7F696D5E5CA14A66,D5F18D7949FB42FD578043665646534C684CDC2CF522337CD352F3D5BDBC280F
mse23__auctions_wt-cat_paths_60_130_0002.txt,original,1,30626300,LOCAL_FROZEN_MAXPRE_RUN,0,0,0,0,30168800,48330000,109125100,202480,317028,519508,560625,98254848,False,F7BC319DEDC0A80D956F237D9320D487A1DF6978134F8CF398B244044B5C128D,True,True,True,True,B8B46947120E5E550674232EE96E8EBF8F96D8558C53232B1931D4006C83EB41,FF6FE802BF8EB214DA3105F8DCD7AB736A8DC3BED9CDC9B0343081B3DC179C51
mse23__auctions_wt-cat_paths_60_130_0002.txt,original,2,30626300,LOCAL_FROZEN_MAXPRE_RUN,0,0,0,0,30856100,51561500,113043900,202480,317028,519508,560625,98213888,False,F7BC319DEDC0A80D956F237D9320D487A1DF6978134F8CF398B244044B5C128D,True,True,True,True,B8B46947120E5E550674232EE96E8EBF8F96D8558C53232B1931D4006C83EB41,FF6FE802BF8EB214DA3105F8DCD7AB736A8DC3BED9CDC9B0343081B3DC179C51
mse23__auctions_wt-cat_paths_60_130_0002.txt,stable_legal,1,30626300,LOCAL_FROZEN_MAXPRE_RUN,7741400,0,0,7741400,30619000,47979200,116965900,202480,317028,519508,560625,98226176,True,F7BC319DEDC0A80D956F237D9320D487A1DF6978134F8CF398B244044B5C128D,True,True,True,True,B8B46947120E5E550674232EE96E8EBF8F96D8558C53232B1931D4006C83EB41,FF6FE802BF8EB214DA3105F8DCD7AB736A8DC3BED9CDC9B0343081B3DC179C51
mse23__auctions_wt-cat_paths_60_130_0002.txt,stable_legal,2,30626300,LOCAL_FROZEN_MAXPRE_RUN,7741400,0,0,7741400,30805500,51654400,120827600,202480,317028,519508,560625,98242560,True,F7BC319DEDC0A80D956F237D9320D487A1DF6978134F8CF398B244044B5C128D,True,True,True,True,B8B46947120E5E550674232EE96E8EBF8F96D8558C53232B1931D4006C83EB41,FF6FE802BF8EB214DA3105F8DCD7AB736A8DC3BED9CDC9B0343081B3DC179C51
mse23__auctions_wt-cat_paths_60_130_0002.txt,greedy_earliest_ready,1,30626300,LOCAL_FROZEN_MAXPRE_RUN,7741400,0,0,7741400,30222900,48209900,116800500,202480,317028,519508,560625,98246656,True,F7BC319DEDC0A80D956F237D9320D487A1DF6978134F8CF398B244044B5C128D,True,True,True,True,B8B46947120E5E550674232EE96E8EBF8F96D8558C53232B1931D4006C83EB41,FF6FE802BF8EB214DA3105F8DCD7AB736A8DC3BED9CDC9B0343081B3DC179C51
mse23__auctions_wt-cat_paths_60_130_0002.txt,greedy_earliest_ready,2,30626300,LOCAL_FROZEN_MAXPRE_RUN,7741400,0,0,7741400,35729200,47295000,121391900,202480,317028,519508,560625,98250752,True,F7BC319DEDC0A80D956F237D9320D487A1DF6978134F8CF398B244044B5C128D,True,True,True,True,B8B46947120E5E550674232EE96E8EBF8F96D8558C53232B1931D4006C83EB41,FF6FE802BF8EB214DA3105F8DCD7AB736A8DC3BED9CDC9B0343081B3DC179C51
mse23__auctions_wt-cat_paths_60_130_0002.txt,candidate_frontier,1,30626300,LOCAL_FROZEN_MAXPRE_RUN,7741400,9943600,79871200,97556200,30780600,47850400,206813500,191841,317028,508869,549986,98263040,False,F7BC319DEDC0A80D956F237D9320D487A1DF6978134F8CF398B244044B5C128D,True,True,True,True,C45D4633762D9ED0A69BF58A64FD40FE7727F0CEA2029EFA5AA351CFFE7F9C9A,9A6D1ABB397AC53AB726BB6F09C733B68E442C26D36230658CEA03C876B2DA30
mse23__auctions_wt-cat_paths_60_130_0002.txt,candidate_frontier,2,30626300,LOCAL_FROZEN_MAXPRE_RUN,7741400,9943600,79871200,97556200,36206900,52556900,216946300,191841,317028,508869,549986,98258944,False,F7BC319DEDC0A80D956F237D9320D487A1DF6978134F8CF398B244044B5C128D,True,True,True,True,C45D4633762D9ED0A69BF58A64FD40FE7727F0CEA2029EFA5AA351CFFE7F9C9A,9A6D1ABB397AC53AB726BB6F09C733B68E442C26D36230658CEA03C876B2DA30
mse23__auctions_wt-cat_paths_60_150_0005.txt,original,1,36812500,LOCAL_FROZEN_MAXPRE_RUN,0,0,0,0,25865100,37763700,100441300,86546,134521,221067,282587,77426688,False,40B272C513276848356116823EBB731BA6EC115B765662E70786533BE5507EBE,True,True,True,True,FE658F6EE2559FEECB89C09F2BDF05A51796ADD75A9684E5936CBF571BF54543,D17F4CC96B79A3509862227E3F505BC36E7159D2953D9E925997D52AC39944C1
mse23__auctions_wt-cat_paths_60_150_0005.txt,original,2,36812500,LOCAL_FROZEN_MAXPRE_RUN,0,0,0,0,25771900,41214800,103799200,86546,134521,221067,282587,77377536,False,40B272C513276848356116823EBB731BA6EC115B765662E70786533BE5507EBE,True,True,True,True,FE658F6EE2559FEECB89C09F2BDF05A51796ADD75A9684E5936CBF571BF54543,D17F4CC96B79A3509862227E3F505BC36E7159D2953D9E925997D52AC39944C1
mse23__auctions_wt-cat_paths_60_150_0005.txt,stable_legal,1,36812500,LOCAL_FROZEN_MAXPRE_RUN,2901200,0,0,2901200,24413700,42234600,106362000,86546,134521,221067,282587,77365248,True,40B272C513276848356116823EBB731BA6EC115B765662E70786533BE5507EBE,True,True,True,True,FE658F6EE2559FEECB89C09F2BDF05A51796ADD75A9684E5936CBF571BF54543,D17F4CC96B79A3509862227E3F505BC36E7159D2953D9E925997D52AC39944C1
mse23__auctions_wt-cat_paths_60_150_0005.txt,stable_legal,2,36812500,LOCAL_FROZEN_MAXPRE_RUN,2901200,0,0,2901200,32887400,42803400,115404500,86546,134521,221067,282587,77377536,True,40B272C513276848356116823EBB731BA6EC115B765662E70786533BE5507EBE,True,True,True,True,FE658F6EE2559FEECB89C09F2BDF05A51796ADD75A9684E5936CBF571BF54543,D17F4CC96B79A3509862227E3F505BC36E7159D2953D9E925997D52AC39944C1
mse23__auctions_wt-cat_paths_60_150_0005.txt,greedy_earliest_ready,1,36812500,LOCAL_FROZEN_MAXPRE_RUN,2901200,0,0,2901200,32745700,42505300,114964700,86546,134521,221067,282587,77406208,True,40B272C513276848356116823EBB731BA6EC115B765662E70786533BE5507EBE,True,True,True,True,FE658F6EE2559FEECB89C09F2BDF05A51796ADD75A9684E5936CBF571BF54543,D17F4CC96B79A3509862227E3F505BC36E7159D2953D9E925997D52AC39944C1
mse23__auctions_wt-cat_paths_60_150_0005.txt,greedy_earliest_ready,2,36812500,LOCAL_FROZEN_MAXPRE_RUN,2901200,0,0,2901200,26312400,36306000,102332100,86546,134521,221067,282587,77393920,True,40B272C513276848356116823EBB731BA6EC115B765662E70786533BE5507EBE,True,True,True,True,FE658F6EE2559FEECB89C09F2BDF05A51796ADD75A9684E5936CBF571BF54543,D17F4CC96B79A3509862227E3F505BC36E7159D2953D9E925997D52AC39944C1
mse23__auctions_wt-cat_paths_60_150_0005.txt,candidate_frontier,1,36812500,LOCAL_FROZEN_MAXPRE_RUN,2901200,8431500,63798500,75131200,30746800,36609500,179300000,81838,134521,216359,277879,77422592,False,40B272C513276848356116823EBB731BA6EC115B765662E70786533BE5507EBE,True,True,True,True,59D86DD6F688FCE73F9585A73B4D34AD7042B5861AC7C89BE62B9299C96799A7,84FA883AD81FB47F3D1870CC7E487E6DFEADF7A32C9A78E479D83D7B960BFCDB
mse23__auctions_wt-cat_paths_60_150_0005.txt,candidate_frontier,2,36812500,LOCAL_FROZEN_MAXPRE_RUN,2901200,8431500,63798500,75131200,26398300,42076300,180418300,81838,134521,216359,277879,77373440,False,40B272C513276848356116823EBB731BA6EC115B765662E70786533BE5507EBE,True,True,True,True,59D86DD6F688FCE73F9585A73B4D34AD7042B5861AC7C89BE62B9299C96799A7,84FA883AD81FB47F3D1870CC7E487E6DFEADF7A32C9A78E479D83D7B960BFCDB
mse23__dalculus_wt-f1-DataDisplay_0_order4.seq-A-2-2-irabcde,original,1,29956900,LOCAL_FROZEN_MAXPRE_RUN,0,0,0,0,32176300,47115600,109248800,168634,287961,456595,492188,92545024,False,B74D0BBA5B78FEEB906205E985467CDB0B5C47C56FF191712FF55CDBD7791FC9,True,True,True,True,A8C89F6C34D5224F7E15B0860345D8C0B4C69EC596BAD3EE66068D118C51E708,D6879846634BFDD791D0F2BA235B65AC36AF1055E8B2BA7FFC2CEFA87650F3E7
mse23__dalculus_wt-f1-DataDisplay_0_order4.seq-A-2-2-irabcde,original,2,29956900,LOCAL_FROZEN_MAXPRE_RUN,0,0,0,0,35574600,46503600,112035100,168634,287961,456595,492188,92508160,False,B74D0BBA5B78FEEB906205E985467CDB0B5C47C56FF191712FF55CDBD7791FC9,True,True,True,True,A8C89F6C34D5224F7E15B0860345D8C0B4C69EC596BAD3EE66068D118C51E708,D6879846634BFDD791D0F2BA235B65AC36AF1055E8B2BA7FFC2CEFA87650F3E7
mse23__dalculus_wt-f1-DataDisplay_0_order4.seq-A-2-2-irabcde,stable_legal,1,29956900,LOCAL_FROZEN_MAXPRE_RUN,8603600,12656500,79860900,101121000,37456700,48094000,216628600,161053,287961,449014,484607,92540928,False,B74D0BBA5B78FEEB906205E985467CDB0B5C47C56FF191712FF55CDBD7791FC9,True,True,True,True,E340DEF23E1BDC6A927906C133561BBF33909550A6B2F6564AE1395C34524BFE,123F93740BF30B398447C779764853B5C7CBE7F195B26CF2EB33AB33446CA3E2
mse23__dalculus_wt-f1-DataDisplay_0_order4.seq-A-2-2-irabcde,stable_legal,2,29956900,LOCAL_FROZEN_MAXPRE_RUN,8603600,12656500,79860900,101121000,34764600,47533100,213375600,161053,287961,449014,484607,92528640,False,B74D0BBA5B78FEEB906205E985467CDB0B5C47C56FF191712FF55CDBD7791FC9,True,True,True,True,E340DEF23E1BDC6A927906C133561BBF33909550A6B2F6564AE1395C34524BFE,123F93740BF30B398447C779764853B5C7CBE7F195B26CF2EB33AB33446CA3E2
mse23__dalculus_wt-f1-DataDisplay_0_order4.seq-A-2-2-irabcde,greedy_earliest_ready,1,29956900,LOCAL_FROZEN_MAXPRE_RUN,8603600,12480300,85421200,106505100,31432800,46898100,214792900,161053,287961,449014,484607,92553216,False,B74D0BBA5B78FEEB906205E985467CDB0B5C47C56FF191712FF55CDBD7791FC9,True,True,True,True,28979B161039658965A9C566C1A318FF114872CC32E1BB999E69316C377762C5,4EECA3B9100E2D625D3C70BD28B17BF08D05276E4248605A95A69A308F204469
mse23__dalculus_wt-f1-DataDisplay_0_order4.seq-A-2-2-irabcde,greedy_earliest_ready,2,29956900,LOCAL_FROZEN_MAXPRE_RUN,8603600,12480300,85421200,106505100,37200400,52784300,226446700,161053,287961,449014,484607,92553216,False,B74D0BBA5B78FEEB906205E985467CDB0B5C47C56FF191712FF55CDBD7791FC9,True,True,True,True,28979B161039658965A9C566C1A318FF114872CC32E1BB999E69316C377762C5,4EECA3B9100E2D625D3C70BD28B17BF08D05276E4248605A95A69A308F204469
mse23__dalculus_wt-f1-DataDisplay_0_order4.seq-A-2-2-irabcde,candidate_frontier,1,29956900,LOCAL_FROZEN_MAXPRE_RUN,8603600,11501400,81332900,101437900,36984900,47801800,216181500,161053,287961,449014,484607,92524544,False,B74D0BBA5B78FEEB906205E985467CDB0B5C47C56FF191712FF55CDBD7791FC9,True,True,True,True,572B8D9A149F63B4D280CB3F7E0D90B50FCEFFA1829DC90A49C16B5A85B61F72,D531098D31781CC605390414162EC2D91E5A7C940EE910FAB4AAC91776F9C6E4
mse23__dalculus_wt-f1-DataDisplay_0_order4.seq-A-2-2-irabcde,candidate_frontier,2,29956900,LOCAL_FROZEN_MAXPRE_RUN,8603600,11501400,81332900,101437900,42750200,46402200,220547200,161053,287961,449014,484607,92557312,False,B74D0BBA5B78FEEB906205E985467CDB0B5C47C56FF191712FF55CDBD7791FC9,True,True,True,True,572B8D9A149F63B4D280CB3F7E0D90B50FCEFFA1829DC90A49C16B5A85B61F72,D531098D31781CC605390414162EC2D91E5A7C940EE910FAB4AAC91776F9C6E4
mse23__dalculus_wt-f1-DataDisplay_0_order4.seq-B-2-2-irabcde,original,1,32206200,LOCAL_FROZEN_MAXPRE_RUN,0,0,0,0,32029500,48264200,112499900,174291,300394,474685,510259,94453760,False,D3F5999D592631AB6213BA20C910EDC4ACF828DF91AF077086F5872CC3F28E2D,True,True,True,True,08BC3EE19852162E32FA63D4B35366EB86F0C8FAAD653880B9D0ECE83E01D326,F5C10AE24F134D22E1FA1A7F5725D2999311A4900830C589124A065618C8F0D5
mse23__dalculus_wt-f1-DataDisplay_0_order4.seq-B-2-2-irabcde,original,2,32206200,LOCAL_FROZEN_MAXPRE_RUN,0,0,0,0,32247600,46268800,110722600,174291,300394,474685,510259,94433280,False,D3F5999D592631AB6213BA20C910EDC4ACF828DF91AF077086F5872CC3F28E2D,True,True,True,True,08BC3EE19852162E32FA63D4B35366EB86F0C8FAAD653880B9D0ECE83E01D326,F5C10AE24F134D22E1FA1A7F5725D2999311A4900830C589124A065618C8F0D5
mse23__dalculus_wt-f1-DataDisplay_0_order4.seq-B-2-2-irabcde,stable_legal,1,32206200,LOCAL_FROZEN_MAXPRE_RUN,8604100,10465400,78859700,97929200,32513000,47921700,210570100,166374,300394,466768,502342,94449664,False,D3F5999D592631AB6213BA20C910EDC4ACF828DF91AF077086F5872CC3F28E2D,True,True,True,True,4B320C0314F0042A50223F96AB60BF20FA9F7A2E99AFB6B740B13399D604E49A,4CAAE7E9FB6939F1F2E26A074F24C5C43ACE8187EA8F7F825E874B974043E730
mse23__dalculus_wt-f1-DataDisplay_0_order4.seq-B-2-2-irabcde,stable_legal,2,32206200,LOCAL_FROZEN_MAXPRE_RUN,8604100,10465400,78859700,97929200,36498100,47689800,214323300,166374,300394,466768,502342,94449664,False,D3F5999D592631AB6213BA20C910EDC4ACF828DF91AF077086F5872CC3F28E2D,True,True,True,True,4B320C0314F0042A50223F96AB60BF20FA9F7A2E99AFB6B740B13399D604E49A,4CAAE7E9FB6939F1F2E26A074F24C5C43ACE8187EA8F7F825E874B974043E730
mse23__dalculus_wt-f1-DataDisplay_0_order4.seq-B-2-2-irabcde,greedy_earliest_ready,1,32206200,LOCAL_FROZEN_MAXPRE_RUN,8604100,12322100,80821000,101747200,36009000,51009000,220971400,166374,300394,466768,502342,94433280,False,D3F5999D592631AB6213BA20C910EDC4ACF828DF91AF077086F5872CC3F28E2D,True,True,True,True,E92121333DD289AFCCBA987BC9E1F46E5DEFC017B193B9F9F87190BC6DD72D0F,9094008E0F936D853251AD86383AE09F60F2431AB2F4486C1339EB6C8FB86F91
mse23__dalculus_wt-f1-DataDisplay_0_order4.seq-B-2-2-irabcde,greedy_earliest_ready,2,32206200,LOCAL_FROZEN_MAXPRE_RUN,8604100,12322100,80821000,101747200,37564500,53921900,225439800,166374,300394,466768,502342,94433280,False,D3F5999D592631AB6213BA20C910EDC4ACF828DF91AF077086F5872CC3F28E2D,True,True,True,True,E92121333DD289AFCCBA987BC9E1F46E5DEFC017B193B9F9F87190BC6DD72D0F,9094008E0F936D853251AD86383AE09F60F2431AB2F4486C1339EB6C8FB86F91
mse23__dalculus_wt-f1-DataDisplay_0_order4.seq-B-2-2-irabcde,candidate_frontier,1,32206200,LOCAL_FROZEN_MAXPRE_RUN,8604100,11358000,87104600,107066700,36352600,47272300,222897800,166374,300394,466768,502342,94449664,False,D3F5999D592631AB6213BA20C910EDC4ACF828DF91AF077086F5872CC3F28E2D,True,True,True,True,7E2F14AD55FCA869E519D0A8B381BB863DB0E2642A2776DBE2414657D385AC8B,299DD353FA3AED75DF50FBA64A8CF201ACDF357F68B0EF52F30C46C29906B0CC
mse23__dalculus_wt-f1-DataDisplay_0_order4.seq-B-2-2-irabcde,candidate_frontier,2,32206200,LOCAL_FROZEN_MAXPRE_RUN,8604100,11358000,87104600,107066700,37034200,53983000,230290100,166374,300394,466768,502342,94441472,False,D3F5999D592631AB6213BA20C910EDC4ACF828DF91AF077086F5872CC3F28E2D,True,True,True,True,7E2F14AD55FCA869E519D0A8B381BB863DB0E2642A2776DBE2414657D385AC8B,299DD353FA3AED75DF50FBA64A8CF201ACDF357F68B0EF52F30C46C29906B0CC
mse23__frb_wt-frb10-6-1,original,1,36521700,LOCAL_FROZEN_MAXPRE_RUN,0,0,0,0,24749700,53377100,114648500,86822,173309,260131,279422,126214144,False,29995971C336E31F438A8723AF5277D45603BBFD052CD8010AE72A929E080DA7,True,True,True,True,7A4650C99A7E9752C15DC677EA499A9DD8B79FD7E98333514DD8EA69E6F3FE53,ACB91A01FDD24E6B4B99A887476D7779D4E4CC112390AD911B6980745D8A7DC2
mse23__frb_wt-frb10-6-1,original,2,36521700,LOCAL_FROZEN_MAXPRE_RUN,0,0,0,0,26549400,58876300,121947400,86822,173309,260131,279422,126234624,False,29995971C336E31F438A8723AF5277D45603BBFD052CD8010AE72A929E080DA7,True,True,True,True,7A4650C99A7E9752C15DC677EA499A9DD8B79FD7E98333514DD8EA69E6F3FE53,ACB91A01FDD24E6B4B99A887476D7779D4E4CC112390AD911B6980745D8A7DC2
mse23__frb_wt-frb10-6-1,stable_legal,1,36521700,LOCAL_FROZEN_MAXPRE_RUN,2214900,0,0,2214900,25280400,54413800,118430800,86822,173309,260131,279422,126251008,True,29995971C336E31F438A8723AF5277D45603BBFD052CD8010AE72A929E080DA7,True,True,True,True,7A4650C99A7E9752C15DC677EA499A9DD8B79FD7E98333514DD8EA69E6F3FE53,ACB91A01FDD24E6B4B99A887476D7779D4E4CC112390AD911B6980745D8A7DC2
mse23__frb_wt-frb10-6-1,stable_legal,2,36521700,LOCAL_FROZEN_MAXPRE_RUN,2214900,0,0,2214900,26584100,53897300,119218000,86822,173309,260131,279422,126246912,True,29995971C336E31F438A8723AF5277D45603BBFD052CD8010AE72A929E080DA7,True,True,True,True,7A4650C99A7E9752C15DC677EA499A9DD8B79FD7E98333514DD8EA69E6F3FE53,ACB91A01FDD24E6B4B99A887476D7779D4E4CC112390AD911B6980745D8A7DC2
mse23__frb_wt-frb10-6-1,greedy_earliest_ready,1,36521700,LOCAL_FROZEN_MAXPRE_RUN,2214900,0,0,2214900,26247500,54043900,119028000,86822,173309,260131,279422,126230528,True,29995971C336E31F438A8723AF5277D45603BBFD052CD8010AE72A929E080DA7,True,True,True,True,7A4650C99A7E9752C15DC677EA499A9DD8B79FD7E98333514DD8EA69E6F3FE53,ACB91A01FDD24E6B4B99A887476D7779D4E4CC112390AD911B6980745D8A7DC2
mse23__frb_wt-frb10-6-1,greedy_earliest_ready,2,36521700,LOCAL_FROZEN_MAXPRE_RUN,2214900,0,0,2214900,26789800,53070300,118596700,86822,173309,260131,279422,126226432,True,29995971C336E31F438A8723AF5277D45603BBFD052CD8010AE72A929E080DA7,True,True,True,True,7A4650C99A7E9752C15DC677EA499A9DD8B79FD7E98333514DD8EA69E6F3FE53,ACB91A01FDD24E6B4B99A887476D7779D4E4CC112390AD911B6980745D8A7DC2
mse23__frb_wt-frb10-6-1,candidate_frontier,1,36521700,LOCAL_FROZEN_MAXPRE_RUN,2214900,0,0,2214900,27405300,53894700,120036600,86822,173309,260131,279422,126259200,True,29995971C336E31F438A8723AF5277D45603BBFD052CD8010AE72A929E080DA7,True,True,True,True,7A4650C99A7E9752C15DC677EA499A9DD8B79FD7E98333514DD8EA69E6F3FE53,ACB91A01FDD24E6B4B99A887476D7779D4E4CC112390AD911B6980745D8A7DC2
mse23__frb_wt-frb10-6-1,candidate_frontier,2,36521700,LOCAL_FROZEN_MAXPRE_RUN,2214900,0,0,2214900,26431700,54092900,119261200,86822,173309,260131,279422,126246912,True,29995971C336E31F438A8723AF5277D45603BBFD052CD8010AE72A929E080DA7,True,True,True,True,7A4650C99A7E9752C15DC677EA499A9DD8B79FD7E98333514DD8EA69E6F3FE53,ACB91A01FDD24E6B4B99A887476D7779D4E4CC112390AD911B6980745D8A7DC2
mse23__frb_wt-frb10-6-2,original,1,36874400,LOCAL_FROZEN_MAXPRE_RUN,0,0,0,0,26038600,59074900,121987900,89559,178729,268288,287980,133214208,False,68D975E9A46C70050C5B401346CE8C8A09142023771F554FDC895895DA683EF4,True,True,True,True,6C2915B55CEC69E373A2FC9B85B2C4E3A11DF1FCC07E941E4D2E6FB6730F1222,845760903847EB669F03AC4339AC281A35F555782EF796FC2BDBEB66C1134577
mse23__frb_wt-frb10-6-2,original,2,36874400,LOCAL_FROZEN_MAXPRE_RUN,0,0,0,0,27263900,53890000,118028300,89559,178729,268288,287980,133263360,False,68D975E9A46C70050C5B401346CE8C8A09142023771F554FDC895895DA683EF4,True,True,True,True,6C2915B55CEC69E373A2FC9B85B2C4E3A11DF1FCC07E941E4D2E6FB6730F1222,845760903847EB669F03AC4339AC281A35F555782EF796FC2BDBEB66C1134577
mse23__frb_wt-frb10-6-2,stable_legal,1,36874400,LOCAL_FROZEN_MAXPRE_RUN,2278800,0,0,2278800,26253600,59051700,124458500,89559,178729,268288,287980,133275648,True,68D975E9A46C70050C5B401346CE8C8A09142023771F554FDC895895DA683EF4,True,True,True,True,6C2915B55CEC69E373A2FC9B85B2C4E3A11DF1FCC07E941E4D2E6FB6730F1222,845760903847EB669F03AC4339AC281A35F555782EF796FC2BDBEB66C1134577
mse23__frb_wt-frb10-6-2,stable_legal,2,36874400,LOCAL_FROZEN_MAXPRE_RUN,2278800,0,0,2278800,27517700,57556600,124227500,89559,178729,268288,287980,133251072,True,68D975E9A46C70050C5B401346CE8C8A09142023771F554FDC895895DA683EF4,True,True,True,True,6C2915B55CEC69E373A2FC9B85B2C4E3A11DF1FCC07E941E4D2E6FB6730F1222,845760903847EB669F03AC4339AC281A35F555782EF796FC2BDBEB66C1134577
mse23__frb_wt-frb10-6-2,greedy_earliest_ready,1,36874400,LOCAL_FROZEN_MAXPRE_RUN,2278800,0,0,2278800,26563600,54270800,119987600,89559,178729,268288,287980,133275648,True,68D975E9A46C70050C5B401346CE8C8A09142023771F554FDC895895DA683EF4,True,True,True,True,6C2915B55CEC69E373A2FC9B85B2C4E3A11DF1FCC07E941E4D2E6FB6730F1222,845760903847EB669F03AC4339AC281A35F555782EF796FC2BDBEB66C1134577
mse23__frb_wt-frb10-6-2,greedy_earliest_ready,2,36874400,LOCAL_FROZEN_MAXPRE_RUN,2278800,0,0,2278800,25887400,53568800,118609400,89559,178729,268288,287980,133246976,True,68D975E9A46C70050C5B401346CE8C8A09142023771F554FDC895895DA683EF4,True,True,True,True,6C2915B55CEC69E373A2FC9B85B2C4E3A11DF1FCC07E941E4D2E6FB6730F1222,845760903847EB669F03AC4339AC281A35F555782EF796FC2BDBEB66C1134577
mse23__frb_wt-frb10-6-2,candidate_frontier,1,36874400,LOCAL_FROZEN_MAXPRE_RUN,2278800,0,0,2278800,25696900,53498100,118348200,89559,178729,268288,287980,133263360,True,68D975E9A46C70050C5B401346CE8C8A09142023771F554FDC895895DA683EF4,True,True,True,True,6C2915B55CEC69E373A2FC9B85B2C4E3A11DF1FCC07E941E4D2E6FB6730F1222,845760903847EB669F03AC4339AC281A35F555782EF796FC2BDBEB66C1134577
mse23__frb_wt-frb10-6-2,candidate_frontier,2,36874400,LOCAL_FROZEN_MAXPRE_RUN,2278800,0,0,2278800,25503100,58862500,123518800,89559,178729,268288,287980,133271552,True,68D975E9A46C70050C5B401346CE8C8A09142023771F554FDC895895DA683EF4,True,True,True,True,6C2915B55CEC69E373A2FC9B85B2C4E3A11DF1FCC07E941E4D2E6FB6730F1222,845760903847EB669F03AC4339AC281A35F555782EF796FC2BDBEB66C1134577
mse23__frb_wt-frb10-6-3,original,1,35752200,LOCAL_FROZEN_MAXPRE_RUN,0,0,0,0,25320200,53932500,115004900,85952,171590,257542,276695,129220608,False,240524785ECD5E085C5666B5BF74460D86B5EFB729227AE31254F066B2A439AA,True,True,True,True,7B408DF7B7715BA3CEFC348EEF99FE2677FAA0970EAD7A26A22B7BB86A8B568C,72B4710D4BF6E1496C3AFADED6C74ED817FECF4A7E92F89C60C44A59EE19E127
mse23__frb_wt-frb10-6-3,original,2,35752200,LOCAL_FROZEN_MAXPRE_RUN,0,0,0,0,25777000,51246600,112775800,85952,171590,257542,276695,129175552,False,240524785ECD5E085C5666B5BF74460D86B5EFB729227AE31254F066B2A439AA,True,True,True,True,7B408DF7B7715BA3CEFC348EEF99FE2677FAA0970EAD7A26A22B7BB86A8B568C,72B4710D4BF6E1496C3AFADED6C74ED817FECF4A7E92F89C60C44A59EE19E127
mse23__frb_wt-frb10-6-3,stable_legal,1,35752200,LOCAL_FROZEN_MAXPRE_RUN,2188300,0,0,2188300,24949700,52774600,115664800,85952,171590,257542,276695,129191936,True,240524785ECD5E085C5666B5BF74460D86B5EFB729227AE31254F066B2A439AA,True,True,True,True,7B408DF7B7715BA3CEFC348EEF99FE2677FAA0970EAD7A26A22B7BB86A8B568C,72B4710D4BF6E1496C3AFADED6C74ED817FECF4A7E92F89C60C44A59EE19E127
mse23__frb_wt-frb10-6-3,stable_legal,2,35752200,LOCAL_FROZEN_MAXPRE_RUN,2188300,0,0,2188300,24799200,52212500,114952200,85952,171590,257542,276695,129200128,True,240524785ECD5E085C5666B5BF74460D86B5EFB729227AE31254F066B2A439AA,True,True,True,True,7B408DF7B7715BA3CEFC348EEF99FE2677FAA0970EAD7A26A22B7BB86A8B568C,72B4710D4BF6E1496C3AFADED6C74ED817FECF4A7E92F89C60C44A59EE19E127
mse23__frb_wt-frb10-6-3,greedy_earliest_ready,1,35752200,LOCAL_FROZEN_MAXPRE_RUN,2188300,0,0,2188300,25563200,52476000,115979700,85952,171590,257542,276695,129216512,True,240524785ECD5E085C5666B5BF74460D86B5EFB729227AE31254F066B2A439AA,True,True,True,True,7B408DF7B7715BA3CEFC348EEF99FE2677FAA0970EAD7A26A22B7BB86A8B568C,72B4710D4BF6E1496C3AFADED6C74ED817FECF4A7E92F89C60C44A59EE19E127
mse23__frb_wt-frb10-6-3,greedy_earliest_ready,2,35752200,LOCAL_FROZEN_MAXPRE_RUN,2188300,0,0,2188300,26233100,56690000,120863600,85952,171590,257542,276695,129216512,True,240524785ECD5E085C5666B5BF74460D86B5EFB729227AE31254F066B2A439AA,True,True,True,True,7B408DF7B7715BA3CEFC348EEF99FE2677FAA0970EAD7A26A22B7BB86A8B568C,72B4710D4BF6E1496C3AFADED6C74ED817FECF4A7E92F89C60C44A59EE19E127
mse23__frb_wt-frb10-6-3,candidate_frontier,1,35752200,LOCAL_FROZEN_MAXPRE_RUN,2188300,0,0,2188300,24532800,53272100,115745400,85952,171590,257542,276695,129167360,True,240524785ECD5E085C5666B5BF74460D86B5EFB729227AE31254F066B2A439AA,True,True,True,True,7B408DF7B7715BA3CEFC348EEF99FE2677FAA0970EAD7A26A22B7BB86A8B568C,72B4710D4BF6E1496C3AFADED6C74ED817FECF4A7E92F89C60C44A59EE19E127
mse23__frb_wt-frb10-6-3,candidate_frontier,2,35752200,LOCAL_FROZEN_MAXPRE_RUN,2188300,0,0,2188300,26361100,58379700,122681300,85952,171590,257542,276695,129196032,True,240524785ECD5E085C5666B5BF74460D86B5EFB729227AE31254F066B2A439AA,True,True,True,True,7B408DF7B7715BA3CEFC348EEF99FE2677FAA0970EAD7A26A22B7BB86A8B568C,72B4710D4BF6E1496C3AFADED6C74ED817FECF4A7E92F89C60C44A59EE19E127
mse23__frb_wt-frb15-9-1,original,1,95553600,LOCAL_FROZEN_MAXPRE_RUN,0,0,0,0,53058300,268264700,416876600,376405,751534,1127939,1205016,542109696,False,41CA03F44E81B7603E06AF71B8A5E4FF2544C72927B612206E8F4981EDDFE5C8,True,True,True,True,A447010038447313C140C0CA1773DB855F69A90AD564CAFE941983886CBCF92A,FF95F78C7B72E313DEB16E6C03681D1FE485CE44891F48E3CDCC3B1FA284D962
mse23__frb_wt-frb15-9-1,original,2,95553600,LOCAL_FROZEN_MAXPRE_RUN,0,0,0,0,50878300,276432500,422864400,376405,751534,1127939,1205016,542105600,False,41CA03F44E81B7603E06AF71B8A5E4FF2544C72927B612206E8F4981EDDFE5C8,True,True,True,True,A447010038447313C140C0CA1773DB855F69A90AD564CAFE941983886CBCF92A,FF95F78C7B72E313DEB16E6C03681D1FE485CE44891F48E3CDCC3B1FA284D962
mse23__frb_wt-frb15-9-1,stable_legal,1,95553600,LOCAL_FROZEN_MAXPRE_RUN,9005800,0,0,9005800,59001900,290560300,454121600,376405,751534,1127939,1205016,542105600,True,41CA03F44E81B7603E06AF71B8A5E4FF2544C72927B612206E8F4981EDDFE5C8,True,True,True,True,A447010038447313C140C0CA1773DB855F69A90AD564CAFE941983886CBCF92A,FF95F78C7B72E313DEB16E6C03681D1FE485CE44891F48E3CDCC3B1FA284D962
mse23__frb_wt-frb15-9-1,stable_legal,2,95553600,LOCAL_FROZEN_MAXPRE_RUN,9005800,0,0,9005800,57640400,270319900,432519700,376405,751534,1127939,1205016,542109696,True,41CA03F44E81B7603E06AF71B8A5E4FF2544C72927B612206E8F4981EDDFE5C8,True,True,True,True,A447010038447313C140C0CA1773DB855F69A90AD564CAFE941983886CBCF92A,FF95F78C7B72E313DEB16E6C03681D1FE485CE44891F48E3CDCC3B1FA284D962
mse23__frb_wt-frb15-9-1,greedy_earliest_ready,1,95553600,LOCAL_FROZEN_MAXPRE_RUN,9005800,0,0,9005800,47456500,271840600,423856500,376405,751534,1127939,1205016,542105600,True,41CA03F44E81B7603E06AF71B8A5E4FF2544C72927B612206E8F4981EDDFE5C8,True,True,True,True,A447010038447313C140C0CA1773DB855F69A90AD564CAFE941983886CBCF92A,FF95F78C7B72E313DEB16E6C03681D1FE485CE44891F48E3CDCC3B1FA284D962
mse23__frb_wt-frb15-9-1,greedy_earliest_ready,2,95553600,LOCAL_FROZEN_MAXPRE_RUN,9005800,0,0,9005800,54079600,268066800,426705800,376405,751534,1127939,1205016,542101504,True,41CA03F44E81B7603E06AF71B8A5E4FF2544C72927B612206E8F4981EDDFE5C8,True,True,True,True,A447010038447313C140C0CA1773DB855F69A90AD564CAFE941983886CBCF92A,FF95F78C7B72E313DEB16E6C03681D1FE485CE44891F48E3CDCC3B1FA284D962
mse23__frb_wt-frb15-9-1,candidate_frontier,1,95553600,LOCAL_FROZEN_MAXPRE_RUN,9005800,0,0,9005800,52782200,266450000,423791600,376405,751534,1127939,1205016,542105600,True,41CA03F44E81B7603E06AF71B8A5E4FF2544C72927B612206E8F4981EDDFE5C8,True,True,True,True,A447010038447313C140C0CA1773DB855F69A90AD564CAFE941983886CBCF92A,FF95F78C7B72E313DEB16E6C03681D1FE485CE44891F48E3CDCC3B1FA284D962
mse23__frb_wt-frb15-9-1,candidate_frontier,2,95553600,LOCAL_FROZEN_MAXPRE_RUN,9005800,0,0,9005800,47787800,271919800,424267000,376405,751534,1127939,1205016,542101504,True,41CA03F44E81B7603E06AF71B8A5E4FF2544C72927B612206E8F4981EDDFE5C8,True,True,True,True,A447010038447313C140C0CA1773DB855F69A90AD564CAFE941983886CBCF92A,FF95F78C7B72E313DEB16E6C03681D1FE485CE44891F48E3CDCC3B1FA284D962
mse23__frb_wt-frb15-9-2,original,1,98428500,LOCAL_FROZEN_MAXPRE_RUN,0,0,0,0,53018100,256154000,407600600,376624,751907,1128531,1205932,542105600,False,9B49996334EA55608969E2007E21DE2A55AA571750DCC55B6B7BF708053B1C52,True,True,True,True,FC77CC9574342C49761569B23AF615E1EFFC4ADDF17A9758CDDE30B76818BB59,F96EBB221EBFA4C1F417F98CD2CDADA0183983BFFFDFDAF608269827485686DE
mse23__frb_wt-frb15-9-2,original,2,98428500,LOCAL_FROZEN_MAXPRE_RUN,0,0,0,0,46722000,256323900,401474400,376624,751907,1128531,1205932,542105600,False,9B49996334EA55608969E2007E21DE2A55AA571750DCC55B6B7BF708053B1C52,True,True,True,True,FC77CC9574342C49761569B23AF615E1EFFC4ADDF17A9758CDDE30B76818BB59,F96EBB221EBFA4C1F417F98CD2CDADA0183983BFFFDFDAF608269827485686DE
mse23__frb_wt-frb15-9-2,stable_legal,1,98428500,LOCAL_FROZEN_MAXPRE_RUN,9134800,0,0,9134800,51366900,255773900,414704100,376624,751907,1128531,1205932,542101504,True,9B49996334EA55608969E2007E21DE2A55AA571750DCC55B6B7BF708053B1C52,True,True,True,True,FC77CC9574342C49761569B23AF615E1EFFC4ADDF17A9758CDDE30B76818BB59,F96EBB221EBFA4C1F417F98CD2CDADA0183983BFFFDFDAF608269827485686DE
mse23__frb_wt-frb15-9-2,stable_legal,2,98428500,LOCAL_FROZEN_MAXPRE_RUN,9134800,0,0,9134800,53350900,256357600,417271800,376624,751907,1128531,1205932,542105600,True,9B49996334EA55608969E2007E21DE2A55AA571750DCC55B6B7BF708053B1C52,True,True,True,True,FC77CC9574342C49761569B23AF615E1EFFC4ADDF17A9758CDDE30B76818BB59,F96EBB221EBFA4C1F417F98CD2CDADA0183983BFFFDFDAF608269827485686DE
mse23__frb_wt-frb15-9-2,greedy_earliest_ready,1,98428500,LOCAL_FROZEN_MAXPRE_RUN,9134800,0,0,9134800,53398100,266860100,427821500,376624,751907,1128531,1205932,542105600,True,9B49996334EA55608969E2007E21DE2A55AA571750DCC55B6B7BF708053B1C52,True,True,True,True,FC77CC9574342C49761569B23AF615E1EFFC4ADDF17A9758CDDE30B76818BB59,F96EBB221EBFA4C1F417F98CD2CDADA0183983BFFFDFDAF608269827485686DE
mse23__frb_wt-frb15-9-2,greedy_earliest_ready,2,98428500,LOCAL_FROZEN_MAXPRE_RUN,9134800,0,0,9134800,53465800,255899200,416928300,376624,751907,1128531,1205932,542109696,True,9B49996334EA55608969E2007E21DE2A55AA571750DCC55B6B7BF708053B1C52,True,True,True,True,FC77CC9574342C49761569B23AF615E1EFFC4ADDF17A9758CDDE30B76818BB59,F96EBB221EBFA4C1F417F98CD2CDADA0183983BFFFDFDAF608269827485686DE
mse23__frb_wt-frb15-9-2,candidate_frontier,1,98428500,LOCAL_FROZEN_MAXPRE_RUN,9134800,0,0,9134800,48199900,250024900,405788100,376624,751907,1128531,1205932,542101504,True,9B49996334EA55608969E2007E21DE2A55AA571750DCC55B6B7BF708053B1C52,True,True,True,True,FC77CC9574342C49761569B23AF615E1EFFC4ADDF17A9758CDDE30B76818BB59,F96EBB221EBFA4C1F417F98CD2CDADA0183983BFFFDFDAF608269827485686DE
mse23__frb_wt-frb15-9-2,candidate_frontier,2,98428500,LOCAL_FROZEN_MAXPRE_RUN,9134800,0,0,9134800,48425000,257426400,413414700,376624,751907,1128531,1205932,542109696,True,9B49996334EA55608969E2007E21DE2A55AA571750DCC55B6B7BF708053B1C52,True,True,True,True,FC77CC9574342C49761569B23AF615E1EFFC4ADDF17A9758CDDE30B76818BB59,F96EBB221EBFA4C1F417F98CD2CDADA0183983BFFFDFDAF608269827485686DE
mse23__frb_wt-frb15-9-3,original,1,95165400,LOCAL_FROZEN_MAXPRE_RUN,0,0,0,0,53980500,253652900,402798800,373831,746338,1120169,1197044,542105600,False,24E070415E2F7CB30F3B04EC68946A096274EAA01C267F0AB161A4DD2DCE1370,True,True,True,True,9DF09B3AFDBDB7B82DA55A887F02BF4343A6F68DB83BF95DB3D7E13AC9EEFC5C,7A1DF1227DC79B3E69593491D63DA08D6CC5590307952DF5EAA658D52AA6077C
mse23__frb_wt-frb15-9-3,original,2,95165400,LOCAL_FROZEN_MAXPRE_RUN,0,0,0,0,46323300,254166600,395655300,373831,746338,1120169,1197044,542105600,False,24E070415E2F7CB30F3B04EC68946A096274EAA01C267F0AB161A4DD2DCE1370,True,True,True,True,9DF09B3AFDBDB7B82DA55A887F02BF4343A6F68DB83BF95DB3D7E13AC9EEFC5C,7A1DF1227DC79B3E69593491D63DA08D6CC5590307952DF5EAA658D52AA6077C
mse23__frb_wt-frb15-9-3,stable_legal,1,95165400,LOCAL_FROZEN_MAXPRE_RUN,43804200,0,0,43804200,47301300,257705900,443976800,373831,746338,1120169,1197044,542101504,True,24E070415E2F7CB30F3B04EC68946A096274EAA01C267F0AB161A4DD2DCE1370,True,True,True,True,9DF09B3AFDBDB7B82DA55A887F02BF4343A6F68DB83BF95DB3D7E13AC9EEFC5C,7A1DF1227DC79B3E69593491D63DA08D6CC5590307952DF5EAA658D52AA6077C
mse23__frb_wt-frb15-9-3,stable_legal,2,95165400,LOCAL_FROZEN_MAXPRE_RUN,43804200,0,0,43804200,54129100,254924100,448022800,373831,746338,1120169,1197044,542093312,True,24E070415E2F7CB30F3B04EC68946A096274EAA01C267F0AB161A4DD2DCE1370,True,True,True,True,9DF09B3AFDBDB7B82DA55A887F02BF4343A6F68DB83BF95DB3D7E13AC9EEFC5C,7A1DF1227DC79B3E69593491D63DA08D6CC5590307952DF5EAA658D52AA6077C
mse23__frb_wt-frb15-9-3,greedy_earliest_ready,1,95165400,LOCAL_FROZEN_MAXPRE_RUN,43804200,0,0,43804200,53334300,260792200,453096100,373831,746338,1120169,1197044,542093312,True,24E070415E2F7CB30F3B04EC68946A096274EAA01C267F0AB161A4DD2DCE1370,True,True,True,True,9DF09B3AFDBDB7B82DA55A887F02BF4343A6F68DB83BF95DB3D7E13AC9EEFC5C,7A1DF1227DC79B3E69593491D63DA08D6CC5590307952DF5EAA658D52AA6077C
mse23__frb_wt-frb15-9-3,greedy_earliest_ready,2,95165400,LOCAL_FROZEN_MAXPRE_RUN,43804200,0,0,43804200,48832600,261387900,449190100,373831,746338,1120169,1197044,542097408,True,24E070415E2F7CB30F3B04EC68946A096274EAA01C267F0AB161A4DD2DCE1370,True,True,True,True,9DF09B3AFDBDB7B82DA55A887F02BF4343A6F68DB83BF95DB3D7E13AC9EEFC5C,7A1DF1227DC79B3E69593491D63DA08D6CC5590307952DF5EAA658D52AA6077C
mse23__frb_wt-frb15-9-3,candidate_frontier,1,95165400,LOCAL_FROZEN_MAXPRE_RUN,43804200,0,0,43804200,47485600,267549800,454005000,373831,746338,1120169,1197044,542101504,True,24E070415E2F7CB30F3B04EC68946A096274EAA01C267F0AB161A4DD2DCE1370,True,True,True,True,9DF09B3AFDBDB7B82DA55A887F02BF4343A6F68DB83BF95DB3D7E13AC9EEFC5C,7A1DF1227DC79B3E69593491D63DA08D6CC5590307952DF5EAA658D52AA6077C
mse23__frb_wt-frb15-9-3,candidate_frontier,2,95165400,LOCAL_FROZEN_MAXPRE_RUN,43804200,0,0,43804200,54286200,270017500,463273300,373831,746338,1120169,1197044,542101504,True,24E070415E2F7CB30F3B04EC68946A096274EAA01C267F0AB161A4DD2DCE1370,True,True,True,True,9DF09B3AFDBDB7B82DA55A887F02BF4343A6F68DB83BF95DB3D7E13AC9EEFC5C,7A1DF1227DC79B3E69593491D63DA08D6CC5590307952DF5EAA658D52AA6077C
mse23__mpe_wt-random-net-120-1_network-9.net,original,1,49036100,LOCAL_FROZEN_MAXPRE_RUN,0,0,0,0,76476200,183365300,308877600,768771,1309470,2078241,2144978,385515520,False,4F60F2471587BE9EA097D9FA137FA267A6052E4E47B40430E12A2825E046505A,True,True,True,True,F8B62B8FDA76D2D512CE74C732014893B302AE02D29E289861E207A6D0562183,889821D534ABE584BDE8C5A3C676046EB0C18ECF2CB91223E909078ED2221136
mse23__mpe_wt-random-net-120-1_network-9.net,original,2,49036100,LOCAL_FROZEN_MAXPRE_RUN,0,0,0,0,77921300,190696100,317653500,768771,1309470,2078241,2144978,385474560,False,4F60F2471587BE9EA097D9FA137FA267A6052E4E47B40430E12A2825E046505A,True,True,True,True,F8B62B8FDA76D2D512CE74C732014893B302AE02D29E289861E207A6D0562183,889821D534ABE584BDE8C5A3C676046EB0C18ECF2CB91223E909078ED2221136
mse23__mpe_wt-random-net-120-1_network-9.net,stable_legal,1,49036100,LOCAL_FROZEN_MAXPRE_RUN,24939500,0,0,24939500,81348300,190638700,345962600,768771,1309470,2078241,2144978,385486848,True,4F60F2471587BE9EA097D9FA137FA267A6052E4E47B40430E12A2825E046505A,True,True,True,True,F8B62B8FDA76D2D512CE74C732014893B302AE02D29E289861E207A6D0562183,889821D534ABE584BDE8C5A3C676046EB0C18ECF2CB91223E909078ED2221136
mse23__mpe_wt-random-net-120-1_network-9.net,stable_legal,2,49036100,LOCAL_FROZEN_MAXPRE_RUN,24939500,0,0,24939500,75683700,178542600,328201900,768771,1309470,2078241,2144978,385544192,True,4F60F2471587BE9EA097D9FA137FA267A6052E4E47B40430E12A2825E046505A,True,True,True,True,F8B62B8FDA76D2D512CE74C732014893B302AE02D29E289861E207A6D0562183,889821D534ABE584BDE8C5A3C676046EB0C18ECF2CB91223E909078ED2221136
mse23__mpe_wt-random-net-120-1_network-9.net,greedy_earliest_ready,1,49036100,LOCAL_FROZEN_MAXPRE_RUN,24939500,9571500,251918000,286429000,71424100,184904600,591793800,739880,1309470,2049350,2116087,385531904,False,4F60F2471587BE9EA097D9FA137FA267A6052E4E47B40430E12A2825E046505A,True,True,True,True,97F06376A4E209B4F8E608F33D45D32B1604A9081CA207DF886BDBDFE42F2458,0865C083BA0DAAC3EF07C3EF8FF84C2EB822E7A2F70CC0C12481763326DE1639
mse23__mpe_wt-random-net-120-1_network-9.net,greedy_earliest_ready,2,49036100,LOCAL_FROZEN_MAXPRE_RUN,24939500,9571500,251918000,286429000,76351400,184359300,596175800,739880,1309470,2049350,2116087,385531904,False,4F60F2471587BE9EA097D9FA137FA267A6052E4E47B40430E12A2825E046505A,True,True,True,True,97F06376A4E209B4F8E608F33D45D32B1604A9081CA207DF886BDBDFE42F2458,0865C083BA0DAAC3EF07C3EF8FF84C2EB822E7A2F70CC0C12481763326DE1639
mse23__mpe_wt-random-net-120-1_network-9.net,candidate_frontier,1,49036100,LOCAL_FROZEN_MAXPRE_RUN,24939500,11875800,261287600,298102900,70043000,179805000,596987000,739880,1309470,2049350,2116087,385486848,False,4F60F2471587BE9EA097D9FA137FA267A6052E4E47B40430E12A2825E046505A,True,True,True,True,CF81DC660A5424CEB375BCA0C067C4FF3CAA24A3DF13084384B74E01413567A8,C4602079EE2CEA1D27A0B66277F4C3DC875DBEF03214A2BCE36FEBF8488D73E7
mse23__mpe_wt-random-net-120-1_network-9.net,candidate_frontier,2,49036100,LOCAL_FROZEN_MAXPRE_RUN,24939500,11875800,261287600,298102900,74426500,178068500,599634000,739880,1309470,2049350,2116087,385536000,False,4F60F2471587BE9EA097D9FA137FA267A6052E4E47B40430E12A2825E046505A,True,True,True,True,CF81DC660A5424CEB375BCA0C067C4FF3CAA24A3DF13084384B74E01413567A8,C4602079EE2CEA1D27A0B66277F4C3DC875DBEF03214A2BCE36FEBF8488D73E7
mse23__mpe_wt-random-net-20-4_network-3.net,original,1,37160500,LOCAL_FROZEN_MAXPRE_RUN,0,0,0,0,53060100,98000600,188221200,482696,827478,1310174,1359999,212439040,False,82A4789CEE722FA18F203987BF04843BE061998BDE3933998417AFD7C1EBD37E,True,True,True,True,B2F28127024E536052B56D3F5DDCE2EE7EF8D256E90098E604AEC268B355BB9A,3CACB5FB3D4C5E1BAC5C53CEE8C5204784A35891F86D2918F307BFC4D442EB7F
mse23__mpe_wt-random-net-20-4_network-3.net,original,2,37160500,LOCAL_FROZEN_MAXPRE_RUN,0,0,0,0,53981300,95315400,186457200,482696,827478,1310174,1359999,212455424,False,82A4789CEE722FA18F203987BF04843BE061998BDE3933998417AFD7C1EBD37E,True,True,True,True,B2F28127024E536052B56D3F5DDCE2EE7EF8D256E90098E604AEC268B355BB9A,3CACB5FB3D4C5E1BAC5C53CEE8C5204784A35891F86D2918F307BFC4D442EB7F
mse23__mpe_wt-random-net-20-4_network-3.net,stable_legal,1,37160500,LOCAL_FROZEN_MAXPRE_RUN,14759900,0,0,14759900,52218100,96205800,200344300,482696,827478,1310174,1359999,212451328,True,82A4789CEE722FA18F203987BF04843BE061998BDE3933998417AFD7C1EBD37E,True,True,True,True,B2F28127024E536052B56D3F5DDCE2EE7EF8D256E90098E604AEC268B355BB9A,3CACB5FB3D4C5E1BAC5C53CEE8C5204784A35891F86D2918F307BFC4D442EB7F
mse23__mpe_wt-random-net-20-4_network-3.net,stable_legal,2,37160500,LOCAL_FROZEN_MAXPRE_RUN,14759900,0,0,14759900,52737200,95977200,200634800,482696,827478,1310174,1359999,212443136,True,82A4789CEE722FA18F203987BF04843BE061998BDE3933998417AFD7C1EBD37E,True,True,True,True,B2F28127024E536052B56D3F5DDCE2EE7EF8D256E90098E604AEC268B355BB9A,3CACB5FB3D4C5E1BAC5C53CEE8C5204784A35891F86D2918F307BFC4D442EB7F
mse23__mpe_wt-random-net-20-4_network-3.net,greedy_earliest_ready,1,37160500,LOCAL_FROZEN_MAXPRE_RUN,14759900,0,0,14759900,52608400,93899800,198428600,482696,827478,1310174,1359999,212471808,True,82A4789CEE722FA18F203987BF04843BE061998BDE3933998417AFD7C1EBD37E,True,True,True,True,B2F28127024E536052B56D3F5DDCE2EE7EF8D256E90098E604AEC268B355BB9A,3CACB5FB3D4C5E1BAC5C53CEE8C5204784A35891F86D2918F307BFC4D442EB7F
mse23__mpe_wt-random-net-20-4_network-3.net,greedy_earliest_ready,2,37160500,LOCAL_FROZEN_MAXPRE_RUN,14759900,0,0,14759900,51752800,95176300,198849500,482696,827478,1310174,1359999,212480000,True,82A4789CEE722FA18F203987BF04843BE061998BDE3933998417AFD7C1EBD37E,True,True,True,True,B2F28127024E536052B56D3F5DDCE2EE7EF8D256E90098E604AEC268B355BB9A,3CACB5FB3D4C5E1BAC5C53CEE8C5204784A35891F86D2918F307BFC4D442EB7F
mse23__mpe_wt-random-net-20-4_network-3.net,candidate_frontier,1,37160500,LOCAL_FROZEN_MAXPRE_RUN,14759900,10502800,152432100,177694800,51362700,99292200,365510200,465168,827478,1292646,1342471,212504576,False,82A4789CEE722FA18F203987BF04843BE061998BDE3933998417AFD7C1EBD37E,True,True,True,True,09CF385953ECCDD6F7DEB349C453565B6E2E7DB7C629581EAD16C8BDDD41C28E,054D560B3C1BF5F1393EB1171918F9BB3012694A9890C20CB4CF7C143379976B
mse23__mpe_wt-random-net-20-4_network-3.net,candidate_frontier,2,37160500,LOCAL_FROZEN_MAXPRE_RUN,14759900,10502800,152432100,177694800,52363000,96217900,363436200,465168,827478,1292646,1342471,212504576,False,82A4789CEE722FA18F203987BF04843BE061998BDE3933998417AFD7C1EBD37E,True,True,True,True,09CF385953ECCDD6F7DEB349C453565B6E2E7DB7C629581EAD16C8BDDD41C28E,054D560B3C1BF5F1393EB1171918F9BB3012694A9890C20CB4CF7C143379976B
